transaction_id,account_id,merchant_id,txn_timestamp,amount,currency,txn_type,status,last_updated_at
TXN00043118,ACC003244,MER0131,2025-07-12 02:33:40,7.29,CAD,REFUND,REVERSED,2025-07-12 02:33:40
TXN00041009,ACC001272,MER0104,2025-09-28 14:35:33,23.8,USD,REFUND,posted,2025-09-28 14:35:33
TXN00042838,ACC003577,MER0037,2025-08-01 15:03:01,8.9,JPY,purchase,PENDING,2025-08-01 15:03:01
TXN00043123,ACC001376,MER0003,2025-08-15 22:59:18,21.97,EUR,REFUND,posted,2025-08-15 22:59:18
TXN00041053,ACC002567,MER0104,2025-07-12 16:00:01,31.28,EUR,WITHDRAWAL,REVERSED,2025-07-12 16:00:01
TXN00043678,ACC001905,MER0025,2025-09-23 09:45:29,84.79,usd,purchase,PENDING,2025-09-23 09:45:29
TXN00047104,ACC000864,MER0038,2025-08-08 15:33:47,3.6,NGN,DEPOSIT,posted,2025-08-08 15:33:47
TXN00041679,ACC001255,MER0068,2025-07-22 00:53:12,51.43,USD,PURCHASE,REVERSED,2025-07-22 00:53:12
TXN00041994,ACC003002,MER0129,2025-07-23 10:21:02,13.32,GBP,REFUND,posted,2025-07-23 10:21:02
TXN00047464,ACC003164,MER0118,2025-07-15 20:25:40,9.99,NGN,purchase,posted,2025-07-15 20:25:40
TXN00044381,ACC001456,MER0079,2025-07-01 03:21:00,50.83,JPY,REFUND,REVERSED,2025-07-01 03:21:00
TXN00040523,ACC001908,MER0104,2025-09-16 04:01:31,8.26,CAD,purchase,DECLINED,2025-09-16 04:01:31
TXN00042617,ACC001803,MER0109,2025-09-16 17:22:44,43.96,usd,DEPOSIT,PENDING,2025-09-16 17:22:44
TXN00044058,ACC002386,MER0128,2025-07-02 23:37:53,77.72,CAD,DEPOSIT,POSTED,2025-07-02 23:37:53
TXN00045074,ACC000962,MER0132,2025-09-23 15:41:52,13.26,GBP,purchase,posted,2025-09-23 15:41:52
TXN00042430,ACC002475,MER0014,2025-09-11 05:05:09,91.43,INR,REFUND,POSTED,2025-09-11 05:05:09
TXN00043600,ACC001184,MER0106,2025-09-08 23:29:08,37.96,EUR,WITHDRAWAL,POSTED,2025-09-08 23:29:08
TXN00044846,ACC003324,MER0012,2025-07-07 02:20:09,32.35,gbp,DEPOSIT,REVERSED,2025-07-07 02:20:09
TXN00043197,ACC001523,MER0091,2025-09-12 05:18:37,12.31,usd,TRANSFER,DECLINED,2025-09-12 05:18:37
TXN00046769,ACC000909,MER0082,2025-09-05 21:17:03,51.38,NGN,purchase,PENDING,2025-09-05 21:17:03
TXN00040683,ACC003525,MER0036,2025-07-10 09:46:54,15.19,gbp,PURCHASE,DECLINED,2025-07-10 09:46:54
TXN00046232,ACC003527,MER0063,2025-07-22 03:52:28,38.84,CAD,WITHDRAWAL,REVERSED,2025-07-22 03:52:28
TXN00046777,ACC003051,MER0076,2025-09-21 13:06:04,27.79,gbp,WITHDRAWAL,POSTED,2025-09-21 13:06:04
TXN00047181,ACC003416,MER0011,2025-08-28 18:13:52,34.05,gbp,DEPOSIT,DECLINED,2025-08-28 18:13:52
TXN00041863,ACC001525,MER0075,2025-08-18 13:55:27,29.43,EUR,REFUND,PENDING,2025-08-18 13:55:27
TXN00045733,ACC001468,MER0042,2025-08-20 05:45:17,30.51,USD,PURCHASE,REVERSED,2025-08-20 05:45:17
TXN00040339,ACC001174,MER0072,2025-07-28 06:24:07,90.27,usd,TRANSFER,REVERSED,2025-07-28 06:24:07
TXN00043272,ACC001504,MER0075,2025-07-30 17:33:00,43.41,USD,WITHDRAWAL,DECLINED,2025-07-30 17:33:00
TXN00045099,ACC002337,MER0073,2025-07-31 21:30:48,14.68,usd,TRANSFER,POSTED,2025-07-31 21:30:48
TXN00040259,ACC000107,MER0057,2025-08-20 16:19:24,41.8,JPY,PURCHASE,REVERSED,2025-08-20 16:19:24
TXN00042997,ACC001150,MER0116,2025-08-28 23:21:22,18.29,GBP,REFUND,POSTED,2025-08-28 23:21:22
TXN00045100,ACC000937,MER0021,2025-07-14 11:17:09,115.19,USD,PURCHASE,POSTED,2025-07-14 11:17:09
TXN00042710,ACC002779,MER0085,2025-08-04 13:21:14,38.26,USD,purchase,PENDING,2025-08-04 13:21:14
TXN00047680,ACC002262,MER0052,2025-08-15 20:52:06,12.72,NGN,REFUND,posted,2025-08-15 20:52:06
TXN00045084,ACC001766,MER0104,2025-08-10 09:29:12,68.47,INR,WITHDRAWAL,POSTED,2025-08-10 09:29:12
TXN00011480,ACC003068,MER0034,2025-01-17 23:30:50,7.45,JPY,WITHDRAWAL,DECLINED,2025-08-13 07:19:01
TXN00045535,ACC001045,MER0014,2025-09-28 23:28:34,35.39,CAD,DEPOSIT,POSTED,2025-09-28 23:28:34
TXN00043008,ACC000144,MER0095,2025-07-20 13:49:45,3.22,JPY,purchase,posted,2025-07-20 13:49:45
TXN00046893,ACC003199,MER0095,2025-07-29 22:26:51,24.88,USD,purchase,POSTED,2025-07-29 22:26:51
TXN00008392,ACC001436,MER0019,2024-04-08 13:02:50,446.98,NGN,REFUND,POSTED,2025-07-10 11:09:08
TXN00047151,ACC002461,MER0136,2025-07-02 16:56:23,113.27,EUR,REFUND,POSTED,2025-07-02 16:56:23
TXN00045436,ACC002973,MER0017,2025-07-04 02:33:39,32.19,usd,REFUND,DECLINED,2025-07-04 02:33:39
TXN00045600,ACC000245,MER0078,2025-09-23 19:08:41,17.7,usd,TRANSFER,DECLINED,2025-09-23 19:08:41
TXN00042772,ACC000966,MER0067,2025-07-25 17:18:05,8.19,CAD,TRANSFER,POSTED,2025-07-25 17:18:05
TXN00040613,ACC003048,MER0110,2025-07-13 20:35:02,58.73,usd,REFUND,posted,2025-07-13 20:35:02
TXN00047775,ACC003540,MER0141,2025-07-17 11:04:30,40.46,EUR,REFUND,DECLINED,2025-07-17 11:04:30
TXN00047942,ACC001344,MER0034,2025-09-30 15:44:10,351.64,USD,DEPOSIT,POSTED,2025-09-30 15:44:10
TXN00043918,ACC003859,MER0147,2025-09-18 17:00:38,8.64,gbp,TRANSFER,posted,2025-09-18 17:00:38
TXN00045314,ACC003869,MER0004,2025-09-14 21:11:48,14.46,USD,WITHDRAWAL,REVERSED,2025-09-14 21:11:48
TXN00042414,ACC002849,MER0007,2025-08-25 05:30:18,38.84,GBP,PURCHASE,REVERSED,2025-08-25 05:30:18
TXN00047960,ACC002556,MER0056,2025-07-20 06:16:44,61.21,GBP,DEPOSIT,DECLINED,2025-07-20 06:16:44
TXN00044627,ACC002640,MER0033,2025-08-25 22:03:40,56.06,USD,PURCHASE,POSTED,2025-08-25 22:03:40
TXN00047919,ACC000104,MER0117,2025-07-13 15:21:04,20.06,USD,purchase,DECLINED,2025-07-13 15:21:04
TXN00046424,ACC000997,MER0018,2025-08-02 10:33:10,199.59,GBP,DEPOSIT,REVERSED,2025-08-02 10:33:10
TXN00031456,ACC000405,MER0023,2024-05-03 13:44:17,133.76,INR,PURCHASE,POSTED,2025-08-02 11:02:17
TXN00047646,ACC003940,MER0129,2025-09-23 21:39:19,2.43,INR,WITHDRAWAL,PENDING,2025-09-23 21:39:19
TXN00041952,ACC003249,MER0128,2025-07-07 11:26:40,30.99,NGN,PURCHASE,PENDING,2025-07-07 11:26:40
TXN00003728,ACC002005,MER0049,2024-01-24 09:02:01,133.76,JPY,DEPOSIT,DECLINED,2025-08-18 22:23:55
TXN00041591,ACC000951,MER0142,2025-07-30 20:27:23,23.97,CAD,REFUND,REVERSED,2025-07-30 20:27:23
TXN00040218,ACC002289,MER0114,2025-08-04 20:20:41,16.57,usd,REFUND,PENDING,2025-08-04 20:20:41
TXN00043503,ACC003280,MER0113,2025-08-13 22:20:12,12.69,usd,DEPOSIT,PENDING,2025-08-13 22:20:12
TXN00043306,ACC000423,MER0110,2025-09-04 09:10:29,52.95,GBP,WITHDRAWAL,PENDING,2025-09-04 09:10:29
TXN00043780,ACC003430,MER0085,2025-08-27 21:33:42,141.24,usd,purchase,PENDING,2025-08-27 21:33:42
TXN00043435,ACC002461,MER0114,2025-09-16 14:24:05,57.29,JPY,WITHDRAWAL,REVERSED,2025-09-16 14:24:05
TXN00040757,ACC001313,MER0002,2025-07-25 12:04:11,7.99,GBP,REFUND,posted,2025-07-25 12:04:11
TXN00042245,ACC000334,MER0036,2025-08-31 06:28:47,139.64,USD,WITHDRAWAL,DECLINED,2025-08-31 06:28:47
TXN00047867,ACC001160,MER0059,2025-08-30 13:38:18,18.89,NGN,DEPOSIT,DECLINED,2025-08-30 13:38:18
TXN00043287,ACC003105,MER0016,2025-08-02 14:54:24,17.21,JPY,REFUND,posted,2025-08-02 14:54:24
TXN00045668,ACC001267,MER0006,2025-09-18 10:26:06,17.4,gbp,TRANSFER,REVERSED,2025-09-18 10:26:06
TXN00042601,ACC002216,MER0042,2025-09-13 17:26:58,82.1,NGN,REFUND,DECLINED,2025-09-13 17:26:58
TXN00044320,ACC002614,MER0001,2025-08-24 08:24:29,10.11,INR,WITHDRAWAL,PENDING,2025-08-24 08:24:29
TXN00041437,ACC002220,MER0069,2025-07-04 06:00:31,62.18,USD,TRANSFER,DECLINED,2025-07-04 06:00:31
TXN00046440,ACC003030,MER0069,2025-08-13 08:30:10,329.55,CAD,PURCHASE,posted,2025-08-13 08:30:10
TXN00041244,ACC002424,MER0045,2025-09-19 15:22:30,8.25,NGN,WITHDRAWAL,posted,2025-09-19 15:22:30
TXN00040240,ACC001848,MER0139,2025-09-09 14:35:47,21536.69,INR,TRANSFER,REVERSED,2025-09-09 14:35:47
TXN00040928,ACC003580,MER0116,2025-08-13 05:08:55,24.3,gbp,REFUND,PENDING,2025-08-13 05:08:55
TXN00043159,ACC001150,MER0030,2025-08-06 11:31:44,24.05,CAD,TRANSFER,REVERSED,2025-08-06 11:31:44
TXN00043640,ACC000207,MER0020,2025-07-16 05:35:40,4.83,USD,WITHDRAWAL,REVERSED,2025-07-16 05:35:40
TXN00045211,ACC003434,MER0109,2025-07-29 04:02:18,2.03,CAD,DEPOSIT,DECLINED,2025-07-29 04:02:18
TXN00040853,ACC002880,MER0039,2025-07-01 21:40:46,54.7,JPY,TRANSFER,DECLINED,2025-07-01 21:40:46
TXN00046727,ACC002494,MER0060,2025-07-26 14:55:32,55.73,NGN,TRANSFER,PENDING,2025-07-26 14:55:32
TXN00043611,ACC002519,MER0098,2025-09-23 04:48:58,21.44,NGN,WITHDRAWAL,DECLINED,2025-09-23 04:48:58
TXN00029421,ACC002456,MER0112,2024-04-26 17:16:49,15485.81,INR,purchase,POSTED,2025-08-02 07:29:08
TXN00037463,ACC000129,MER0106,2024-04-18 02:29:44,38.08,JPY,WITHDRAWAL,REVERSED,2025-09-13 12:29:16
TXN00044724,ACC002383,MER0044,2025-08-14 04:59:37,20.28,GBP,purchase,posted,2025-08-14 04:59:37
TXN00044939,ACC003510,MER0015,2025-09-02 16:31:11,40.64,CAD,WITHDRAWAL,PENDING,2025-09-02 16:31:11
TXN00045496,ACC003846,MER0121,2025-09-01 02:54:55,29.58,USD,DEPOSIT,REVERSED,2025-09-01 02:54:55
TXN00040712,ACC002676,MER0084,2025-09-19 20:58:44,80.67,GBP,WITHDRAWAL,REVERSED,2025-09-19 20:58:44
TXN00046884,ACC001918,MER0147,2025-08-16 21:38:35,18.97,CAD,PURCHASE,POSTED,2025-08-16 21:38:35
TXN00044906,ACC000073,MER0091,2025-09-04 00:21:54,34.47,usd,PURCHASE,posted,2025-09-04 00:21:54
TXN00047737,ACC001456,MER0004,2025-08-11 05:43:08,35090.64,GBP,REFUND,REVERSED,2025-08-11 05:43:08
TXN00043308,ACC001583,MER9999,2025-08-24 04:25:55,53.21,EUR,PURCHASE,posted,2025-08-24 04:25:55
TXN00046278,ACC002579,MER0078,2025-08-29 07:51:56,112.23,USD,REFUND,PENDING,2025-08-29 07:51:56
TXN00020562,ACC003493,MER0006,2024-06-16 14:53:11,8.42,GBP,TRANSFER,REVERSED,2025-08-26 22:54:18
TXN00045683,ACC002033,MER0106,2025-08-26 10:52:15,9.18,GBP,DEPOSIT,DECLINED,2025-08-26 10:52:15
TXN00044769,ACC003821,MER0095,2025-08-12 02:43:47,7.42,INR,purchase,DECLINED,2025-08-12 02:43:47
TXN00043141,ACC003561,MER0057,2025-09-20 01:09:27,8.74,GBP,TRANSFER,posted,2025-09-20 01:09:27
TXN00046515,ACC000095,MER0064,2025-09-05 04:06:01,28.4,JPY,TRANSFER,posted,2025-09-05 04:06:01
TXN00044019,ACC001164,MER0102,2025-07-25 08:51:15,15.1,USD,purchase,REVERSED,2025-07-25 08:51:15
TXN00042727,ACC001954,MER0108,2025-09-20 07:57:28,13.99,USD,PURCHASE,posted,2025-09-20 07:57:28
TXN00040444,ACC002258,MER0041,2025-07-31 21:24:12,161.57,USD,TRANSFER,posted,2025-07-31 21:24:12
TXN00046423,ACC000212,MER0019,2025-07-11 11:03:20,2.09,NGN,REFUND,PENDING,2025-07-11 11:03:20
TXN00040157,ACC000473,MER0128,2025-07-01 22:28:33,141.95,USD,DEPOSIT,DECLINED,2025-07-01 22:28:33
TXN00046166,ACC002058,MER0034,2025-08-22 00:35:26,34.42,usd,WITHDRAWAL,POSTED,2025-08-22 00:35:26
TXN00045780,ACC003597,MER0103,2025-08-16 15:11:54,33.76,EUR,PURCHASE,DECLINED,2025-08-16 15:11:54
TXN00046005,ACC003520,MER0082,2025-08-02 12:35:58,99.85,NGN,WITHDRAWAL,REVERSED,2025-08-02 12:35:58
TXN00046890,ACC000143,MER0119,2025-07-18 07:03:31,9.46,usd,PURCHASE,REVERSED,2025-07-18 07:03:31
TXN00042263,ACC000496,MER0041,2025-07-04 11:11:53,23.36,gbp,REFUND,POSTED,2025-07-04 11:11:53
TXN00043260,ACC001918,MER0139,2025-09-25 05:22:56,7.1,INR,purchase,POSTED,2025-09-25 05:22:56
TXN00040637,ACC002983,MER0134,2025-08-02 06:37:00,73.7,USD,PURCHASE,DECLINED,2025-08-02 06:37:00
TXN00040252,ACC001770,MER0079,2025-08-29 06:04:51,33.42,gbp,DEPOSIT,REVERSED,2025-08-29 06:04:51
TXN00041718,ACC002223,MER0140,2025-07-16 06:00:52,12.85,GBP,REFUND,PENDING,2025-07-16 06:00:52
TXN00047135,ACC000116,MER0129,2025-07-07 16:57:12,20.12,gbp,WITHDRAWAL,PENDING,2025-07-07 16:57:12
TXN00043179,ACC003733,MER0076,2025-07-17 01:37:55,32.03,gbp,purchase,posted,2025-07-17 01:37:55
TXN00046694,ACC001581,MER0133,2025-09-27 08:52:45,45.12,NGN,PURCHASE,POSTED,2025-09-27 08:52:45
TXN00047015,ACC000134,MER0136,2025-08-11 22:44:27,14.73,USD,purchase,PENDING,2025-08-11 22:44:27
TXN00040760,ACC003158,MER0150,2025-08-29 11:58:06,7.21,CAD,purchase,POSTED,2025-08-29 11:58:06
TXN00046478,ACC000216,MER0054,2025-09-30 00:48:43,85.75,NGN,PURCHASE,POSTED,2025-09-30 00:48:43
TXN00040602,ACC001249,MER0084,2025-07-10 12:55:07,84.24,EUR,WITHDRAWAL,REVERSED,2025-07-10 12:55:07
TXN00042459,ACC002438,MER0094,2025-09-11 19:56:11,45.68,gbp,DEPOSIT,POSTED,2025-09-11 19:56:11
TXN00041250,ACC000117,MER0128,2025-08-01 08:34:54,12.9,EUR,REFUND,DECLINED,2025-08-01 08:34:54
TXN00043820,ACC003794,MER0050,2025-08-11 16:59:12,38.15,JPY,TRANSFER,POSTED,2025-08-11 16:59:12
TXN00040634,ACC002064,MER0020,2025-07-06 03:16:58,18314.06,GBP,purchase,DECLINED,2025-07-06 03:16:58
TXN00040022,ACC001151,MER0131,2025-08-19 01:33:31,61.95,CAD,PURCHASE,DECLINED,2025-08-19 01:33:31
TXN00046498,ACC000296,MER0036,2025-07-04 09:41:52,6.6,INR,DEPOSIT,POSTED,2025-07-04 09:41:52
TXN00043048,ACC002390,MER0087,2025-09-03 08:30:55,9.6,usd,purchase,DECLINED,2025-09-03 08:30:55
TXN00044179,ACC003638,MER0056,2025-07-08 12:32:17,43.78,EUR,REFUND,PENDING,2025-07-08 12:32:17
TXN00042456,ACC002667,MER0125,2025-08-13 23:06:47,9.44,INR,TRANSFER,REVERSED,2025-08-13 23:06:47
TXN00042994,ACC000709,MER0076,2025-08-24 19:01:08,17211.3,GBP,DEPOSIT,DECLINED,2025-08-24 19:01:08
TXN00046941,ACC001751,MER0125,2025-09-19 21:40:13,24.52,EUR,purchase,PENDING,2025-09-19 21:40:13
TXN00042137,ACC000208,MER0039,2025-07-14 01:48:33,11.19,INR,PURCHASE,posted,2025-07-14 01:48:33
TXN00045584,ACC002228,MER0066,2025-07-02 11:27:23,109.68,usd,REFUND,posted,2025-07-02 11:27:23
TXN00046002,ACC000938,MER0069,2025-07-26 06:18:02,46.82,CAD,TRANSFER,POSTED,2025-07-26 06:18:02
TXN00042814,ACC003569,MER0049,2025-09-24 17:07:09,30.32,INR,purchase,posted,2025-09-24 17:07:09
TXN00029965,ACC001554,MER0060,2024-01-23 01:44:46,80.6,gbp,TRANSFER,REVERSED,2025-09-26 13:59:12
TXN00045470,ACC001750,MER0053,2025-09-27 02:50:34,35.96,GBP,purchase,POSTED,2025-09-27 02:50:34
TXN00043343,ACC000395,MER0034,2025-07-13 00:44:41,37.35,INR,PURCHASE,POSTED,2025-07-13 00:44:41
TXN00047522,ACC003182,MER0048,2025-07-01 00:23:13,24.8,USD,PURCHASE,DECLINED,2025-07-01 00:23:13
TXN00041049,ACC002737,MER0147,2025-07-17 14:37:12,5.65,usd,TRANSFER,POSTED,2025-07-17 14:37:12
TXN00046089,ACC003698,MER0012,2025-09-15 15:30:04,14.97,GBP,DEPOSIT,DECLINED,2025-09-15 15:30:04
TXN00043901,ACC001387,MER0139,2025-07-07 00:25:45,23136.77,JPY,DEPOSIT,posted,2025-07-07 00:25:45
TXN00042609,ACC000348,MER0142,2025-07-18 18:25:37,4.45,usd,purchase,REVERSED,2025-07-18 18:25:37
TXN00043441,ACC000299,MER0030,2025-08-23 20:58:54,198.44,USD,DEPOSIT,PENDING,2025-08-23 20:58:54
TXN00041402,ACC000917,MER0095,2025-08-18 04:49:51,15.22,NGN,REFUND,REVERSED,2025-08-18 04:49:51
TXN00024670,ACC003131,MER0007,2025-01-11 00:38:44,270.36,USD,REFUND,DECLINED,2025-09-06 12:43:59
TXN00041976,ACC003172,MER0095,2025-07-12 12:14:36,145.96,EUR,REFUND,REVERSED,2025-07-12 12:14:36
TXN00047733,ACC000129,MER0085,2025-09-11 01:29:15,7.76,USD,DEPOSIT,POSTED,2025-09-11 01:29:15
TXN00041011,ACC001143,MER0067,2025-08-16 01:30:20,194.5,NGN,REFUND,DECLINED,2025-08-16 01:30:20
TXN00047234,ACC002368,MER0039,2025-08-26 21:51:05,18.42,CAD,REFUND,posted,2025-08-26 21:51:05
TXN00045415,ACC001268,MER0069,2025-07-21 19:09:34,31.45,NGN,REFUND,REVERSED,2025-07-21 19:09:34
TXN00046900,ACC003900,MER0046,2025-09-05 04:15:42,21.3,GBP,REFUND,posted,2025-09-05 04:15:42
TXN00046034,ACC002039,MER0052,2025-07-06 13:48:22,2.95,EUR,PURCHASE,PENDING,2025-07-06 13:48:22
TXN00047160,ACC001192,MER0005,2025-07-16 18:49:35,15.0,NGN,TRANSFER,DECLINED,2025-07-16 18:49:35
TXN00005682,ACC002140,MER0140,2024-05-14 00:19:13,29.96,GBP,PURCHASE,REVERSED,2025-08-22 10:20:49
TXN00042825,ACC003106,MER0020,2025-07-27 01:08:40,27.76,GBP,purchase,posted,2025-07-27 01:08:40
TXN00042649,ACC003771,MER0060,2025-08-13 03:58:47,4.94,USD,REFUND,POSTED,2025-08-13 03:58:47
TXN00040097,ACC003358,MER0080,2025-07-15 16:49:54,6.52,EUR,purchase,POSTED,2025-07-15 16:49:54
TXN00046619,ACC002059,MER0100,2025-08-21 09:41:36,11.08,INR,TRANSFER,posted,2025-08-21 09:41:36
TXN00043223,ACC000826,MER0023,2025-07-05 18:26:23,83.31,JPY,TRANSFER,POSTED,2025-07-05 18:26:23
TXN00045817,ACC003909,MER9999,2025-09-28 10:22:46,56.37,EUR,purchase,posted,2025-09-28 10:22:46
TXN00044943,ACC000506,MER0085,2025-08-19 09:08:07,64.77,USD,REFUND,DECLINED,2025-08-19 09:08:07
TXN00040268,ACC000618,MER0095,2025-08-16 11:03:40,22.67,NGN,WITHDRAWAL,DECLINED,2025-08-16 11:03:40
TXN00042173,ACC001117,MER0104,2025-08-09 04:51:27,13.64,NGN,REFUND,DECLINED,2025-08-09 04:51:27
TXN00043807,ACC002959,MER0101,2025-09-15 08:05:47,36.51,USD,REFUND,REVERSED,2025-09-15 08:05:47
TXN00040501,ACC002431,MER0019,2025-07-07 08:36:31,30.71,NGN,purchase,PENDING,2025-07-07 08:36:31
TXN00046154,ACC001184,MER0035,2025-08-24 21:47:26,115.75,JPY,purchase,REVERSED,2025-08-24 21:47:26
TXN00042639,ACC001600,MER0028,2025-09-17 11:13:06,52.17,JPY,TRANSFER,POSTED,2025-09-17 11:13:06
TXN00046877,ACC002670,MER0097,2025-09-21 22:36:20,14.32,JPY,DEPOSIT,POSTED,2025-09-21 22:36:20
TXN00046679,ACC000792,MER0109,2025-07-11 19:38:24,24.59,USD,DEPOSIT,posted,2025-07-11 19:38:24
TXN00047423,ACC003855,MER0115,2025-07-29 23:53:54,27.19,NGN,WITHDRAWAL,POSTED,2025-07-29 23:53:54
TXN00042215,ACC001725,MER0010,2025-07-09 17:56:06,27.59,GBP,PURCHASE,DECLINED,2025-07-09 17:56:06
TXN00041238,ACC001203,MER0088,2025-09-17 07:41:49,9.37,gbp,TRANSFER,POSTED,2025-09-17 07:41:49
TXN00041723,ACC000366,MER0146,2025-09-14 17:09:13,12392.75,JPY,TRANSFER,POSTED,2025-09-14 17:09:13
TXN00043224,ACC000876,MER0011,2025-08-28 10:10:19,27.77,EUR,TRANSFER,posted,2025-08-28 10:10:19
TXN00042575,ACC002658,MER0146,2025-09-04 18:56:26,15.57,INR,WITHDRAWAL,POSTED,2025-09-04 18:56:26
TXN00047307,ACC000591,MER0139,2025-07-16 11:13:53,8.7,EUR,purchase,posted,2025-07-16 11:13:53
TXN00046274,ACC000233,MER0149,2025-08-28 20:51:29,17909.62,USD,PURCHASE,POSTED,2025-08-28 20:51:29
TXN00042985,ACC002132,MER0074,2025-07-24 18:19:30,35.59,CAD,WITHDRAWAL,posted,2025-07-24 18:19:30
TXN00014457,ACC003412,MER0141,2025-01-02 14:12:51,59.33,usd,REFUND,DECLINED,2025-09-30 09:38:25
TXN00047883,ACC001884,MER0133,2025-09-14 02:14:48,25.19,INR,TRANSFER,REVERSED,2025-09-14 02:14:48
TXN00040229,ACC002453,MER0083,2025-08-20 11:32:51,58.14,usd,WITHDRAWAL,PENDING,2025-08-20 11:32:51
TXN00042728,ACC002796,MER0030,2025-08-23 22:01:23,6.24,usd,purchase,REVERSED,2025-08-23 22:01:23
TXN00046161,ACC003703,MER0110,2025-08-16 13:58:40,22.46,EUR,purchase,DECLINED,2025-08-16 13:58:40
TXN00031737,ACC000596,MER0123,2025-04-20 12:38:31,17.86,JPY,REFUND,POSTED,2025-08-05 05:51:45
TXN00010690,ACC003507,MER0030,2024-03-18 13:06:26,13.86,NGN,DEPOSIT,REVERSED,2025-08-16 06:30:08
TXN00041607,ACC000409,MER0031,2025-09-17 20:57:33,13.13,INR,REFUND,DECLINED,2025-09-17 20:57:33
TXN00041268,ACC002659,MER0128,2025-09-19 15:25:11,40.44,JPY,PURCHASE,DECLINED,2025-09-19 15:25:11
TXN00046448,ACC001962,MER0115,2025-08-04 12:42:57,8.44,gbp,purchase,PENDING,2025-08-04 12:42:57
TXN00040475,ACC000672,MER0072,2025-07-25 10:45:14,198.41,EUR,purchase,POSTED,2025-07-25 10:45:14
TXN00045448,ACC003653,MER0020,2025-09-16 13:24:32,21.7,INR,purchase,REVERSED,2025-09-16 13:24:32
TXN00046381,ACC000114,MER0137,2025-07-15 08:46:03,39536.08,gbp,TRANSFER,PENDING,2025-07-15 08:46:03
TXN00040004,ACC003288,MER0005,2025-09-24 06:29:35,30.05,GBP,WITHDRAWAL,PENDING,2025-09-24 06:29:35
TXN00044277,ACC003659,MER0118,2025-08-28 01:54:42,11.17,USD,PURCHASE,REVERSED,2025-08-28 01:54:42
TXN00043763,ACC001053,MER0008,2025-08-17 10:32:29,11.69,CAD,WITHDRAWAL,posted,2025-08-17 10:32:29
TXN00041130,ACC001426,MER0058,2025-07-19 15:10:01,4.97,GBP,DEPOSIT,POSTED,2025-07-19 15:10:01
TXN00044408,ACC001771,MER0141,2025-07-28 12:03:30,7.88,NGN,WITHDRAWAL,REVERSED,2025-07-28 12:03:30
TXN00042821,ACC002557,MER0085,2025-07-09 21:40:54,22.1,GBP,purchase,DECLINED,2025-07-09 21:40:54
TXN00044072,ACC002973,MER0014,2025-09-04 16:19:51,5.53,JPY,PURCHASE,DECLINED,2025-09-04 16:19:51
TXN00045499,ACC002138,MER0004,2025-08-10 03:49:04,6.56,CAD,DEPOSIT,posted,2025-08-10 03:49:04
TXN00045624,ACC003891,MER0142,2025-09-17 16:02:50,11.01,GBP,PURCHASE,PENDING,2025-09-17 16:02:50
TXN00047422,ACC000204,MER0072,2025-09-18 11:18:54,117.05,CAD,REFUND,PENDING,2025-09-18 11:18:54
TXN00043669,ACC003842,MER0071,2025-09-05 02:37:18,65.62,JPY,TRANSFER,PENDING,2025-09-05 02:37:18
TXN00047107,ACC000939,MER0110,2025-07-16 08:31:43,45.86,usd,TRANSFER,REVERSED,2025-07-16 08:31:43
TXN00043892,ACC002624,MER0062,2025-07-04 10:39:16,18.97,NGN,PURCHASE,REVERSED,2025-07-04 10:39:16
TXN00045884,ACC002287,MER0083,2025-08-05 02:16:35,21.78,EUR,purchase,POSTED,2025-08-05 02:16:35
TXN00045301,ACC001703,MER0032,2025-09-16 15:28:51,11.94,CAD,WITHDRAWAL,REVERSED,2025-09-16 15:28:51
TXN00044597,ACC002189,MER0023,2025-09-15 18:00:00,22.96,USD,PURCHASE,PENDING,2025-09-15 18:00:00
TXN00043317,ACC000835,MER0084,2025-08-24 14:04:27,63.6,JPY,purchase,POSTED,2025-08-24 14:04:27
TXN00046241,ACC002184,MER0142,2025-09-17 00:33:26,15781.47,GBP,REFUND,REVERSED,2025-09-17 00:33:26
TXN00044559,ACC000154,MER0074,2025-09-23 19:14:30,105.0,EUR,purchase,POSTED,2025-09-23 19:14:30
TXN00042093,ACC001438,MER0113,2025-07-13 13:54:54,13.45,gbp,TRANSFER,POSTED,2025-07-13 13:54:54
TXN00043303,ACC000430,MER0058,2025-09-29 20:16:03,131.49,usd,DEPOSIT,DECLINED,2025-09-29 20:16:03
TXN00042610,ACC001762,MER0058,2025-08-15 00:18:22,85.83,gbp,REFUND,posted,2025-08-15 00:18:22
TXN00046623,ACC002957,MER0037,2025-09-12 04:19:06,141.32,INR,WITHDRAWAL,PENDING,2025-09-12 04:19:06
TXN00043857,ACC000643,MER0004,2025-07-23 21:37:23,143.81,CAD,TRANSFER,POSTED,2025-07-23 21:37:23
TXN00040827,ACC001449,MER0055,2025-08-16 19:02:56,8.09,CAD,purchase,POSTED,2025-08-16 19:02:56
TXN00046453,ACC000545,MER0008,2025-08-16 21:49:11,67.08,gbp,TRANSFER,REVERSED,2025-08-16 21:49:11
TXN00045858,ACC002226,MER0045,2025-07-21 18:05:02,26.5,EUR,purchase,posted,2025-07-21 18:05:02
TXN00044997,ACC002227,MER0113,2025-08-17 05:49:51,124.11,JPY,WITHDRAWAL,posted,2025-08-17 05:49:51
TXN00045726,ACC000963,MER0091,2025-07-28 22:46:19,40.8,USD,REFUND,REVERSED,2025-07-28 22:46:19
TXN00046886,ACC001180,MER0023,2025-09-26 06:06:29,4.79,CAD,REFUND,posted,2025-09-26 06:06:29
TXN00041099,ACC001041,MER0009,2025-07-17 09:50:08,39641.03,JPY,REFUND,posted,2025-07-17 09:50:08
TXN00046461,ACC003003,MER0069,2025-07-20 23:03:16,35.84,NGN,DEPOSIT,REVERSED,2025-07-20 23:03:16
TXN00027576,ACC003360,MER0028,2025-06-14 23:29:42,12.16,INR,REFUND,DECLINED,2025-08-12 10:17:53
TXN00047753,ACC000377,MER0070,2025-07-30 08:18:36,56.94,JPY,purchase,POSTED,2025-07-30 08:18:36
TXN00016089,ACC001882,MER0130,2024-12-17 06:17:53,167.13,USD,purchase,POSTED,2025-08-17 14:30:41
TXN00047457,ACC002475,MER0145,2025-09-09 17:45:19,90.51,EUR,WITHDRAWAL,POSTED,2025-09-09 17:45:19
TXN00046301,ACC002159,MER0112,2025-08-12 09:18:14,80.96,USD,TRANSFER,posted,2025-08-12 09:18:14
TXN00041367,ACC002200,MER0052,2025-07-24 22:59:16,6.91,GBP,WITHDRAWAL,REVERSED,2025-07-24 22:59:16
TXN00046431,ACC003839,MER0079,2025-08-20 06:32:11,44.82,CAD,WITHDRAWAL,POSTED,2025-08-20 06:32:11
TXN00042191,ACC000234,MER0098,2025-08-07 20:42:27,172.43,JPY,REFUND,PENDING,2025-08-07 20:42:27
TXN00042147,ACC003850,MER0054,2025-07-29 00:18:00,11.37,GBP,DEPOSIT,posted,2025-07-29 00:18:00
TXN00041042,ACC000889,MER0063,2025-09-12 22:53:47,65.49,CAD,purchase,REVERSED,2025-09-12 22:53:47
TXN00043708,ACC001056,MER0070,2025-08-05 11:28:03,26.85,gbp,PURCHASE,REVERSED,2025-08-05 11:28:03
TXN00041579,ACC000089,MER0045,2025-09-16 23:18:11,25.32,INR,purchase,posted,2025-09-16 23:18:11
TXN00045723,ACC003319,MER0044,2025-09-17 14:50:04,4.72,USD,DEPOSIT,DECLINED,2025-09-17 14:50:04
TXN00047549,ACC001223,MER0106,2025-08-13 13:21:20,36.46,USD,PURCHASE,POSTED,2025-08-13 13:21:20
TXN00045588,ACC003883,MER0075,2025-08-22 23:47:29,256.39,JPY,DEPOSIT,REVERSED,2025-08-22 23:47:29
TXN00044030,ACC002393,MER0087,2025-08-29 13:42:53,6.2,USD,PURCHASE,posted,2025-08-29 13:42:53
TXN00041697,ACC002029,MER0086,2025-08-29 05:54:05,80.77,JPY,DEPOSIT,DECLINED,2025-08-29 05:54:05
TXN00043739,ACC001366,MER0045,2025-08-24 08:23:39,82.0,INR,REFUND,POSTED,2025-08-24 08:23:39
TXN00043373,ACC002001,MER0118,2025-09-12 02:00:08,7.02,NGN,DEPOSIT,DECLINED,2025-09-12 02:00:08
TXN00041037,ACC002827,MER0109,2025-07-02 07:26:25,16.88,GBP,REFUND,posted,2025-07-02 07:26:25
TXN00018218,ACC002911,MER0047,2024-04-18 11:30:51,9.22,gbp,purchase,DECLINED,2025-09-16 05:12:09
TXN00043405,ACC002773,MER0099,2025-09-23 17:26:40,11.79,INR,WITHDRAWAL,PENDING,2025-09-23 17:26:40
TXN00044467,ACC000248,MER0044,2025-09-22 09:24:40,8.36,EUR,PURCHASE,DECLINED,2025-09-22 09:24:40
TXN00043387,ACC003414,MER0127,2025-07-13 23:22:16,49.99,CAD,TRANSFER,POSTED,2025-07-13 23:22:16
TXN00041159,ACC003369,MER0130,2025-08-12 03:36:00,61.41,EUR,TRANSFER,posted,2025-08-12 03:36:00
TXN00047298,ACC002024,MER0003,2025-08-30 12:21:07,33.61,GBP,WITHDRAWAL,DECLINED,2025-08-30 12:21:07
TXN00018179,ACC000722,MER0023,2024-07-23 22:52:05,26.42,EUR,PURCHASE,DECLINED,2025-08-26 11:55:13
TXN00046075,ACC003717,MER0105,2025-08-07 04:06:01,9.67,gbp,TRANSFER,PENDING,2025-08-07 04:06:01
TXN00047259,ACC000228,MER0046,2025-09-15 15:50:04,36.87,NGN,REFUND,PENDING,2025-09-15 15:50:04
TXN00044123,ACC000907,MER0041,2025-09-11 03:40:39,19.5,JPY,purchase,DECLINED,2025-09-11 03:40:39
TXN00047807,ACC001394,MER0023,2025-08-21 16:50:37,253.01,INR,PURCHASE,posted,2025-08-21 16:50:37
TXN00042755,ACC000184,MER0026,2025-09-18 04:04:45,5.15,NGN,WITHDRAWAL,posted,2025-09-18 04:04:45
TXN00045783,ACC002711,MER0050,2025-09-12 15:56:09,8.39,GBP,WITHDRAWAL,POSTED,2025-09-12 15:56:09
TXN00042652,ACC003667,MER0065,2025-08-11 17:43:44,65.96,INR,PURCHASE,PENDING,2025-08-11 17:43:44
TXN00044927,ACC002756,MER0103,2025-08-09 16:09:19,18.45,gbp,PURCHASE,POSTED,2025-08-09 16:09:19
TXN00044759,ACC003258,MER0131,2025-08-11 04:50:46,26.44,EUR,DEPOSIT,REVERSED,2025-08-11 04:50:46
TXN00047971,ACC001969,MER0037,2025-07-14 00:54:11,66.02,CAD,purchase,POSTED,2025-07-14 00:54:11
TXN00045911,ACC001080,MER0051,2025-07-19 21:46:04,69.23,GBP,PURCHASE,PENDING,2025-07-19 21:46:04
TXN00042589,ACC003727,MER0080,2025-07-26 03:16:26,13.44,USD,TRANSFER,PENDING,2025-07-26 03:16:26
TXN00046969,ACC000119,MER0024,2025-08-11 23:07:02,17.79,gbp,DEPOSIT,DECLINED,2025-08-11 23:07:02
TXN00047608,ACC000350,MER0084,2025-08-21 16:29:21,38.49,usd,purchase,POSTED,2025-08-21 16:29:21
TXN00044442,ACC001157,MER0074,2025-07-03 04:06:26,21.49,NGN,DEPOSIT,POSTED,2025-07-03 04:06:26
TXN00047044,ACC000375,MER0040,2025-09-08 15:22:04,91.04,usd,purchase,posted,2025-09-08 15:22:04
TXN00042978,ACC003628,MER0131,2025-09-02 22:47:11,77.2,CAD,TRANSFER,DECLINED,2025-09-02 22:47:11
TXN00046214,ACC001807,MER0146,2025-07-01 00:39:14,49.61,GBP,WITHDRAWAL,POSTED,2025-07-01 00:39:14
TXN00026290,ACC000551,MER0012,2024-07-23 16:52:04,112.66,INR,DEPOSIT,POSTED,2025-07-12 22:52:19
TXN00046811,ACC001372,MER0070,2025-08-20 10:33:24,10.14,GBP,DEPOSIT,DECLINED,2025-08-20 10:33:24
TXN00025689,ACC002624,MER0039,2024-09-03 13:09:00,21.24,USD,REFUND,REVERSED,2025-07-02 11:48:38
TXN00044114,ACC001577,MER0099,2025-09-07 13:41:23,29.37,NGN,purchase,PENDING,2025-09-07 13:41:23
TXN00042300,ACC000917,MER0072,2025-07-17 06:55:24,13.13,JPY,REFUND,PENDING,2025-07-17 06:55:24
TXN00040882,ACC003044,MER0014,2025-09-08 00:24:56,15.81,NGN,TRANSFER,DECLINED,2025-09-08 00:24:56
TXN00043498,ACC001830,MER0072,2025-09-02 06:31:17,27.41,JPY,DEPOSIT,POSTED,2025-09-02 06:31:17
TXN00041600,ACC002790,MER0059,2025-07-31 03:19:09,70.79,USD,REFUND,PENDING,2025-07-31 03:19:09
TXN00041906,ACC001778,MER0049,2025-09-15 14:45:46,150.16,CAD,DEPOSIT,REVERSED,2025-09-15 14:45:46
TXN00047834,ACC001281,MER0105,2025-08-03 19:38:33,78.3,usd,REFUND,POSTED,2025-08-03 19:38:33
TXN00042870,ACC002830,MER0138,2025-08-20 14:19:36,118.04,JPY,REFUND,POSTED,2025-08-20 14:19:36
TXN00043985,ACC000807,MER0126,2025-09-11 06:50:02,35.82,usd,TRANSFER,PENDING,2025-09-11 06:50:02
TXN00041038,ACC001489,MER0005,2025-08-02 23:39:34,36.11,usd,WITHDRAWAL,PENDING,2025-08-02 23:39:34
TXN00045210,ACC002369,MER0105,2025-08-03 08:50:59,4.23,EUR,purchase,DECLINED,2025-08-03 08:50:59
TXN00044762,ACC001664,MER0068,2025-08-02 01:54:55,32.91,GBP,REFUND,DECLINED,2025-08-02 01:54:55
TXN00046673,ACC001083,MER0010,2025-09-12 10:37:13,191.12,NGN,TRANSFER,posted,2025-09-12 10:37:13
TXN00039196,ACC001442,MER0060,2025-04-09 21:26:31,22.33,USD,WITHDRAWAL,REVERSED,2025-09-23 00:04:33
TXN00012956,ACC002614,MER0015,2025-05-03 01:28:42,9.04,CAD,REFUND,POSTED,2025-07-10 03:36:28
TXN00046113,ACC003709,MER0020,2025-08-23 16:44:32,106.09,INR,TRANSFER,POSTED,2025-08-23 16:44:32
TXN00041786,ACC000069,MER0147,2025-08-05 16:59:34,32.05,usd,purchase,REVERSED,2025-08-05 16:59:34
TXN00045923,ACC000908,MER0139,2025-09-27 08:34:20,77.87,JPY,purchase,DECLINED,2025-09-27 08:34:20
TXN00043627,ACC001573,MER0120,2025-07-08 21:10:49,18.66,INR,WITHDRAWAL,PENDING,2025-07-08 21:10:49
TXN00047018,ACC003914,MER0112,2025-08-14 03:11:47,36715.31,CAD,purchase,DECLINED,2025-08-14 03:11:47
TXN00042272,ACC000937,MER0118,2025-08-16 00:16:35,15.33,GBP,WITHDRAWAL,posted,2025-08-16 00:16:35
TXN00042090,ACC000693,MER0097,2025-07-31 22:04:52,6.55,CAD,REFUND,posted,2025-07-31 22:04:52
TXN00042773,ACC002012,MER0118,2025-09-25 05:08:07,3.12,gbp,DEPOSIT,REVERSED,2025-09-25 05:08:07
TXN00042894,ACC002260,MER0090,2025-09-08 13:32:37,31951.36,usd,purchase,PENDING,2025-09-08 13:32:37
TXN00044912,ACC001868,MER0149,2025-09-25 15:36:47,10.45,NGN,TRANSFER,posted,2025-09-25 15:36:47
TXN00047073,ACC000331,MER0027,2025-08-20 12:34:24,10.41,usd,WITHDRAWAL,posted,2025-08-20 12:34:24
TXN00045569,ACC001857,MER0052,2025-09-23 02:03:16,18.14,GBP,DEPOSIT,POSTED,2025-09-23 02:03:16
TXN00047409,ACC000303,MER0094,2025-07-06 18:33:15,139.32,GBP,DEPOSIT,REVERSED,2025-07-06 18:33:15
TXN00042302,ACC003913,MER0079,2025-09-22 13:33:40,17.52,EUR,purchase,PENDING,2025-09-22 13:33:40
TXN00045413,ACC000921,MER0018,2025-08-18 05:02:47,102.85,INR,purchase,DECLINED,2025-08-18 05:02:47
TXN00042056,ACC003234,MER0017,2025-07-27 04:41:39,25.97,GBP,purchase,DECLINED,2025-07-27 04:41:39
TXN00040207,ACC000692,MER0061,2025-07-14 00:00:38,163.16,INR,purchase,PENDING,2025-07-14 00:00:38
TXN00047760,ACC002935,MER0094,2025-07-26 15:48:46,150.52,USD,TRANSFER,PENDING,2025-07-26 15:48:46
TXN00041560,ACC002171,MER0063,2025-07-09 20:28:25,105.87,USD,PURCHASE,DECLINED,2025-07-09 20:28:25
TXN00043415,ACC003434,MER0092,2025-08-06 03:48:43,30.09,USD,PURCHASE,POSTED,2025-08-06 03:48:43
TXN00045597,ACC003505,MER0077,2025-08-09 20:18:52,4.38,gbp,REFUND,posted,2025-08-09 20:18:52
TXN00047020,ACC000116,MER0018,2025-09-04 12:18:17,61.77,GBP,PURCHASE,posted,2025-09-04 12:18:17
TXN00040414,ACC001403,MER0018,2025-08-01 05:13:17,71.01,CAD,WITHDRAWAL,posted,2025-08-01 05:13:17
TXN00046829,ACC001382,MER0022,2025-08-10 15:11:54,23.9,CAD,TRANSFER,posted,2025-08-10 15:11:54
TXN00045563,ACC002202,MER0135,2025-08-25 14:12:06,5.96,GBP,PURCHASE,DECLINED,2025-08-25 14:12:06
TXN00043599,ACC003749,MER0143,2025-08-14 05:14:46,111.71,gbp,TRANSFER,POSTED,2025-08-14 05:14:46
TXN00043121,ACC002692,MER0129,2025-07-28 23:11:41,14.13,INR,PURCHASE,posted,2025-07-28 23:11:41
TXN00044578,ACC001934,MER0003,2025-07-06 05:23:31,18.05,INR,PURCHASE,POSTED,2025-07-06 05:23:31
TXN00046479,ACC002312,MER0013,2025-08-20 07:35:19,56.33,JPY,WITHDRAWAL,REVERSED,2025-08-20 07:35:19
TXN00017565,ACC003653,MER0130,2025-01-11 21:28:23,19.14,CAD,PURCHASE,DECLINED,2025-08-07 02:50:29
TXN00022188,ACC003261,MER0142,2025-03-19 23:30:26,1.68,usd,REFUND,DECLINED,2025-07-23 07:05:49
TXN00043399,ACC000883,MER0023,2025-07-13 23:46:36,59.67,NGN,WITHDRAWAL,POSTED,2025-07-13 23:46:36
TXN00046098,ACC000145,MER0093,2025-07-20 02:13:40,34.36,EUR,REFUND,POSTED,2025-07-20 02:13:40
TXN00042907,ACC001985,MER0042,2025-08-23 08:30:56,38.06,NGN,purchase,REVERSED,2025-08-23 08:30:56
TXN00044376,ACC003324,MER0069,2025-07-12 11:44:33,35.88,CAD,WITHDRAWAL,posted,2025-07-12 11:44:33
TXN00043544,ACC001403,MER0077,2025-08-30 01:10:35,31.37,USD,PURCHASE,PENDING,2025-08-30 01:10:35
TXN00041548,ACC002233,MER0008,2025-08-19 18:22:11,22.27,INR,TRANSFER,posted,2025-08-19 18:22:11
TXN00043089,ACC003428,MER0136,2025-08-10 19:46:01,28.21,NGN,TRANSFER,posted,2025-08-10 19:46:01
TXN00047139,ACC001294,MER0129,2025-07-24 10:46:55,14.75,NGN,TRANSFER,DECLINED,2025-07-24 10:46:55
TXN00047758,ACC001739,MER0133,2025-08-15 04:40:38,41.13,EUR,PURCHASE,POSTED,2025-08-15 04:40:38
TXN00047258,ACC001570,MER0013,2025-09-11 10:19:58,88.33,gbp,DEPOSIT,PENDING,2025-09-11 10:19:58
TXN00045439,ACC001831,MER0012,2025-07-07 16:31:10,18.58,GBP,WITHDRAWAL,POSTED,2025-07-07 16:31:10
TXN00041626,ACC003890,MER0135,2025-07-27 08:19:10,198.5,JPY,TRANSFER,REVERSED,2025-07-27 08:19:10
TXN00046171,ACC001103,MER0125,2025-07-15 07:54:11,111.23,GBP,DEPOSIT,DECLINED,2025-07-15 07:54:11
TXN00042206,ACC001724,MER0064,2025-08-11 10:19:22,79.73,GBP,PURCHASE,PENDING,2025-08-11 10:19:22
TXN00014764,ACC000447,MER0108,2024-07-26 02:02:21,52.79,CAD,DEPOSIT,REVERSED,2025-09-15 21:23:14
TXN00042523,ACC001483,MER0047,2025-09-21 07:57:43,30.44,USD,WITHDRAWAL,PENDING,2025-09-21 07:57:43
TXN00046751,ACC002466,MER0019,2025-09-06 15:18:46,29.51,USD,PURCHASE,POSTED,2025-09-06 15:18:46
TXN00042469,ACC001505,MER0030,2025-09-07 03:09:11,43.91,USD,REFUND,PENDING,2025-09-07 03:09:11
TXN00047171,ACC001863,MER0057,2025-07-02 07:37:07,24.46,gbp,TRANSFER,PENDING,2025-07-02 07:37:07
TXN00041256,ACC001169,MER0027,2025-09-15 10:54:11,18.6,INR,PURCHASE,PENDING,2025-09-15 10:54:11
TXN00035803,ACC002147,MER0126,2024-03-02 01:49:28,52.38,GBP,TRANSFER,POSTED,2025-07-03 01:44:06
TXN00042115,ACC003378,MER0140,2025-09-11 05:47:42,9.81,JPY,TRANSFER,PENDING,2025-09-11 05:47:42
TXN00041403,ACC003612,MER0065,2025-08-10 08:57:42,178.23,JPY,DEPOSIT,POSTED,2025-08-10 08:57:42
TXN00041172,ACC002774,MER0116,2025-09-05 09:46:02,32.81,CAD,DEPOSIT,REVERSED,2025-09-05 09:46:02
TXN00040141,ACC000237,MER0138,2025-08-28 05:56:57,9.87,USD,PURCHASE,REVERSED,2025-08-28 05:56:57
TXN00040301,ACC001574,MER0037,2025-07-29 13:20:40,145.21,GBP,purchase,PENDING,2025-07-29 13:20:40
TXN00042583,ACC001177,MER0071,2025-07-20 01:40:58,45.77,INR,DEPOSIT,posted,2025-07-20 01:40:58
TXN00043868,ACC001772,MER0034,2025-07-25 14:12:26,29.56,usd,purchase,DECLINED,2025-07-25 14:12:26
TXN00046879,ACC000348,MER0009,2025-09-12 05:57:04,117.46,INR,DEPOSIT,PENDING,2025-09-12 05:57:04
TXN00047159,ACC000893,MER0134,2025-09-07 19:24:57,21.46,usd,DEPOSIT,PENDING,2025-09-07 19:24:57
TXN00045767,ACC003666,MER0138,2025-09-30 11:24:58,76.13,NGN,purchase,posted,2025-09-30 11:24:58
TXN00004021,ACC000575,MER0057,2024-07-29 04:42:47,68.75,gbp,purchase,POSTED,2025-08-22 19:02:10
TXN00046778,ACC003451,MER0150,2025-07-01 03:49:12,112.86,GBP,WITHDRAWAL,posted,2025-07-01 03:49:12
TXN00042309,ACC003056,MER0009,2025-07-14 07:00:32,47.17,NGN,TRANSFER,REVERSED,2025-07-14 07:00:32
TXN00047897,ACC003794,MER0064,2025-07-07 06:17:16,15.54,gbp,TRANSFER,DECLINED,2025-07-07 06:17:16
TXN00045802,ACC001923,MER0052,2025-08-23 17:45:59,86.13,usd,WITHDRAWAL,posted,2025-08-23 17:45:59
TXN00046428,ACC002919,MER0074,2025-09-21 20:19:01,101.07,GBP,WITHDRAWAL,PENDING,2025-09-21 20:19:01
TXN00043257,ACC001370,MER0115,2025-07-01 12:31:27,90.86,EUR,TRANSFER,REVERSED,2025-07-01 12:31:27
TXN00047947,ACC002899,MER0058,2025-09-20 13:59:11,0.88,GBP,WITHDRAWAL,posted,2025-09-20 13:59:11
TXN00045755,ACC000468,MER0144,2025-09-12 20:37:01,27.1,USD,DEPOSIT,posted,2025-09-12 20:37:01
TXN00044603,ACC003391,MER0076,2025-08-08 04:11:04,12.31,INR,WITHDRAWAL,DECLINED,2025-08-08 04:11:04
TXN00040948,ACC001742,MER0146,2025-09-28 04:37:55,15.87,EUR,WITHDRAWAL,REVERSED,2025-09-28 04:37:55
TXN00047426,ACC001098,MER0037,2025-07-21 13:09:48,85.17,NGN,TRANSFER,POSTED,2025-07-21 13:09:48
TXN00045762,ACC003289,MER0039,2025-08-14 08:52:26,11.68,JPY,WITHDRAWAL,REVERSED,2025-08-14 08:52:26
TXN00044741,ACC003921,MER0068,2025-07-09 02:10:30,51.82,CAD,TRANSFER,DECLINED,2025-07-09 02:10:30
TXN00047141,ACC001780,MER0081,2025-09-05 08:00:00,5.53,gbp,TRANSFER,REVERSED,2025-09-05 08:00:00
TXN00008676,ACC000512,MER0032,2024-11-17 10:20:02,62.19,NGN,DEPOSIT,DECLINED,2025-08-01 08:37:43
TXN00044812,ACC003889,MER0064,2025-07-26 01:30:51,1.85,gbp,DEPOSIT,REVERSED,2025-07-26 01:30:51
TXN00042539,ACC000168,MER0065,2025-08-11 00:37:00,52.51,CAD,PURCHASE,posted,2025-08-11 00:37:00
TXN00040833,ACC000490,MER0132,2025-09-15 06:00:37,4.57,GBP,PURCHASE,DECLINED,2025-09-15 06:00:37
TXN00043490,ACC000363,MER0069,2025-08-23 08:46:55,29.95,JPY,DEPOSIT,POSTED,2025-08-23 08:46:55
TXN00044176,ACC000043,MER0061,2025-07-13 10:12:27,96.96,gbp,DEPOSIT,REVERSED,2025-07-13 10:12:27
TXN00043058,ACC001429,MER0115,2025-08-31 10:37:06,63.77,JPY,TRANSFER,REVERSED,2025-08-31 10:37:06
TXN00046552,ACC002115,MER0116,2025-07-07 07:53:27,8.55,GBP,PURCHASE,DECLINED,2025-07-07 07:53:27
TXN00046157,ACC002844,MER0105,2025-08-10 05:45:54,12.46,INR,TRANSFER,DECLINED,2025-08-10 05:45:54
TXN00045805,ACC002449,MER0101,2025-07-05 00:06:53,25.87,INR,REFUND,posted,2025-07-05 00:06:53
TXN00043075,ACC001882,MER0016,2025-08-17 06:39:48,84.09,gbp,purchase,posted,2025-08-17 06:39:48
TXN00043719,ACC000792,MER0098,2025-07-14 23:06:26,41.22,EUR,purchase,PENDING,2025-07-14 23:06:26
TXN00046356,ACC001177,MER0009,2025-09-19 16:19:27,4.37,usd,WITHDRAWAL,POSTED,2025-09-19 16:19:27
TXN00046740,ACC003025,MER0138,2025-09-18 22:46:41,13.44,JPY,purchase,posted,2025-09-18 22:46:41
TXN00043779,ACC000039,MER0115,2025-09-10 15:09:35,60.31,EUR,purchase,REVERSED,2025-09-10 15:09:35
TXN00046948,ACC003138,MER0010,2025-09-10 19:07:10,71.69,USD,purchase,posted,2025-09-10 19:07:10
TXN00043821,ACC000289,MER0097,2025-07-27 06:53:30,3.8,NGN,WITHDRAWAL,posted,2025-07-27 06:53:30
TXN00044421,ACC000295,MER0004,2025-08-30 17:15:46,6.16,USD,DEPOSIT,REVERSED,2025-08-30 17:15:46
TXN00042690,ACC001165,MER0029,2025-07-06 10:12:23,53.54,usd,PURCHASE,POSTED,2025-07-06 10:12:23
TXN00041719,ACC003243,MER0121,2025-09-05 06:17:53,12.47,CAD,DEPOSIT,REVERSED,2025-09-05 06:17:53
TXN00047639,ACC002375,MER0092,2025-07-12 17:30:59,54.71,INR,purchase,PENDING,2025-07-12 17:30:59
TXN00045066,ACC003546,MER0041,2025-09-04 04:21:33,9.24,CAD,WITHDRAWAL,REVERSED,2025-09-04 04:21:33
TXN00044770,ACC002697,MER0017,2025-08-06 15:22:59,19.36,EUR,purchase,REVERSED,2025-08-06 15:22:59
TXN00041744,ACC000487,MER0033,2025-09-27 09:39:46,393.04,INR,TRANSFER,REVERSED,2025-09-27 09:39:46
TXN00043609,ACC001175,MER0025,2025-08-02 18:29:50,27.12,USD,DEPOSIT,POSTED,2025-08-02 18:29:50
TXN00041301,ACC000329,MER0111,2025-09-09 21:42:45,105.49,GBP,WITHDRAWAL,REVERSED,2025-09-09 21:42:45
TXN00045294,ACC001219,MER0115,2025-07-31 06:15:26,7.22,JPY,TRANSFER,PENDING,2025-07-31 06:15:26
TXN00040247,ACC000089,MER0118,2025-08-12 18:36:18,5.29,EUR,PURCHASE,REVERSED,2025-08-12 18:36:18
TXN00020682,ACC001843,MER0024,2024-09-23 03:54:40,32.95,gbp,TRANSFER,POSTED,2025-09-06 08:43:17
TXN00046630,ACC002327,MER0142,2025-07-31 12:25:09,29.81,JPY,REFUND,REVERSED,2025-07-31 12:25:09
TXN00040067,ACC000269,MER0018,2025-09-17 00:49:21,2.71,gbp,DEPOSIT,PENDING,2025-09-17 00:49:21
TXN00045196,ACC003900,MER0064,2025-09-10 01:12:51,21.91,INR,TRANSFER,PENDING,2025-09-10 01:12:51
TXN00045866,ACC000167,MER0088,2025-08-03 18:04:04,51.07,USD,WITHDRAWAL,posted,2025-08-03 18:04:04
TXN00045591,ACC001247,MER0023,2025-08-10 01:43:00,8.91,JPY,PURCHASE,posted,2025-08-10 01:43:00
TXN00046207,ACC001688,MER0003,2025-07-10 09:29:46,45.91,EUR,DEPOSIT,PENDING,2025-07-10 09:29:46
TXN00045103,ACC000352,MER0144,2025-08-25 18:16:47,301.0,CAD,purchase,posted,2025-08-25 18:16:47
TXN00042604,ACC003673,MER0083,2025-09-23 01:46:42,172.99,NGN,DEPOSIT,posted,2025-09-23 01:46:42
TXN00042574,ACC003155,MER0090,2025-07-04 00:51:53,14.45,EUR,PURCHASE,DECLINED,2025-07-04 00:51:53
TXN00043412,ACC002131,MER0115,2025-08-27 00:49:01,134.98,gbp,purchase,POSTED,2025-08-27 00:49:01
TXN00043428,ACC003907,MER0029,2025-08-29 12:45:53,29.73,JPY,PURCHASE,PENDING,2025-08-29 12:45:53
TXN00042529,ACC001813,MER0129,2025-07-28 16:43:17,89.37,INR,REFUND,DECLINED,2025-07-28 16:43:17
TXN00046421,ACC003150,MER0101,2025-09-02 09:49:02,9.15,GBP,DEPOSIT,POSTED,2025-09-02 09:49:02
TXN00046589,ACC003076,MER0054,2025-08-08 23:09:01,42.27,EUR,purchase,posted,2025-08-08 23:09:01
TXN00043794,ACC003913,MER0058,2025-08-09 07:56:14,3.4,JPY,WITHDRAWAL,DECLINED,2025-08-09 07:56:14
TXN00046925,ACC003108,MER0056,2025-09-27 23:25:02,9.89,CAD,REFUND,posted,2025-09-27 23:25:02
TXN00041388,ACC001641,MER0004,2025-08-25 19:57:44,54.24,CAD,PURCHASE,DECLINED,2025-08-25 19:57:44
TXN00040866,ACC002407,MER0025,2025-08-22 04:40:20,45.88,JPY,purchase,REVERSED,2025-08-22 04:40:20
TXN00044071,ACC002919,MER0015,2025-09-04 17:20:54,8.15,INR,WITHDRAWAL,POSTED,2025-09-04 17:20:54
TXN00045125,ACC003261,MER0067,2025-07-06 05:26:50,18.48,GBP,WITHDRAWAL,REVERSED,2025-07-06 05:26:50
TXN00047340,ACC003090,MER0120,2025-07-08 13:04:40,18.25,usd,DEPOSIT,POSTED,2025-07-08 13:04:40
TXN00047312,ACC000708,MER0058,2025-08-09 19:49:11,8.08,USD,TRANSFER,POSTED,2025-08-09 19:49:11
TXN00045381,ACC003256,MER0040,2025-09-15 15:28:14,16.4,INR,REFUND,DECLINED,2025-09-15 15:28:14
TXN00047777,ACC001475,MER0040,2025-07-06 19:24:35,20.23,GBP,DEPOSIT,REVERSED,2025-07-06 19:24:35
TXN00044790,ACC001540,MER0036,2025-08-28 03:10:15,44.78,USD,PURCHASE,PENDING,2025-08-28 03:10:15
TXN00042261,ACC000076,MER0138,2025-08-27 09:22:47,15.78,INR,DEPOSIT,posted,2025-08-27 09:22:47
TXN00006866,ACC002255,MER0114,2024-02-23 09:08:35,12.44,CAD,WITHDRAWAL,DECLINED,2025-07-23 13:40:07
TXN00047769,ACC003201,MER0076,2025-09-30 09:07:47,36.76,INR,WITHDRAWAL,POSTED,2025-09-30 09:07:47
TXN00047175,ACC002787,MER0116,2025-07-22 07:18:09,1.15,EUR,TRANSFER,PENDING,2025-07-22 07:18:09
TXN00043732,ACC000587,MER0040,2025-07-21 11:21:11,110.83,INR,WITHDRAWAL,posted,2025-07-21 11:21:11
TXN00043900,ACC000727,MER0009,2025-07-29 05:57:59,208.9,GBP,TRANSFER,REVERSED,2025-07-29 05:57:59
TXN00046350,ACC000083,MER0120,2025-09-26 18:27:18,78.52,INR,WITHDRAWAL,DECLINED,2025-09-26 18:27:18
TXN00046199,ACC003508,MER0043,2025-07-08 07:00:21,14.07,INR,purchase,POSTED,2025-07-08 07:00:21
TXN00047668,ACC002356,MER0114,2025-07-05 12:41:02,73.66,INR,WITHDRAWAL,POSTED,2025-07-05 12:41:02
TXN00041788,ACC000933,MER0113,2025-08-24 07:30:24,12.14,INR,WITHDRAWAL,posted,2025-08-24 07:30:24
TXN00040922,ACC001718,MER0129,2025-09-14 18:50:17,32.18,gbp,REFUND,POSTED,2025-09-14 18:50:17
TXN00041916,ACC003816,MER0073,2025-07-11 00:00:24,37.3,USD,PURCHASE,posted,2025-07-11 00:00:24
TXN00046235,ACC000640,MER0128,2025-08-17 21:31:59,33.91,usd,purchase,POSTED,2025-08-17 21:31:59
TXN00040492,ACC001911,MER0004,2025-09-05 11:46:53,8.83,USD,DEPOSIT,REVERSED,2025-09-05 11:46:53
TXN00043476,ACC000116,MER0031,2025-09-30 19:55:30,18.69,JPY,REFUND,posted,2025-09-30 19:55:30
TXN00045750,ACC000932,MER0146,2025-08-04 07:11:58,24.71,NGN,WITHDRAWAL,REVERSED,2025-08-04 07:11:58
TXN00040699,ACC003499,MER0039,2025-07-09 03:13:37,119.43,JPY,purchase,POSTED,2025-07-09 03:13:37
TXN00042517,ACC001586,MER0049,2025-09-26 18:25:07,58.76,INR,DEPOSIT,REVERSED,2025-09-26 18:25:07
TXN00043822,ACC000765,MER0008,2025-08-11 19:16:02,10.09,NGN,TRANSFER,REVERSED,2025-08-11 19:16:02
TXN00041201,ACC002271,MER0111,2025-08-12 08:53:44,11.84,USD,WITHDRAWAL,REVERSED,2025-08-12 08:53:44
TXN00040349,ACC000155,MER0131,2025-08-09 07:55:24,43.45,CAD,REFUND,PENDING,2025-08-09 07:55:24
TXN00016642,ACC000436,MER0070,2025-03-02 02:38:29,34.34,USD,purchase,REVERSED,2025-08-15 07:55:13
TXN00037965,ACC001325,MER0034,2024-12-08 11:29:06,22.86,NGN,TRANSFER,REVERSED,2025-08-26 07:59:50
TXN00047065,ACC001514,MER0053,2025-07-22 22:48:45,20.9,gbp,WITHDRAWAL,POSTED,2025-07-22 22:48:45
TXN00045138,ACC002922,MER0062,2025-08-28 08:33:27,49.17,CAD,PURCHASE,DECLINED,2025-08-28 08:33:27
TXN00042676,ACC001939,MER0068,2025-08-21 01:00:50,7.44,GBP,PURCHASE,DECLINED,2025-08-21 01:00:50
TXN00046181,ACC001395,MER0079,2025-08-12 19:05:23,6.97,CAD,TRANSFER,PENDING,2025-08-12 19:05:23
TXN00042629,ACC003718,MER0072,2025-08-19 14:40:11,105.53,EUR,TRANSFER,PENDING,2025-08-19 14:40:11
TXN00043565,ACC001537,MER0099,2025-09-18 09:08:28,28.79,EUR,WITHDRAWAL,posted,2025-09-18 09:08:28
TXN00041170,ACC003726,MER0011,2025-09-06 05:54:00,559.5,USD,PURCHASE,PENDING,2025-09-06 05:54:00
TXN00045343,ACC003493,MER0122,2025-09-09 15:50:17,11.79,CAD,WITHDRAWAL,posted,2025-09-09 15:50:17
TXN00044135,ACC000192,MER0140,2025-08-02 11:07:11,11.9,USD,purchase,REVERSED,2025-08-02 11:07:11
TXN00044641,ACC000346,MER0058,2025-07-18 01:12:18,14.75,NGN,PURCHASE,DECLINED,2025-07-18 01:12:18
TXN00043432,ACC002349,MER0115,2025-09-23 18:52:31,79.63,EUR,TRANSFER,posted,2025-09-23 18:52:31
TXN00044849,ACC001073,MER0022,2025-08-19 16:04:25,19.21,GBP,DEPOSIT,posted,2025-08-19 16:04:25
TXN00035098,ACC000982,MER0028,2025-05-05 04:13:38,6.61,USD,purchase,REVERSED,2025-09-09 06:32:51
TXN00045914,ACC002979,MER0066,2025-09-26 10:03:07,6.33,INR,TRANSFER,DECLINED,2025-09-26 10:03:07
TXN00040517,ACC002492,MER0114,2025-07-26 07:42:53,41.73,INR,REFUND,REVERSED,2025-07-26 07:42:53
TXN00042265,ACC001983,MER0105,2025-07-17 07:27:28,73.2,INR,PURCHASE,DECLINED,2025-07-17 07:27:28
TXN00046719,ACC002875,MER0107,2025-08-27 00:35:54,51.96,CAD,purchase,DECLINED,2025-08-27 00:35:54
TXN00040885,ACC001732,MER0116,2025-08-25 14:54:59,13.68,usd,TRANSFER,REVERSED,2025-08-25 14:54:59
TXN00042274,ACC001484,MER0085,2025-07-07 21:54:51,7.6,NGN,REFUND,posted,2025-07-07 21:54:51
TXN00045265,ACC002813,MER0118,2025-08-26 11:15:45,140.52,INR,DEPOSIT,REVERSED,2025-08-26 11:15:45
TXN00047830,ACC000600,MER0021,2025-09-03 04:07:59,40.72,EUR,WITHDRAWAL,REVERSED,2025-09-03 04:07:59
TXN00043183,ACC000997,MER0040,2025-08-13 11:18:00,14.06,EUR,DEPOSIT,DECLINED,2025-08-13 11:18:00
TXN00043831,ACC001107,MER0022,2025-07-15 13:26:34,11.73,CAD,DEPOSIT,posted,2025-07-15 13:26:34
TXN00046090,ACC002749,MER0062,2025-08-28 19:05:39,7.9,NGN,REFUND,POSTED,2025-08-28 19:05:39
TXN00041270,ACC002896,MER0111,2025-07-11 16:15:45,117.31,gbp,purchase,REVERSED,2025-07-11 16:15:45
TXN00043077,ACC001550,MER0059,2025-07-23 07:16:43,66.04,CAD,TRANSFER,DECLINED,2025-07-23 07:16:43
TXN00047636,ACC003001,MER0035,2025-07-08 23:57:09,44.95,JPY,DEPOSIT,DECLINED,2025-07-08 23:57:09
TXN00046961,ACC003663,MER0030,2025-07-21 07:14:16,43.2,usd,TRANSFER,DECLINED,2025-07-21 07:14:16
TXN00046063,ACC001862,MER0118,2025-08-08 10:32:46,25.06,gbp,REFUND,DECLINED,2025-08-08 10:32:46
TXN00046313,ACC003590,MER0150,2025-07-02 03:27:53,14.2,GBP,PURCHASE,POSTED,2025-07-02 03:27:53
TXN00047736,ACC001392,MER0015,2025-09-14 12:16:27,72.92,gbp,REFUND,REVERSED,2025-09-14 12:16:27
TXN00047293,ACC003477,MER0054,2025-09-29 20:45:10,44.4,gbp,PURCHASE,REVERSED,2025-09-29 20:45:10
TXN00047066,ACC003935,MER0073,2025-08-25 02:16:45,6.6,NGN,REFUND,DECLINED,2025-08-25 02:16:45
TXN00045917,ACC000367,MER0022,2025-08-28 09:57:50,53.76,INR,purchase,posted,2025-08-28 09:57:50
TXN00045889,ACC001858,MER0049,2025-09-07 08:52:24,39.69,gbp,WITHDRAWAL,DECLINED,2025-09-07 08:52:24
TXN00046508,ACC002416,MER0135,2025-07-22 07:49:08,14.55,GBP,TRANSFER,REVERSED,2025-07-22 07:49:08
TXN00045395,ACC003272,MER0003,2025-09-12 04:13:42,31.68,CAD,REFUND,posted,2025-09-12 04:13:42
TXN00044470,ACC003665,MER0042,2025-09-22 12:11:16,98.27,GBP,purchase,DECLINED,2025-09-22 12:11:16
TXN00042241,ACC000933,MER0049,2025-07-30 03:18:28,87.09,INR,PURCHASE,DECLINED,2025-07-30 03:18:28
TXN00040600,ACC002657,MER0061,2025-07-06 16:21:35,29.33,NGN,REFUND,REVERSED,2025-07-06 16:21:35
TXN00046571,ACC003868,MER0036,2025-09-13 11:51:41,33.08,USD,REFUND,POSTED,2025-09-13 11:51:41
TXN00040386,ACC000902,MER0147,2025-09-06 14:50:42,33.91,EUR,DEPOSIT,DECLINED,2025-09-06 14:50:42
TXN00044554,ACC000248,MER0103,2025-08-04 08:37:00,68.56,EUR,PURCHASE,POSTED,2025-08-04 08:37:00
TXN00044754,ACC001789,MER0026,2025-08-21 01:35:35,71.95,JPY,purchase,REVERSED,2025-08-21 01:35:35
TXN00041472,ACC001902,MER0031,2025-09-16 04:02:56,20.34,INR,WITHDRAWAL,posted,2025-09-16 04:02:56
TXN00047188,ACC001822,MER0009,2025-07-23 03:21:27,28.02,usd,purchase,DECLINED,2025-07-23 03:21:27
TXN00040312,ACC003859,MER0069,2025-09-24 17:42:36,18.71,CAD,TRANSFER,REVERSED,2025-09-24 17:42:36
TXN00045969,ACC003001,MER0128,2025-07-02 00:06:56,6.29,JPY,REFUND,posted,2025-07-02 00:06:56
TXN00044737,ACC002544,MER0133,2025-08-04 16:43:36,156.42,usd,purchase,DECLINED,2025-08-04 16:43:36
TXN00042880,ACC003070,MER0120,2025-07-22 18:12:57,30.61,gbp,TRANSFER,PENDING,2025-07-22 18:12:57
TXN00042924,ACC001809,MER0143,2025-08-17 10:34:35,29.15,gbp,WITHDRAWAL,DECLINED,2025-08-17 10:34:35
TXN00043555,ACC003697,MER0057,2025-08-18 12:47:56,31.44,CAD,WITHDRAWAL,posted,2025-08-18 12:47:56
TXN00045460,ACC001566,MER0055,2025-09-22 14:13:55,101.87,INR,REFUND,REVERSED,2025-09-22 14:13:55
TXN00009591,ACC003613,MER0026,2024-05-31 09:13:44,17.95,usd,TRANSFER,DECLINED,2025-09-21 09:13:50
TXN00044804,ACC000074,MER0142,2025-07-26 22:20:18,84.93,JPY,REFUND,DECLINED,2025-07-26 22:20:18
TXN00040905,ACC002428,MER0020,2025-08-11 04:23:16,13.67,CAD,purchase,PENDING,2025-08-11 04:23:16
TXN00045237,ACC000860,MER0038,2025-08-23 20:17:19,17.77,CAD,PURCHASE,POSTED,2025-08-23 20:17:19
TXN00047482,ACC003233,MER0010,2025-07-05 17:03:48,32.35,USD,TRANSFER,posted,2025-07-05 17:03:48
TXN00044747,ACC003133,MER0021,2025-08-23 11:20:42,39.79,GBP,TRANSFER,DECLINED,2025-08-23 11:20:42
TXN00044178,ACC001481,MER0059,2025-08-08 01:58:05,32.96,usd,REFUND,PENDING,2025-08-08 01:58:05
TXN00047318,ACC000516,MER0055,2025-07-06 17:57:47,24.27,usd,purchase,posted,2025-07-06 17:57:47
TXN00044590,ACC001317,MER0122,2025-09-29 20:01:43,46.77,NGN,PURCHASE,DECLINED,2025-09-29 20:01:43
TXN00041353,ACC000296,MER0141,2025-07-04 00:52:31,23.35,GBP,TRANSFER,REVERSED,2025-07-04 00:52:31
TXN00042270,ACC002168,MER0073,2025-09-03 00:23:29,85.54,USD,TRANSFER,REVERSED,2025-09-03 00:23:29
TXN00042032,ACC001188,MER0062,2025-08-15 14:34:48,46.4,EUR,purchase,PENDING,2025-08-15 14:34:48
TXN00043543,ACC002297,MER0011,2025-07-13 04:18:08,16.63,usd,purchase,POSTED,2025-07-13 04:18:08
TXN00043312,ACC002224,MER0101,2025-08-07 02:48:05,20.5,usd,WITHDRAWAL,PENDING,2025-08-07 02:48:05
TXN00044115,ACC003481,MER0133,2025-08-05 01:06:59,133.3,INR,REFUND,POSTED,2025-08-05 01:06:59
TXN00046895,ACC000056,MER0141,2025-09-04 00:14:16,10.09,CAD,TRANSFER,POSTED,2025-09-04 00:14:16
TXN00047198,ACC000060,MER0104,2025-07-21 09:43:13,21.56,usd,TRANSFER,DECLINED,2025-07-21 09:43:13
TXN00041332,ACC002755,MER0096,2025-09-01 21:54:54,26.13,CAD,purchase,REVERSED,2025-09-01 21:54:54
TXN00022288,ACC001541,MER0150,2025-01-13 12:11:12,19.84,USD,DEPOSIT,REVERSED,2025-07-11 03:00:18
TXN00041999,ACC001464,MER0058,2025-08-22 11:53:38,30.81,gbp,WITHDRAWAL,PENDING,2025-08-22 11:53:38
TXN00042024,ACC000915,MER0145,2025-07-05 13:26:39,31.47,NGN,purchase,REVERSED,2025-07-05 13:26:39
TXN00046742,ACC000135,MER0135,2025-08-06 00:41:24,11.52,NGN,DEPOSIT,POSTED,2025-08-06 00:41:24
TXN00047744,ACC000608,MER0148,2025-09-10 17:54:15,566.26,gbp,purchase,PENDING,2025-09-10 17:54:15
TXN00044171,ACC003640,MER0044,2025-08-15 19:17:16,15.07,gbp,WITHDRAWAL,posted,2025-08-15 19:17:16
TXN00047510,ACC002182,MER0014,2025-09-02 12:50:32,140.92,CAD,REFUND,REVERSED,2025-09-02 12:50:32
TXN00001077,ACC003425,MER0007,2024-09-18 09:52:46,32.84,EUR,PURCHASE,DECLINED,2025-09-30 20:52:39
TXN00044338,ACC003350,MER0024,2025-08-02 18:12:35,27.9,INR,WITHDRAWAL,POSTED,2025-08-02 18:12:35
TXN00045416,ACC000807,MER0114,2025-09-27 14:10:04,35.22,EUR,WITHDRAWAL,REVERSED,2025-09-27 14:10:04
TXN00040789,ACC003072,MER0057,2025-07-31 06:42:54,15352.03,NGN,WITHDRAWAL,PENDING,2025-07-31 06:42:54
TXN00043969,ACC003850,MER0044,2025-07-08 19:10:04,34.78,USD,REFUND,REVERSED,2025-07-08 19:10:04
TXN00046846,ACC002196,MER0059,2025-07-01 20:25:15,47.41,CAD,WITHDRAWAL,posted,2025-07-01 20:25:15
TXN00040398,ACC002688,MER0109,2025-07-12 03:50:55,29.73,gbp,WITHDRAWAL,POSTED,2025-07-12 03:50:55
TXN00045358,ACC002580,MER0127,2025-07-20 19:38:06,35.66,USD,purchase,DECLINED,2025-07-20 19:38:06
TXN00045740,ACC001520,MER0104,2025-09-05 23:39:16,66.18,GBP,WITHDRAWAL,PENDING,2025-09-05 23:39:16
TXN00045005,ACC003055,MER0011,2025-08-31 22:02:17,77.53,NGN,TRANSFER,POSTED,2025-08-31 22:02:17
TXN00043083,ACC002003,MER0084,2025-09-13 04:22:49,8.06,USD,WITHDRAWAL,PENDING,2025-09-13 04:22:49
TXN00040717,ACC003939,MER0136,2025-08-06 05:00:29,61.93,usd,REFUND,POSTED,2025-08-06 05:00:29
TXN00040013,ACC002529,MER0019,2025-08-07 04:07:40,34.65,GBP,TRANSFER,PENDING,2025-08-07 04:07:40
TXN00045457,ACC001874,MER0119,2025-07-27 12:38:42,59.62,usd,WITHDRAWAL,DECLINED,2025-07-27 12:38:42
TXN00043294,ACC001903,MER0083,2025-08-07 21:54:11,2.08,USD,purchase,posted,2025-08-07 21:54:11
TXN00041789,ACC003345,MER0145,2025-07-09 09:02:22,86.31,EUR,TRANSFER,POSTED,2025-07-09 09:02:22
TXN00047569,ACC001636,MER0128,2025-07-11 01:59:31,63.74,INR,REFUND,REVERSED,2025-07-11 01:59:31
TXN00044870,ACC001886,MER0033,2025-08-05 12:35:57,46.17,INR,PURCHASE,POSTED,2025-08-05 12:35:57
TXN00004105,ACC000825,MER0102,2024-11-03 14:14:44,56.09,GBP,WITHDRAWAL,REVERSED,2025-09-02 22:05:47
TXN00047392,ACC001160,MER0147,2025-08-16 13:40:31,7.26,NGN,PURCHASE,posted,2025-08-16 13:40:31
TXN00040548,ACC003582,MER0141,2025-08-09 07:01:22,76.77,USD,WITHDRAWAL,PENDING,2025-08-09 07:01:22
TXN00047524,ACC003212,MER0061,2025-08-25 09:39:15,102.54,usd,WITHDRAWAL,REVERSED,2025-08-25 09:39:15
TXN00040025,ACC001896,MER0073,2025-08-24 16:50:58,14.68,usd,PURCHASE,POSTED,2025-08-24 16:50:58
TXN00040673,ACC000554,MER0069,2025-08-26 20:15:16,24.84,GBP,DEPOSIT,POSTED,2025-08-26 20:15:16
TXN00042752,ACC003847,MER0095,2025-07-23 01:10:08,14.19,NGN,REFUND,DECLINED,2025-07-23 01:10:08
TXN00040428,ACC000086,MER0077,2025-07-17 07:53:46,24.55,INR,DEPOSIT,DECLINED,2025-07-17 07:53:46
TXN00041985,ACC002892,MER0033,2025-09-23 03:25:29,1.47,JPY,PURCHASE,PENDING,2025-09-23 03:25:29
TXN00042641,ACC001095,MER0126,2025-08-09 00:43:20,13.17,NGN,DEPOSIT,DECLINED,2025-08-09 00:43:20
TXN00042913,ACC003862,MER0144,2025-09-10 07:32:12,63.08,INR,purchase,posted,2025-09-10 07:32:12
TXN00040804,ACC001143,MER0052,2025-09-26 17:36:56,67.59,CAD,PURCHASE,PENDING,2025-09-26 17:36:56
TXN00047885,ACC002195,MER9999,2025-09-08 10:31:20,23.7,INR,WITHDRAWAL,REVERSED,2025-09-08 10:31:20
TXN00044253,ACC002524,MER0100,2025-09-10 23:00:11,11.64,INR,WITHDRAWAL,PENDING,2025-09-10 23:00:11
TXN00043442,ACC002286,MER0078,2025-08-17 20:36:31,7.72,gbp,PURCHASE,posted,2025-08-17 20:36:31
TXN00046456,ACC003035,MER0127,2025-09-12 17:58:49,2.31,GBP,DEPOSIT,REVERSED,2025-09-12 17:58:49
TXN00043120,ACC000835,MER0118,2025-09-09 18:09:05,21.1,EUR,WITHDRAWAL,PENDING,2025-09-09 18:09:05
TXN00043067,ACC003503,MER0142,2025-08-27 17:03:13,13.73,USD,TRANSFER,PENDING,2025-08-27 17:03:13
TXN00046768,ACC003684,MER0060,2025-07-13 11:45:41,5.36,usd,PURCHASE,POSTED,2025-07-13 11:45:41
TXN00044423,ACC002032,MER0106,2025-07-26 21:40:32,56.47,GBP,purchase,DECLINED,2025-07-26 21:40:32
TXN00047439,ACC002211,MER0147,2025-08-13 11:27:24,55.63,EUR,DEPOSIT,POSTED,2025-08-13 11:27:24
TXN00040621,ACC000069,MER0128,2025-09-17 11:35:21,3.74,JPY,PURCHASE,posted,2025-09-17 11:35:21
TXN00044510,ACC000466,MER0016,2025-08-31 04:56:59,77.52,USD,TRANSFER,REVERSED,2025-08-31 04:56:59
TXN00046293,ACC003717,MER0086,2025-08-30 22:46:08,10.85,gbp,purchase,PENDING,2025-08-30 22:46:08
TXN00044629,ACC000842,MER0145,2025-07-19 16:26:03,41.88,EUR,WITHDRAWAL,REVERSED,2025-07-19 16:26:03
TXN00043329,ACC002190,MER0024,2025-09-23 23:01:39,56.71,USD,purchase,DECLINED,2025-09-23 23:01:39
TXN00043140,ACC001968,MER0108,2025-09-10 21:11:15,16.85,GBP,WITHDRAWAL,PENDING,2025-09-10 21:11:15
TXN00043684,ACC001352,MER0150,2025-08-28 21:48:05,13.6,NGN,REFUND,posted,2025-08-28 21:48:05
TXN00044084,ACC001137,MER0118,2025-09-15 17:46:42,13.48,CAD,PURCHASE,DECLINED,2025-09-15 17:46:42
TXN00043461,ACC002172,MER0092,2025-07-18 05:59:51,42.51,USD,DEPOSIT,posted,2025-07-18 05:59:51
TXN00040795,ACC001971,MER0091,2025-08-01 06:26:12,12.87,NGN,REFUND,REVERSED,2025-08-01 06:26:12
TXN00045166,ACC001510,MER0121,2025-08-26 17:11:12,9.79,INR,REFUND,DECLINED,2025-08-26 17:11:12
TXN00043984,ACC001281,MER0068,2025-08-09 10:53:17,12.15,CAD,WITHDRAWAL,posted,2025-08-09 10:53:17
TXN00042078,ACC000346,MER0135,2025-07-16 11:24:00,107.0,JPY,REFUND,POSTED,2025-07-16 11:24:00
TXN00042273,ACC002171,MER0106,2025-07-08 22:06:39,3.07,INR,PURCHASE,DECLINED,2025-07-08 22:06:39
TXN00045921,ACC003706,MER0103,2025-09-26 03:32:23,16.85,gbp,DEPOSIT,DECLINED,2025-09-26 03:32:23
TXN00044249,ACC002358,MER0149,2025-09-05 11:46:18,105.2,EUR,TRANSFER,DECLINED,2025-09-05 11:46:18
TXN00046664,ACC000991,MER0113,2025-07-03 06:30:35,17.5,usd,TRANSFER,DECLINED,2025-07-03 06:30:35
TXN00043542,ACC002108,MER0026,2025-08-10 09:21:05,48.92,INR,PURCHASE,REVERSED,2025-08-10 09:21:05
TXN00042301,ACC001158,MER0107,2025-09-17 02:51:09,47.01,usd,REFUND,DECLINED,2025-09-17 02:51:09
TXN00040817,ACC001564,MER0144,2025-07-06 21:03:22,6.92,NGN,REFUND,POSTED,2025-07-06 21:03:22
TXN00046426,ACC003294,MER0067,2025-08-05 09:35:26,44.83,gbp,PURCHASE,DECLINED,2025-08-05 09:35:26
TXN00042141,ACC001066,MER0047,2025-09-25 03:49:25,24.79,INR,REFUND,PENDING,2025-09-25 03:49:25
TXN00047060,ACC001575,MER0072,2025-07-30 11:12:05,21.36,USD,DEPOSIT,POSTED,2025-07-30 11:12:05
TXN00041761,ACC000286,MER0082,2025-09-22 01:51:09,6.61,gbp,TRANSFER,REVERSED,2025-09-22 01:51:09
TXN00041195,ACC001792,MER0115,2025-07-08 08:29:08,36.14,JPY,purchase,PENDING,2025-07-08 08:29:08
TXN00046716,ACC002674,MER0014,2025-08-09 00:01:47,99.46,CAD,WITHDRAWAL,posted,2025-08-09 00:01:47
TXN00047648,ACC002012,MER0140,2025-07-24 17:17:28,10.77,EUR,DEPOSIT,DECLINED,2025-07-24 17:17:28
TXN00045038,ACC001306,MER0137,2025-08-05 02:16:09,40.06,usd,TRANSFER,POSTED,2025-08-05 02:16:09
TXN00043480,ACC001282,MER0129,2025-08-18 09:37:54,29408.62,CAD,PURCHASE,posted,2025-08-18 09:37:54
TXN00044860,ACC003638,MER0040,2025-08-17 02:52:34,20.27,NGN,purchase,DECLINED,2025-08-17 02:52:34
TXN00041337,ACC003577,MER0140,2025-07-19 03:58:24,21.92,INR,TRANSFER,DECLINED,2025-07-19 03:58:24
TXN00046018,ACC002603,MER0068,2025-07-02 10:42:08,143.36,JPY,REFUND,posted,2025-07-02 10:42:08
TXN00046093,ACC001750,MER0066,2025-07-08 05:29:23,20.87,GBP,WITHDRAWAL,POSTED,2025-07-08 05:29:23
TXN00041825,ACC000082,MER0041,2025-09-03 21:42:01,2.05,USD,purchase,POSTED,2025-09-03 21:42:01
TXN00043535,ACC001883,MER0136,2025-09-21 13:28:54,3.02,gbp,WITHDRAWAL,POSTED,2025-09-21 13:28:54
TXN00047810,ACC001314,MER0025,2025-07-18 08:27:59,37.87,JPY,WITHDRAWAL,PENDING,2025-07-18 08:27:59
TXN00045302,ACC000614,MER0108,2025-07-15 05:35:42,10.48,CAD,TRANSFER,REVERSED,2025-07-15 05:35:42
TXN00013698,ACC001184,MER0010,2024-01-11 03:04:27,10.91,INR,purchase,DECLINED,2025-07-08 18:46:23
TXN00040304,ACC001190,MER0125,2025-08-18 00:24:31,75.52,USD,DEPOSIT,DECLINED,2025-08-18 00:24:31
TXN00046130,ACC001659,MER0120,2025-07-30 00:22:34,25.44,CAD,REFUND,POSTED,2025-07-30 00:22:34
TXN00040084,ACC000336,MER0113,2025-08-08 22:29:28,5.36,NGN,WITHDRAWAL,POSTED,2025-08-08 22:29:28
TXN00041556,ACC001097,MER0012,2025-09-03 11:06:59,32.71,USD,REFUND,REVERSED,2025-09-03 11:06:59
TXN00044748,ACC000894,MER0085,2025-07-08 12:23:24,8.74,USD,WITHDRAWAL,posted,2025-07-08 12:23:24
TXN00045942,ACC001231,MER0047,2025-09-26 19:51:09,10.72,NGN,DEPOSIT,DECLINED,2025-09-26 19:51:09
TXN00044947,ACC003291,MER0027,2025-08-18 06:57:38,63.31,INR,WITHDRAWAL,DECLINED,2025-08-18 06:57:38
TXN00045408,ACC001075,MER0066,2025-09-17 18:16:12,10.7,gbp,purchase,posted,2025-09-17 18:16:12
TXN00046322,ACC001802,MER0113,2025-09-25 13:01:48,104.03,GBP,purchase,posted,2025-09-25 13:01:48
TXN00047645,ACC003598,MER0125,2025-09-08 20:51:29,94.95,USD,REFUND,POSTED,2025-09-08 20:51:29
TXN00040968,ACC001973,MER0138,2025-07-28 22:19:24,9.53,usd,DEPOSIT,posted,2025-07-28 22:19:24
TXN00043936,ACC002975,MER0074,2025-09-10 22:43:03,50.69,USD,PURCHASE,DECLINED,2025-09-10 22:43:03
TXN00046349,ACC003139,MER0060,2025-09-13 21:52:00,20.88,gbp,WITHDRAWAL,posted,2025-09-13 21:52:00
TXN00044875,ACC001506,MER0094,2025-08-26 08:00:51,11.23,NGN,PURCHASE,DECLINED,2025-08-26 08:00:51
TXN00044073,ACC003666,MER0003,2025-08-19 19:34:51,54.8,usd,REFUND,posted,2025-08-19 19:34:51
TXN00042522,ACC002996,MER0036,2025-09-07 18:56:00,76.78,JPY,WITHDRAWAL,posted,2025-09-07 18:56:00
TXN00042171,ACC001609,MER0108,2025-08-09 20:48:59,59.44,JPY,TRANSFER,PENDING,2025-08-09 20:48:59
TXN00045454,ACC001080,MER0147,2025-07-06 18:02:54,2.81,EUR,DEPOSIT,REVERSED,2025-07-06 18:02:54
TXN00041833,ACC003168,MER0129,2025-08-25 19:20:46,151.69,NGN,PURCHASE,REVERSED,2025-08-25 19:20:46
TXN00043528,ACC003015,MER0120,2025-09-19 01:28:33,45.15,CAD,PURCHASE,posted,2025-09-19 01:28:33
TXN00043482,ACC003542,MER0059,2025-07-24 16:52:01,8.84,INR,DEPOSIT,REVERSED,2025-07-24 16:52:01
TXN00045424,ACC002908,MER0076,2025-07-15 01:30:55,7.87,GBP,purchase,REVERSED,2025-07-15 01:30:55
TXN00046648,ACC001460,MER0064,2025-09-10 11:45:05,369.8,USD,WITHDRAWAL,POSTED,2025-09-10 11:45:05
TXN00041044,ACC002063,MER0124,2025-07-12 01:58:20,144.77,EUR,REFUND,DECLINED,2025-07-12 01:58:20
TXN00043652,ACC002274,MER0137,2025-09-04 17:51:33,72.1,JPY,PURCHASE,posted,2025-09-04 17:51:33
TXN00046266,ACC001227,MER0086,2025-08-21 20:39:46,4.4,USD,purchase,posted,2025-08-21 20:39:46
TXN00040380,ACC003889,MER9999,2025-08-25 14:09:23,16.03,EUR,purchase,PENDING,2025-08-25 14:09:23
TXN00047262,ACC001729,MER0109,2025-09-19 20:59:30,16.88,NGN,TRANSFER,POSTED,2025-09-19 20:59:30
TXN00044218,ACC000525,MER0114,2025-09-06 17:23:31,95.4,JPY,REFUND,PENDING,2025-09-06 17:23:31
TXN00043817,ACC003758,MER0078,2025-09-22 21:20:17,35.29,EUR,DEPOSIT,REVERSED,2025-09-22 21:20:17
TXN00043952,ACC003032,MER0032,2025-08-05 18:13:30,14.97,usd,TRANSFER,DECLINED,2025-08-05 18:13:30
TXN00043144,ACC002904,MER0133,2025-07-05 20:07:49,102.84,JPY,TRANSFER,REVERSED,2025-07-05 20:07:49
TXN00044896,ACC002045,MER0116,2025-07-07 14:49:27,2.68,usd,PURCHASE,posted,2025-07-07 14:49:27
TXN00042433,ACC000741,MER0033,2025-08-05 06:10:36,68.72,JPY,DEPOSIT,posted,2025-08-05 06:10:36
TXN00040630,ACC002736,MER0122,2025-07-04 08:59:24,11.9,JPY,purchase,DECLINED,2025-07-04 08:59:24
TXN00047589,ACC001178,MER0111,2025-07-05 22:07:30,4.61,GBP,DEPOSIT,REVERSED,2025-07-05 22:07:30
TXN00042448,ACC000020,MER0042,2025-09-11 05:15:09,26.92,NGN,PURCHASE,posted,2025-09-11 05:15:09
TXN00040649,ACC000717,MER0036,2025-09-06 16:31:58,59.55,usd,DEPOSIT,PENDING,2025-09-06 16:31:58
TXN00043756,ACC000826,MER0147,2025-09-14 18:31:54,23.17,JPY,TRANSFER,DECLINED,2025-09-14 18:31:54
TXN00042651,ACC001418,MER0095,2025-07-17 11:34:47,34.02,gbp,purchase,PENDING,2025-07-17 11:34:47
TXN00043506,ACC002384,MER0019,2025-08-18 12:23:27,14.25,GBP,PURCHASE,DECLINED,2025-08-18 12:23:27
TXN00042060,ACC003261,MER0042,2025-09-04 06:17:29,31.41,usd,WITHDRAWAL,DECLINED,2025-09-04 06:17:29
TXN00003254,ACC003194,MER0003,2024-09-07 04:37:36,27.11,JPY,PURCHASE,DECLINED,2025-09-14 18:32:36
TXN00046077,ACC002945,MER0037,2025-08-16 05:33:55,27.04,NGN,REFUND,DECLINED,2025-08-16 05:33:55
TXN00042368,ACC003678,MER0004,2025-07-20 10:08:09,22.17,INR,REFUND,POSTED,2025-07-20 10:08:09
TXN00040633,ACC001883,MER0054,2025-08-29 22:17:50,5.29,usd,purchase,posted,2025-08-29 22:17:50
TXN00041129,ACC002364,MER0054,2025-08-20 10:54:44,46.84,usd,PURCHASE,POSTED,2025-08-20 10:54:44
TXN00040321,ACC000077,MER0012,2025-07-22 10:15:36,34.27,INR,purchase,posted,2025-07-22 10:15:36
TXN00045156,ACC001216,MER0057,2025-08-30 01:44:21,9.75,EUR,DEPOSIT,REVERSED,2025-08-30 01:44:21
TXN00047860,ACC002526,MER0034,2025-09-02 01:43:41,30.51,usd,PURCHASE,REVERSED,2025-09-02 01:43:41
TXN00043249,ACC001429,MER0050,2025-07-06 18:44:33,42.92,INR,WITHDRAWAL,DECLINED,2025-07-06 18:44:33
TXN00044663,ACC002005,MER0126,2025-08-05 05:23:15,192.14,EUR,REFUND,REVERSED,2025-08-05 05:23:15
TXN00040890,ACC003390,MER0014,2025-09-02 18:30:52,17.7,EUR,purchase,PENDING,2025-09-02 18:30:52
TXN00045719,ACC002478,MER0059,2025-07-13 04:39:06,21.66,EUR,purchase,PENDING,2025-07-13 04:39:06
TXN00041354,ACC000953,MER0084,2025-08-27 04:10:32,4.56,JPY,WITHDRAWAL,DECLINED,2025-08-27 04:10:32
TXN00045097,ACC003601,MER0062,2025-09-24 22:47:19,16.55,JPY,REFUND,posted,2025-09-24 22:47:19
TXN00041313,ACC001569,MER0146,2025-08-06 23:05:05,182.1,EUR,TRANSFER,REVERSED,2025-08-06 23:05:05
TXN00042969,ACC002164,MER0010,2025-08-24 12:25:11,133.91,GBP,WITHDRAWAL,REVERSED,2025-08-24 12:25:11
TXN00040547,ACC000378,MER0078,2025-07-12 05:21:45,89.81,NGN,DEPOSIT,PENDING,2025-07-12 05:21:45
TXN00043345,ACC000391,MER0102,2025-08-08 13:29:17,39.12,INR,PURCHASE,POSTED,2025-08-08 13:29:17
TXN00046361,ACC001658,MER0032,2025-09-18 17:53:35,6.79,NGN,TRANSFER,DECLINED,2025-09-18 17:53:35
TXN00040178,ACC002226,MER0007,2025-07-07 05:12:07,13.36,NGN,WITHDRAWAL,posted,2025-07-07 05:12:07
TXN00047155,ACC001694,MER0006,2025-09-19 02:25:13,30.8,EUR,REFUND,DECLINED,2025-09-19 02:25:13
TXN00011403,ACC000650,MER0147,2024-01-13 19:47:24,69.67,usd,DEPOSIT,DECLINED,2025-08-16 14:14:21
TXN00041766,ACC001177,MER0107,2025-09-19 22:05:41,7.11,GBP,purchase,posted,2025-09-19 22:05:41
TXN00043088,ACC000863,MER0082,2025-09-02 12:42:37,13.86,usd,DEPOSIT,REVERSED,2025-09-02 12:42:37
TXN00043507,ACC002721,MER0005,2025-09-17 00:02:21,12.53,GBP,TRANSFER,POSTED,2025-09-17 00:02:21
TXN00040104,ACC002618,MER0072,2025-07-22 01:33:12,33.24,JPY,TRANSFER,PENDING,2025-07-22 01:33:12
TXN00042227,ACC003360,MER0144,2025-09-10 05:11:33,27.15,gbp,purchase,DECLINED,2025-09-10 05:11:33
TXN00040093,ACC000358,MER0009,2025-09-06 06:22:35,41.12,EUR,PURCHASE,PENDING,2025-09-06 06:22:35
TXN00041763,ACC003907,MER0067,2025-07-29 05:10:20,11.19,EUR,REFUND,PENDING,2025-07-29 05:10:20
TXN00045691,ACC002676,MER0044,2025-09-18 06:09:30,28.36,USD,purchase,posted,2025-09-18 06:09:30
TXN00047199,ACC002059,MER0139,2025-09-26 12:00:10,8.93,USD,DEPOSIT,POSTED,2025-09-26 12:00:10
TXN00041315,ACC001613,MER0077,2025-08-03 07:34:40,1.77,EUR,TRANSFER,posted,2025-08-03 07:34:40
TXN00041841,ACC002173,MER0061,2025-09-14 22:41:41,11.4,CAD,DEPOSIT,POSTED,2025-09-14 22:41:41
TXN00037327,ACC001692,MER0020,2024-11-29 19:50:06,361.46,gbp,PURCHASE,POSTED,2025-07-23 22:41:18
TXN00042964,ACC002405,MER0098,2025-08-28 10:55:46,24.4,INR,purchase,DECLINED,2025-08-28 10:55:46
TXN00016882,ACC003389,MER0149,2025-02-24 17:08:36,11.53,EUR,PURCHASE,REVERSED,2025-09-16 23:29:25
TXN00042961,ACC000832,MER0048,2025-09-01 13:59:58,14.15,usd,WITHDRAWAL,PENDING,2025-09-01 13:59:58
TXN00044246,ACC000671,MER0022,2025-08-11 11:19:39,13.95,JPY,purchase,DECLINED,2025-08-11 11:19:39
TXN00044775,ACC002329,MER0139,2025-07-10 14:53:40,18.08,USD,TRANSFER,posted,2025-07-10 14:53:40
TXN00041513,ACC002010,MER0023,2025-08-27 20:47:42,18.49,CAD,TRANSFER,PENDING,2025-08-27 20:47:42
TXN00041664,ACC000676,MER0146,2025-09-04 20:24:01,4.76,usd,PURCHASE,PENDING,2025-09-04 20:24:01
TXN00043930,ACC003875,MER0006,2025-08-13 08:12:32,12.24,NGN,DEPOSIT,posted,2025-08-13 08:12:32
TXN00045250,ACC001811,MER0069,2025-07-22 06:36:07,57.79,JPY,DEPOSIT,DECLINED,2025-07-22 06:36:07
TXN00040749,ACC002529,MER0056,2025-09-26 05:17:26,14.27,usd,purchase,PENDING,2025-09-26 05:17:26
TXN00044011,ACC000274,MER0048,2025-08-15 03:05:40,7.38,gbp,REFUND,DECLINED,2025-08-15 03:05:40
TXN00043689,ACC003269,MER0127,2025-07-28 03:44:39,14.65,GBP,DEPOSIT,REVERSED,2025-07-28 03:44:39
TXN00047894,ACC001076,MER0006,2025-09-07 09:50:42,15.44,usd,purchase,posted,2025-09-07 09:50:42
TXN00042585,ACC001275,MER0004,2025-08-31 06:25:38,31.34,gbp,PURCHASE,REVERSED,2025-08-31 06:25:38
TXN00047055,ACC000481,MER0028,2025-07-21 09:00:11,30.75,NGN,purchase,POSTED,2025-07-21 09:00:11
TXN00047922,ACC001481,MER0074,2025-09-21 07:39:37,11.7,EUR,DEPOSIT,REVERSED,2025-09-21 07:39:37
TXN00046095,ACC002324,MER0057,2025-08-15 12:43:02,44.68,GBP,WITHDRAWAL,REVERSED,2025-08-15 12:43:02
TXN00044900,ACC000966,MER0005,2025-08-27 07:55:49,3.92,gbp,purchase,PENDING,2025-08-27 07:55:49
TXN00040254,ACC000309,MER0016,2025-09-15 05:12:32,16.65,GBP,WITHDRAWAL,PENDING,2025-09-15 05:12:32
TXN00045214,ACC001900,MER0105,2025-09-25 01:44:13,24.94,USD,purchase,PENDING,2025-09-25 01:44:13
TXN00045199,ACC000995,MER0069,2025-07-11 09:53:58,33.96,JPY,DEPOSIT,posted,2025-07-11 09:53:58
TXN00042405,ACC000719,MER0119,2025-09-20 05:29:04,17.57,JPY,TRANSFER,posted,2025-09-20 05:29:04
TXN00043227,ACC001141,MER0004,2025-09-20 19:11:39,93.5,CAD,PURCHASE,POSTED,2025-09-20 19:11:39
TXN00045537,ACC000258,MER0003,2025-09-06 16:01:08,7.36,USD,PURCHASE,PENDING,2025-09-06 16:01:08
TXN00047341,ACC003299,MER0112,2025-08-23 06:45:03,7.92,INR,DEPOSIT,PENDING,2025-08-23 06:45:03
TXN00041522,ACC003068,MER0026,2025-08-21 02:07:52,32.36,GBP,WITHDRAWAL,PENDING,2025-08-21 02:07:52
TXN00043092,ACC003070,MER0083,2025-09-18 10:59:51,107.5,JPY,WITHDRAWAL,POSTED,2025-09-18 10:59:51
TXN00040931,ACC001294,MER0071,2025-09-25 19:00:52,30.77,gbp,PURCHASE,PENDING,2025-09-25 19:00:52
TXN00046374,ACC002295,MER0086,2025-08-24 23:30:59,18.91,INR,PURCHASE,DECLINED,2025-08-24 23:30:59
TXN00040821,ACC000848,MER0056,2025-07-20 04:17:49,27.23,JPY,TRANSFER,POSTED,2025-07-20 04:17:49
TXN00042747,ACC002759,MER0024,2025-07-12 04:38:27,36.97,CAD,DEPOSIT,posted,2025-07-12 04:38:27
TXN00044097,ACC003923,MER0030,2025-07-07 23:46:00,6.85,EUR,purchase,POSTED,2025-07-07 23:46:00
TXN00044406,ACC000168,MER0085,2025-09-19 08:56:46,13.14,GBP,WITHDRAWAL,REVERSED,2025-09-19 08:56:46
TXN00043241,ACC001729,MER0079,2025-07-23 11:17:35,29.0,INR,WITHDRAWAL,POSTED,2025-07-23 11:17:35
TXN00046324,ACC002217,MER0131,2025-09-02 19:18:01,60.14,JPY,PURCHASE,posted,2025-09-02 19:18:01
TXN00044648,ACC003629,MER0048,2025-09-16 16:19:47,13.42,JPY,purchase,PENDING,2025-09-16 16:19:47
TXN00043524,ACC001613,MER0054,2025-09-13 11:07:40,11.2,usd,REFUND,PENDING,2025-09-13 11:07:40
TXN00044076,ACC003480,MER0085,2025-07-22 02:51:01,5.23,CAD,PURCHASE,DECLINED,2025-07-22 02:51:01
TXN00046402,ACC001466,MER0019,2025-07-06 15:21:07,4.05,EUR,purchase,REVERSED,2025-07-06 15:21:07
TXN00047093,ACC002711,MER0113,2025-09-21 10:49:21,17.24,USD,PURCHASE,REVERSED,2025-09-21 10:49:21
TXN00020755,ACC000100,MER0052,2025-05-17 15:31:33,110.22,NGN,TRANSFER,DECLINED,2025-07-12 04:05:25
TXN00041030,ACC002725,MER0105,2025-08-22 22:25:46,12.95,JPY,DEPOSIT,DECLINED,2025-08-22 22:25:46
TXN00045152,ACC002669,MER0140,2025-08-29 11:47:15,60.95,usd,purchase,PENDING,2025-08-29 11:47:15
TXN00041016,ACC003344,MER0003,2025-08-23 15:28:05,13.83,JPY,PURCHASE,REVERSED,2025-08-23 15:28:05
TXN00042504,ACC000509,MER0049,2025-08-16 23:43:21,46.25,gbp,DEPOSIT,PENDING,2025-08-16 23:43:21
TXN00044487,ACC002522,MER0118,2025-08-25 10:27:29,93.06,INR,WITHDRAWAL,DECLINED,2025-08-25 10:27:29
TXN00047948,ACC003315,MER0039,2025-08-15 07:57:06,13.09,INR,purchase,REVERSED,2025-08-15 07:57:06
TXN00042992,ACC000501,MER0121,2025-08-11 13:02:02,24.14,USD,PURCHASE,DECLINED,2025-08-11 13:02:02
TXN00043592,ACC003776,MER0040,2025-07-14 15:50:24,65.4,usd,WITHDRAWAL,posted,2025-07-14 15:50:24
TXN00043996,ACC000267,MER0064,2025-07-26 11:34:10,29.29,EUR,WITHDRAWAL,DECLINED,2025-07-26 11:34:10
TXN00045175,ACC001612,MER0101,2025-09-21 08:26:09,323.2,USD,REFUND,DECLINED,2025-09-21 08:26:09
TXN00043953,ACC000233,MER0036,2025-07-29 14:25:01,11.46,gbp,DEPOSIT,REVERSED,2025-07-29 14:25:01
TXN00042895,ACC003677,MER0075,2025-07-09 21:23:26,8.3,USD,PURCHASE,DECLINED,2025-07-09 21:23:26
TXN00041632,ACC002925,MER0076,2025-09-20 08:32:44,4.2,CAD,purchase,DECLINED,2025-09-20 08:32:44
TXN00042496,ACC003154,MER0031,2025-07-21 06:13:03,7.89,usd,DEPOSIT,PENDING,2025-07-21 06:13:03
TXN00046222,ACC001370,MER0111,2025-07-03 05:07:45,95.48,JPY,TRANSFER,REVERSED,2025-07-03 05:07:45
TXN00043055,ACC001954,MER0101,2025-08-14 19:03:45,22652.66,CAD,purchase,REVERSED,2025-08-14 19:03:45
TXN00046247,ACC000371,MER0117,2025-07-28 22:37:44,6.13,GBP,PURCHASE,REVERSED,2025-07-28 22:37:44
TXN00040128,ACC000271,MER0075,2025-07-07 17:25:05,35317.69,CAD,PURCHASE,posted,2025-07-07 17:25:05
TXN00044292,ACC000992,MER0113,2025-09-11 18:09:01,29.8,EUR,purchase,REVERSED,2025-09-11 18:09:01
TXN00044252,ACC003088,MER0013,2025-09-10 19:47:30,22.27,USD,purchase,POSTED,2025-09-10 19:47:30
TXN00045594,ACC000718,MER0042,2025-07-10 17:18:24,78.71,INR,REFUND,PENDING,2025-07-10 17:18:24
TXN00046489,ACC003558,MER0132,2025-07-26 09:34:13,14.96,INR,REFUND,DECLINED,2025-07-26 09:34:13
TXN00043744,ACC002624,MER0026,2025-09-25 06:26:10,19.54,gbp,REFUND,REVERSED,2025-09-25 06:26:10
TXN00041678,ACC001689,MER0008,2025-08-19 20:05:06,69.64,USD,purchase,PENDING,2025-08-19 20:05:06
TXN00042612,ACC000285,MER0086,2025-09-07 10:08:15,12.02,usd,REFUND,PENDING,2025-09-07 10:08:15
TXN00044833,ACC001956,MER0136,2025-09-29 23:04:30,17.6,USD,purchase,DECLINED,2025-09-29 23:04:30
TXN00041384,ACC001911,MER0026,2025-09-21 14:17:52,21.44,gbp,DEPOSIT,POSTED,2025-09-21 14:17:52
TXN00043635,ACC002537,MER0128,2025-07-04 09:23:00,17.25,USD,DEPOSIT,posted,2025-07-04 09:23:00
TXN00043510,ACC003079,MER0079,2025-09-22 00:10:53,71.69,NGN,TRANSFER,posted,2025-09-22 00:10:53
TXN00045475,ACC003850,MER0002,2025-09-07 08:11:39,19.61,INR,REFUND,posted,2025-09-07 08:11:39
TXN00045245,ACC000816,MER0034,2025-07-16 01:40:33,114.9,USD,TRANSFER,POSTED,2025-07-16 01:40:33
TXN00045621,ACC002069,MER0129,2025-07-15 12:10:37,14.51,USD,DEPOSIT,PENDING,2025-07-15 12:10:37
TXN00045963,ACC001713,MER0144,2025-09-01 06:37:22,70.49,INR,WITHDRAWAL,POSTED,2025-09-01 06:37:22
TXN00046927,ACC000204,MER0103,2025-07-30 19:11:06,1.29,EUR,REFUND,POSTED,2025-07-30 19:11:06
TXN00047980,ACC000036,MER0004,2025-08-07 11:45:49,10.92,NGN,WITHDRAWAL,POSTED,2025-08-07 11:45:49
TXN00045578,ACC000090,MER0013,2025-08-03 23:15:08,63.42,GBP,purchase,PENDING,2025-08-03 23:15:08
TXN00042411,ACC002824,MER0087,2025-09-25 13:33:02,28.6,NGN,purchase,DECLINED,2025-09-25 13:33:02
TXN00040636,ACC000621,MER0145,2025-09-18 04:48:18,3.3,USD,TRANSFER,REVERSED,2025-09-18 04:48:18
TXN00042876,ACC000792,MER0043,2025-09-19 20:22:23,11.37,CAD,DEPOSIT,DECLINED,2025-09-19 20:22:23
TXN00041435,ACC000980,MER0079,2025-09-27 09:53:03,14.48,gbp,purchase,POSTED,2025-09-27 09:53:03
TXN00010963,ACC000540,MER0126,2024-07-12 01:33:09,1.38,NGN,PURCHASE,POSTED,2025-07-02 18:24:53
TXN00047047,ACC003934,MER0003,2025-07-09 06:13:36,14.41,USD,PURCHASE,POSTED,2025-07-09 06:13:36
TXN00043673,ACC002016,MER0141,2025-09-12 13:46:43,128.44,gbp,REFUND,posted,2025-09-12 13:46:43
TXN00043297,ACC002085,MER0057,2025-09-06 21:12:37,115.33,JPY,PURCHASE,REVERSED,2025-09-06 21:12:37
TXN00045893,ACC002964,MER0102,2025-09-25 06:57:44,11.46,EUR,purchase,DECLINED,2025-09-25 06:57:44
TXN00042451,ACC001420,MER0053,2025-08-07 18:46:28,56.95,gbp,TRANSFER,POSTED,2025-08-07 18:46:28
TXN00042325,ACC002777,MER0022,2025-08-27 19:35:31,37.39,INR,purchase,POSTED,2025-08-27 19:35:31
TXN00041117,ACC001775,MER0012,2025-08-20 15:03:48,16.95,usd,REFUND,posted,2025-08-20 15:03:48
TXN00042293,ACC001061,MER0017,2025-08-11 11:56:34,43.31,gbp,PURCHASE,DECLINED,2025-08-11 11:56:34
TXN00046497,ACC000518,MER0102,2025-09-23 23:49:12,7.95,CAD,TRANSFER,POSTED,2025-09-23 23:49:12
TXN00040545,ACC002834,MER0002,2025-08-23 08:28:53,24.27,JPY,TRANSFER,posted,2025-08-23 08:28:53
TXN00030997,ACC001402,MER0031,2024-02-11 18:29:25,14.06,NGN,TRANSFER,POSTED,2025-07-24 16:27:37
TXN00044330,ACC000660,MER0046,2025-07-15 08:44:59,24.7,usd,PURCHASE,posted,2025-07-15 08:44:59
TXN00045867,ACC003139,MER0119,2025-09-19 02:11:41,36.09,NGN,purchase,REVERSED,2025-09-19 02:11:41
TXN00046352,ACC001150,MER0115,2025-09-22 10:44:20,2.62,gbp,purchase,POSTED,2025-09-22 10:44:20
TXN00042025,ACC000296,MER0094,2025-09-16 06:31:04,21.51,EUR,TRANSFER,PENDING,2025-09-16 06:31:04
TXN00042244,ACC002457,MER0141,2025-09-02 08:14:03,9.1,JPY,REFUND,posted,2025-09-02 08:14:03
TXN00042281,ACC000484,MER0005,2025-09-30 04:40:06,59.62,gbp,purchase,PENDING,2025-09-30 04:40:06
TXN00047944,ACC002162,MER0019,2025-09-25 14:13:43,130.63,NGN,PURCHASE,DECLINED,2025-09-25 14:13:43
TXN00003295,ACC001667,MER0066,2025-05-19 02:50:49,38.81,gbp,WITHDRAWAL,REVERSED,2025-07-20 00:54:31
TXN00045002,ACC003798,MER0045,2025-07-30 01:11:11,25.38,GBP,PURCHASE,POSTED,2025-07-30 01:11:11
TXN00046425,ACC003203,MER0066,2025-07-06 23:22:51,90.41,NGN,DEPOSIT,POSTED,2025-07-06 23:22:51
TXN00045815,ACC001907,MER0086,2025-07-26 21:41:33,27.42,GBP,DEPOSIT,DECLINED,2025-07-26 21:41:33
TXN00021510,ACC000820,MER0015,2025-05-03 21:00:44,32.44,JPY,PURCHASE,POSTED,2025-08-16 02:32:56
TXN00041427,ACC003059,MER0047,2025-08-01 14:57:55,66.19,GBP,purchase,posted,2025-08-01 14:57:55
TXN00045335,ACC001412,MER0039,2025-07-03 23:55:34,17.23,GBP,WITHDRAWAL,REVERSED,2025-07-03 23:55:34
TXN00040697,ACC001602,MER0035,2025-08-02 04:37:26,27.29,CAD,TRANSFER,PENDING,2025-08-02 04:37:26
TXN00043906,ACC002374,MER0019,2025-07-23 00:34:45,12.61,EUR,PURCHASE,REVERSED,2025-07-23 00:34:45
TXN00042930,ACC003850,MER0049,2025-07-26 14:41:27,579.49,JPY,REFUND,posted,2025-07-26 14:41:27
TXN00044541,ACC001155,MER0026,2025-07-25 09:49:54,9.58,usd,PURCHASE,DECLINED,2025-07-25 09:49:54
TXN00046432,ACC002605,MER0102,2025-09-09 22:56:49,52.74,USD,REFUND,REVERSED,2025-09-09 22:56:49
TXN00044531,ACC002469,MER0083,2025-08-06 06:13:07,10.34,CAD,TRANSFER,REVERSED,2025-08-06 06:13:07
TXN00041184,ACC003467,MER0005,2025-09-02 11:31:51,10.48,EUR,PURCHASE,DECLINED,2025-09-02 11:31:51
TXN00047465,ACC002375,MER0085,2025-07-31 00:20:16,192.95,JPY,WITHDRAWAL,PENDING,2025-07-31 00:20:16
TXN00045355,ACC002862,MER0083,2025-08-26 01:48:14,25.64,CAD,PURCHASE,PENDING,2025-08-26 01:48:14
TXN00043027,ACC002113,MER0073,2025-07-02 08:20:11,18.02,INR,REFUND,REVERSED,2025-07-02 08:20:11
TXN00043106,ACC003079,MER0150,2025-09-09 19:38:49,7.82,INR,PURCHASE,DECLINED,2025-09-09 19:38:49
TXN00045497,ACC002153,MER0052,2025-09-08 19:42:21,18.54,EUR,REFUND,PENDING,2025-09-08 19:42:21
TXN00046433,ACC000546,MER0002,2025-07-23 11:51:42,20.07,CAD,PURCHASE,PENDING,2025-07-23 11:51:42
TXN00047445,ACC000616,MER0032,2025-09-15 18:59:21,28.13,gbp,TRANSFER,posted,2025-09-15 18:59:21
TXN00041081,ACC002903,MER0059,2025-07-01 13:13:05,6.1,JPY,REFUND,REVERSED,2025-07-01 13:13:05
TXN00041804,ACC000946,MER0145,2025-08-14 23:05:39,35.98,USD,purchase,posted,2025-08-14 23:05:39
TXN00046116,ACC000079,MER0045,2025-09-17 19:54:18,27.94,usd,REFUND,DECLINED,2025-09-17 19:54:18
TXN00042625,ACC001272,MER0137,2025-08-09 23:25:46,9.31,GBP,PURCHASE,REVERSED,2025-08-09 23:25:46
TXN00047902,ACC001900,MER0149,2025-09-29 22:30:48,5.19,INR,REFUND,PENDING,2025-09-29 22:30:48
TXN00046600,ACC003679,MER0113,2025-08-11 17:42:35,39.26,gbp,REFUND,REVERSED,2025-08-11 17:42:35
TXN00040383,ACC003103,MER0121,2025-09-18 04:01:16,57.32,USD,PURCHASE,DECLINED,2025-09-18 04:01:16
TXN00045087,ACC002768,MER0059,2025-07-13 14:22:25,131.56,USD,DEPOSIT,DECLINED,2025-07-13 14:22:25
TXN00041836,ACC003641,MER0120,2025-08-20 23:36:55,6.43,USD,DEPOSIT,posted,2025-08-20 23:36:55
TXN00047243,ACC000962,MER0113,2025-09-02 05:24:56,96.65,GBP,WITHDRAWAL,PENDING,2025-09-02 05:24:56
TXN00040220,ACC002609,MER0101,2025-07-19 09:21:19,141.01,CAD,purchase,DECLINED,2025-07-19 09:21:19
TXN00044240,ACC000337,MER0031,2025-09-21 10:42:29,1.39,USD,PURCHASE,REVERSED,2025-09-21 10:42:29
TXN00044827,ACC001983,MER0035,2025-08-11 01:22:48,16.13,gbp,DEPOSIT,DECLINED,2025-08-11 01:22:48
TXN00044913,ACC002918,MER0043,2025-08-01 03:59:52,40.25,GBP,TRANSFER,POSTED,2025-08-01 03:59:52
TXN00043473,ACC003388,MER0004,2025-09-15 12:41:11,54.76,INR,TRANSFER,POSTED,2025-09-15 12:41:11
TXN00043913,ACC001379,MER0077,2025-09-15 09:31:30,22.22,gbp,TRANSFER,PENDING,2025-09-15 09:31:30
TXN00044024,ACC001246,MER0087,2025-09-01 12:10:14,10.91,CAD,purchase,REVERSED,2025-09-01 12:10:14
TXN00043440,ACC002291,MER0089,2025-08-08 21:37:23,11.11,JPY,WITHDRAWAL,POSTED,2025-08-08 21:37:23
TXN00041506,ACC000584,MER0001,2025-07-23 04:07:43,9.79,gbp,DEPOSIT,posted,2025-07-23 04:07:43
TXN00043369,ACC000977,MER0008,2025-07-21 04:18:41,38.18,gbp,PURCHASE,REVERSED,2025-07-21 04:18:41
TXN00043464,ACC001099,MER0001,2025-08-23 14:53:58,3.39,EUR,PURCHASE,DECLINED,2025-08-23 14:53:58
TXN00041690,ACC000469,MER0137,2025-09-11 13:31:15,54.16,usd,REFUND,DECLINED,2025-09-11 13:31:15
TXN00045680,ACC001971,MER0041,2025-08-02 22:36:10,11.17,INR,TRANSFER,DECLINED,2025-08-02 22:36:10
TXN00041488,ACC002491,MER0102,2025-07-25 18:27:10,13.11,gbp,TRANSFER,REVERSED,2025-07-25 18:27:10
TXN00045799,ACC000956,MER0067,2025-07-02 04:33:35,19.27,USD,DEPOSIT,DECLINED,2025-07-02 04:33:35
TXN00046405,ACC001250,MER0070,2025-07-24 23:20:51,6.68,CAD,TRANSFER,posted,2025-07-24 23:20:51
TXN00044326,ACC001454,MER0037,2025-08-08 18:50:08,9.36,usd,purchase,posted,2025-08-08 18:50:08
TXN00046445,ACC003227,MER0079,2025-08-21 19:11:47,10564.83,NGN,PURCHASE,PENDING,2025-08-21 19:11:47
TXN00041487,ACC001014,MER0026,2025-09-16 07:09:41,31.97,NGN,TRANSFER,PENDING,2025-09-16 07:09:41
TXN00044831,ACC002309,MER0059,2025-07-19 10:53:40,9.28,CAD,WITHDRAWAL,posted,2025-07-19 10:53:40
TXN00024420,ACC000113,MER0018,2025-04-18 18:47:14,5.6,INR,DEPOSIT,REVERSED,2025-08-06 14:14:04
TXN00047981,ACC000802,MER0138,2025-07-07 14:20:07,15.86,usd,DEPOSIT,PENDING,2025-07-07 14:20:07
TXN00046287,ACC003457,MER0123,2025-07-26 07:45:48,55.33,GBP,DEPOSIT,PENDING,2025-07-26 07:45:48
TXN00041877,ACC002715,MER0023,2025-08-08 07:49:01,13.69,usd,REFUND,posted,2025-08-08 07:49:01
TXN00045623,ACC000809,MER0063,2025-07-09 17:17:57,14.49,NGN,DEPOSIT,POSTED,2025-07-09 17:17:57
TXN00041776,ACC001144,MER0048,2025-08-05 19:44:38,3.34,NGN,TRANSFER,posted,2025-08-05 19:44:38
TXN00043493,ACC001387,MER0091,2025-09-04 03:39:39,44.98,gbp,REFUND,PENDING,2025-09-04 03:39:39
TXN00046565,ACC002490,MER0030,2025-09-02 03:57:40,7.69,JPY,DEPOSIT,PENDING,2025-09-02 03:57:40
TXN00040291,ACC001679,MER0089,2025-08-14 09:17:42,107.98,CAD,DEPOSIT,posted,2025-08-14 09:17:42
TXN00042401,ACC000061,MER0007,2025-09-15 04:58:33,158.68,gbp,TRANSFER,posted,2025-09-15 04:58:33
TXN00042936,ACC003333,MER0068,2025-08-02 20:52:25,17.92,gbp,REFUND,POSTED,2025-08-02 20:52:25
TXN00042354,ACC001483,MER0121,2025-08-13 04:17:02,13.56,GBP,TRANSFER,POSTED,2025-08-13 04:17:02
TXN00044814,ACC001600,MER0029,2025-09-13 01:42:29,11.43,USD,WITHDRAWAL,PENDING,2025-09-13 01:42:29
TXN00041116,ACC002840,MER0054,2025-09-05 13:12:32,29.9,EUR,PURCHASE,DECLINED,2025-09-05 13:12:32
TXN00045079,ACC003003,MER0035,2025-09-28 05:08:06,24.12,NGN,TRANSFER,REVERSED,2025-09-28 05:08:06
TXN00044168,ACC002654,MER0097,2025-07-27 12:24:04,5.34,CAD,TRANSFER,REVERSED,2025-07-27 12:24:04
TXN00046087,ACC001977,MER0001,2025-09-20 23:14:31,174.07,EUR,DEPOSIT,REVERSED,2025-09-20 23:14:31
TXN00044705,ACC002178,MER0060,2025-09-23 09:28:12,5.7,GBP,DEPOSIT,REVERSED,2025-09-23 09:28:12
TXN00047211,ACC002916,MER0082,2025-07-05 23:09:42,13.07,JPY,TRANSFER,PENDING,2025-07-05 23:09:42
TXN00046216,ACC001289,MER0148,2025-07-13 13:23:42,47.26,usd,DEPOSIT,DECLINED,2025-07-13 13:23:42
TXN00043668,ACC001691,MER0081,2025-07-20 14:09:14,11.53,usd,TRANSFER,posted,2025-07-20 14:09:14
TXN00044519,ACC000655,MER0069,2025-08-30 13:42:54,55.66,EUR,PURCHASE,DECLINED,2025-08-30 13:42:54
TXN00040125,ACC002101,MER0087,2025-09-25 06:58:52,13.29,usd,purchase,PENDING,2025-09-25 06:58:52
TXN00033783,ACC000294,MER0033,2024-01-17 09:24:46,31.17,GBP,PURCHASE,POSTED,2025-09-13 04:04:15
TXN00046269,ACC001491,MER0117,2025-07-15 15:45:54,5.48,JPY,TRANSFER,PENDING,2025-07-15 15:45:54
TXN00046551,ACC000478,MER0127,2025-08-22 09:28:18,10.54,GBP,TRANSFER,REVERSED,2025-08-22 09:28:18
TXN00041107,ACC001239,MER0123,2025-07-09 02:14:58,31.37,usd,PURCHASE,POSTED,2025-07-09 02:14:58
TXN00046696,ACC002589,MER0016,2025-09-01 22:55:25,28.29,USD,DEPOSIT,DECLINED,2025-09-01 22:55:25
TXN00046219,ACC002675,MER0014,2025-07-20 11:09:21,131.23,EUR,TRANSFER,REVERSED,2025-07-20 11:09:21
TXN00044788,ACC003512,MER0004,2025-07-12 14:42:12,22.35,gbp,purchase,PENDING,2025-07-12 14:42:12
TXN00047440,ACC000889,MER0040,2025-07-07 09:48:44,14.02,EUR,purchase,posted,2025-07-07 09:48:44
TXN00043020,ACC000449,MER0034,2025-08-07 03:44:15,6.91,CAD,TRANSFER,PENDING,2025-08-07 03:44:15
TXN00046870,ACC000015,MER0069,2025-08-16 19:01:15,4.94,EUR,WITHDRAWAL,POSTED,2025-08-16 19:01:15
TXN00046676,ACC003248,MER0111,2025-07-27 09:32:13,18.38,gbp,REFUND,posted,2025-07-27 09:32:13
TXN00042740,ACC003583,MER0028,2025-09-06 07:01:58,39.09,INR,purchase,REVERSED,2025-09-06 07:01:58
TXN00045638,ACC000077,MER0129,2025-07-11 09:04:04,14.2,EUR,purchase,posted,2025-07-11 09:04:04
TXN00042730,ACC002821,MER0010,2025-07-23 01:16:44,58.27,GBP,TRANSFER,posted,2025-07-23 01:16:44
TXN00040047,ACC003107,MER0027,2025-07-27 11:12:08,26.45,gbp,DEPOSIT,POSTED,2025-07-27 11:12:08
TXN00040738,ACC001036,MER0136,2025-09-17 13:28:42,32.81,usd,TRANSFER,posted,2025-09-17 13:28:42
TXN00040619,ACC000637,MER0113,2025-07-07 19:29:58,28.26,CAD,PURCHASE,posted,2025-07-07 19:29:58
TXN00043636,ACC002360,MER0001,2025-08-02 03:32:14,9.97,USD,WITHDRAWAL,POSTED,2025-08-02 03:32:14
TXN00040563,ACC003795,MER0031,2025-08-15 20:18:36,28.43,usd,PURCHASE,POSTED,2025-08-15 20:18:36
TXN00040718,ACC000492,MER0027,2025-08-06 12:16:44,21.21,EUR,DEPOSIT,posted,2025-08-06 12:16:44
TXN00044282,ACC001917,MER0061,2025-07-02 08:59:17,84.43,GBP,WITHDRAWAL,DECLINED,2025-07-02 08:59:17
TXN00044794,ACC000417,MER0146,2025-07-22 12:03:32,17.74,INR,TRANSFER,DECLINED,2025-07-22 12:03:32
TXN00046310,ACC002305,MER0030,2025-09-09 21:45:21,29806.04,GBP,PURCHASE,PENDING,2025-09-09 21:45:21
TXN00045267,ACC003511,MER0047,2025-07-27 01:26:37,100.91,NGN,REFUND,PENDING,2025-07-27 01:26:37
TXN00043133,ACC001800,MER0110,2025-08-10 12:04:16,15.2,EUR,REFUND,PENDING,2025-08-10 12:04:16
TXN00042984,ACC000804,MER0007,2025-08-01 03:20:12,36.53,CAD,PURCHASE,REVERSED,2025-08-01 03:20:12
TXN00046110,ACC002407,MER0069,2025-09-21 07:20:20,21.17,usd,DEPOSIT,REVERSED,2025-09-21 07:20:20
TXN00044805,ACC000337,MER0060,2025-09-28 17:35:10,9.47,usd,PURCHASE,posted,2025-09-28 17:35:10
TXN00045392,ACC003725,MER0035,2025-07-10 15:05:59,32.22,EUR,DEPOSIT,POSTED,2025-07-10 15:05:59
TXN00041652,ACC003706,MER0037,2025-09-30 16:15:42,34.8,NGN,PURCHASE,POSTED,2025-09-30 16:15:42
TXN00040269,ACC002606,MER0074,2025-09-10 00:42:26,11.43,JPY,purchase,POSTED,2025-09-10 00:42:26
TXN00040424,ACC003113,MER9999,2025-07-04 07:23:05,82.17,JPY,WITHDRAWAL,PENDING,2025-07-04 07:23:05
TXN00043766,ACC000747,MER0122,2025-08-29 07:30:23,59.18,GBP,PURCHASE,DECLINED,2025-08-29 07:30:23
TXN00041342,ACC001854,MER0026,2025-07-10 11:03:27,18.48,USD,DEPOSIT,DECLINED,2025-07-10 11:03:27
TXN00043681,ACC002487,MER0144,2025-08-02 02:16:53,8.81,JPY,TRANSFER,PENDING,2025-08-02 02:16:53
TXN00044079,ACC002343,MER0117,2025-08-13 02:28:19,4.76,EUR,WITHDRAWAL,REVERSED,2025-08-13 02:28:19
TXN00046229,ACC002138,MER0115,2025-09-29 19:50:11,5.93,EUR,PURCHASE,posted,2025-09-29 19:50:11
TXN00046531,ACC003066,MER0119,2025-08-05 23:03:00,4.73,GBP,DEPOSIT,DECLINED,2025-08-05 23:03:00
TXN00043591,ACC000236,MER0014,2025-07-09 22:04:43,53.6,gbp,REFUND,PENDING,2025-07-09 22:04:43
TXN00041411,ACC003672,MER0004,2025-09-20 15:14:37,59.93,INR,purchase,REVERSED,2025-09-20 15:14:37
TXN00044189,ACC001704,MER0098,2025-07-24 23:36:14,119.62,gbp,purchase,posted,2025-07-24 23:36:14
TXN00047738,ACC001887,MER0131,2025-09-04 02:40:46,82.48,USD,REFUND,POSTED,2025-09-04 02:40:46
TXN00043909,ACC003483,MER0145,2025-09-11 05:57:10,17.15,EUR,DEPOSIT,PENDING,2025-09-11 05:57:10
TXN00046892,ACC003211,MER0096,2025-09-06 11:25:16,83.9,USD,DEPOSIT,DECLINED,2025-09-06 11:25:16
TXN00043771,ACC003265,MER0081,2025-07-25 15:14:12,10.73,USD,WITHDRAWAL,PENDING,2025-07-25 15:14:12
TXN00045106,ACC002667,MER0019,2025-07-13 06:38:55,75.13,gbp,DEPOSIT,PENDING,2025-07-13 06:38:55
TXN00046186,ACC003474,MER0041,2025-07-10 09:50:37,11.51,CAD,TRANSFER,DECLINED,2025-07-10 09:50:37
TXN00042699,ACC003210,MER0053,2025-09-08 11:48:50,44.92,USD,WITHDRAWAL,POSTED,2025-09-08 11:48:50
TXN00042307,ACC001975,MER0075,2025-09-14 10:35:32,44.58,gbp,WITHDRAWAL,REVERSED,2025-09-14 10:35:32
TXN00046832,ACC003388,MER0010,2025-08-29 12:36:42,132.49,GBP,DEPOSIT,posted,2025-08-29 12:36:42
TXN00046670,ACC002443,MER0105,2025-09-09 19:34:14,6.69,gbp,TRANSFER,posted,2025-09-09 19:34:14
TXN00041423,ACC001079,MER0069,2025-09-05 23:19:55,34.63,JPY,DEPOSIT,posted,2025-09-05 23:19:55
TXN00042271,ACC002762,MER9999,2025-07-24 09:01:52,33.56,CAD,PURCHASE,PENDING,2025-07-24 09:01:52
TXN00028284,ACC000503,MER0146,2024-03-12 19:23:09,68.7,CAD,PURCHASE,POSTED,2025-07-03 04:04:10
TXN00047982,ACC000292,MER0015,2025-09-19 21:55:31,6.54,JPY,DEPOSIT,PENDING,2025-09-19 21:55:31
TXN00045145,ACC003274,MER0100,2025-08-09 06:16:11,12.92,NGN,REFUND,posted,2025-08-09 06:16:11
TXN00047635,ACC003012,MER0100,2025-08-24 11:33:22,5.9,USD,DEPOSIT,DECLINED,2025-08-24 11:33:22
TXN00045444,ACC002515,MER0040,2025-08-31 13:14:34,12.53,JPY,purchase,REVERSED,2025-08-31 13:14:34
TXN00043850,ACC001481,MER0050,2025-07-27 14:58:11,18.78,JPY,REFUND,posted,2025-07-27 14:58:11
TXN00046882,ACC001181,MER0134,2025-09-09 09:07:05,17.86,gbp,PURCHASE,POSTED,2025-09-09 09:07:05
TXN00046176,ACC000605,MER0082,2025-09-29 13:11:23,27.93,gbp,DEPOSIT,DECLINED,2025-09-29 13:11:23
TXN00040802,ACC003254,MER0128,2025-09-03 17:52:47,238.84,USD,PURCHASE,POSTED,2025-09-03 17:52:47
TXN00043298,ACC000063,MER0105,2025-08-01 20:20:16,8.91,EUR,DEPOSIT,POSTED,2025-08-01 20:20:16
TXN00044779,ACC000339,MER0140,2025-07-25 06:16:24,227.81,JPY,PURCHASE,REVERSED,2025-07-25 06:16:24
TXN00042846,ACC002548,MER0012,2025-07-08 15:27:54,36.2,JPY,PURCHASE,REVERSED,2025-07-08 15:27:54
TXN00040230,ACC001257,MER0099,2025-08-01 13:45:43,42.25,USD,TRANSFER,PENDING,2025-08-01 13:45:43
TXN00040667,ACC002558,MER0015,2025-07-27 10:14:21,36.74,INR,purchase,REVERSED,2025-07-27 10:14:21
TXN00042889,ACC002293,MER0083,2025-08-05 05:49:02,32.14,INR,purchase,POSTED,2025-08-05 05:49:02
TXN00044820,ACC003119,MER0055,2025-08-19 19:25:11,16.3,CAD,WITHDRAWAL,POSTED,2025-08-19 19:25:11
TXN00041002,ACC003020,MER0139,2025-07-24 03:17:39,62.03,gbp,WITHDRAWAL,DECLINED,2025-07-24 03:17:39
TXN00044767,ACC000899,MER0056,2025-09-05 15:37:00,13.14,USD,purchase,DECLINED,2025-09-05 15:37:00
TXN00042524,ACC001586,MER0009,2025-07-15 06:41:54,16.68,CAD,REFUND,PENDING,2025-07-15 06:41:54
TXN00044545,ACC001732,MER0037,2025-07-25 17:06:12,4.4,EUR,REFUND,posted,2025-07-25 17:06:12
TXN00047872,ACC001160,MER0143,2025-07-17 17:40:14,119.82,INR,DEPOSIT,POSTED,2025-07-17 17:40:14
TXN00047954,ACC000111,MER0016,2025-08-17 11:03:54,39.0,GBP,DEPOSIT,PENDING,2025-08-17 11:03:54
TXN00041973,ACC002371,MER0033,2025-07-29 19:30:08,3.05,gbp,REFUND,POSTED,2025-07-29 19:30:08
TXN00040607,ACC000600,MER0093,2025-08-17 14:01:49,42.32,CAD,WITHDRAWAL,posted,2025-08-17 14:01:49
TXN00045322,ACC002296,MER0072,2025-08-25 23:37:34,17.39,USD,REFUND,POSTED,2025-08-25 23:37:34
TXN00040245,ACC003195,MER0144,2025-09-06 09:06:05,36.77,JPY,TRANSFER,POSTED,2025-09-06 09:06:05
TXN00041703,ACC001467,MER0106,2025-09-18 00:25:41,7.5,JPY,REFUND,POSTED,2025-09-18 00:25:41
TXN00047675,ACC002868,MER0041,2025-08-29 06:46:55,14.39,USD,PURCHASE,posted,2025-08-29 06:46:55
TXN00040604,ACC000416,MER0032,2025-08-10 02:39:43,33.32,EUR,REFUND,REVERSED,2025-08-10 02:39:43
TXN00044095,ACC000419,MER0100,2025-07-31 11:54:25,41.14,GBP,REFUND,PENDING,2025-07-31 11:54:25
TXN00041813,ACC003548,MER0061,2025-07-18 10:01:43,22.18,JPY,TRANSFER,PENDING,2025-07-18 10:01:43
TXN00044802,ACC003540,MER0102,2025-07-11 10:45:30,1.22,gbp,TRANSFER,REVERSED,2025-07-11 10:45:30
TXN00044756,ACC000616,MER0111,2025-09-02 18:18:15,27.25,GBP,REFUND,posted,2025-09-02 18:18:15
TXN00045844,ACC002175,MER0139,2025-07-20 20:20:21,16.7,gbp,PURCHASE,PENDING,2025-07-20 20:20:21
TXN00045763,ACC000673,MER0096,2025-09-21 23:10:04,75.29,JPY,WITHDRAWAL,PENDING,2025-09-21 23:10:04
TXN00041829,ACC001129,MER0134,2025-07-23 00:29:13,8.06,JPY,PURCHASE,posted,2025-07-23 00:29:13
TXN00046577,ACC003343,MER0057,2025-08-01 17:03:18,103.07,INR,WITHDRAWAL,DECLINED,2025-08-01 17:03:18
TXN00028481,ACC000050,MER0006,2025-04-07 21:49:29,13.38,gbp,PURCHASE,POSTED,2025-07-31 01:07:39
TXN00044608,ACC000386,MER0126,2025-07-20 22:47:20,36.07,INR,REFUND,posted,2025-07-20 22:47:20
TXN00047640,ACC002323,MER0020,2025-09-18 10:51:31,5.78,JPY,REFUND,REVERSED,2025-09-18 10:51:31
TXN00041266,ACC003027,MER0106,2025-07-21 11:08:07,34.51,usd,DEPOSIT,DECLINED,2025-07-21 11:08:07
TXN00045432,ACC001342,MER0074,2025-07-27 12:28:52,26.83,JPY,TRANSFER,REVERSED,2025-07-27 12:28:52
TXN00044903,ACC001599,MER0105,2025-08-14 04:07:02,15.86,EUR,WITHDRAWAL,POSTED,2025-08-14 04:07:02
TXN00046992,ACC003765,MER0126,2025-07-09 23:30:34,129.64,EUR,REFUND,DECLINED,2025-07-09 23:30:34
TXN00040434,ACC003895,MER0062,2025-09-06 23:31:44,7.91,JPY,PURCHASE,POSTED,2025-09-06 23:31:44
TXN00041483,ACC003185,MER0056,2025-07-23 09:49:56,12.27,EUR,WITHDRAWAL,DECLINED,2025-07-23 09:49:56
TXN00042956,ACC000932,MER0070,2025-08-19 07:22:21,40.8,NGN,WITHDRAWAL,POSTED,2025-08-19 07:22:21
TXN00040213,ACC001770,MER0029,2025-07-14 22:45:03,29.17,JPY,DEPOSIT,DECLINED,2025-07-14 22:45:03
TXN00040515,ACC003878,MER0116,2025-08-17 22:44:09,93.9,JPY,TRANSFER,posted,2025-08-17 22:44:09
TXN00044571,ACC002343,MER0128,2025-09-23 01:34:25,79.12,JPY,TRANSFER,REVERSED,2025-09-23 01:34:25
TXN00045359,ACC002763,MER0086,2025-08-13 05:24:43,11.86,EUR,PURCHASE,POSTED,2025-08-13 05:24:43
TXN00040591,ACC003297,MER0108,2025-09-05 22:21:20,2.83,EUR,TRANSFER,DECLINED,2025-09-05 22:21:20
TXN00041166,ACC001453,MER0117,2025-09-28 02:04:46,82.56,INR,REFUND,posted,2025-09-28 02:04:46
TXN00040741,ACC001628,MER0094,2025-08-21 08:35:15,26.64,CAD,WITHDRAWAL,posted,2025-08-21 08:35:15
TXN00040656,ACC003110,MER0122,2025-07-04 09:16:32,121.94,gbp,REFUND,posted,2025-07-04 09:16:32
TXN00041967,ACC001912,MER0112,2025-09-04 06:14:36,62.27,usd,purchase,POSTED,2025-09-04 06:14:36
TXN00047488,ACC000745,MER0043,2025-09-29 16:05:38,42.9,gbp,WITHDRAWAL,PENDING,2025-09-29 16:05:38
TXN00045757,ACC000170,MER0118,2025-09-15 12:37:31,56.54,GBP,REFUND,POSTED,2025-09-15 12:37:31
TXN00044236,ACC001020,MER0144,2025-08-12 21:34:47,12.55,GBP,WITHDRAWAL,posted,2025-08-12 21:34:47
TXN00044726,ACC002301,MER0079,2025-07-03 21:37:33,37.5,NGN,WITHDRAWAL,DECLINED,2025-07-03 21:37:33
TXN00044722,ACC003640,MER0008,2025-09-11 11:00:56,3.76,usd,REFUND,REVERSED,2025-09-11 11:00:56
TXN00040419,ACC000245,MER0118,2025-08-23 00:19:40,46.7,gbp,PURCHASE,REVERSED,2025-08-23 00:19:40
TXN00045756,ACC001157,MER0085,2025-07-16 17:17:41,194.36,GBP,REFUND,PENDING,2025-07-16 17:17:41
TXN00044986,ACC002550,MER0075,2025-09-12 15:12:12,14.28,CAD,TRANSFER,REVERSED,2025-09-12 15:12:12
TXN00041935,ACC001659,MER0046,2025-09-01 09:33:32,7.16,GBP,WITHDRAWAL,posted,2025-09-01 09:33:32
TXN00043279,ACC003112,MER0100,2025-09-05 05:21:42,31.98,INR,TRANSFER,posted,2025-09-05 05:21:42
TXN00046765,ACC002480,MER0068,2025-08-10 16:08:08,41.31,usd,TRANSFER,PENDING,2025-08-10 16:08:08
TXN00045552,ACC003514,MER0092,2025-07-06 12:16:59,3.43,EUR,PURCHASE,posted,2025-07-06 12:16:59
TXN00042118,ACC000328,MER0061,2025-08-06 01:44:39,83.65,NGN,DEPOSIT,posted,2025-08-06 01:44:39
TXN00042616,ACC000175,MER0039,2025-07-07 16:09:15,28070.98,usd,TRANSFER,POSTED,2025-07-07 16:09:15
TXN00042410,ACC000893,MER0067,2025-07-14 18:43:18,37.43,GBP,REFUND,PENDING,2025-07-14 18:43:18
TXN00046028,ACC000394,MER0143,2025-07-15 03:44:30,36.75,EUR,DEPOSIT,PENDING,2025-07-15 03:44:30
TXN00046982,ACC003057,MER0039,2025-09-12 19:35:44,104.16,USD,purchase,PENDING,2025-09-12 19:35:44
TXN00042648,ACC003950,MER0020,2025-07-15 12:09:08,39.8,EUR,WITHDRAWAL,PENDING,2025-07-15 12:09:08
TXN00000738,ACC001434,MER0011,2024-12-12 23:59:48,10.76,GBP,WITHDRAWAL,POSTED,2025-08-18 22:17:19
TXN00040065,ACC001507,MER0033,2025-08-24 05:52:50,25.2,gbp,REFUND,POSTED,2025-08-24 05:52:50
TXN00044996,ACC003311,MER0025,2025-08-13 02:08:35,120.79,JPY,DEPOSIT,REVERSED,2025-08-13 02:08:35
TXN00042714,ACC003866,MER0039,2025-07-21 02:05:12,80.25,GBP,REFUND,PENDING,2025-07-21 02:05:12
TXN00046045,ACC003055,MER0133,2025-08-23 04:04:09,67.27,EUR,WITHDRAWAL,REVERSED,2025-08-23 04:04:09
TXN00047595,ACC000763,MER0043,2025-08-26 10:27:31,19.75,NGN,purchase,POSTED,2025-08-26 10:27:31
TXN00020275,ACC000918,MER0043,2025-03-25 16:54:55,34.0,gbp,REFUND,POSTED,2025-07-03 15:58:01
TXN00042323,ACC001668,MER0090,2025-08-14 18:25:50,12.73,EUR,TRANSFER,REVERSED,2025-08-14 18:25:50
TXN00011415,ACC000003,MER0047,2025-05-24 09:12:44,11.53,USD,purchase,POSTED,2025-09-17 23:11:33
TXN00040797,ACC003038,MER0119,2025-07-12 19:07:39,42.31,EUR,purchase,posted,2025-07-12 19:07:39
TXN00041681,ACC000921,MER0060,2025-08-22 13:54:26,20.82,usd,DEPOSIT,POSTED,2025-08-22 13:54:26
TXN00010501,ACC002237,MER0100,2025-04-26 20:33:24,5.32,CAD,WITHDRAWAL,DECLINED,2025-07-06 20:13:58
TXN00047303,ACC001788,MER0074,2025-07-29 07:18:20,9.99,usd,PURCHASE,PENDING,2025-07-29 07:18:20
TXN00042530,ACC003532,MER0007,2025-08-24 06:41:54,16.6,INR,TRANSFER,POSTED,2025-08-24 06:41:54
TXN00047851,ACC000282,MER0008,2025-08-26 06:03:40,28.06,JPY,REFUND,posted,2025-08-26 06:03:40
TXN00002854,ACC000283,MER0023,2024-03-29 21:34:49,19.39,GBP,TRANSFER,POSTED,2025-07-23 04:25:21
TXN00042136,ACC003181,MER0023,2025-09-16 13:26:21,10.94,CAD,TRANSFER,DECLINED,2025-09-16 13:26:21
TXN00041193,ACC002920,MER0028,2025-07-10 21:31:25,4.38,USD,purchase,POSTED,2025-07-10 21:31:25
TXN00041736,ACC003904,MER0148,2025-09-09 11:56:05,16.89,USD,DEPOSIT,PENDING,2025-09-09 11:56:05
TXN00040765,ACC001303,MER0064,2025-08-23 06:52:29,42.1,gbp,DEPOSIT,PENDING,2025-08-23 06:52:29
TXN00047206,ACC001173,MER0143,2025-07-20 15:44:16,6.69,GBP,WITHDRAWAL,POSTED,2025-07-20 15:44:16
TXN00047441,ACC002765,MER0012,2025-08-21 22:33:27,19.73,EUR,purchase,REVERSED,2025-08-21 22:33:27
TXN00008968,ACC003407,MER0074,2024-11-19 18:49:44,8.14,NGN,REFUND,REVERSED,2025-08-21 04:12:53
TXN00047839,ACC001929,MER0149,2025-09-23 17:55:17,179.55,gbp,TRANSFER,DECLINED,2025-09-23 17:55:17
TXN00042795,ACC001739,MER0084,2025-07-28 14:24:45,4.08,gbp,TRANSFER,DECLINED,2025-07-28 14:24:45
TXN00002195,ACC002191,MER0094,2025-05-18 21:45:41,19.54,CAD,WITHDRAWAL,DECLINED,2025-07-08 11:16:47
TXN00045906,ACC003500,MER0099,2025-08-21 14:06:58,26.5,usd,REFUND,DECLINED,2025-08-21 14:06:58
TXN00040120,ACC001773,MER0075,2025-08-14 18:46:47,17.05,JPY,WITHDRAWAL,posted,2025-08-14 18:46:47
TXN00041874,ACC000654,MER0145,2025-08-09 16:28:35,2.68,USD,PURCHASE,posted,2025-08-09 16:28:35
TXN00042453,ACC002587,MER0080,2025-09-17 12:53:02,12.58,JPY,purchase,posted,2025-09-17 12:53:02
TXN00044291,ACC001569,MER0044,2025-08-22 20:21:12,16.5,usd,DEPOSIT,POSTED,2025-08-22 20:21:12
TXN00040403,ACC003683,MER0054,2025-09-18 10:45:50,28.55,INR,purchase,POSTED,2025-09-18 10:45:50
TXN00047283,ACC002387,MER0129,2025-09-27 14:14:46,31.22,INR,TRANSFER,REVERSED,2025-09-27 14:14:46
TXN00044488,ACC003690,MER0047,2025-07-20 20:12:08,93.66,usd,WITHDRAWAL,posted,2025-07-20 20:12:08
TXN00043531,ACC001328,MER0123,2025-09-27 23:52:47,460.42,JPY,TRANSFER,REVERSED,2025-09-27 23:52:47
TXN00040950,ACC001029,MER0056,2025-07-22 16:52:54,13.75,gbp,purchase,POSTED,2025-07-22 16:52:54
TXN00045572,ACC001373,MER0105,2025-08-09 00:58:07,24.58,CAD,REFUND,DECLINED,2025-08-09 00:58:07
TXN00045851,ACC000608,MER0046,2025-09-11 12:57:44,12.67,GBP,DEPOSIT,DECLINED,2025-09-11 12:57:44
TXN00000516,ACC002904,MER0104,2024-02-09 19:04:14,596.57,INR,purchase,POSTED,2025-08-16 23:24:41
TXN00041643,ACC001886,MER0125,2025-08-31 22:46:30,30.85,CAD,WITHDRAWAL,POSTED,2025-08-31 22:46:30
TXN00047189,ACC000276,MER0118,2025-08-20 09:48:10,87.38,gbp,TRANSFER,posted,2025-08-20 09:48:10
TXN00040155,ACC001964,MER0105,2025-08-31 22:41:49,4.69,INR,DEPOSIT,posted,2025-08-31 22:41:49
TXN00047017,ACC002363,MER0137,2025-09-19 18:16:43,180.46,gbp,DEPOSIT,PENDING,2025-09-19 18:16:43
TXN00045531,ACC001599,MER0046,2025-07-31 12:43:53,24.44,usd,purchase,POSTED,2025-07-31 12:43:53
TXN00044452,ACC001937,MER0136,2025-07-27 15:59:01,27.32,gbp,PURCHASE,REVERSED,2025-07-27 15:59:01
TXN00041228,ACC001800,MER0007,2025-08-15 17:02:44,22.71,usd,DEPOSIT,DECLINED,2025-08-15 17:02:44
TXN00045839,ACC001461,MER0072,2025-07-11 06:37:34,4.56,EUR,TRANSFER,PENDING,2025-07-11 06:37:34
TXN00040286,ACC001117,MER0106,2025-09-07 16:00:28,51.52,JPY,purchase,DECLINED,2025-09-07 16:00:28
TXN00043047,ACC001672,MER0053,2025-07-13 16:47:26,9.6,EUR,DEPOSIT,REVERSED,2025-07-13 16:47:26
TXN00046867,ACC003057,MER0067,2025-08-15 01:05:05,83.14,CAD,purchase,posted,2025-08-15 01:05:05
TXN00042518,ACC003615,MER0135,2025-08-28 01:48:26,16.72,EUR,WITHDRAWAL,DECLINED,2025-08-28 01:48:26
TXN00046856,ACC001091,MER0092,2025-08-29 09:50:26,322.48,gbp,DEPOSIT,PENDING,2025-08-29 09:50:26
TXN00046486,ACC000493,MER0105,2025-09-11 03:05:52,58.29,EUR,purchase,DECLINED,2025-09-11 03:05:52
TXN00044980,ACC002503,MER0016,2025-09-21 17:02:13,18.41,USD,WITHDRAWAL,POSTED,2025-09-21 17:02:13
TXN00046053,ACC003198,MER0068,2025-09-28 03:06:56,99.35,NGN,TRANSFER,PENDING,2025-09-28 03:06:56
TXN00041843,ACC001867,MER0074,2025-08-03 04:09:04,9.93,gbp,REFUND,POSTED,2025-08-03 04:09:04
TXN00047939,ACC000454,MER0067,2025-07-28 16:09:17,34.53,gbp,REFUND,POSTED,2025-07-28 16:09:17
TXN00047404,ACC002210,MER0102,2025-07-03 17:11:39,10.11,JPY,WITHDRAWAL,POSTED,2025-07-03 17:11:39
TXN00041277,ACC001308,MER0119,2025-07-09 13:54:16,29.15,JPY,TRANSFER,POSTED,2025-07-09 13:54:16
TXN00040323,ACC001301,MER0070,2025-07-13 22:02:03,8.32,USD,DEPOSIT,PENDING,2025-07-13 22:02:03
TXN00044486,ACC002694,MER0084,2025-07-28 16:34:14,50.26,USD,TRANSFER,REVERSED,2025-07-28 16:34:14
TXN00042753,ACC002780,MER0052,2025-07-17 05:26:42,21.54,NGN,PURCHASE,POSTED,2025-07-17 05:26:42
TXN00041753,ACC002501,MER0025,2025-08-18 10:20:04,18.41,EUR,PURCHASE,PENDING,2025-08-18 10:20:04
TXN00040034,ACC000076,MER0032,2025-09-12 01:34:41,64.91,NGN,TRANSFER,posted,2025-09-12 01:34:41
TXN00042739,ACC003500,MER0036,2025-07-09 20:47:54,42.27,INR,DEPOSIT,POSTED,2025-07-09 20:47:54
TXN00044068,ACC001517,MER0050,2025-07-01 13:24:57,16.89,usd,TRANSFER,REVERSED,2025-07-01 13:24:57
TXN00030133,ACC000143,MER0073,2025-01-12 00:10:47,25.08,NGN,REFUND,DECLINED,2025-09-28 15:51:48
TXN00045178,ACC000326,MER0039,2025-08-11 14:55:49,71.23,gbp,WITHDRAWAL,posted,2025-08-11 14:55:49
TXN00047783,ACC001621,MER0022,2025-07-16 22:57:05,128.38,CAD,WITHDRAWAL,posted,2025-07-16 22:57:05
TXN00044389,ACC003134,MER0142,2025-09-22 01:29:01,9.82,gbp,purchase,PENDING,2025-09-22 01:29:01
TXN00040594,ACC000332,MER0106,2025-07-30 09:00:15,8.22,EUR,purchase,REVERSED,2025-07-30 09:00:15
TXN00043410,ACC000091,MER0124,2025-08-17 09:34:14,9.66,GBP,purchase,DECLINED,2025-08-17 09:34:14
TXN00040369,ACC001431,MER0139,2025-09-06 21:02:55,29.31,gbp,purchase,posted,2025-09-06 21:02:55
TXN00043391,ACC003385,MER0090,2025-07-28 20:04:07,7.39,INR,WITHDRAWAL,REVERSED,2025-07-28 20:04:07
TXN00042677,ACC000033,MER0130,2025-09-26 18:23:05,66.43,JPY,purchase,REVERSED,2025-09-26 18:23:05
TXN00040353,ACC000630,MER0058,2025-08-13 06:38:27,49.12,NGN,WITHDRAWAL,PENDING,2025-08-13 06:38:27
TXN00040303,ACC000256,MER0075,2025-07-30 22:51:44,83.41,NGN,PURCHASE,DECLINED,2025-07-30 22:51:44
TXN00041306,ACC001292,MER0114,2025-09-28 03:02:53,5.04,USD,REFUND,PENDING,2025-09-28 03:02:53
TXN00046827,ACC003841,MER0085,2025-07-03 11:46:05,9.47,EUR,DEPOSIT,PENDING,2025-07-03 11:46:05
TXN00043175,ACC001191,MER0090,2025-07-03 11:07:49,6.0,CAD,TRANSFER,posted,2025-07-03 11:07:49
TXN00040902,ACC002884,MER0072,2025-08-13 16:00:42,8.65,gbp,purchase,posted,2025-08-13 16:00:42
TXN00040658,ACC002330,MER0005,2025-09-25 00:28:06,16.13,usd,DEPOSIT,POSTED,2025-09-25 00:28:06
TXN00042784,ACC001639,MER0045,2025-08-28 15:29:52,18.56,JPY,REFUND,REVERSED,2025-08-28 15:29:52
TXN00046641,ACC001571,MER0077,2025-09-17 15:27:29,105.69,NGN,purchase,posted,2025-09-17 15:27:29
TXN00047724,ACC001236,MER0076,2025-08-15 10:19:00,66.0,USD,REFUND,posted,2025-08-15 10:19:00
TXN00045108,ACC002893,MER0056,2025-07-27 05:11:07,5.85,usd,PURCHASE,POSTED,2025-07-27 05:11:07
TXN00046868,ACC001336,MER0016,2025-09-15 16:57:22,3.18,USD,purchase,PENDING,2025-09-15 16:57:22
TXN00044264,ACC000157,MER0069,2025-07-05 18:02:24,4.34,usd,purchase,DECLINED,2025-07-05 18:02:24
TXN00043116,ACC003918,MER0142,2025-08-23 22:18:29,37.63,JPY,REFUND,PENDING,2025-08-23 22:18:29
TXN00044838,ACC000459,MER0051,2025-08-20 06:36:13,22.65,NGN,TRANSFER,DECLINED,2025-08-20 06:36:13
TXN00046963,ACC003219,MER0083,2025-08-19 04:52:26,32.23,JPY,WITHDRAWAL,DECLINED,2025-08-19 04:52:26
TXN00045822,ACC001400,MER0076,2025-08-08 05:59:51,68.12,USD,WITHDRAWAL,PENDING,2025-08-08 05:59:51
TXN00044548,ACC003827,MER0023,2025-08-31 11:48:00,6.18,GBP,DEPOSIT,POSTED,2025-08-31 11:48:00
TXN00047618,ACC000374,MER0128,2025-09-03 01:30:07,10.86,EUR,PURCHASE,DECLINED,2025-09-03 01:30:07
TXN00045653,ACC000041,MER0020,2025-09-09 04:06:36,215.49,usd,TRANSFER,posted,2025-09-09 04:06:36
TXN00042057,ACC000388,MER0058,2025-09-17 21:55:54,12.4,usd,PURCHASE,POSTED,2025-09-17 21:55:54
TXN00040670,ACC000859,MER0098,2025-09-14 20:25:39,3.08,NGN,purchase,POSTED,2025-09-14 20:25:39
TXN00044808,ACC001964,MER0047,2025-07-27 06:59:42,21.85,INR,purchase,posted,2025-07-27 06:59:42
TXN00041208,ACC003201,MER0093,2025-09-30 18:07:40,21.89,EUR,purchase,DECLINED,2025-09-30 18:07:40
TXN00044978,ACC001305,MER0095,2025-07-17 22:14:41,17.56,usd,PURCHASE,POSTED,2025-07-17 22:14:41
TXN00041927,ACC001127,MER0077,2025-09-06 09:18:47,93.05,EUR,REFUND,POSTED,2025-09-06 09:18:47
TXN00040987,ACC003579,MER0061,2025-08-17 11:12:19,8.08,INR,WITHDRAWAL,PENDING,2025-08-17 11:12:19
TXN00047282,ACC002587,MER0053,2025-08-25 17:53:43,9.89,EUR,TRANSFER,posted,2025-08-25 17:53:43
TXN00047074,ACC000942,MER0086,2025-08-24 00:45:06,17.58,usd,TRANSFER,REVERSED,2025-08-24 00:45:06
TXN00041869,ACC003257,MER0049,2025-09-14 01:36:43,6.14,USD,WITHDRAWAL,POSTED,2025-09-14 01:36:43
TXN00045278,ACC003347,MER0103,2025-09-22 02:34:48,22.19,INR,PURCHASE,posted,2025-09-22 02:34:48
TXN00042240,ACC002959,MER0143,2025-09-22 18:21:21,11.87,JPY,TRANSFER,posted,2025-09-22 18:21:21
TXN00045042,ACC003664,MER0034,2025-08-14 06:47:41,15.39,gbp,PURCHASE,DECLINED,2025-08-14 06:47:41
TXN00044049,ACC001058,MER0056,2025-08-24 18:30:43,12.91,usd,DEPOSIT,posted,2025-08-24 18:30:43
TXN00046603,ACC000086,MER0084,2025-08-04 12:13:58,29.48,usd,REFUND,posted,2025-08-04 12:13:58
TXN00046955,ACC001398,MER0032,2025-08-09 16:39:23,27.23,EUR,REFUND,PENDING,2025-08-09 16:39:23
TXN00047322,ACC001404,MER0075,2025-07-17 08:34:40,2.79,USD,DEPOSIT,POSTED,2025-07-17 08:34:40
TXN00043403,ACC002005,MER0131,2025-08-15 09:53:34,95.7,usd,purchase,POSTED,2025-08-15 09:53:34
TXN00041003,ACC003341,MER0125,2025-07-07 10:42:15,50.42,NGN,REFUND,REVERSED,2025-07-07 10:42:15
TXN00046766,ACC000039,MER0101,2025-07-05 14:37:25,22.68,CAD,TRANSFER,PENDING,2025-07-05 14:37:25
TXN00046332,ACC003800,MER0117,2025-07-28 07:59:50,6.72,gbp,purchase,posted,2025-07-28 07:59:50
TXN00046398,ACC000282,MER0087,2025-08-16 20:35:07,23.48,CAD,TRANSFER,posted,2025-08-16 20:35:07
TXN00046862,ACC001916,MER0118,2025-08-01 02:27:57,9.3,usd,purchase,PENDING,2025-08-01 02:27:57
TXN00044444,ACC000883,MER0008,2025-07-09 18:24:14,26.85,CAD,WITHDRAWAL,DECLINED,2025-07-09 18:24:14
TXN00043477,ACC000037,MER0143,2025-08-28 10:11:06,26.02,gbp,TRANSFER,DECLINED,2025-08-28 10:11:06
TXN00044712,ACC003085,MER0031,2025-08-25 23:37:01,102.74,INR,DEPOSIT,PENDING,2025-08-25 23:37:01
TXN00047022,ACC000631,MER0020,2025-08-04 11:40:01,28.42,EUR,TRANSFER,DECLINED,2025-08-04 11:40:01
TXN00040285,ACC000652,MER0132,2025-08-03 03:13:11,63.91,GBP,PURCHASE,DECLINED,2025-08-03 03:13:11
TXN00045349,ACC001776,MER0097,2025-07-30 13:27:04,17.49,usd,purchase,POSTED,2025-07-30 13:27:04
TXN00043293,ACC002184,MER0138,2025-08-19 16:56:01,29.55,gbp,PURCHASE,DECLINED,2025-08-19 16:56:01
TXN00047249,ACC002481,MER0007,2025-07-14 09:36:15,79.22,GBP,REFUND,POSTED,2025-07-14 09:36:15
TXN00047718,ACC000035,MER0127,2025-08-24 21:26:26,10.16,USD,DEPOSIT,PENDING,2025-08-24 21:26:26
TXN00041432,ACC002857,MER0139,2025-07-02 04:35:08,236.08,GBP,WITHDRAWAL,PENDING,2025-07-02 04:35:08
TXN00044925,ACC001115,MER0012,2025-08-20 11:12:35,19.61,GBP,DEPOSIT,PENDING,2025-08-20 11:12:35
TXN00043852,ACC001688,MER0141,2025-09-14 17:11:51,32610.33,USD,purchase,REVERSED,2025-09-14 17:11:51
TXN00013728,ACC003512,MER0121,2024-06-30 12:05:30,3.26,USD,purchase,POSTED,2025-09-06 07:06:54
TXN00042887,ACC000133,MER0091,2025-08-20 03:07:16,18.77,NGN,DEPOSIT,POSTED,2025-08-20 03:07:16
TXN00043841,ACC002514,MER0121,2025-09-27 03:10:24,27.41,NGN,TRANSFER,PENDING,2025-09-27 03:10:24
TXN00046177,ACC000591,MER0106,2025-09-07 12:01:04,6.43,usd,WITHDRAWAL,posted,2025-09-07 12:01:04
TXN00040421,ACC003678,MER0040,2025-08-06 20:54:48,101.88,JPY,DEPOSIT,DECLINED,2025-08-06 20:54:48
TXN00047825,ACC002281,MER0144,2025-07-28 15:36:13,32.84,USD,REFUND,DECLINED,2025-07-28 15:36:13
TXN00042737,ACC002333,MER0056,2025-08-24 20:24:54,231.45,JPY,TRANSFER,REVERSED,2025-08-24 20:24:54
TXN00041811,ACC002924,MER0023,2025-09-18 08:24:13,28.78,GBP,WITHDRAWAL,POSTED,2025-09-18 08:24:13
TXN00047284,ACC000377,MER0133,2025-09-05 00:12:13,26661.85,USD,PURCHASE,POSTED,2025-09-05 00:12:13
TXN00042127,ACC001207,MER0056,2025-07-09 20:42:26,2.24,GBP,DEPOSIT,PENDING,2025-07-09 20:42:26
TXN00046081,ACC001368,MER0101,2025-08-13 16:13:52,49.91,EUR,DEPOSIT,posted,2025-08-13 16:13:52
TXN00043661,ACC000987,MER0149,2025-07-01 02:22:59,51.76,JPY,TRANSFER,posted,2025-07-01 02:22:59
TXN00044191,ACC001867,MER0104,2025-07-09 04:49:04,9.83,NGN,TRANSFER,DECLINED,2025-07-09 04:49:04
TXN00045098,ACC003559,MER0092,2025-07-03 17:26:38,13.61,JPY,DEPOSIT,PENDING,2025-07-03 17:26:38
TXN00044796,ACC003779,MER0075,2025-08-31 08:07:57,166.46,JPY,DEPOSIT,PENDING,2025-08-31 08:07:57
TXN00042605,ACC003902,MER0099,2025-09-26 23:45:15,41.15,CAD,DEPOSIT,REVERSED,2025-09-26 23:45:15
TXN00047250,ACC000949,MER0140,2025-07-16 23:11:49,23.56,usd,DEPOSIT,REVERSED,2025-07-16 23:11:49
TXN00046711,ACC001294,MER0082,2025-07-08 14:32:54,46.66,GBP,purchase,PENDING,2025-07-08 14:32:54
TXN00043522,ACC003638,MER0118,2025-07-27 04:51:15,54.15,JPY,purchase,REVERSED,2025-07-27 04:51:15
TXN00006316,ACC003080,MER0030,2024-03-23 22:18:03,12040.69,GBP,DEPOSIT,REVERSED,2025-08-02 04:11:38
TXN00040746,ACC000232,MER0052,2025-08-31 09:06:46,88.5,usd,REFUND,posted,2025-08-31 09:06:46
TXN00040708,ACC003429,MER0125,2025-09-17 23:03:20,48.12,NGN,PURCHASE,PENDING,2025-09-17 23:03:20
TXN00043277,ACC001621,MER0098,2025-08-23 06:47:45,51.92,gbp,WITHDRAWAL,posted,2025-08-23 06:47:45
TXN00042428,ACC003641,MER0069,2025-07-14 00:41:30,6.05,INR,TRANSFER,posted,2025-07-14 00:41:30
TXN00043842,ACC001039,MER0123,2025-09-22 07:45:16,14.01,EUR,DEPOSIT,REVERSED,2025-09-22 07:45:16
TXN00040527,ACC003280,MER0046,2025-08-30 18:10:46,9.52,EUR,WITHDRAWAL,REVERSED,2025-08-30 18:10:46
TXN00047857,ACC003383,MER0108,2025-07-30 03:59:51,165.61,NGN,TRANSFER,REVERSED,2025-07-30 03:59:51
TXN00047391,ACC003595,MER0003,2025-07-17 08:05:16,22.97,INR,DEPOSIT,posted,2025-07-17 08:05:16
TXN00044160,ACC002155,MER0068,2025-07-02 21:44:37,6.3,INR,DEPOSIT,posted,2025-07-02 21:44:37
TXN00047497,ACC000008,MER0102,2025-07-03 08:35:28,17.58,usd,REFUND,POSTED,2025-07-03 08:35:28
TXN00043459,ACC003737,MER0144,2025-07-08 20:32:41,29.2,JPY,DEPOSIT,DECLINED,2025-07-08 20:32:41
TXN00044945,ACC003435,MER0003,2025-08-29 16:50:48,12.87,INR,purchase,PENDING,2025-08-29 16:50:48
TXN00041079,ACC000147,MER0036,2025-07-09 20:33:55,53.57,gbp,DEPOSIT,posted,2025-07-09 20:33:55
TXN00041674,ACC002545,MER0117,2025-07-29 20:57:11,42.52,EUR,PURCHASE,PENDING,2025-07-29 20:57:11
TXN00044235,ACC001964,MER0025,2025-07-07 11:36:05,441.6,USD,DEPOSIT,DECLINED,2025-07-07 11:36:05
TXN00046819,ACC000648,MER0069,2025-07-22 06:22:06,5.09,usd,REFUND,DECLINED,2025-07-22 06:22:06
TXN00043153,ACC000338,MER0057,2025-09-06 01:42:33,61.84,usd,WITHDRAWAL,REVERSED,2025-09-06 01:42:33
TXN00042406,ACC000247,MER0143,2025-08-17 12:19:20,24.07,usd,WITHDRAWAL,POSTED,2025-08-17 12:19:20
TXN00047218,ACC000547,MER0031,2025-09-22 19:08:51,8.62,JPY,WITHDRAWAL,REVERSED,2025-09-22 19:08:51
TXN00025604,ACC002936,MER0108,2024-07-13 00:50:23,9.35,usd,REFUND,DECLINED,2025-09-17 00:45:30
TXN00041083,ACC002328,MER0132,2025-09-07 13:57:24,16.69,GBP,DEPOSIT,PENDING,2025-09-07 13:57:24
TXN00045121,ACC001011,MER0102,2025-07-15 02:49:52,64.04,usd,purchase,POSTED,2025-07-15 02:49:52
TXN00040893,ACC001363,MER0010,2025-08-08 19:12:25,45.22,gbp,TRANSFER,posted,2025-08-08 19:12:25
TXN00045861,ACC002639,MER0123,2025-08-07 10:48:28,18.38,usd,WITHDRAWAL,POSTED,2025-08-07 10:48:28
TXN00046233,ACC002346,MER0107,2025-08-30 02:53:44,201.6,EUR,PURCHASE,posted,2025-08-30 02:53:44
TXN00045692,ACC003297,MER0037,2025-09-29 22:17:38,27.48,USD,WITHDRAWAL,POSTED,2025-09-29 22:17:38
TXN00047600,ACC001447,MER0068,2025-07-15 05:19:46,41.57,GBP,DEPOSIT,REVERSED,2025-07-15 05:19:46
TXN00044632,ACC000169,MER0033,2025-07-10 17:32:41,5.5,GBP,DEPOSIT,REVERSED,2025-07-10 17:32:41
TXN00041137,ACC003670,MER0013,2025-09-01 09:11:35,75.89,EUR,purchase,POSTED,2025-09-01 09:11:35
TXN00043165,ACC003096,MER0078,2025-09-17 17:24:05,2.42,INR,WITHDRAWAL,POSTED,2025-09-17 17:24:05
TXN00047179,ACC003691,MER0046,2025-09-04 17:52:59,23.51,INR,PURCHASE,DECLINED,2025-09-04 17:52:59
TXN00040071,ACC002949,MER0084,2025-08-24 19:11:59,20.48,usd,TRANSFER,posted,2025-08-24 19:11:59
TXN00042811,ACC000980,MER0139,2025-08-11 12:51:01,274.71,CAD,REFUND,PENDING,2025-08-11 12:51:01
TXN00042201,ACC002134,MER0101,2025-08-31 22:20:20,23.85,NGN,TRANSFER,DECLINED,2025-08-31 22:20:20
TXN00044118,ACC000896,MER0026,2025-08-08 12:22:34,19.51,gbp,REFUND,REVERSED,2025-08-08 12:22:34
TXN00042703,ACC000658,MER0042,2025-07-02 08:59:23,10.71,JPY,TRANSFER,PENDING,2025-07-02 08:59:23
TXN00047966,ACC001281,MER0094,2025-08-22 19:05:01,10.6,INR,WITHDRAWAL,REVERSED,2025-08-22 19:05:01
TXN00041930,ACC000062,MER0101,2025-08-21 18:27:53,28.0,usd,DEPOSIT,DECLINED,2025-08-21 18:27:53
TXN00045384,ACC002965,MER0073,2025-07-06 12:18:25,62.35,usd,PURCHASE,REVERSED,2025-07-06 12:18:25
TXN00044537,ACC003123,MER0118,2025-09-02 21:39:51,10.67,NGN,REFUND,PENDING,2025-09-02 21:39:51
TXN00043361,ACC001407,MER0011,2025-07-13 03:46:33,225.22,INR,REFUND,POSTED,2025-07-13 03:46:33
TXN00046291,ACC003842,MER0115,2025-07-03 03:00:10,36369.24,CAD,DEPOSIT,POSTED,2025-07-03 03:00:10
TXN00044717,ACC001705,MER0026,2025-07-29 11:55:29,68.24,INR,PURCHASE,posted,2025-07-29 11:55:29
TXN00042321,ACC001992,MER0090,2025-07-03 11:09:51,38814.72,NGN,purchase,DECLINED,2025-07-03 11:09:51
TXN00042229,ACC002171,MER0036,2025-09-13 00:36:18,42.77,gbp,TRANSFER,posted,2025-09-13 00:36:18
TXN00047537,ACC003555,MER0073,2025-08-26 06:00:18,6.09,USD,WITHDRAWAL,POSTED,2025-08-26 06:00:18
TXN00045587,ACC003348,MER0030,2025-07-05 05:36:30,21572.66,EUR,TRANSFER,DECLINED,2025-07-05 05:36:30
TXN00042940,ACC002256,MER0029,2025-07-29 20:02:26,9.0,usd,PURCHASE,REVERSED,2025-07-29 20:02:26
TXN00040756,ACC003415,MER0102,2025-09-29 06:14:02,100.33,CAD,TRANSFER,posted,2025-09-29 06:14:02
TXN00046123,ACC003439,MER0081,2025-09-13 21:24:37,3.24,INR,WITHDRAWAL,PENDING,2025-09-13 21:24:37
TXN00046669,ACC002816,MER0115,2025-07-19 04:35:04,3.97,CAD,PURCHASE,posted,2025-07-19 04:35:04
TXN00041232,ACC000010,MER0109,2025-09-23 19:48:27,61.62,usd,PURCHASE,POSTED,2025-09-23 19:48:27
TXN00046329,ACC001813,MER0004,2025-07-27 21:30:59,26.1,gbp,TRANSFER,DECLINED,2025-07-27 21:30:59
TXN00045950,ACC000910,MER0016,2025-07-27 17:29:27,14.24,GBP,DEPOSIT,posted,2025-07-27 17:29:27
TXN00044272,ACC000320,MER0139,2025-08-28 08:10:08,9.77,gbp,TRANSFER,REVERSED,2025-08-28 08:10:08
TXN00046639,ACC002612,MER0023,2025-08-26 17:46:05,19.07,GBP,WITHDRAWAL,POSTED,2025-08-26 17:46:05
TXN00040447,ACC000250,MER0122,2025-09-21 02:34:45,23.57,USD,PURCHASE,POSTED,2025-09-21 02:34:45
TXN00043201,ACC001458,MER0143,2025-08-21 03:49:45,7.87,CAD,DEPOSIT,posted,2025-08-21 03:49:45
TXN00046651,ACC001035,MER0126,2025-08-04 11:50:39,24.95,GBP,purchase,POSTED,2025-08-04 11:50:39
TXN00047690,ACC002964,MER0004,2025-07-12 10:33:46,2.78,CAD,TRANSFER,DECLINED,2025-07-12 10:33:46
TXN00043406,ACC001907,MER0017,2025-08-28 06:08:10,33.27,CAD,WITHDRAWAL,posted,2025-08-28 06:08:10
TXN00045526,ACC003308,MER0140,2025-09-11 02:56:34,22.88,USD,purchase,PENDING,2025-09-11 02:56:34
TXN00043145,ACC002719,MER0012,2025-08-06 03:10:13,6.22,CAD,WITHDRAWAL,POSTED,2025-08-06 03:10:13
TXN00044402,ACC002993,MER0101,2025-09-03 13:23:07,33.05,NGN,DEPOSIT,POSTED,2025-09-03 13:23:07
TXN00044321,ACC003096,MER0031,2025-08-05 12:36:12,35.37,gbp,PURCHASE,POSTED,2025-08-05 12:36:12
TXN00043530,ACC003134,MER0029,2025-08-19 04:24:27,36.06,GBP,WITHDRAWAL,posted,2025-08-19 04:24:27
TXN00044616,ACC000752,MER0079,2025-09-19 02:39:15,14.01,GBP,DEPOSIT,POSTED,2025-09-19 02:39:15
TXN00043056,ACC003735,MER0096,2025-09-04 15:55:36,67.24,USD,DEPOSIT,DECLINED,2025-09-04 15:55:36
TXN00043220,ACC002211,MER0120,2025-09-11 11:42:49,62.86,CAD,purchase,DECLINED,2025-09-11 11:42:49
TXN00040015,ACC003863,MER0086,2025-08-23 05:09:38,79.54,EUR,purchase,POSTED,2025-08-23 05:09:38
TXN00045062,ACC000458,MER0118,2025-09-17 19:29:44,50.28,NGN,WITHDRAWAL,POSTED,2025-09-17 19:29:44
TXN00047354,ACC001403,MER0052,2025-09-16 16:23:27,116.99,usd,WITHDRAWAL,posted,2025-09-16 16:23:27
TXN00046857,ACC000587,MER0029,2025-07-13 09:18:39,43.43,GBP,purchase,REVERSED,2025-07-13 09:18:39
TXN00020061,ACC000985,MER0054,2025-03-29 13:56:00,29.91,usd,purchase,POSTED,2025-09-10 11:15:18
TXN00044278,ACC001660,MER0089,2025-08-21 00:26:36,6.51,INR,DEPOSIT,REVERSED,2025-08-21 00:26:36
TXN00047501,ACC001786,MER0122,2025-08-29 17:39:04,95.23,USD,REFUND,REVERSED,2025-08-29 17:39:04
TXN00044401,ACC001340,MER0080,2025-09-06 10:13:28,25.02,EUR,DEPOSIT,DECLINED,2025-09-06 10:13:28
TXN00042188,ACC002436,MER0094,2025-08-05 22:56:32,1.25,JPY,TRANSFER,REVERSED,2025-08-05 22:56:32
TXN00035529,ACC002858,MER0150,2024-04-29 04:44:53,12.02,INR,PURCHASE,POSTED,2025-08-11 06:35:21
TXN00040907,ACC002879,MER0072,2025-08-07 21:24:04,58.75,gbp,REFUND,DECLINED,2025-08-07 21:24:04
TXN00045728,ACC002570,MER0062,2025-09-30 14:41:28,23.44,CAD,DEPOSIT,PENDING,2025-09-30 14:41:28
TXN00043258,ACC000894,MER0066,2025-08-31 18:48:14,13.88,gbp,purchase,posted,2025-08-31 18:48:14
TXN00045915,ACC000121,MER0003,2025-09-21 19:57:00,84.9,CAD,TRANSFER,REVERSED,2025-09-21 19:57:00
TXN00041284,ACC001756,MER0092,2025-09-15 20:11:58,7.43,NGN,DEPOSIT,DECLINED,2025-09-15 20:11:58
TXN00041213,ACC003115,MER0127,2025-09-23 07:13:15,19.53,NGN,DEPOSIT,REVERSED,2025-09-23 07:13:15
TXN00042832,ACC001376,MER0138,2025-07-04 21:47:13,33.75,USD,TRANSFER,POSTED,2025-07-04 21:47:13
TXN00047658,ACC002769,MER0092,2025-08-06 18:10:22,105.48,usd,DEPOSIT,REVERSED,2025-08-06 18:10:22
TXN00037569,ACC002339,MER0080,2025-01-01 14:36:24,8.81,INR,WITHDRAWAL,DECLINED,2025-09-18 04:40:58
TXN00022028,ACC000739,MER0048,2024-12-22 15:28:04,71.82,USD,PURCHASE,POSTED,2025-07-02 01:14:23
TXN00025707,ACC002174,MER0120,2025-05-17 01:56:39,41.74,GBP,TRANSFER,POSTED,2025-08-27 22:25:46
TXN00047967,ACC001030,MER0009,2025-08-27 08:59:09,30.76,NGN,TRANSFER,REVERSED,2025-08-27 08:59:09
TXN00045053,ACC000707,MER0072,2025-07-23 08:42:06,5.63,gbp,DEPOSIT,REVERSED,2025-07-23 08:42:06
TXN00046613,ACC000624,MER0108,2025-07-14 17:49:44,12.82,gbp,PURCHASE,DECLINED,2025-07-14 17:49:44
TXN00041815,ACC003374,MER0066,2025-07-05 16:26:42,4.13,GBP,REFUND,DECLINED,2025-07-05 16:26:42
TXN00047006,ACC001548,MER0118,2025-07-30 10:04:43,22.84,usd,WITHDRAWAL,DECLINED,2025-07-30 10:04:43
TXN00043168,ACC002594,MER0047,2025-09-19 00:52:56,34.25,INR,WITHDRAWAL,PENDING,2025-09-19 00:52:56
TXN00047852,ACC003224,MER0146,2025-09-11 10:38:28,29.97,JPY,purchase,PENDING,2025-09-11 10:38:28
TXN00042750,ACC002791,MER0018,2025-07-28 12:46:31,8.32,INR,PURCHASE,PENDING,2025-07-28 12:46:31
TXN00047016,ACC002390,MER0140,2025-08-05 20:58:21,82.3,EUR,PURCHASE,POSTED,2025-08-05 20:58:21
TXN00043255,ACC002688,MER0066,2025-08-01 01:47:48,13.79,INR,REFUND,REVERSED,2025-08-01 01:47:48
TXN00047788,ACC003919,MER0064,2025-09-01 04:09:04,25.73,JPY,TRANSFER,posted,2025-09-01 04:09:04
TXN00043581,ACC003547,MER0148,2025-09-26 06:18:07,105.19,EUR,DEPOSIT,REVERSED,2025-09-26 06:18:07
TXN00044543,ACC002597,MER0055,2025-07-24 13:35:33,8.24,CAD,PURCHASE,PENDING,2025-07-24 13:35:33
TXN00046533,ACC002819,MER0143,2025-07-01 04:22:00,52.77,USD,WITHDRAWAL,DECLINED,2025-07-01 04:22:00
TXN00045649,ACC002723,MER0096,2025-07-27 06:44:46,19.72,CAD,DEPOSIT,REVERSED,2025-07-27 06:44:46
TXN00041382,ACC003862,MER0042,2025-07-30 17:40:17,29.95,usd,DEPOSIT,REVERSED,2025-07-30 17:40:17
TXN00042734,ACC002398,MER0080,2025-07-19 23:19:12,16.88,JPY,purchase,REVERSED,2025-07-19 23:19:12
TXN00041659,ACC001532,MER0149,2025-07-10 16:40:01,65.03,GBP,TRANSFER,PENDING,2025-07-10 16:40:01
TXN00041848,ACC002909,MER0148,2025-09-05 17:07:50,9.56,NGN,DEPOSIT,PENDING,2025-09-05 17:07:50
TXN00045896,ACC000860,MER0122,2025-08-16 20:17:37,33.16,gbp,REFUND,PENDING,2025-08-16 20:17:37
TXN00040430,ACC002360,MER0002,2025-08-24 04:21:56,68.78,CAD,PURCHASE,POSTED,2025-08-24 04:21:56
TXN00045064,ACC000855,MER0021,2025-07-05 07:32:17,23.91,USD,PURCHASE,posted,2025-07-05 07:32:17
TXN00046584,ACC000427,MER0144,2025-07-21 22:10:14,101.47,GBP,DEPOSIT,DECLINED,2025-07-21 22:10:14
TXN00042680,ACC001176,MER0065,2025-09-03 18:53:43,65.81,gbp,WITHDRAWAL,DECLINED,2025-09-03 18:53:43
TXN00045716,ACC002449,MER0057,2025-08-29 19:39:33,67.28,gbp,REFUND,REVERSED,2025-08-29 19:39:33
TXN00046058,ACC003253,MER0097,2025-07-26 03:19:56,18.14,INR,DEPOSIT,PENDING,2025-07-26 03:19:56
TXN00044103,ACC000558,MER0051,2025-07-26 05:36:18,31.15,usd,WITHDRAWAL,POSTED,2025-07-26 05:36:18
TXN00047606,ACC001289,MER0046,2025-09-20 08:37:59,6.15,JPY,WITHDRAWAL,PENDING,2025-09-20 08:37:59
TXN00044112,ACC003870,MER0097,2025-07-23 23:12:56,30.86,CAD,TRANSFER,posted,2025-07-23 23:12:56
TXN00042492,ACC001274,MER0098,2025-09-05 19:36:33,139.59,usd,PURCHASE,DECLINED,2025-09-05 19:36:33
TXN00040998,ACC001239,MER0088,2025-08-28 04:05:57,4.83,GBP,PURCHASE,posted,2025-08-28 04:05:57
TXN00040122,ACC003479,MER0048,2025-08-24 10:36:56,24.28,INR,purchase,POSTED,2025-08-24 10:36:56
TXN00047544,ACC002322,MER0094,2025-07-30 01:32:42,25.02,NGN,PURCHASE,POSTED,2025-07-30 01:32:42
TXN00043359,ACC000305,MER0060,2025-09-24 22:22:03,19.78,NGN,TRANSFER,POSTED,2025-09-24 22:22:03
TXN00041463,ACC003093,MER0074,2025-09-25 03:23:47,76.83,JPY,WITHDRAWAL,PENDING,2025-09-25 03:23:47
TXN00044593,ACC002470,MER0085,2025-08-27 01:30:45,63.31,CAD,TRANSFER,PENDING,2025-08-27 01:30:45
TXN00042722,ACC003104,MER0076,2025-08-31 05:02:28,32.89,USD,WITHDRAWAL,POSTED,2025-08-31 05:02:28
TXN00045886,ACC002173,MER0023,2025-08-09 15:21:42,4.67,GBP,REFUND,PENDING,2025-08-09 15:21:42
TXN00043563,ACC003083,MER0127,2025-07-06 00:01:27,62.74,EUR,PURCHASE,PENDING,2025-07-06 00:01:27
TXN00046929,ACC003164,MER0067,2025-09-08 02:40:22,95.98,JPY,DEPOSIT,DECLINED,2025-09-08 02:40:22
TXN00043827,ACC001754,MER0083,2025-07-20 00:49:46,10.81,gbp,purchase,posted,2025-07-20 00:49:46
TXN00041203,ACC000336,MER0099,2025-07-28 11:33:51,6.0,usd,REFUND,DECLINED,2025-07-28 11:33:51
TXN00043514,ACC001558,MER0092,2025-07-30 11:44:26,62.14,USD,purchase,PENDING,2025-07-30 11:44:26
TXN00042733,ACC003175,MER0036,2025-07-16 15:04:01,18.22,JPY,PURCHASE,posted,2025-07-16 15:04:01
TXN00041647,ACC003732,MER0123,2025-09-06 01:37:40,2.76,USD,TRANSFER,DECLINED,2025-09-06 01:37:40
TXN00042264,ACC002520,MER0138,2025-09-02 18:56:07,41.14,JPY,DEPOSIT,REVERSED,2025-09-02 18:56:07
TXN00047728,ACC003070,MER0026,2025-07-19 12:36:00,2.76,JPY,purchase,PENDING,2025-07-19 12:36:00
TXN00042077,ACC000046,MER0119,2025-09-14 13:47:38,54.85,CAD,WITHDRAWAL,DECLINED,2025-09-14 13:47:38
TXN00043045,ACC002600,MER0023,2025-07-16 05:49:07,8.73,NGN,WITHDRAWAL,DECLINED,2025-07-16 05:49:07
TXN00046741,ACC000449,MER0119,2025-09-09 23:43:26,9.9,CAD,PURCHASE,posted,2025-09-09 23:43:26
TXN00041135,ACC002676,MER0112,2025-08-30 03:35:25,76.17,GBP,REFUND,POSTED,2025-08-30 03:35:25
TXN00041677,ACC003126,MER0073,2025-08-31 13:02:16,15.3,EUR,REFUND,DECLINED,2025-08-31 13:02:16
TXN00043146,ACC001416,MER0119,2025-08-07 02:06:14,44.33,GBP,TRANSFER,DECLINED,2025-08-07 02:06:14
TXN00045147,ACC001515,MER0049,2025-07-10 14:36:04,11.99,GBP,DEPOSIT,PENDING,2025-07-10 14:36:04
TXN00044015,ACC000104,MER0094,2025-09-05 05:10:28,13.23,EUR,WITHDRAWAL,POSTED,2025-09-05 05:10:28
TXN00044556,ACC003365,MER0096,2025-08-29 06:16:57,93.76,CAD,WITHDRAWAL,posted,2025-08-29 06:16:57
TXN00041274,ACC000380,MER0132,2025-07-24 04:01:04,85.83,JPY,DEPOSIT,REVERSED,2025-07-24 04:01:04
TXN00041486,ACC000912,MER0132,2025-07-01 06:06:46,19.36,GBP,purchase,PENDING,2025-07-01 06:06:46
TXN00041570,ACC001376,MER0040,2025-09-09 19:54:14,50.83,gbp,PURCHASE,posted,2025-09-09 19:54:14
TXN00044940,ACC002099,MER0091,2025-07-05 06:46:11,2.96,EUR,REFUND,DECLINED,2025-07-05 06:46:11
TXN00043802,ACC002682,MER0040,2025-08-07 03:52:10,99.69,USD,PURCHASE,DECLINED,2025-08-07 03:52:10
TXN00043931,ACC000758,MER0057,2025-09-11 05:05:59,15.31,JPY,WITHDRAWAL,DECLINED,2025-09-11 05:05:59
TXN00043004,ACC002877,MER0007,2025-08-19 22:06:45,2.51,usd,TRANSFER,posted,2025-08-19 22:06:45
TXN00045431,ACC002517,MER0007,2025-09-25 11:22:28,32.72,gbp,TRANSFER,PENDING,2025-09-25 11:22:28
TXN00046094,ACC003806,MER0107,2025-09-17 13:09:02,158.66,CAD,DEPOSIT,posted,2025-09-17 13:09:02
TXN00046718,ACC000529,MER0095,2025-08-13 10:13:51,25.25,gbp,REFUND,DECLINED,2025-08-13 10:13:51
TXN00043193,ACC003875,MER0056,2025-08-01 12:54:28,12.62,INR,REFUND,POSTED,2025-08-01 12:54:28
TXN00045109,ACC003828,MER0015,2025-08-10 00:41:13,5.03,CAD,WITHDRAWAL,REVERSED,2025-08-10 00:41:13
TXN00042634,ACC003155,MER0024,2025-09-21 03:31:08,5.05,NGN,purchase,PENDING,2025-09-21 03:31:08
TXN00042380,ACC001076,MER0142,2025-07-06 22:21:26,49.85,GBP,WITHDRAWAL,DECLINED,2025-07-06 22:21:26
TXN00047460,ACC000296,MER0059,2025-07-05 03:39:34,11.18,CAD,WITHDRAWAL,POSTED,2025-07-05 03:39:34
TXN00043030,ACC001079,MER0065,2025-08-01 17:04:16,19.68,INR,PURCHASE,DECLINED,2025-08-01 17:04:16
TXN00046649,ACC003587,MER0095,2025-09-20 21:55:02,27.14,usd,purchase,REVERSED,2025-09-20 21:55:02
TXN00023531,ACC003816,MER0123,2024-07-21 19:24:22,27.87,gbp,TRANSFER,POSTED,2025-09-03 19:59:37
TXN00046277,ACC003218,MER0017,2025-08-13 02:21:17,13.98,NGN,REFUND,DECLINED,2025-08-13 02:21:17
TXN00043746,ACC003246,MER0049,2025-09-23 02:52:35,53.37,CAD,WITHDRAWAL,PENDING,2025-09-23 02:52:35
TXN00041340,ACC003109,MER0038,2025-07-08 16:00:03,46.75,CAD,DEPOSIT,DECLINED,2025-07-08 16:00:03
TXN00042660,ACC003309,MER0053,2025-09-16 05:54:38,28.01,GBP,REFUND,PENDING,2025-09-16 05:54:38
TXN00002020,ACC001028,MER0019,2024-01-12 03:53:56,14.48,USD,WITHDRAWAL,DECLINED,2025-07-12 22:35:40
TXN00043534,ACC001310,MER0075,2025-08-12 01:02:06,7.13,gbp,DEPOSIT,POSTED,2025-08-12 01:02:06
TXN00040538,ACC002917,MER0027,2025-08-31 15:06:16,10.62,NGN,TRANSFER,PENDING,2025-08-31 15:06:16
TXN00047561,ACC000211,MER0061,2025-09-12 16:03:49,13.6,usd,PURCHASE,DECLINED,2025-09-12 16:03:49
TXN00041682,ACC001075,MER0084,2025-07-20 22:21:22,20.18,EUR,PURCHASE,PENDING,2025-07-20 22:21:22
TXN00042675,ACC003502,MER0139,2025-09-21 07:31:37,39.02,JPY,DEPOSIT,REVERSED,2025-09-21 07:31:37
TXN00044001,ACC001365,MER0033,2025-08-14 03:02:38,18.96,USD,TRANSFER,REVERSED,2025-08-14 03:02:38
TXN00040688,ACC001945,MER0075,2025-08-23 23:35:15,100.23,INR,WITHDRAWAL,POSTED,2025-08-23 23:35:15
TXN00047679,ACC001526,MER0057,2025-07-14 19:49:47,9.88,gbp,PURCHASE,POSTED,2025-07-14 19:49:47
TXN00046910,ACC002799,MER0140,2025-07-26 07:27:09,55.74,CAD,REFUND,PENDING,2025-07-26 07:27:09
TXN00045382,ACC002442,MER0034,2025-09-01 17:00:04,17.39,USD,PURCHASE,REVERSED,2025-09-01 17:00:04
TXN00040376,ACC002293,MER0104,2025-08-28 12:46:14,25.83,EUR,REFUND,REVERSED,2025-08-28 12:46:14
TXN00041120,ACC000273,MER0088,2025-09-23 09:24:31,35.11,JPY,purchase,PENDING,2025-09-23 09:24:31
TXN00040031,ACC003707,MER0012,2025-08-02 09:27:00,4.51,CAD,WITHDRAWAL,POSTED,2025-08-02 09:27:00
TXN00042701,ACC002386,MER0105,2025-08-28 18:24:10,10.11,GBP,WITHDRAWAL,posted,2025-08-28 18:24:10
TXN00045162,ACC002478,MER0115,2025-08-09 16:05:02,25.51,CAD,purchase,DECLINED,2025-08-09 16:05:02
TXN00046734,ACC003430,MER0140,2025-07-25 03:20:18,11.95,INR,purchase,POSTED,2025-07-25 03:20:18
TXN00040187,ACC000526,MER0015,2025-08-19 06:20:35,5.35,NGN,DEPOSIT,PENDING,2025-08-19 06:20:35
TXN00040814,ACC002610,MER0149,2025-07-17 23:13:34,52.31,INR,purchase,POSTED,2025-07-17 23:13:34
TXN00047552,ACC003277,MER0122,2025-09-14 02:30:51,28.37,GBP,DEPOSIT,DECLINED,2025-09-14 02:30:51
TXN00040908,ACC001209,MER0016,2025-07-07 10:32:41,16.37,JPY,PURCHASE,REVERSED,2025-07-07 10:32:41
TXN00045961,ACC001959,MER0129,2025-08-05 16:59:58,11.89,JPY,purchase,posted,2025-08-05 16:59:58
TXN00047472,ACC002379,MER0094,2025-09-28 11:56:22,10.93,GBP,purchase,posted,2025-09-28 11:56:22
TXN00042515,ACC003906,MER0105,2025-07-08 12:55:12,12.26,gbp,purchase,posted,2025-07-08 12:55:12
TXN00047875,ACC003581,MER0048,2025-09-12 01:12:45,24787.33,GBP,WITHDRAWAL,REVERSED,2025-09-12 01:12:45
TXN00045670,ACC000114,MER0026,2025-07-03 11:56:20,64.86,INR,DEPOSIT,POSTED,2025-07-03 11:56:20
TXN00040176,ACC001036,MER0113,2025-08-18 10:41:06,11.24,USD,purchase,REVERSED,2025-08-18 10:41:06
TXN00045425,ACC002322,MER0060,2025-09-24 11:04:38,16.71,gbp,TRANSFER,DECLINED,2025-09-24 11:04:38
TXN00035154,ACC003833,MER0040,2024-08-28 02:06:16,16.04,INR,DEPOSIT,REVERSED,2025-07-25 08:33:42
TXN00047054,ACC001222,MER0024,2025-09-07 20:49:10,20.3,usd,REFUND,PENDING,2025-09-07 20:49:10
TXN00042632,ACC002594,MER0067,2025-08-08 00:38:30,78.56,usd,purchase,PENDING,2025-08-08 00:38:30
TXN00045133,ACC002016,MER0104,2025-09-21 20:46:21,28.27,INR,DEPOSIT,PENDING,2025-09-21 20:46:21
TXN00042320,ACC000646,MER0137,2025-08-10 15:29:55,39.47,GBP,WITHDRAWAL,POSTED,2025-08-10 15:29:55
TXN00044371,ACC002692,MER0123,2025-08-30 13:44:57,13.82,EUR,DEPOSIT,POSTED,2025-08-30 13:44:57
TXN00047038,ACC002193,MER0113,2025-07-18 18:30:43,6.17,usd,DEPOSIT,posted,2025-07-18 18:30:43
TXN00045544,ACC003337,MER0125,2025-09-11 16:30:54,8.36,GBP,WITHDRAWAL,REVERSED,2025-09-11 16:30:54
TXN00041851,ACC001475,MER0010,2025-08-20 03:19:15,6.12,GBP,purchase,posted,2025-08-20 03:19:15
TXN00042979,ACC002179,MER0077,2025-09-05 07:58:20,8.17,EUR,REFUND,posted,2025-09-05 07:58:20
TXN00047008,ACC003085,MER0015,2025-07-24 13:50:41,131.83,NGN,DEPOSIT,PENDING,2025-07-24 13:50:41
TXN00043225,ACC001881,MER0100,2025-09-09 19:45:28,18.09,gbp,purchase,DECLINED,2025-09-09 19:45:28
TXN00047186,ACC000952,MER0126,2025-08-31 02:50:50,23.14,GBP,REFUND,posted,2025-08-31 02:50:50
TXN00040177,ACC000536,MER0099,2025-09-11 04:39:36,28.5,gbp,DEPOSIT,POSTED,2025-09-11 04:39:36
TXN00040730,ACC001061,MER0067,2025-08-08 04:09:41,7.77,usd,DEPOSIT,POSTED,2025-08-08 04:09:41
TXN00040297,ACC002700,MER0092,2025-07-18 00:40:49,5.33,usd,WITHDRAWAL,REVERSED,2025-07-18 00:40:49
TXN00044109,ACC003137,MER0088,2025-09-18 00:23:14,136.59,USD,purchase,DECLINED,2025-09-18 00:23:14
TXN00044998,ACC002848,MER0010,2025-08-25 22:49:22,6.34,NGN,REFUND,POSTED,2025-08-25 22:49:22
TXN00046726,ACC000525,MER0145,2025-09-08 06:49:51,31.5,GBP,REFUND,DECLINED,2025-09-08 06:49:51
TXN00046420,ACC001225,MER0079,2025-08-05 16:36:17,1.78,NGN,TRANSFER,REVERSED,2025-08-05 16:36:17
TXN00045209,ACC001210,MER0124,2025-09-02 15:49:01,89.21,EUR,purchase,PENDING,2025-09-02 15:49:01
TXN00044863,ACC003786,MER0021,2025-08-06 15:28:51,18.44,gbp,DEPOSIT,REVERSED,2025-08-06 15:28:51
TXN00040665,ACC003804,MER0010,2025-09-17 18:14:42,12.95,JPY,DEPOSIT,DECLINED,2025-09-17 18:14:42
TXN00041899,ACC000561,MER0011,2025-08-14 22:26:35,2.46,INR,REFUND,PENDING,2025-08-14 22:26:35
TXN00044536,ACC003009,MER0034,2025-09-24 01:37:33,12.3,GBP,WITHDRAWAL,POSTED,2025-09-24 01:37:33
TXN00044587,ACC000501,MER0015,2025-09-05 13:59:13,26.71,JPY,TRANSFER,posted,2025-09-05 13:59:13
TXN00045899,ACC002331,MER0022,2025-09-26 03:27:57,6.8,gbp,purchase,PENDING,2025-09-26 03:27:57
TXN00040646,ACC002182,MER0067,2025-08-22 10:30:56,15.37,EUR,WITHDRAWAL,posted,2025-08-22 10:30:56
TXN00045056,ACC000410,MER0061,2025-09-29 11:59:18,51.19,CAD,WITHDRAWAL,PENDING,2025-09-29 11:59:18
TXN00042409,ACC003630,MER0147,2025-09-12 04:33:05,31.93,usd,REFUND,PENDING,2025-09-12 04:33:05
TXN00047235,ACC002559,MER0148,2025-07-08 10:13:10,4.42,USD,TRANSFER,posted,2025-07-08 10:13:10
TXN00042941,ACC003726,MER0053,2025-09-21 08:20:22,13.72,JPY,DEPOSIT,POSTED,2025-09-21 08:20:22
TXN00017957,ACC000347,MER0078,2024-08-20 23:57:54,42.61,JPY,DEPOSIT,POSTED,2025-09-20 06:35:23
TXN00040694,ACC003379,MER0131,2025-07-14 23:02:24,18.48,gbp,REFUND,DECLINED,2025-07-14 23:02:24
TXN00046518,ACC000304,MER0067,2025-07-05 04:52:51,1.32,EUR,PURCHASE,REVERSED,2025-07-05 04:52:51
TXN00040358,ACC002762,MER0057,2025-07-15 21:38:19,9.01,usd,DEPOSIT,DECLINED,2025-07-15 21:38:19
TXN00040166,ACC000550,MER0146,2025-08-20 01:09:41,131.13,EUR,PURCHASE,PENDING,2025-08-20 01:09:41
TXN00043585,ACC003001,MER0090,2025-09-06 20:35:42,56.33,EUR,TRANSFER,DECLINED,2025-09-06 20:35:42
TXN00024727,ACC001837,MER0077,2024-10-07 18:00:50,25.52,NGN,DEPOSIT,POSTED,2025-08-09 10:30:22
TXN00040726,ACC001254,MER0099,2025-09-04 21:41:16,91.1,usd,WITHDRAWAL,PENDING,2025-09-04 21:41:16
TXN00046795,ACC000480,MER0011,2025-09-27 22:49:30,23.83,EUR,purchase,REVERSED,2025-09-27 22:49:30
TXN00042944,ACC000004,MER0063,2025-09-06 09:00:20,30.75,GBP,WITHDRAWAL,REVERSED,2025-09-06 09:00:20
TXN00045126,ACC000954,MER0147,2025-08-21 12:55:57,3.72,CAD,TRANSFER,POSTED,2025-08-21 12:55:57
TXN00044275,ACC001352,MER0124,2025-09-19 05:02:13,6.74,gbp,WITHDRAWAL,PENDING,2025-09-19 05:02:13
TXN00043696,ACC003598,MER0064,2025-08-24 13:40:52,3.8,EUR,REFUND,POSTED,2025-08-24 13:40:52
TXN00045318,ACC003488,MER0072,2025-08-12 06:46:01,17.26,GBP,purchase,posted,2025-08-12 06:46:01
TXN00046386,ACC000235,MER0108,2025-09-03 09:53:48,13.49,NGN,WITHDRAWAL,PENDING,2025-09-03 09:53:48
TXN00045978,ACC003035,MER0081,2025-08-22 01:19:40,224.02,JPY,DEPOSIT,REVERSED,2025-08-22 01:19:40
TXN00040409,ACC002120,MER0027,2025-09-06 09:32:08,51.87,GBP,DEPOSIT,DECLINED,2025-09-06 09:32:08
TXN00040923,ACC003180,MER0117,2025-09-01 13:42:06,24.62,gbp,DEPOSIT,DECLINED,2025-09-01 13:42:06
TXN00046564,ACC003251,MER0080,2025-07-22 07:04:11,144.35,gbp,DEPOSIT,REVERSED,2025-07-22 07:04:11
TXN00043433,ACC000203,MER0003,2025-07-11 09:39:13,60.23,NGN,REFUND,PENDING,2025-07-11 09:39:13
TXN00045872,ACC003721,MER0009,2025-07-03 11:24:02,23.12,NGN,WITHDRAWAL,PENDING,2025-07-03 11:24:02
TXN00046036,ACC003822,MER0053,2025-07-01 10:27:34,16.26,GBP,DEPOSIT,PENDING,2025-07-01 10:27:34
TXN00030021,ACC002726,MER0030,2024-10-14 19:56:56,22997.04,JPY,WITHDRAWAL,DECLINED,2025-08-20 18:31:53
TXN00042503,ACC003205,MER0067,2025-08-06 18:28:10,11.53,GBP,WITHDRAWAL,posted,2025-08-06 18:28:10
TXN00046006,ACC000309,MER0076,2025-09-05 13:51:12,14.81,NGN,PURCHASE,PENDING,2025-09-05 13:51:12
TXN00047315,ACC000155,MER0138,2025-08-31 09:53:11,21.88,gbp,TRANSFER,REVERSED,2025-08-31 09:53:11
TXN00046072,ACC000830,MER0093,2025-08-27 12:20:09,15.18,JPY,WITHDRAWAL,PENDING,2025-08-27 12:20:09
TXN00043751,ACC003515,MER0055,2025-07-23 15:02:06,43.74,USD,REFUND,POSTED,2025-07-23 15:02:06
TXN00041150,ACC000658,MER0144,2025-09-06 08:33:09,19.35,INR,REFUND,PENDING,2025-09-06 08:33:09
TXN00047433,ACC002860,MER0060,2025-08-27 02:22:01,24.55,USD,PURCHASE,PENDING,2025-08-27 02:22:01
TXN00042951,ACC002561,MER0107,2025-09-10 22:44:25,39.54,NGN,PURCHASE,POSTED,2025-09-10 22:44:25
TXN00047840,ACC002155,MER0071,2025-07-27 09:29:25,3.97,NGN,DEPOSIT,REVERSED,2025-07-27 09:29:25
TXN00047345,ACC002977,MER0135,2025-08-01 08:45:04,3.62,JPY,TRANSFER,DECLINED,2025-08-01 08:45:04
TXN00044569,ACC002652,MER0108,2025-07-26 05:44:35,21.54,GBP,WITHDRAWAL,DECLINED,2025-07-26 05:44:35
TXN00040041,ACC003620,MER0081,2025-09-07 09:11:24,9.07,GBP,REFUND,posted,2025-09-07 09:11:24
TXN00044231,ACC001008,MER0008,2025-07-13 23:44:21,62.45,EUR,PURCHASE,PENDING,2025-07-13 23:44:21
TXN00044404,ACC002433,MER0144,2025-09-15 06:38:44,35697.38,CAD,DEPOSIT,PENDING,2025-09-15 06:38:44
TXN00043396,ACC003485,MER0054,2025-07-25 00:54:06,96.6,USD,PURCHASE,PENDING,2025-07-25 00:54:06
TXN00046499,ACC003615,MER0085,2025-09-02 02:01:31,18.08,usd,TRANSFER,posted,2025-09-02 02:01:31
TXN00044525,ACC001690,MER0111,2025-09-14 15:49:40,40.81,usd,WITHDRAWAL,PENDING,2025-09-14 15:49:40
TXN00043589,ACC003119,MER0062,2025-07-22 11:59:34,17.89,usd,WITHDRAWAL,PENDING,2025-07-22 11:59:34
TXN00040812,ACC001528,MER0063,2025-07-06 09:34:51,13.07,INR,TRANSFER,DECLINED,2025-07-06 09:34:51
TXN00046484,ACC001231,MER0004,2025-07-12 14:39:39,16.22,CAD,REFUND,REVERSED,2025-07-12 14:39:39
TXN00044989,ACC000580,MER0018,2025-09-16 05:55:05,20.87,USD,TRANSFER,DECLINED,2025-09-16 05:55:05
TXN00046156,ACC002102,MER0017,2025-07-11 16:20:51,5.18,NGN,WITHDRAWAL,REVERSED,2025-07-11 16:20:51
TXN00045735,ACC000292,MER0136,2025-09-02 10:38:40,20.27,INR,PURCHASE,POSTED,2025-09-02 10:38:40
TXN00014997,ACC002228,MER0130,2025-03-01 15:37:01,4.98,USD,REFUND,REVERSED,2025-08-21 19:43:18
TXN00003877,ACC001046,MER0098,2024-03-09 08:33:53,65.53,NGN,DEPOSIT,REVERSED,2025-07-16 16:12:17
TXN00042526,ACC000644,MER0024,2025-08-10 14:11:38,8.27,gbp,WITHDRAWAL,posted,2025-08-10 14:11:38
TXN00041824,ACC002425,MER0084,2025-09-30 07:33:15,38.4,GBP,DEPOSIT,DECLINED,2025-09-30 07:33:15
TXN00045654,ACC003169,MER0006,2025-08-21 01:01:40,79.87,EUR,DEPOSIT,POSTED,2025-08-21 01:01:40
TXN00044555,ACC001359,MER0064,2025-07-12 20:07:17,16.4,CAD,purchase,POSTED,2025-07-12 20:07:17
TXN00047727,ACC002226,MER0114,2025-07-26 10:54:45,69.46,INR,DEPOSIT,PENDING,2025-07-26 10:54:45
TXN00043580,ACC001376,MER0049,2025-08-07 18:59:10,4.96,CAD,purchase,PENDING,2025-08-07 18:59:10
TXN00040363,ACC003606,MER0051,2025-07-01 21:09:43,20.0,NGN,DEPOSIT,DECLINED,2025-07-01 21:09:43
TXN00045646,ACC001866,MER0144,2025-08-17 05:03:08,10.15,CAD,WITHDRAWAL,DECLINED,2025-08-17 05:03:08
TXN00042182,ACC003906,MER0024,2025-08-11 12:56:28,12.39,gbp,REFUND,DECLINED,2025-08-11 12:56:28
TXN00046621,ACC000427,MER0041,2025-07-09 05:13:05,18.38,CAD,REFUND,PENDING,2025-07-09 05:13:05
TXN00046480,ACC000825,MER0108,2025-09-04 05:47:24,18.4,usd,PURCHASE,POSTED,2025-09-04 05:47:24
TXN00044887,ACC000439,MER0079,2025-09-16 03:04:51,237.46,gbp,TRANSFER,REVERSED,2025-09-16 03:04:51
TXN00042007,ACC000766,MER0028,2025-07-11 07:49:25,176.11,gbp,DEPOSIT,REVERSED,2025-07-11 07:49:25
TXN00040509,ACC003662,MER0069,2025-07-18 03:41:09,11.45,CAD,PURCHASE,DECLINED,2025-07-18 03:41:09
TXN00043688,ACC002380,MER0032,2025-08-24 07:43:22,32.2,gbp,WITHDRAWAL,posted,2025-08-24 07:43:22
TXN00043338,ACC001412,MER0025,2025-08-06 07:11:39,78.2,CAD,WITHDRAWAL,POSTED,2025-08-06 07:11:39
TXN00041343,ACC002043,MER0091,2025-09-10 01:28:06,6.09,NGN,REFUND,PENDING,2025-09-10 01:28:06
TXN00042342,ACC001093,MER0033,2025-07-10 01:41:12,8.61,gbp,DEPOSIT,DECLINED,2025-07-10 01:41:12
TXN00044080,ACC002101,MER0045,2025-07-19 06:50:11,6.1,gbp,DEPOSIT,PENDING,2025-07-19 06:50:11
TXN00047506,ACC001861,MER0146,2025-08-11 11:22:54,21.47,CAD,REFUND,DECLINED,2025-08-11 11:22:54
TXN00041466,ACC000393,MER0018,2025-08-18 13:40:20,51.73,JPY,WITHDRAWAL,PENDING,2025-08-18 13:40:20
TXN00043786,ACC002096,MER0009,2025-08-18 16:26:14,4.8,JPY,PURCHASE,DECLINED,2025-08-18 16:26:14
TXN00047137,ACC003364,MER0122,2025-08-22 06:10:54,67.7,EUR,TRANSFER,DECLINED,2025-08-22 06:10:54
TXN00041896,ACC000469,MER0002,2025-09-19 12:49:10,52.84,GBP,PURCHASE,DECLINED,2025-09-19 12:49:10
TXN00042251,ACC002466,MER0061,2025-08-19 20:03:15,20.06,JPY,PURCHASE,posted,2025-08-19 20:03:15
TXN00040442,ACC003869,MER0013,2025-07-26 02:33:44,43.45,gbp,DEPOSIT,PENDING,2025-07-26 02:33:44
TXN00039204,ACC002667,MER0084,2025-03-05 23:11:25,98.28,GBP,TRANSFER,REVERSED,2025-08-20 07:08:12
TXN00043832,ACC000096,MER0035,2025-08-26 03:46:04,2.58,INR,WITHDRAWAL,REVERSED,2025-08-26 03:46:04
TXN00042292,ACC002360,MER0071,2025-08-30 13:27:10,9.44,GBP,PURCHASE,PENDING,2025-08-30 13:27:10
TXN00042476,ACC001127,MER0027,2025-09-20 14:42:26,2.12,EUR,TRANSFER,posted,2025-09-20 14:42:26
TXN00041227,ACC002629,MER0106,2025-08-16 12:26:56,11.95,JPY,TRANSFER,POSTED,2025-08-16 12:26:56
TXN00044400,ACC002460,MER0132,2025-07-05 03:27:44,9.04,CAD,purchase,REVERSED,2025-07-05 03:27:44
TXN00041564,ACC003790,MER0024,2025-09-04 07:52:11,14.38,gbp,TRANSFER,DECLINED,2025-09-04 07:52:11
TXN00040066,ACC000941,MER0132,2025-09-12 20:52:22,18.33,usd,PURCHASE,REVERSED,2025-09-12 20:52:22
TXN00044281,ACC003114,MER0049,2025-09-15 04:43:57,11.61,CAD,WITHDRAWAL,posted,2025-09-15 04:43:57
TXN00042045,ACC003636,MER0149,2025-07-14 23:43:50,32.08,JPY,REFUND,DECLINED,2025-07-14 23:43:50
TXN00043239,ACC003828,MER0080,2025-07-07 02:00:56,10.09,GBP,DEPOSIT,REVERSED,2025-07-07 02:00:56
TXN00046553,ACC000150,MER0109,2025-08-23 15:16:12,6.59,INR,REFUND,PENDING,2025-08-23 15:16:12
TXN00041609,ACC000176,MER0049,2025-09-10 10:50:30,12.34,usd,TRANSFER,POSTED,2025-09-10 10:50:30
TXN00043205,ACC001229,MER0096,2025-09-04 04:21:46,21.17,CAD,purchase,posted,2025-09-04 04:21:46
TXN00042581,ACC003628,MER0076,2025-07-22 06:14:11,12.59,USD,WITHDRAWAL,REVERSED,2025-07-22 06:14:11
TXN00043337,ACC001059,MER0141,2025-08-28 17:47:59,7.25,gbp,WITHDRAWAL,DECLINED,2025-08-28 17:47:59
TXN00044937,ACC001647,MER0041,2025-09-16 07:25:07,38.21,GBP,REFUND,PENDING,2025-09-16 07:25:07
TXN00043847,ACC002167,MER0048,2025-07-31 11:08:40,100.92,INR,PURCHASE,PENDING,2025-07-31 11:08:40
TXN00045119,ACC000442,MER0091,2025-09-14 20:57:46,36.81,CAD,PURCHASE,posted,2025-09-14 20:57:46
TXN00046133,ACC003762,MER0021,2025-08-09 21:43:44,22.01,EUR,DEPOSIT,DECLINED,2025-08-09 21:43:44
TXN00041299,ACC001348,MER0018,2025-09-20 13:32:45,3.56,gbp,PURCHASE,POSTED,2025-09-20 13:32:45
TXN00043463,ACC002384,MER0075,2025-09-02 07:14:40,22.59,NGN,DEPOSIT,REVERSED,2025-09-02 07:14:40
TXN00040871,ACC003700,MER0084,2025-07-04 09:27:30,64.43,usd,purchase,REVERSED,2025-07-04 09:27:30
TXN00044533,ACC001591,MER0003,2025-07-30 01:14:18,81.57,usd,DEPOSIT,REVERSED,2025-07-30 01:14:18
TXN00047080,ACC003521,MER0056,2025-07-25 09:06:23,45.23,JPY,WITHDRAWAL,posted,2025-07-25 09:06:23
TXN00031459,ACC003476,MER0079,2025-02-20 10:20:33,122.68,INR,WITHDRAWAL,POSTED,2025-07-15 12:38:04
TXN00043639,ACC000936,MER0003,2025-08-23 22:47:45,5.07,GBP,DEPOSIT,PENDING,2025-08-23 22:47:45
TXN00020158,ACC001718,MER0097,2024-04-07 20:29:09,20.7,usd,purchase,REVERSED,2025-07-06 07:10:39
TXN00047203,ACC002484,MER0080,2025-09-12 01:05:38,11.14,JPY,PURCHASE,posted,2025-09-12 01:05:38
TXN00045281,ACC003655,MER0114,2025-07-13 06:03:41,18.67,NGN,REFUND,POSTED,2025-07-13 06:03:41
TXN00040005,ACC001592,MER0060,2025-07-09 18:35:29,47.51,EUR,PURCHASE,POSTED,2025-07-09 18:35:29
TXN00047130,ACC001467,MER0107,2025-09-16 00:05:21,35.18,USD,purchase,DECLINED,2025-09-16 00:05:21
TXN00040825,ACC003799,MER0096,2025-09-26 12:11:08,12.5,EUR,purchase,POSTED,2025-09-26 12:11:08
TXN00046937,ACC002943,MER0055,2025-07-13 14:14:20,99.95,JPY,purchase,POSTED,2025-07-13 14:14:20
TXN00042361,ACC002761,MER0030,2025-08-23 12:01:29,13.33,NGN,PURCHASE,REVERSED,2025-08-23 12:01:29
TXN00042363,ACC003724,MER0096,2025-08-10 20:39:24,17.65,JPY,PURCHASE,REVERSED,2025-08-10 20:39:24
TXN00046616,ACC001237,MER0092,2025-08-02 13:22:50,26.58,EUR,DEPOSIT,REVERSED,2025-08-02 13:22:50
TXN00043131,ACC001377,MER0083,2025-08-29 04:01:17,13.48,INR,WITHDRAWAL,posted,2025-08-29 04:01:17
TXN00042193,ACC001203,MER0054,2025-08-03 11:13:51,96.64,NGN,purchase,REVERSED,2025-08-03 11:13:51
TXN00041857,ACC002291,MER0079,2025-07-07 13:31:45,5.95,NGN,TRANSFER,posted,2025-07-07 13:31:45
TXN00046850,ACC001748,MER0100,2025-08-20 22:03:17,37.78,gbp,DEPOSIT,PENDING,2025-08-20 22:03:17
TXN00045086,ACC001433,MER0051,2025-07-17 05:52:40,22.8,INR,DEPOSIT,posted,2025-07-17 05:52:40
TXN00040775,ACC003588,MER0035,2025-09-28 00:32:15,55.73,gbp,REFUND,POSTED,2025-09-28 00:32:15
TXN00046387,ACC001404,MER0087,2025-08-20 12:09:00,35.94,GBP,REFUND,POSTED,2025-08-20 12:09:00
TXN00045155,ACC003213,MER0033,2025-08-09 19:31:28,24.94,JPY,WITHDRAWAL,posted,2025-08-09 19:31:28
TXN00041417,ACC002315,MER0143,2025-07-17 11:28:40,70.28,usd,WITHDRAWAL,PENDING,2025-07-17 11:28:40
TXN00041400,ACC001820,MER0127,2025-08-27 23:14:36,2.58,GBP,WITHDRAWAL,DECLINED,2025-08-27 23:14:36
TXN00046441,ACC001532,MER0017,2025-09-30 11:18:03,4.88,usd,purchase,POSTED,2025-09-30 11:18:03
TXN00040315,ACC000389,MER0103,2025-09-01 07:49:50,11.25,NGN,DEPOSIT,DECLINED,2025-09-01 07:49:50
TXN00046105,ACC000627,MER0096,2025-08-08 07:32:47,19.48,EUR,WITHDRAWAL,DECLINED,2025-08-08 07:32:47
TXN00042857,ACC002568,MER0036,2025-09-29 13:23:36,45.7,gbp,purchase,posted,2025-09-29 13:23:36
TXN00045445,ACC001404,MER0021,2025-08-13 18:13:54,34.27,GBP,REFUND,PENDING,2025-08-13 18:13:54
TXN00040019,ACC001128,MER0110,2025-08-17 23:21:28,8.53,INR,REFUND,PENDING,2025-08-17 23:21:28
TXN00042505,ACC000057,MER0149,2025-09-11 06:21:27,62.74,USD,REFUND,PENDING,2025-09-11 06:21:27
TXN00044154,ACC002961,MER0119,2025-07-12 13:39:19,48.18,USD,PURCHASE,posted,2025-07-12 13:39:19
TXN00046568,ACC001153,MER0011,2025-07-26 14:53:43,142.96,USD,PURCHASE,REVERSED,2025-07-26 14:53:43
TXN00042042,ACC001265,MER0046,2025-09-03 03:45:10,29.49,INR,PURCHASE,POSTED,2025-09-03 03:45:10
TXN00046422,ACC002296,MER0024,2025-09-12 05:29:32,31.94,JPY,PURCHASE,REVERSED,2025-09-12 05:29:32
TXN00042597,ACC002281,MER0108,2025-07-29 07:48:06,37.91,USD,DEPOSIT,REVERSED,2025-07-29 07:48:06
TXN00043446,ACC003729,MER0128,2025-08-12 11:48:32,19.9,gbp,TRANSFER,PENDING,2025-08-12 11:48:32
TXN00046466,ACC000722,MER0118,2025-08-22 06:03:02,6.99,USD,TRANSFER,DECLINED,2025-08-22 06:03:02
TXN00046599,ACC002905,MER0052,2025-08-16 20:30:24,28.32,NGN,purchase,POSTED,2025-08-16 20:30:24
TXN00041948,ACC003063,MER0068,2025-09-25 07:46:30,113.49,gbp,REFUND,DECLINED,2025-09-25 07:46:30
TXN00041017,ACC003496,MER0145,2025-09-05 00:55:18,18.16,INR,PURCHASE,posted,2025-09-05 00:55:18
TXN00043374,ACC000032,MER0097,2025-08-26 09:37:10,15.98,USD,TRANSFER,POSTED,2025-08-26 09:37:10
TXN00040663,ACC001500,MER0095,2025-07-24 13:11:01,35.16,NGN,purchase,DECLINED,2025-07-24 13:11:01
TXN00044585,ACC001784,MER0003,2025-08-19 23:05:36,103.29,JPY,PURCHASE,PENDING,2025-08-19 23:05:36
TXN00047796,ACC002769,MER0012,2025-08-27 10:49:30,28.63,INR,WITHDRAWAL,posted,2025-08-27 10:49:30
TXN00041957,ACC003594,MER0058,2025-07-26 10:08:02,21.91,gbp,DEPOSIT,posted,2025-07-26 10:08:02
TXN00047613,ACC001241,MER0081,2025-08-02 07:33:33,19.05,GBP,WITHDRAWAL,posted,2025-08-02 07:33:33
TXN00040208,ACC003338,MER0108,2025-07-26 17:07:47,24.93,JPY,TRANSFER,PENDING,2025-07-26 17:07:47
TXN00045142,ACC002446,MER0069,2025-09-12 14:03:32,2.63,EUR,PURCHASE,PENDING,2025-09-12 14:03:32
TXN00013424,ACC002963,MER0089,2025-01-29 05:08:50,19.07,gbp,DEPOSIT,POSTED,2025-08-10 11:26:32
TXN00043685,ACC000586,MER0128,2025-08-15 05:13:30,49.72,NGN,PURCHASE,POSTED,2025-08-15 05:13:30
TXN00042554,ACC000558,MER0054,2025-07-21 04:22:00,14.53,USD,PURCHASE,POSTED,2025-07-21 04:22:00
TXN00044482,ACC000445,MER0101,2025-09-08 00:57:30,60.55,gbp,WITHDRAWAL,posted,2025-09-08 00:57:30
TXN00047169,ACC001118,MER0132,2025-08-20 13:54:29,16.57,GBP,DEPOSIT,posted,2025-08-20 13:54:29
TXN00044185,ACC003252,MER0044,2025-09-07 13:50:42,19.15,GBP,PURCHASE,PENDING,2025-09-07 13:50:42
TXN00038994,ACC003751,MER0074,2024-07-24 00:14:31,34.73,GBP,TRANSFER,REVERSED,2025-07-06 16:43:14
TXN00041895,ACC003890,MER0143,2025-09-06 06:05:08,31105.58,EUR,TRANSFER,PENDING,2025-09-06 06:05:08
TXN00009021,ACC001019,MER0131,2025-05-18 21:49:14,33.09,CAD,PURCHASE,REVERSED,2025-09-06 20:18:44
TXN00044022,ACC000927,MER0008,2025-08-10 09:53:44,7.02,NGN,PURCHASE,REVERSED,2025-08-10 09:53:44
TXN00040889,ACC001102,MER0010,2025-08-30 14:45:31,2.04,INR,WITHDRAWAL,POSTED,2025-08-30 14:45:31
TXN00042010,ACC000288,MER0127,2025-07-19 10:05:34,32.05,JPY,PURCHASE,DECLINED,2025-07-19 10:05:34
TXN00047304,ACC000199,MER0118,2025-09-19 03:33:48,15.09,USD,DEPOSIT,REVERSED,2025-09-19 03:33:48
TXN00045480,ACC002349,MER0009,2025-08-23 08:47:01,53.15,EUR,PURCHASE,posted,2025-08-23 08:47:01
TXN00045440,ACC003137,MER0036,2025-07-03 03:00:17,156.26,usd,PURCHASE,REVERSED,2025-07-03 03:00:17
TXN00041625,ACC000873,MER0147,2025-08-01 02:48:53,40.93,NGN,REFUND,posted,2025-08-01 02:48:53
TXN00046510,ACC002195,MER0079,2025-08-12 15:14:08,20.31,EUR,purchase,posted,2025-08-12 15:14:08
TXN00045107,ACC003813,MER0015,2025-08-21 13:48:00,4.66,INR,PURCHASE,POSTED,2025-08-21 13:48:00
TXN00044383,ACC000514,MER0013,2025-08-21 07:51:47,83.41,INR,purchase,POSTED,2025-08-21 07:51:47
TXN00040705,ACC002632,MER0040,2025-09-15 03:22:23,23.37,CAD,TRANSFER,posted,2025-09-15 03:22:23
TXN00047678,ACC002428,MER0069,2025-08-27 07:05:07,21.45,NGN,purchase,posted,2025-08-27 07:05:07
TXN00043422,ACC003184,MER0115,2025-08-24 20:25:06,78.08,NGN,DEPOSIT,posted,2025-08-24 20:25:06
TXN00010170,ACC000542,MER0041,2025-06-29 00:12:50,16.35,EUR,TRANSFER,DECLINED,2025-09-09 19:49:26
TXN00046225,ACC001608,MER0023,2025-07-17 17:17:26,188.49,usd,DEPOSIT,REVERSED,2025-07-17 17:17:26
TXN00041704,ACC002276,MER0118,2025-07-23 17:20:27,9.36,GBP,REFUND,posted,2025-07-23 17:20:27
TXN00045229,ACC001300,MER0035,2025-07-27 17:14:11,10.9,EUR,WITHDRAWAL,DECLINED,2025-07-27 17:14:11
TXN00041197,ACC000750,MER0130,2025-09-06 11:39:22,3.42,USD,DEPOSIT,posted,2025-09-06 11:39:22
TXN00025762,ACC002816,MER0046,2024-02-19 15:29:25,18.66,USD,WITHDRAWAL,DECLINED,2025-07-03 00:44:39
TXN00044424,ACC001271,MER0045,2025-09-30 10:09:43,15.83,gbp,PURCHASE,DECLINED,2025-09-30 10:09:43
TXN00044694,ACC002578,MER0141,2025-07-14 23:05:20,22.87,JPY,purchase,POSTED,2025-07-14 23:05:20
TXN00041705,ACC003414,MER0136,2025-08-16 05:57:49,24.57,CAD,purchase,REVERSED,2025-08-16 05:57:49
TXN00047955,ACC003302,MER0130,2025-09-28 12:25:33,24.5,gbp,DEPOSIT,REVERSED,2025-09-28 12:25:33
TXN00042600,ACC000084,MER0042,2025-07-04 11:21:29,21.83,gbp,purchase,REVERSED,2025-07-04 11:21:29
TXN00043370,ACC001551,MER0147,2025-09-01 03:25:00,34.79,USD,WITHDRAWAL,PENDING,2025-09-01 03:25:00
TXN00008647,ACC000506,MER0109,2025-02-20 11:30:07,47.99,EUR,WITHDRAWAL,REVERSED,2025-09-28 02:30:44
TXN00040585,ACC000656,MER0020,2025-09-11 07:10:59,31.73,NGN,REFUND,DECLINED,2025-09-11 07:10:59
TXN00045959,ACC003109,MER0006,2025-08-28 05:21:43,42.01,INR,PURCHASE,posted,2025-08-28 05:21:43
TXN00046353,ACC001879,MER0008,2025-08-14 06:04:37,2.33,usd,REFUND,POSTED,2025-08-14 06:04:37
TXN00046128,ACC001386,MER0114,2025-09-05 11:22:11,25.04,CAD,TRANSFER,DECLINED,2025-09-05 11:22:11
TXN00047850,ACC001143,MER0037,2025-09-30 13:43:10,12.93,INR,WITHDRAWAL,POSTED,2025-09-30 13:43:10
TXN00046899,ACC003862,MER0051,2025-09-15 05:12:44,29.65,USD,WITHDRAWAL,POSTED,2025-09-15 05:12:44
TXN00046212,ACC002436,MER0099,2025-08-16 23:25:29,13.48,EUR,WITHDRAWAL,DECLINED,2025-08-16 23:25:29
TXN00040343,ACC000226,MER0125,2025-09-07 21:20:46,28.34,EUR,TRANSFER,DECLINED,2025-09-07 21:20:46
TXN00043180,ACC002439,MER0092,2025-09-21 04:52:59,12.05,NGN,DEPOSIT,PENDING,2025-09-21 04:52:59
TXN00045263,ACC001243,MER0082,2025-08-07 04:25:03,81.89,JPY,PURCHASE,POSTED,2025-08-07 04:25:03
TXN00042386,ACC001102,MER0020,2025-07-17 14:26:17,48.69,INR,WITHDRAWAL,DECLINED,2025-07-17 14:26:17
TXN00042166,ACC002771,MER0067,2025-08-30 14:04:27,6.11,USD,DEPOSIT,POSTED,2025-08-30 14:04:27
TXN00040341,ACC001305,MER0133,2025-08-02 12:09:16,15.25,GBP,purchase,DECLINED,2025-08-02 12:09:16
TXN00043787,ACC002512,MER0150,2025-07-29 10:16:27,31.57,CAD,REFUND,DECLINED,2025-07-29 10:16:27
TXN00020325,ACC001327,MER0094,2024-10-20 03:15:01,22.42,gbp,PURCHASE,REVERSED,2025-09-06 05:28:32
TXN00044250,ACC003755,MER0026,2025-08-14 19:01:34,15.94,INR,REFUND,posted,2025-08-14 19:01:34
TXN00045502,ACC000063,MER0106,2025-09-14 10:23:00,42.61,JPY,REFUND,PENDING,2025-09-14 10:23:00
TXN00045920,ACC001249,MER0112,2025-09-18 14:02:17,7.59,INR,DEPOSIT,POSTED,2025-09-18 14:02:17
TXN00047037,ACC002694,MER0004,2025-09-22 17:58:59,19.64,CAD,DEPOSIT,posted,2025-09-22 17:58:59
TXN00041959,ACC002878,MER0054,2025-08-22 04:35:30,121.22,usd,TRANSFER,DECLINED,2025-08-22 04:35:30
TXN00047276,ACC001380,MER0105,2025-09-17 00:59:20,40.72,JPY,DEPOSIT,POSTED,2025-09-17 00:59:20
TXN00047452,ACC002305,MER0090,2025-07-12 11:44:51,3.82,INR,TRANSFER,POSTED,2025-07-12 11:44:51
TXN00040395,ACC002850,MER0079,2025-09-18 14:27:09,17.36,EUR,TRANSFER,DECLINED,2025-09-18 14:27:09
TXN00045462,ACC001519,MER0097,2025-08-25 16:04:28,11.14,EUR,DEPOSIT,DECLINED,2025-08-25 16:04:28
TXN00043960,ACC002513,MER0058,2025-07-10 05:39:13,21.39,GBP,PURCHASE,DECLINED,2025-07-10 05:39:13
TXN00040615,ACC002992,MER0144,2025-08-15 11:57:38,12.85,NGN,REFUND,REVERSED,2025-08-15 11:57:38
TXN00044052,ACC000375,MER0088,2025-09-24 15:33:32,11.43,USD,PURCHASE,posted,2025-09-24 15:33:32
TXN00041347,ACC000172,MER0048,2025-08-16 23:45:08,277.14,CAD,REFUND,REVERSED,2025-08-16 23:45:08
TXN00021006,ACC001908,MER0013,2024-09-04 20:34:56,15.99,INR,DEPOSIT,POSTED,2025-09-25 08:05:46
TXN00031246,ACC001007,MER0130,2025-03-29 17:08:06,37.21,CAD,purchase,DECLINED,2025-07-13 09:50:55
TXN00044266,ACC000646,MER0067,2025-09-04 21:11:01,51.43,gbp,WITHDRAWAL,DECLINED,2025-09-04 21:11:01
TXN00046268,ACC000157,MER0042,2025-08-18 20:17:13,64.08,gbp,PURCHASE,posted,2025-08-18 20:17:13
TXN00044560,ACC003823,MER0065,2025-07-08 20:57:37,8.86,JPY,TRANSFER,PENDING,2025-07-08 20:57:37
TXN00042142,ACC001221,MER0114,2025-08-02 03:13:59,21.33,gbp,PURCHASE,REVERSED,2025-08-02 03:13:59
TXN00044658,ACC001321,MER0124,2025-08-27 10:20:50,36.51,gbp,TRANSFER,PENDING,2025-08-27 10:20:50
TXN00045198,ACC002359,MER0029,2025-07-29 10:26:13,71.43,CAD,DEPOSIT,PENDING,2025-07-29 10:26:13
TXN00046760,ACC003575,MER0099,2025-09-27 17:26:00,9.3,GBP,WITHDRAWAL,POSTED,2025-09-27 17:26:00
TXN00042102,ACC003496,MER0148,2025-09-09 15:07:18,63.44,GBP,REFUND,POSTED,2025-09-09 15:07:18
TXN00045025,ACC000332,MER0040,2025-09-02 12:22:46,61.04,USD,DEPOSIT,POSTED,2025-09-02 12:22:46
TXN00025020,ACC001579,MER0039,2024-07-06 00:36:23,9.95,NGN,DEPOSIT,REVERSED,2025-08-04 03:27:41
TXN00031178,ACC002433,MER0050,2025-04-09 10:45:50,12.54,GBP,DEPOSIT,DECLINED,2025-09-14 22:30:12
TXN00045523,ACC000896,MER0144,2025-07-19 08:15:23,170.39,GBP,PURCHASE,posted,2025-07-19 08:15:23
TXN00042400,ACC000416,MER0120,2025-09-19 04:25:58,6.83,GBP,PURCHASE,posted,2025-09-19 04:25:58
TXN00044868,ACC001177,MER0015,2025-09-29 16:18:06,8.76,NGN,REFUND,DECLINED,2025-09-29 16:18:06
TXN00040924,ACC001909,MER0044,2025-07-18 06:54:25,25.88,usd,REFUND,REVERSED,2025-07-18 06:54:25
TXN00047111,ACC002892,MER0099,2025-08-11 16:10:43,3.11,CAD,WITHDRAWAL,PENDING,2025-08-11 16:10:43
TXN00043059,ACC002846,MER0036,2025-08-11 12:03:06,21.63,EUR,DEPOSIT,REVERSED,2025-08-11 12:03:06
TXN00047239,ACC000616,MER0093,2025-09-29 22:12:33,8.35,gbp,REFUND,REVERSED,2025-09-29 22:12:33
TXN00043885,ACC003648,MER0075,2025-09-07 10:12:36,8.14,JPY,REFUND,posted,2025-09-07 10:12:36
TXN00047572,ACC002427,MER0088,2025-09-28 00:59:58,12.19,CAD,TRANSFER,posted,2025-09-28 00:59:58
TXN00042708,ACC001635,MER0090,2025-07-03 17:31:32,16.1,gbp,DEPOSIT,REVERSED,2025-07-03 17:31:32
TXN00044422,ACC002672,MER0051,2025-08-22 17:59:45,63.27,usd,PURCHASE,PENDING,2025-08-22 17:59:45
TXN00043956,ACC000774,MER0031,2025-07-19 19:55:11,33.32,usd,WITHDRAWAL,REVERSED,2025-07-19 19:55:11
TXN00046476,ACC000212,MER0019,2025-07-27 12:20:04,97.88,JPY,REFUND,PENDING,2025-07-27 12:20:04
TXN00045194,ACC001154,MER0030,2025-09-29 21:25:34,14.51,JPY,REFUND,posted,2025-09-29 21:25:34
TXN00043254,ACC000657,MER0054,2025-09-27 09:56:54,10.54,usd,purchase,REVERSED,2025-09-27 09:56:54
TXN00045791,ACC001526,MER0027,2025-09-17 00:57:14,31.02,JPY,TRANSFER,POSTED,2025-09-17 00:57:14
TXN00044445,ACC003908,MER0019,2025-08-22 19:42:06,45.08,GBP,purchase,PENDING,2025-08-22 19:42:06
TXN00041692,ACC002185,MER0053,2025-08-12 00:49:33,57.45,JPY,purchase,POSTED,2025-08-12 00:49:33
TXN00044776,ACC003900,MER0115,2025-07-25 22:05:07,23.37,usd,TRANSFER,POSTED,2025-07-25 22:05:07
TXN00004581,ACC003388,MER0016,2025-04-16 16:01:30,17.03,GBP,PURCHASE,REVERSED,2025-07-11 01:11:24
TXN00046019,ACC002111,MER0009,2025-09-07 20:16:24,9.52,EUR,DEPOSIT,REVERSED,2025-09-07 20:16:24
TXN00046736,ACC003927,MER0081,2025-07-12 12:34:52,74.37,EUR,purchase,posted,2025-07-12 12:34:52
TXN00045705,ACC003472,MER0075,2025-07-16 22:11:56,173.01,EUR,PURCHASE,posted,2025-07-16 22:11:56
TXN00040042,ACC003697,MER0140,2025-09-25 19:30:28,49.8,EUR,TRANSFER,REVERSED,2025-09-25 19:30:28
TXN00045076,ACC002110,MER0002,2025-07-13 17:15:59,19.03,CAD,REFUND,POSTED,2025-07-13 17:15:59
TXN00041575,ACC001133,MER0022,2025-07-09 17:20:27,59.07,usd,PURCHASE,posted,2025-07-09 17:20:27
TXN00040624,ACC000682,MER0133,2025-08-10 03:44:24,38.73,JPY,TRANSFER,POSTED,2025-08-10 03:44:24
TXN00042918,ACC001592,MER0084,2025-08-26 22:34:46,6.32,usd,REFUND,DECLINED,2025-08-26 22:34:46
TXN00046255,ACC000949,MER0082,2025-09-29 11:45:41,67.08,JPY,PURCHASE,PENDING,2025-09-29 11:45:41
TXN00044225,ACC000687,MER0091,2025-07-31 04:58:28,50.36,GBP,purchase,DECLINED,2025-07-31 04:58:28
TXN00047771,ACC000634,MER0036,2025-08-13 04:00:10,109.6,GBP,WITHDRAWAL,DECLINED,2025-08-13 04:00:10
TXN00028029,ACC001743,MER0083,2024-11-05 15:39:21,9.1,EUR,REFUND,POSTED,2025-07-08 10:49:01
TXN00042259,ACC002228,MER0015,2025-07-15 15:11:52,48.77,INR,REFUND,PENDING,2025-07-15 15:11:52
TXN00047983,ACC001887,MER0004,2025-07-09 13:59:31,81.13,usd,WITHDRAWAL,REVERSED,2025-07-09 13:59:31
TXN00044847,ACC000851,MER0148,2025-09-21 08:34:06,452.64,EUR,REFUND,DECLINED,2025-09-21 08:34:06
TXN00047615,ACC001305,MER0045,2025-08-01 20:07:25,67.76,NGN,DEPOSIT,posted,2025-08-01 20:07:25
TXN00014303,ACC002562,MER0117,2025-04-21 18:40:01,37.25,gbp,REFUND,POSTED,2025-07-13 10:26:21
TXN00044657,ACC003194,MER0002,2025-09-01 19:46:03,169.04,NGN,WITHDRAWAL,PENDING,2025-09-01 19:46:03
TXN00047394,ACC001281,MER0037,2025-08-13 14:23:25,41.01,EUR,PURCHASE,DECLINED,2025-08-13 14:23:25
TXN00040087,ACC000825,MER0085,2025-07-28 22:39:05,15.27,CAD,PURCHASE,DECLINED,2025-07-28 22:39:05
TXN00043957,ACC001580,MER0015,2025-07-13 16:41:26,29.1,CAD,PURCHASE,REVERSED,2025-07-13 16:41:26
TXN00044700,ACC002857,MER0019,2025-09-12 17:46:04,90.89,CAD,WITHDRAWAL,posted,2025-09-12 17:46:04
TXN00044810,ACC000912,MER0026,2025-09-26 13:11:53,0.87,JPY,DEPOSIT,POSTED,2025-09-26 13:11:53
TXN00046304,ACC002766,MER0026,2025-09-20 07:03:13,9.16,JPY,REFUND,POSTED,2025-09-20 07:03:13
TXN00045869,ACC002614,MER0144,2025-07-03 16:28:31,7.53,gbp,DEPOSIT,REVERSED,2025-07-03 16:28:31
TXN00046517,ACC000387,MER0122,2025-09-05 00:44:15,30185.26,NGN,WITHDRAWAL,DECLINED,2025-09-05 00:44:15
TXN00047030,ACC000527,MER0051,2025-07-14 07:27:45,1.86,CAD,purchase,REVERSED,2025-07-14 07:27:45
TXN00045325,ACC000376,MER0134,2025-07-05 00:30:54,20.62,NGN,REFUND,DECLINED,2025-07-05 00:30:54
TXN00043143,ACC001529,MER0059,2025-08-05 09:10:48,42.58,INR,PURCHASE,DECLINED,2025-08-05 09:10:48
TXN00043301,ACC003818,MER0009,2025-09-22 13:03:21,12.1,gbp,DEPOSIT,PENDING,2025-09-22 13:03:21
TXN00046663,ACC003762,MER0055,2025-09-22 11:58:40,4.64,GBP,REFUND,POSTED,2025-09-22 11:58:40
TXN00046514,ACC003812,MER0128,2025-07-15 12:11:35,14.19,GBP,PURCHASE,DECLINED,2025-07-15 12:11:35
TXN00045532,ACC001006,MER0146,2025-09-09 05:14:55,69.03,EUR,REFUND,REVERSED,2025-09-09 05:14:55
TXN00047326,ACC003720,MER0048,2025-07-15 23:23:01,33.73,usd,purchase,DECLINED,2025-07-15 23:23:01
TXN00042124,ACC001026,MER0028,2025-07-05 19:15:36,188.34,EUR,DEPOSIT,DECLINED,2025-07-05 19:15:36
TXN00045160,ACC000099,MER0055,2025-07-13 00:51:35,129.8,INR,DEPOSIT,REVERSED,2025-07-13 00:51:35
TXN00045165,ACC002933,MER0117,2025-07-12 14:02:51,57.68,usd,DEPOSIT,posted,2025-07-12 14:02:51
TXN00043156,ACC000754,MER0099,2025-08-22 10:47:02,103.53,usd,REFUND,REVERSED,2025-08-22 10:47:02
TXN00046327,ACC002329,MER0047,2025-09-01 16:57:10,4.6,GBP,purchase,PENDING,2025-09-01 16:57:10
TXN00013947,ACC001157,MER0049,2025-06-18 03:45:31,24.02,USD,TRANSFER,REVERSED,2025-09-02 19:46:10
TXN00041777,ACC000208,MER0059,2025-09-20 12:46:06,12.08,GBP,DEPOSIT,DECLINED,2025-09-20 12:46:06
TXN00045838,ACC000764,MER0019,2025-09-08 09:12:32,11.8,USD,PURCHASE,REVERSED,2025-09-08 09:12:32
TXN00042101,ACC002002,MER0007,2025-09-29 14:24:48,7.02,gbp,PURCHASE,POSTED,2025-09-29 14:24:48
TXN00040623,ACC003417,MER0138,2025-08-24 07:35:10,13147.81,NGN,REFUND,PENDING,2025-08-24 07:35:10
TXN00047170,ACC001977,MER0065,2025-07-29 09:00:35,32.52,INR,WITHDRAWAL,POSTED,2025-07-29 09:00:35
TXN00036045,ACC001344,MER0031,2024-07-29 07:40:11,6.03,EUR,TRANSFER,REVERSED,2025-09-02 01:57:29
TXN00043286,ACC000349,MER0073,2025-08-16 00:14:45,43.5,USD,PURCHASE,POSTED,2025-08-16 00:14:45
TXN00043789,ACC002628,MER0032,2025-08-03 06:51:09,25.09,usd,WITHDRAWAL,REVERSED,2025-08-03 06:51:09
TXN00046355,ACC002026,MER0138,2025-09-08 23:10:52,22.0,NGN,PURCHASE,PENDING,2025-09-08 23:10:52
TXN00045517,ACC003121,MER0109,2025-09-27 08:01:34,46.03,INR,WITHDRAWAL,REVERSED,2025-09-27 08:01:34
TXN00045729,ACC002455,MER0130,2025-09-10 04:49:23,18.39,CAD,PURCHASE,DECLINED,2025-09-10 04:49:23
TXN00045183,ACC003674,MER0141,2025-08-30 12:57:33,14.42,JPY,TRANSFER,POSTED,2025-08-30 12:57:33
TXN00041706,ACC003101,MER0102,2025-08-18 02:44:23,78.05,INR,REFUND,POSTED,2025-08-18 02:44:23
TXN00047643,ACC000454,MER0114,2025-07-16 07:49:39,63.22,GBP,PURCHASE,posted,2025-07-16 07:49:39
TXN00045244,ACC003789,MER0017,2025-07-14 03:22:18,56.95,gbp,WITHDRAWAL,REVERSED,2025-07-14 03:22:18
TXN00044994,ACC003848,MER0141,2025-09-10 22:20:15,8.93,gbp,REFUND,posted,2025-09-10 22:20:15
TXN00040652,ACC001208,MER0086,2025-09-18 13:46:17,29.41,CAD,PURCHASE,POSTED,2025-09-18 13:46:17
TXN00043049,ACC000767,MER0028,2025-07-11 03:17:32,27.19,USD,PURCHASE,posted,2025-07-11 03:17:32
TXN00040990,ACC001945,MER0055,2025-08-04 18:06:09,17.77,INR,purchase,PENDING,2025-08-04 18:06:09
TXN00045650,ACC003156,MER0032,2025-08-03 06:29:15,3.78,EUR,TRANSFER,PENDING,2025-08-03 06:29:15
TXN00042260,ACC000032,MER0137,2025-07-23 02:00:42,90.39,JPY,PURCHASE,REVERSED,2025-07-23 02:00:42
TXN00044897,ACC002311,MER0072,2025-08-25 10:19:12,34.25,JPY,PURCHASE,PENDING,2025-08-25 10:19:12
TXN00040048,ACC003054,MER0082,2025-09-21 01:04:48,20.94,CAD,purchase,PENDING,2025-09-21 01:04:48
TXN00044918,ACC003711,MER0006,2025-09-19 03:27:00,60.26,CAD,PURCHASE,posted,2025-09-19 03:27:00
TXN00044518,ACC003822,MER0035,2025-07-12 05:35:43,159.44,JPY,DEPOSIT,DECLINED,2025-07-12 05:35:43
TXN00044692,ACC001126,MER0108,2025-09-25 19:28:26,16.06,gbp,WITHDRAWAL,REVERSED,2025-09-25 19:28:26
TXN00041415,ACC000537,MER0033,2025-09-06 16:42:46,2.79,INR,PURCHASE,REVERSED,2025-09-06 16:42:46
TXN00040035,ACC000241,MER0093,2025-07-21 14:16:07,68.84,gbp,purchase,POSTED,2025-07-21 14:16:07
TXN00043651,ACC002328,MER0126,2025-08-29 22:56:20,1.84,gbp,PURCHASE,POSTED,2025-08-29 22:56:20
TXN00042285,ACC002994,MER0111,2025-09-06 18:23:17,86.51,JPY,DEPOSIT,REVERSED,2025-09-06 18:23:17
TXN00043402,ACC000017,MER0124,2025-08-31 10:18:31,3.94,EUR,TRANSFER,REVERSED,2025-08-31 10:18:31
TXN00045389,ACC001475,MER0086,2025-09-11 00:48:07,20.66,EUR,WITHDRAWAL,POSTED,2025-09-11 00:48:07
TXN00045226,ACC002108,MER0033,2025-09-14 21:23:03,15.6,gbp,WITHDRAWAL,PENDING,2025-09-14 21:23:03
TXN00046294,ACC001124,MER0081,2025-08-01 12:09:05,46.76,INR,REFUND,DECLINED,2025-08-01 12:09:05
TXN00046059,ACC003405,MER0148,2025-07-21 05:21:00,11.05,USD,TRANSFER,PENDING,2025-07-21 05:21:00
TXN00042507,ACC002020,MER0004,2025-08-19 19:42:49,8.32,gbp,PURCHASE,REVERSED,2025-08-19 19:42:49
TXN00046380,ACC001704,MER0134,2025-07-07 04:16:20,1.13,JPY,REFUND,DECLINED,2025-07-07 04:16:20
TXN00043836,ACC001952,MER0081,2025-07-23 16:15:58,5.19,gbp,PURCHASE,PENDING,2025-07-23 16:15:58
TXN00041086,ACC001946,MER0094,2025-08-16 16:47:09,29.91,INR,TRANSFER,posted,2025-08-16 16:47:09
TXN00043218,ACC002566,MER0099,2025-08-13 16:01:26,86.68,JPY,WITHDRAWAL,PENDING,2025-08-13 16:01:26
TXN00043321,ACC000260,MER0047,2025-07-12 09:57:08,66.86,NGN,PURCHASE,posted,2025-07-12 09:57:08
TXN00043326,ACC001478,MER0076,2025-08-03 12:27:57,19.34,usd,TRANSFER,DECLINED,2025-08-03 12:27:57
TXN00044158,ACC002985,MER0038,2025-07-03 21:41:27,73.79,INR,DEPOSIT,PENDING,2025-07-03 21:41:27
TXN00045731,ACC000605,MER0140,2025-09-28 06:09:44,40.43,JPY,REFUND,PENDING,2025-09-28 06:09:44
TXN00041656,ACC000944,MER0115,2025-08-23 03:17:13,93.91,JPY,purchase,DECLINED,2025-08-23 03:17:13
TXN00042622,ACC003254,MER0066,2025-07-01 15:34:06,19.68,USD,REFUND,POSTED,2025-07-01 15:34:06
TXN00040373,ACC001156,MER0121,2025-08-06 05:43:33,34.35,INR,WITHDRAWAL,posted,2025-08-06 05:43:33
TXN00040750,ACC003100,MER0094,2025-09-18 05:04:19,130.63,EUR,purchase,POSTED,2025-09-18 05:04:19
TXN00044014,ACC003186,MER0061,2025-08-19 21:21:35,8.71,CAD,TRANSFER,PENDING,2025-08-19 21:21:35
TXN00044791,ACC003123,MER0070,2025-07-10 08:32:53,23.63,gbp,WITHDRAWAL,PENDING,2025-07-10 08:32:53
TXN00044286,ACC000983,MER0048,2025-07-12 09:57:44,10.75,GBP,DEPOSIT,REVERSED,2025-07-12 09:57:44
TXN00046872,ACC001958,MER0021,2025-08-20 03:57:48,104.62,EUR,WITHDRAWAL,REVERSED,2025-08-20 03:57:48
TXN00040549,ACC001786,MER0149,2025-07-18 18:46:27,62.72,usd,TRANSFER,REVERSED,2025-07-18 18:46:27
TXN00047757,ACC002088,MER0069,2025-09-20 09:49:16,17.99,EUR,WITHDRAWAL,DECLINED,2025-09-20 09:49:16
TXN00044136,ACC001126,MER0029,2025-07-31 23:13:24,120.83,CAD,PURCHASE,REVERSED,2025-07-31 23:13:24
TXN00045592,ACC000766,MER0063,2025-08-07 07:52:57,205.37,INR,purchase,posted,2025-08-07 07:52:57
TXN00041938,ACC001771,MER0063,2025-09-10 17:29:45,22.91,GBP,PURCHASE,PENDING,2025-09-10 17:29:45
TXN00045043,ACC002149,MER0074,2025-08-16 13:00:01,124.73,CAD,TRANSFER,REVERSED,2025-08-16 13:00:01
TXN00042536,ACC002499,MER0082,2025-08-20 05:29:24,2.06,CAD,WITHDRAWAL,POSTED,2025-08-20 05:29:24
TXN00040794,ACC000812,MER0038,2025-09-21 20:26:55,31.92,INR,REFUND,POSTED,2025-09-21 20:26:55
TXN00040181,ACC003949,MER0106,2025-08-23 05:51:31,8.49,JPY,WITHDRAWAL,DECLINED,2025-08-23 05:51:31
TXN00044684,ACC002777,MER0129,2025-07-04 22:04:53,21.07,gbp,REFUND,DECLINED,2025-07-04 22:04:53
TXN00044396,ACC002788,MER0090,2025-09-19 19:04:33,16.99,CAD,REFUND,POSTED,2025-09-19 19:04:33
TXN00047768,ACC001342,MER0015,2025-07-20 20:03:38,29.57,EUR,REFUND,POSTED,2025-07-20 20:03:38
TXN00042724,ACC000539,MER0030,2025-07-08 05:28:53,28.22,NGN,purchase,posted,2025-07-08 05:28:53
TXN00045068,ACC000869,MER0129,2025-07-12 06:49:17,146.21,JPY,WITHDRAWAL,PENDING,2025-07-12 06:49:17
TXN00046203,ACC002719,MER0044,2025-08-04 21:20:20,11.24,gbp,TRANSFER,PENDING,2025-08-04 21:20:20
TXN00043934,ACC002571,MER0102,2025-08-07 09:50:36,164.64,INR,TRANSFER,REVERSED,2025-08-07 09:50:36
TXN00011191,ACC001400,MER0058,2025-03-11 14:28:57,18.91,EUR,WITHDRAWAL,DECLINED,2025-09-15 22:20:40
TXN00044607,ACC000697,MER0122,2025-08-12 22:26:46,19.46,usd,PURCHASE,POSTED,2025-08-12 22:26:46
TXN00040862,ACC000387,MER0064,2025-08-01 01:20:49,14.81,INR,PURCHASE,PENDING,2025-08-01 01:20:49
TXN00046843,ACC001511,MER0136,2025-08-26 09:05:51,79.79,NGN,PURCHASE,PENDING,2025-08-26 09:05:51
TXN00042679,ACC002244,MER0136,2025-09-08 11:47:46,44.25,JPY,TRANSFER,POSTED,2025-09-08 11:47:46
TXN00047813,ACC002970,MER0047,2025-09-02 10:30:05,134.9,EUR,REFUND,posted,2025-09-02 10:30:05
TXN00014065,ACC003507,MER0116,2024-04-07 13:16:32,20.03,INR,REFUND,REVERSED,2025-08-25 04:52:12
TXN00040388,ACC001946,MER0114,2025-07-01 12:53:04,28.06,EUR,WITHDRAWAL,posted,2025-07-01 12:53:04
TXN00047007,ACC002894,MER0025,2025-07-21 15:11:23,77.66,USD,WITHDRAWAL,DECLINED,2025-07-21 15:11:23
TXN00044147,ACC001988,MER0144,2025-09-08 20:47:48,64.39,CAD,TRANSFER,posted,2025-09-08 20:47:48
TXN00046164,ACC002764,MER0117,2025-07-16 10:37:06,3.1,usd,DEPOSIT,DECLINED,2025-07-16 10:37:06
TXN00001902,ACC002743,MER0139,2025-04-14 23:37:30,25.07,JPY,WITHDRAWAL,DECLINED,2025-09-11 21:36:32
TXN00044623,ACC001509,MER0066,2025-08-04 21:45:57,41.57,NGN,REFUND,PENDING,2025-08-04 21:45:57
TXN00041902,ACC002989,MER0106,2025-07-13 17:48:20,82.99,EUR,TRANSFER,PENDING,2025-07-13 17:48:20
TXN00047523,ACC000065,MER0020,2025-08-27 12:15:20,30714.95,NGN,purchase,DECLINED,2025-08-27 12:15:20
TXN00040206,ACC003558,MER0119,2025-09-19 04:18:30,39.25,NGN,TRANSFER,POSTED,2025-09-19 04:18:30
TXN00044151,ACC002399,MER0006,2025-07-06 21:03:53,8.03,NGN,PURCHASE,posted,2025-07-06 21:03:53
TXN00040588,ACC000980,MER0085,2025-07-11 23:11:52,29.54,INR,PURCHASE,REVERSED,2025-07-11 23:11:52
TXN00040695,ACC001025,MER0114,2025-07-15 17:13:49,14.58,CAD,purchase,POSTED,2025-07-15 17:13:49
TXN00045840,ACC001527,MER0109,2025-07-10 22:27:20,33.33,INR,WITHDRAWAL,PENDING,2025-07-10 22:27:20
TXN00042816,ACC001631,MER0101,2025-09-08 14:55:34,5.35,gbp,WITHDRAWAL,DECLINED,2025-09-08 14:55:34
TXN00042868,ACC001152,MER0041,2025-08-17 12:54:03,27.81,JPY,REFUND,DECLINED,2025-08-17 12:54:03
TXN00043021,ACC000903,MER0010,2025-09-21 03:44:13,73.43,JPY,TRANSFER,POSTED,2025-09-21 03:44:13
TXN00046043,ACC002435,MER0116,2025-08-09 14:20:46,38.16,EUR,WITHDRAWAL,PENDING,2025-08-09 14:20:46
TXN00046429,ACC000612,MER0054,2025-08-30 08:41:19,45.9,INR,WITHDRAWAL,posted,2025-08-30 08:41:19
TXN00045506,ACC003360,MER0123,2025-08-17 14:55:37,33.95,USD,DEPOSIT,PENDING,2025-08-17 14:55:37
TXN00044941,ACC000863,MER0081,2025-08-28 08:53:39,50.52,INR,DEPOSIT,posted,2025-08-28 08:53:39
TXN00044816,ACC002520,MER0083,2025-07-22 19:56:59,20.53,EUR,WITHDRAWAL,REVERSED,2025-07-22 19:56:59
TXN00043090,ACC001922,MER0032,2025-09-23 03:06:07,4.04,USD,DEPOSIT,DECLINED,2025-09-23 03:06:07
TXN00041087,ACC002594,MER0067,2025-08-21 03:27:30,25.05,INR,REFUND,PENDING,2025-08-21 03:27:30
TXN00040476,ACC001769,MER0130,2025-07-09 14:15:51,115.26,NGN,REFUND,POSTED,2025-07-09 14:15:51
TXN00042398,ACC000781,MER0046,2025-08-21 13:11:42,9.39,usd,REFUND,PENDING,2025-08-21 13:11:42
TXN00041860,ACC002673,MER0113,2025-09-19 23:25:59,18.73,INR,TRANSFER,POSTED,2025-09-19 23:25:59
TXN00047150,ACC000335,MER0092,2025-09-16 14:38:57,60.34,INR,DEPOSIT,PENDING,2025-09-16 14:38:57
TXN00046393,ACC002938,MER0116,2025-08-10 00:56:20,18.94,USD,PURCHASE,POSTED,2025-08-10 00:56:20
TXN00046940,ACC000891,MER0128,2025-09-04 02:22:08,9.38,NGN,PURCHASE,posted,2025-09-04 02:22:08
TXN00046473,ACC003141,MER0136,2025-07-22 17:48:22,41.7,EUR,purchase,POSTED,2025-07-22 17:48:22
TXN00044472,ACC003154,MER0017,2025-08-22 00:10:25,7.58,GBP,WITHDRAWAL,PENDING,2025-08-22 00:10:25
TXN00045205,ACC001454,MER0002,2025-08-12 14:46:14,9.69,GBP,REFUND,PENDING,2025-08-12 14:46:14
TXN00043119,ACC000801,MER0150,2025-07-26 14:44:32,28.3,GBP,PURCHASE,DECLINED,2025-07-26 14:44:32
TXN00041057,ACC003647,MER0104,2025-07-11 21:37:43,91.1,CAD,WITHDRAWAL,POSTED,2025-07-11 21:37:43
TXN00045378,ACC000134,MER0035,2025-08-28 08:36:37,4.44,NGN,REFUND,POSTED,2025-08-28 08:36:37
TXN00043129,ACC002439,MER0119,2025-07-19 08:59:08,8.32,INR,REFUND,posted,2025-07-19 08:59:08
TXN00043195,ACC003850,MER0001,2025-07-03 12:01:44,60.78,JPY,purchase,POSTED,2025-07-03 12:01:44
TXN00041178,ACC002602,MER0050,2025-07-26 16:22:19,4.28,EUR,TRANSFER,POSTED,2025-07-26 16:22:19
TXN00043545,ACC003071,MER0113,2025-07-13 02:21:47,27.02,GBP,WITHDRAWAL,REVERSED,2025-07-13 02:21:47
TXN00047273,ACC003637,MER0118,2025-08-16 13:22:39,15.93,JPY,REFUND,DECLINED,2025-08-16 13:22:39
TXN00046998,ACC002160,MER0106,2025-09-29 18:35:47,51.78,NGN,purchase,PENDING,2025-09-29 18:35:47
TXN00044795,ACC003050,MER0059,2025-08-19 10:19:44,37.71,NGN,PURCHASE,PENDING,2025-08-19 10:19:44
TXN00030980,ACC003062,MER0029,2024-12-27 09:37:01,36.6,JPY,WITHDRAWAL,REVERSED,2025-07-25 09:18:00
TXN00042373,ACC001615,MER0097,2025-07-27 09:55:12,8274.15,EUR,REFUND,REVERSED,2025-07-27 09:55:12
TXN00045632,ACC001231,MER0040,2025-09-11 08:10:44,4.79,gbp,REFUND,DECLINED,2025-09-11 08:10:44
TXN00045495,ACC000946,MER0022,2025-08-12 06:23:18,69.06,gbp,PURCHASE,REVERSED,2025-08-12 06:23:18
TXN00044517,ACC003480,MER0072,2025-08-16 22:42:43,41.02,INR,REFUND,POSTED,2025-08-16 22:42:43
TXN00045684,ACC003122,MER0141,2025-09-28 12:17:45,16.35,gbp,DEPOSIT,POSTED,2025-09-28 12:17:45
TXN00040058,ACC000533,MER0086,2025-08-09 14:16:02,10.92,usd,WITHDRAWAL,POSTED,2025-08-09 14:16:02
TXN00045957,ACC000357,MER0117,2025-08-18 23:31:13,20.31,CAD,PURCHASE,REVERSED,2025-08-18 23:31:13
TXN00046801,ACC000020,MER0012,2025-09-13 09:26:34,28.09,INR,TRANSFER,DECLINED,2025-09-13 09:26:34
TXN00040579,ACC002562,MER0148,2025-08-13 12:06:34,40.83,INR,REFUND,POSTED,2025-08-13 12:06:34
TXN00043993,ACC002887,MER0095,2025-09-21 00:42:03,8.7,USD,PURCHASE,PENDING,2025-09-21 00:42:03
TXN00040279,ACC000307,MER0067,2025-08-22 20:34:11,7.26,USD,WITHDRAWAL,POSTED,2025-08-22 20:34:11
TXN00045545,ACC001774,MER0013,2025-07-15 22:52:02,103.53,EUR,PURCHASE,POSTED,2025-07-15 22:52:02
TXN00041793,ACC003366,MER0080,2025-07-03 13:40:40,115.11,CAD,REFUND,PENDING,2025-07-03 13:40:40
TXN00046140,ACC003180,MER0007,2025-09-01 17:22:32,404.1,CAD,TRANSFER,DECLINED,2025-09-01 17:22:32
TXN00045902,ACC000152,MER0145,2025-08-14 12:56:28,9.23,GBP,TRANSFER,POSTED,2025-08-14 12:56:28
TXN00044681,ACC001720,MER0062,2025-08-25 14:47:27,213.01,USD,purchase,REVERSED,2025-08-25 14:47:27
TXN00040836,ACC003891,MER0052,2025-08-04 22:09:03,15.66,USD,WITHDRAWAL,PENDING,2025-08-04 22:09:03
TXN00031589,ACC002423,MER0021,2024-06-25 06:18:16,25.96,INR,WITHDRAWAL,POSTED,2025-07-17 13:17:40
TXN00042389,ACC000765,MER0026,2025-09-08 07:07:15,39.58,GBP,TRANSFER,POSTED,2025-09-08 07:07:15
TXN00020501,ACC001261,MER0145,2024-10-01 09:06:00,12.78,EUR,REFUND,REVERSED,2025-07-12 22:33:46
TXN00044431,ACC003299,MER0128,2025-08-01 11:29:36,13.72,JPY,WITHDRAWAL,DECLINED,2025-08-01 11:29:36
TXN00047428,ACC003426,MER0102,2025-07-18 06:02:12,15.12,NGN,purchase,REVERSED,2025-07-18 06:02:12
TXN00040510,ACC001483,MER0059,2025-07-04 13:45:19,16.92,INR,WITHDRAWAL,PENDING,2025-07-04 13:45:19
TXN00042253,ACC000951,MER0087,2025-09-15 05:14:01,7.58,USD,WITHDRAWAL,DECLINED,2025-09-15 05:14:01
TXN00005386,ACC001318,MER0104,2024-01-22 21:19:06,18.08,JPY,REFUND,REVERSED,2025-08-19 03:23:39
TXN00045926,ACC000674,MER0116,2025-09-27 00:49:19,14.74,CAD,PURCHASE,DECLINED,2025-09-27 00:49:19
TXN00047413,ACC003155,MER0096,2025-07-29 05:32:35,22.39,usd,DEPOSIT,POSTED,2025-07-29 05:32:35
TXN00044582,ACC001751,MER0131,2025-07-16 07:36:46,142.14,usd,REFUND,POSTED,2025-07-16 07:36:46
TXN00043612,ACC000136,MER0084,2025-08-05 10:53:02,27.33,INR,TRANSFER,posted,2025-08-05 10:53:02
TXN00041243,ACC000029,MER0131,2025-09-18 10:08:23,39.51,INR,REFUND,PENDING,2025-09-18 10:08:23
TXN00045260,ACC002819,MER0092,2025-09-13 05:57:12,63.04,CAD,PURCHASE,POSTED,2025-09-13 05:57:12
TXN00045490,ACC003015,MER0044,2025-08-05 06:12:48,4.28,GBP,WITHDRAWAL,PENDING,2025-08-05 06:12:48
TXN00043091,ACC001916,MER0085,2025-09-12 01:41:25,81.32,JPY,purchase,REVERSED,2025-09-12 01:41:25
TXN00045795,ACC001578,MER0073,2025-08-07 01:17:39,7.71,USD,PURCHASE,REVERSED,2025-08-07 01:17:39
TXN00041526,ACC002522,MER0076,2025-09-13 20:39:26,268.66,gbp,TRANSFER,posted,2025-09-13 20:39:26
TXN00045136,ACC003447,MER0081,2025-07-13 14:06:37,34.81,EUR,WITHDRAWAL,posted,2025-07-13 14:06:37
TXN00041593,ACC003410,MER0037,2025-07-08 22:33:54,11.22,gbp,PURCHASE,PENDING,2025-07-08 22:33:54
TXN00045015,ACC003623,MER0101,2025-08-05 13:54:15,9.23,USD,WITHDRAWAL,posted,2025-08-05 13:54:15
TXN00040964,ACC002562,MER0145,2025-09-04 02:58:30,111.93,NGN,REFUND,PENDING,2025-09-04 02:58:30
TXN00045515,ACC003592,MER0028,2025-09-14 17:48:58,125.07,INR,WITHDRAWAL,POSTED,2025-09-14 17:48:58
TXN00045725,ACC002532,MER0015,2025-07-13 16:50:23,12.01,EUR,WITHDRAWAL,posted,2025-07-13 16:50:23
TXN00046159,ACC003110,MER0008,2025-09-03 14:42:21,11.62,NGN,WITHDRAWAL,posted,2025-09-03 14:42:21
TXN00042663,ACC000357,MER0022,2025-08-25 12:36:15,231.16,CAD,REFUND,PENDING,2025-08-25 12:36:15
TXN00046169,ACC003864,MER0093,2025-08-19 03:48:47,16.56,INR,WITHDRAWAL,REVERSED,2025-08-19 03:48:47
TXN00046965,ACC000923,MER0022,2025-08-13 03:34:11,59.32,USD,WITHDRAWAL,REVERSED,2025-08-13 03:34:11
TXN00046926,ACC003388,MER0132,2025-09-14 10:25:38,146.87,USD,WITHDRAWAL,REVERSED,2025-09-14 10:25:38
TXN00046115,ACC001118,MER0145,2025-09-23 17:20:03,15.83,JPY,REFUND,POSTED,2025-09-23 17:20:03
TXN00042713,ACC001115,MER0018,2025-08-06 14:09:59,36.87,NGN,TRANSFER,DECLINED,2025-08-06 14:09:59
TXN00041536,ACC000515,MER0082,2025-08-16 07:22:24,4.69,JPY,DEPOSIT,REVERSED,2025-08-16 07:22:24
TXN00042175,ACC002689,MER0130,2025-08-02 03:15:02,46.2,USD,PURCHASE,DECLINED,2025-08-02 03:15:02
TXN00044391,ACC001006,MER0002,2025-07-11 02:04:17,10.09,NGN,purchase,POSTED,2025-07-11 02:04:17
TXN00040053,ACC001261,MER0089,2025-07-19 21:18:59,75.27,usd,WITHDRAWAL,POSTED,2025-07-19 21:18:59
TXN00046944,ACC002926,MER0008,2025-08-21 00:52:47,7.83,EUR,DEPOSIT,POSTED,2025-08-21 00:52:47
TXN00046813,ACC001000,MER0133,2025-08-10 03:27:33,11.96,usd,TRANSFER,POSTED,2025-08-10 03:27:33
TXN00043024,ACC002645,MER0065,2025-08-31 09:08:34,8.07,gbp,WITHDRAWAL,POSTED,2025-08-31 09:08:34
TXN00041565,ACC003188,MER0088,2025-08-16 19:08:15,13.83,EUR,purchase,REVERSED,2025-08-16 19:08:15
TXN00044361,ACC001169,MER0074,2025-08-07 15:02:05,4.2,NGN,DEPOSIT,PENDING,2025-08-07 15:02:05
TXN00041538,ACC003867,MER0140,2025-09-28 20:53:02,53.52,INR,TRANSFER,posted,2025-09-28 20:53:02
TXN00003980,ACC000260,MER0041,2024-03-16 17:39:28,36.0,usd,purchase,REVERSED,2025-08-16 09:13:28
TXN00042888,ACC001378,MER0089,2025-07-18 03:35:16,30.35,usd,REFUND,DECLINED,2025-07-18 03:35:16
TXN00041946,ACC000700,MER0099,2025-08-14 02:22:07,14.78,usd,purchase,PENDING,2025-08-14 02:22:07
TXN00044613,ACC002414,MER0083,2025-08-28 11:40:36,26.35,INR,DEPOSIT,posted,2025-08-28 11:40:36
TXN00041934,ACC002624,MER0033,2025-09-25 22:16:41,16.81,GBP,DEPOSIT,PENDING,2025-09-25 22:16:41
TXN00045773,ACC003642,MER0086,2025-08-02 04:14:38,2.07,JPY,WITHDRAWAL,posted,2025-08-02 04:14:38
TXN00042480,ACC003327,MER0046,2025-08-29 15:43:01,38.67,INR,REFUND,REVERSED,2025-08-29 15:43:01
TXN00042242,ACC002428,MER0089,2025-07-13 01:53:32,5.66,gbp,purchase,DECLINED,2025-07-13 01:53:32
TXN00043667,ACC000614,MER0011,2025-08-24 07:37:35,45.42,usd,REFUND,REVERSED,2025-08-24 07:37:35
TXN00040381,ACC002596,MER0095,2025-09-28 23:16:26,52.47,INR,PURCHASE,PENDING,2025-09-28 23:16:26
TXN00045818,ACC000489,MER0004,2025-08-14 22:40:04,71.14,CAD,PURCHASE,REVERSED,2025-08-14 22:40:04
TXN00041842,ACC000997,MER0019,2025-08-10 10:57:58,42.86,GBP,PURCHASE,PENDING,2025-08-10 10:57:58
TXN00042421,ACC003290,MER0093,2025-07-18 02:52:29,459.31,EUR,PURCHASE,PENDING,2025-07-18 02:52:29
TXN00046211,ACC003133,MER0126,2025-08-08 16:22:00,12.9,EUR,REFUND,PENDING,2025-08-08 16:22:00
TXN00041260,ACC003470,MER0092,2025-07-29 01:20:02,78.33,GBP,REFUND,POSTED,2025-07-29 01:20:02
TXN00043426,ACC001289,MER0087,2025-08-26 22:19:14,8.61,EUR,purchase,REVERSED,2025-08-26 22:19:14
TXN00046784,ACC002931,MER0107,2025-09-15 23:19:30,22500.99,CAD,REFUND,PENDING,2025-09-15 23:19:30
TXN00044461,ACC001817,MER0063,2025-08-18 11:45:19,11.0,JPY,purchase,PENDING,2025-08-18 11:45:19
TXN00043812,ACC000730,MER0113,2025-09-22 16:46:14,24.35,GBP,TRANSFER,POSTED,2025-09-22 16:46:14
TXN00045856,ACC002108,MER0036,2025-07-26 19:48:35,24.28,JPY,PURCHASE,POSTED,2025-07-26 19:48:35
TXN00046032,ACC003359,MER0038,2025-08-18 21:21:40,61.94,CAD,WITHDRAWAL,posted,2025-08-18 21:21:40
TXN00042143,ACC003242,MER0096,2025-08-02 03:14:52,91.93,INR,DEPOSIT,POSTED,2025-08-02 03:14:52
TXN00042871,ACC002038,MER0061,2025-09-18 23:57:13,16.55,JPY,TRANSFER,posted,2025-09-18 23:57:13
TXN00042947,ACC000716,MER0088,2025-08-18 02:49:34,15.91,NGN,REFUND,REVERSED,2025-08-18 02:49:34
TXN00042315,ACC002835,MER0049,2025-08-22 17:20:14,3.85,NGN,purchase,POSTED,2025-08-22 17:20:14
TXN00029196,ACC001783,MER0109,2024-11-21 08:28:05,252.75,EUR,PURCHASE,DECLINED,2025-07-31 17:01:59
TXN00045695,ACC001998,MER0026,2025-09-23 20:54:36,10.21,INR,purchase,PENDING,2025-09-23 20:54:36
TXN00045895,ACC001467,MER0136,2025-09-12 22:01:45,10.07,INR,DEPOSIT,POSTED,2025-09-12 22:01:45
TXN00046308,ACC001554,MER0038,2025-07-10 17:22:48,16.86,JPY,DEPOSIT,PENDING,2025-07-10 17:22:48
TXN00044262,ACC002657,MER0047,2025-08-07 09:02:10,2.34,CAD,TRANSFER,POSTED,2025-08-07 09:02:10
TXN00042982,ACC000151,MER0031,2025-09-14 05:41:37,8.92,USD,purchase,REVERSED,2025-09-14 05:41:37
TXN00046073,ACC001538,MER0086,2025-08-13 12:14:21,20.02,NGN,TRANSFER,REVERSED,2025-08-13 12:14:21
TXN00042744,ACC002034,MER0042,2025-07-13 17:40:47,14.05,usd,PURCHASE,POSTED,2025-07-13 17:40:47
TXN00046585,ACC002881,MER0013,2025-09-07 07:55:32,11.23,EUR,REFUND,PENDING,2025-09-07 07:55:32
TXN00040736,ACC001154,MER0122,2025-09-08 12:53:34,8.68,usd,PURCHASE,REVERSED,2025-09-08 12:53:34
TXN00041624,ACC001062,MER0043,2025-07-01 08:44:38,48.17,gbp,WITHDRAWAL,posted,2025-07-01 08:44:38
TXN00040288,ACC001755,MER0090,2025-07-13 02:22:34,31.45,NGN,REFUND,PENDING,2025-07-13 02:22:34
TXN00045843,ACC002854,MER0088,2025-07-28 16:55:56,37.51,EUR,REFUND,REVERSED,2025-07-28 16:55:56
TXN00047219,ACC003212,MER0008,2025-08-09 03:59:13,22167.41,NGN,PURCHASE,PENDING,2025-08-09 03:59:13
TXN00046239,ACC000753,MER0150,2025-07-10 05:00:54,43.77,USD,purchase,REVERSED,2025-07-10 05:00:54
TXN00040944,ACC003172,MER0089,2025-08-25 12:44:07,7.0,GBP,PURCHASE,REVERSED,2025-08-25 12:44:07
TXN00042881,ACC003182,MER0035,2025-08-17 22:23:11,15.07,USD,PURCHASE,PENDING,2025-08-17 22:23:11
TXN00043296,ACC002961,MER0135,2025-08-06 15:47:53,13.5,CAD,TRANSFER,POSTED,2025-08-06 15:47:53
TXN00016342,ACC003237,MER0028,2024-01-21 11:21:07,13.3,usd,TRANSFER,DECLINED,2025-07-11 23:00:22
TXN00043366,ACC001206,MER0136,2025-07-05 20:11:46,35.4,INR,purchase,PENDING,2025-07-05 20:11:46
TXN00042221,ACC000600,MER0022,2025-09-06 21:38:09,9.01,GBP,WITHDRAWAL,POSTED,2025-09-06 21:38:09
TXN00036975,ACC000374,MER0139,2025-04-09 16:14:46,12.1,gbp,REFUND,REVERSED,2025-09-17 11:12:13
TXN00047097,ACC000923,MER0066,2025-07-11 22:43:32,3.61,usd,DEPOSIT,posted,2025-07-11 22:43:32
TXN00045058,ACC000791,MER0112,2025-09-24 11:04:44,147.92,NGN,purchase,POSTED,2025-09-24 11:04:44
TXN00045999,ACC001516,MER0010,2025-09-16 12:00:00,65.48,EUR,DEPOSIT,posted,2025-09-16 12:00:00
TXN00043251,ACC001468,MER0047,2025-07-07 18:03:41,23.01,gbp,REFUND,posted,2025-07-07 18:03:41
TXN00045954,ACC003825,MER0120,2025-09-25 11:08:33,6.54,usd,REFUND,posted,2025-09-25 11:08:33
TXN00040372,ACC003129,MER0079,2025-07-15 20:34:47,10.22,gbp,WITHDRAWAL,REVERSED,2025-07-15 20:34:47
TXN00024485,ACC003086,MER0054,2024-09-27 12:46:04,37.7,CAD,purchase,DECLINED,2025-08-19 18:46:14
TXN00047920,ACC002131,MER0003,2025-07-10 04:16:37,28.52,EUR,TRANSFER,posted,2025-07-10 04:16:37
TXN00037117,ACC002447,MER0087,2024-08-28 10:07:59,35.83,NGN,purchase,DECLINED,2025-08-27 11:10:30
TXN00047477,ACC000856,MER0124,2025-08-27 22:54:36,61.7,usd,DEPOSIT,PENDING,2025-08-27 22:54:36
TXN00045034,ACC000949,MER0047,2025-08-10 21:23:47,3.89,JPY,purchase,DECLINED,2025-08-10 21:23:47
TXN00044336,ACC003167,MER0102,2025-08-14 04:38:44,14.72,GBP,PURCHASE,REVERSED,2025-08-14 04:38:44
TXN00042237,ACC000684,MER0080,2025-08-29 22:19:58,10.94,NGN,REFUND,POSTED,2025-08-29 22:19:58
TXN00046300,ACC001081,MER0027,2025-08-09 19:36:47,14.29,USD,DEPOSIT,posted,2025-08-09 19:36:47
TXN00043965,ACC000333,MER0016,2025-09-27 07:41:02,8.96,gbp,REFUND,PENDING,2025-09-27 07:41:02
TXN00045984,ACC000420,MER0141,2025-07-14 06:24:21,8.81,JPY,purchase,DECLINED,2025-07-14 06:24:21
TXN00046185,ACC000452,MER0109,2025-08-24 17:26:17,23.34,usd,TRANSFER,posted,2025-08-24 17:26:17
TXN00043028,ACC001524,MER0149,2025-08-06 20:40:07,80.3,CAD,REFUND,REVERSED,2025-08-06 20:40:07
TXN00046924,ACC001776,MER0068,2025-07-05 11:06:45,69.61,USD,PURCHASE,DECLINED,2025-07-05 11:06:45
TXN00047087,ACC003055,MER0043,2025-09-18 12:12:24,2.1,EUR,purchase,PENDING,2025-09-18 12:12:24
TXN00047864,ACC001010,MER0081,2025-09-12 18:54:55,6.73,CAD,PURCHASE,PENDING,2025-09-12 18:54:55
TXN00047302,ACC002710,MER0125,2025-08-01 17:27:35,47.9,gbp,PURCHASE,REVERSED,2025-08-01 17:27:35
TXN00045758,ACC000884,MER0016,2025-09-22 18:26:40,35.45,GBP,WITHDRAWAL,POSTED,2025-09-22 18:26:40
TXN00043438,ACC001165,MER0102,2025-08-06 14:50:57,16.15,gbp,purchase,DECLINED,2025-08-06 14:50:57
TXN00040267,ACC000806,MER0106,2025-07-02 13:05:54,37.23,CAD,TRANSFER,DECLINED,2025-07-02 13:05:54
TXN00040877,ACC003228,MER0100,2025-09-06 14:10:51,12.22,gbp,purchase,REVERSED,2025-09-06 14:10:51
TXN00047453,ACC000029,MER0119,2025-08-05 02:18:09,13.66,INR,DEPOSIT,DECLINED,2025-08-05 02:18:09
TXN00044817,ACC003836,MER0013,2025-08-17 22:10:46,70.68,USD,purchase,PENDING,2025-08-17 22:10:46
TXN00046634,ACC002911,MER0107,2025-07-04 22:39:38,71.86,INR,purchase,DECLINED,2025-07-04 22:39:38
TXN00042867,ACC002704,MER0024,2025-09-21 00:07:56,8.8,JPY,purchase,PENDING,2025-09-21 00:07:56
TXN00042412,ACC002735,MER0097,2025-07-08 15:36:28,3.11,GBP,TRANSFER,posted,2025-07-08 15:36:28
TXN00040991,ACC001451,MER0062,2025-08-21 20:58:42,4.59,JPY,purchase,PENDING,2025-08-21 20:58:42
TXN00047602,ACC003381,MER0002,2025-07-19 14:57:02,35.75,JPY,purchase,posted,2025-07-19 14:57:02
TXN00046629,ACC001803,MER0018,2025-08-04 21:13:47,24.52,gbp,REFUND,PENDING,2025-08-04 21:13:47
TXN00040698,ACC002798,MER0147,2025-09-30 03:13:32,37.85,INR,purchase,posted,2025-09-30 03:13:32
TXN00042687,ACC002964,MER0067,2025-07-11 21:45:47,15.9,usd,PURCHASE,DECLINED,2025-07-11 21:45:47
TXN00044349,ACC000703,MER0121,2025-08-13 05:27:43,6.92,INR,WITHDRAWAL,DECLINED,2025-08-13 05:27:43
TXN00044175,ACC002151,MER0148,2025-08-03 20:43:24,48.38,INR,WITHDRAWAL,DECLINED,2025-08-03 20:43:24
TXN00043520,ACC000398,MER0108,2025-07-08 15:28:50,61.59,JPY,purchase,PENDING,2025-07-08 15:28:50
TXN00044798,ACC002600,MER0045,2025-09-17 21:55:15,3.0,JPY,purchase,PENDING,2025-09-17 21:55:15
TXN00045807,ACC001895,MER0131,2025-09-26 20:11:51,12.21,usd,REFUND,DECLINED,2025-09-26 20:11:51
TXN00046280,ACC003899,MER0012,2025-09-16 05:23:50,16.36,usd,PURCHASE,PENDING,2025-09-16 05:23:50
TXN00037345,ACC003455,MER0024,2024-03-17 21:41:57,164.19,USD,WITHDRAWAL,POSTED,2025-07-13 10:58:37
TXN00047529,ACC003138,MER0109,2025-09-02 06:16:44,17.4,NGN,purchase,DECLINED,2025-09-02 06:16:44
TXN00040277,ACC003937,MER0055,2025-08-31 07:47:55,4.25,GBP,DEPOSIT,posted,2025-08-31 07:47:55
TXN00041940,ACC001156,MER0010,2025-09-03 17:09:22,28.79,INR,purchase,REVERSED,2025-09-03 17:09:22
TXN00041077,ACC001412,MER0007,2025-07-27 14:37:57,21.26,NGN,DEPOSIT,POSTED,2025-07-27 14:37:57
TXN00044227,ACC001072,MER0068,2025-08-20 20:37:37,6.96,USD,DEPOSIT,posted,2025-08-20 20:37:37
TXN00042427,ACC003084,MER0125,2025-08-30 19:39:45,44.81,INR,TRANSFER,DECLINED,2025-08-30 19:39:45
TXN00046731,ACC001187,MER0066,2025-09-12 08:13:59,23.31,NGN,WITHDRAWAL,posted,2025-09-12 08:13:59
TXN00042176,ACC001600,MER0034,2025-08-24 10:07:33,9.29,INR,DEPOSIT,posted,2025-08-24 10:07:33
TXN00043846,ACC002477,MER0132,2025-09-02 21:57:16,45.9,GBP,purchase,DECLINED,2025-09-02 21:57:16
TXN00046987,ACC002777,MER0072,2025-09-07 17:01:06,81.77,NGN,purchase,posted,2025-09-07 17:01:06
TXN00045667,ACC002346,MER0121,2025-07-13 08:04:27,138.6,INR,DEPOSIT,REVERSED,2025-07-13 08:04:27
TXN00046088,ACC000103,MER0131,2025-09-08 14:31:20,51.76,CAD,DEPOSIT,DECLINED,2025-09-08 14:31:20
TXN00045918,ACC001579,MER0119,2025-08-22 09:48:22,33.36,CAD,REFUND,posted,2025-08-22 09:48:22
TXN00046122,ACC003022,MER0099,2025-09-15 17:41:11,36.94,INR,REFUND,PENDING,2025-09-15 17:41:11
TXN00046665,ACC003305,MER0142,2025-09-27 04:59:15,93.69,usd,DEPOSIT,DECLINED,2025-09-27 04:59:15
TXN00045788,ACC001648,MER0025,2025-09-22 02:45:24,54.62,GBP,WITHDRAWAL,posted,2025-09-22 02:45:24
TXN00043738,ACC001874,MER0046,2025-07-13 06:56:16,6.07,CAD,DEPOSIT,PENDING,2025-07-13 06:56:16
TXN00042464,ACC002241,MER0031,2025-09-02 17:48:23,47.36,USD,REFUND,PENDING,2025-09-02 17:48:23
TXN00040589,ACC001080,MER0003,2025-09-25 22:22:24,33.18,JPY,PURCHASE,PENDING,2025-09-25 22:22:24
TXN00045736,ACC001811,MER0032,2025-07-04 11:14:39,170.68,GBP,REFUND,DECLINED,2025-07-04 11:14:39
TXN00043981,ACC000901,MER0042,2025-08-08 13:59:23,29.27,gbp,TRANSFER,PENDING,2025-08-08 13:59:23
TXN00044294,ACC003534,MER0062,2025-09-21 09:25:22,27.32,USD,DEPOSIT,REVERSED,2025-09-21 09:25:22
TXN00047692,ACC002647,MER0018,2025-08-21 08:30:40,63.72,USD,WITHDRAWAL,DECLINED,2025-08-21 08:30:40
TXN00040593,ACC003218,MER0077,2025-09-15 23:13:30,9.76,EUR,REFUND,DECLINED,2025-09-15 23:13:30
TXN00042858,ACC002181,MER0122,2025-07-28 21:43:28,142.23,NGN,WITHDRAWAL,REVERSED,2025-07-28 21:43:28
TXN00046748,ACC003584,MER0121,2025-09-08 00:35:17,36.02,gbp,DEPOSIT,posted,2025-09-08 00:35:17
TXN00047958,ACC002768,MER0037,2025-07-02 20:45:39,4.47,INR,REFUND,posted,2025-07-02 20:45:39
TXN00047761,ACC002207,MER0014,2025-09-05 03:24:52,21.11,GBP,purchase,DECLINED,2025-09-05 03:24:52
TXN00044965,ACC002189,MER0011,2025-08-03 17:50:30,39.5,usd,TRANSFER,posted,2025-08-03 17:50:30
TXN00047207,ACC003585,MER0008,2025-08-30 12:42:19,52.93,CAD,TRANSFER,DECLINED,2025-08-30 12:42:19
TXN00043292,ACC002351,MER0045,2025-07-04 18:29:39,89.53,gbp,REFUND,POSTED,2025-07-04 18:29:39
TXN00044458,ACC001827,MER0024,2025-08-01 16:36:18,24.43,usd,PURCHASE,REVERSED,2025-08-01 16:36:18
TXN00044301,ACC001506,MER0135,2025-07-17 14:13:36,20.12,GBP,REFUND,REVERSED,2025-07-17 14:13:36
TXN00046256,ACC000186,MER0079,2025-08-13 14:49:18,15.14,EUR,PURCHASE,REVERSED,2025-08-13 14:49:18
TXN00042015,ACC002949,MER0041,2025-07-09 13:02:10,35.41,JPY,DEPOSIT,PENDING,2025-07-09 13:02:10
TXN00042415,ACC000167,MER0103,2025-08-15 02:14:22,94.92,EUR,PURCHASE,POSTED,2025-08-15 02:14:22
TXN00044581,ACC000045,MER0113,2025-09-21 10:03:11,8.64,USD,WITHDRAWAL,posted,2025-09-21 10:03:11
TXN00047372,ACC001470,MER0091,2025-07-26 05:43:22,95.85,gbp,purchase,REVERSED,2025-07-26 05:43:22
TXN00047075,ACC003702,MER0058,2025-08-02 07:20:59,13916.99,INR,WITHDRAWAL,DECLINED,2025-08-02 07:20:59
TXN00041291,ACC002638,MER0110,2025-09-05 09:12:30,69.54,INR,PURCHASE,DECLINED,2025-09-05 09:12:30
TXN00040661,ACC000050,MER0018,2025-08-17 08:33:54,6.44,USD,purchase,PENDING,2025-08-17 08:33:54
TXN00040771,ACC001448,MER0086,2025-08-19 17:10:35,4.37,JPY,TRANSFER,PENDING,2025-08-19 17:10:35
TXN00041237,ACC003424,MER0020,2025-07-22 02:55:19,10.57,USD,TRANSFER,PENDING,2025-07-22 02:55:19
TXN00003517,ACC000874,MER0067,2024-07-15 00:08:54,14.4,INR,WITHDRAWAL,POSTED,2025-07-27 18:40:35
TXN00042222,ACC002946,MER0032,2025-09-15 06:42:36,228.78,CAD,DEPOSIT,DECLINED,2025-09-15 06:42:36
TXN00045212,ACC003628,MER0059,2025-09-20 12:05:57,62.72,USD,purchase,POSTED,2025-09-20 12:05:57
TXN00040985,ACC003364,MER0001,2025-08-07 02:44:34,7.98,NGN,PURCHASE,PENDING,2025-08-07 02:44:34
TXN00046861,ACC000338,MER0115,2025-09-28 09:07:08,7.34,NGN,TRANSFER,PENDING,2025-09-28 09:07:08
TXN00045664,ACC000889,MER0145,2025-09-20 21:16:59,107.23,INR,WITHDRAWAL,posted,2025-09-20 21:16:59
TXN00041370,ACC003700,MER0048,2025-09-05 11:22:07,5.13,EUR,DEPOSIT,DECLINED,2025-09-05 11:22:07
TXN00042586,ACC003718,MER0056,2025-08-16 15:36:44,53.2,EUR,purchase,POSTED,2025-08-16 15:36:44
TXN00042333,ACC000540,MER0074,2025-07-30 04:19:40,92.95,JPY,PURCHASE,REVERSED,2025-07-30 04:19:40
TXN00045419,ACC002142,MER0061,2025-07-17 20:49:46,36.2,NGN,PURCHASE,REVERSED,2025-07-17 20:49:46
TXN00045660,ACC002971,MER0001,2025-07-18 13:23:27,250.3,CAD,purchase,REVERSED,2025-07-18 13:23:27
TXN00040296,ACC000455,MER0052,2025-07-08 21:08:49,35.58,CAD,TRANSFER,REVERSED,2025-07-08 21:08:49
TXN00043925,ACC003637,MER0088,2025-07-01 17:12:58,9.1,NGN,TRANSFER,POSTED,2025-07-01 17:12:58
TXN00047551,ACC003028,MER0059,2025-07-18 15:58:15,18.35,EUR,purchase,REVERSED,2025-07-18 15:58:15
TXN00046964,ACC002010,MER0095,2025-08-14 22:04:09,35.99,gbp,WITHDRAWAL,DECLINED,2025-08-14 22:04:09
TXN00047368,ACC001027,MER0059,2025-08-21 06:29:58,98.04,NGN,TRANSFER,PENDING,2025-08-21 06:29:58
TXN00046667,ACC003898,MER0147,2025-07-30 16:37:48,35.77,usd,PURCHASE,DECLINED,2025-07-30 16:37:48
TXN00043230,ACC000285,MER0130,2025-07-02 07:03:34,40.93,gbp,purchase,PENDING,2025-07-02 07:03:34
TXN00041468,ACC000311,MER0090,2025-07-31 14:56:07,18.35,INR,REFUND,PENDING,2025-07-31 14:56:07
TXN00046874,ACC003948,MER0042,2025-09-07 08:09:29,28.1,GBP,purchase,REVERSED,2025-09-07 08:09:29
TXN00045901,ACC000930,MER0145,2025-07-13 16:22:11,59.14,usd,purchase,PENDING,2025-07-13 16:22:11
TXN00040059,ACC000075,MER0143,2025-07-27 07:10:21,34.15,JPY,WITHDRAWAL,posted,2025-07-27 07:10:21
TXN00043149,ACC003864,MER0077,2025-07-13 11:59:51,36.77,CAD,PURCHASE,REVERSED,2025-07-13 11:59:51
TXN00046596,ACC002838,MER0042,2025-09-07 18:05:15,69.91,NGN,REFUND,PENDING,2025-09-07 18:05:15
TXN00041746,ACC003923,MER0149,2025-08-22 21:36:41,51.79,NGN,purchase,POSTED,2025-08-22 21:36:41
TXN00040370,ACC000742,MER0087,2025-08-26 15:44:44,17.58,EUR,DEPOSIT,PENDING,2025-08-26 15:44:44
TXN00044148,ACC003651,MER0092,2025-08-18 00:06:52,28.14,USD,purchase,POSTED,2025-08-18 00:06:52
TXN00041339,ACC000364,MER0052,2025-09-22 10:03:46,4.12,EUR,WITHDRAWAL,POSTED,2025-09-22 10:03:46
TXN00046004,ACC003394,MER0016,2025-08-18 19:09:55,1.06,USD,DEPOSIT,DECLINED,2025-08-18 19:09:55
TXN00047676,ACC002371,MER0122,2025-07-16 21:16:54,73.97,CAD,PURCHASE,DECLINED,2025-07-16 21:16:54
TXN00047781,ACC003746,MER0020,2025-08-21 20:30:09,2.84,EUR,purchase,REVERSED,2025-08-21 20:30:09
TXN00040477,ACC000211,MER0026,2025-08-26 13:37:25,11.67,usd,WITHDRAWAL,posted,2025-08-26 13:37:25
TXN00042283,ACC003885,MER0009,2025-09-18 11:50:00,106.01,NGN,WITHDRAWAL,PENDING,2025-09-18 11:50:00
TXN00047815,ACC000435,MER0131,2025-07-22 18:24:26,7.5,NGN,TRANSFER,PENDING,2025-07-22 18:24:26
TXN00046555,ACC002167,MER0076,2025-08-24 10:17:34,19.07,EUR,DEPOSIT,posted,2025-08-24 10:17:34
TXN00043275,ACC001924,MER0108,2025-08-23 02:58:52,12.2,usd,purchase,DECLINED,2025-08-23 02:58:52
TXN00042670,ACC002142,MER0005,2025-09-28 04:39:46,22.56,usd,REFUND,POSTED,2025-09-28 04:39:46
TXN00041932,ACC000958,MER0013,2025-07-25 04:31:04,117.57,gbp,WITHDRAWAL,POSTED,2025-07-25 04:31:04
TXN00045752,ACC003766,MER0039,2025-08-16 21:05:20,38.34,GBP,WITHDRAWAL,POSTED,2025-08-16 21:05:20
TXN00047969,ACC001661,MER0083,2025-07-19 03:00:00,149.98,USD,purchase,POSTED,2025-07-19 03:00:00
TXN00043721,ACC003813,MER0052,2025-07-19 23:57:08,74.27,CAD,PURCHASE,PENDING,2025-07-19 23:57:08
TXN00045909,ACC001596,MER0075,2025-09-21 20:23:44,41.8,EUR,PURCHASE,DECLINED,2025-09-21 20:23:44
TXN00047010,ACC003713,MER0044,2025-08-19 08:42:17,2.49,INR,DEPOSIT,POSTED,2025-08-19 08:42:17
TXN00045365,ACC002630,MER0045,2025-08-28 11:03:07,15.02,gbp,REFUND,posted,2025-08-28 11:03:07
TXN00045730,ACC002531,MER0088,2025-07-04 20:56:47,4.57,USD,WITHDRAWAL,POSTED,2025-07-04 20:56:47
TXN00041312,ACC001278,MER0145,2025-09-27 17:02:42,6.54,usd,PURCHASE,REVERSED,2025-09-27 17:02:42
TXN00040096,ACC002952,MER0145,2025-09-17 12:47:35,15.54,gbp,TRANSFER,PENDING,2025-09-17 12:47:35
TXN00040919,ACC002483,MER0060,2025-09-29 15:59:11,1.25,EUR,WITHDRAWAL,REVERSED,2025-09-29 15:59:11
TXN00047120,ACC000834,MER0022,2025-09-06 11:04:32,35581.25,EUR,purchase,posted,2025-09-06 11:04:32
TXN00040522,ACC000032,MER0092,2025-08-23 09:41:09,2.29,CAD,WITHDRAWAL,DECLINED,2025-08-23 09:41:09
TXN00040874,ACC001871,MER0066,2025-09-05 20:35:55,11.26,GBP,REFUND,PENDING,2025-09-05 20:35:55
TXN00047245,ACC002591,MER0017,2025-08-02 07:19:36,3.4,JPY,PURCHASE,PENDING,2025-08-02 07:19:36
TXN00040306,ACC002105,MER0038,2025-09-23 22:25:33,20.44,NGN,PURCHASE,REVERSED,2025-09-23 22:25:33
TXN00041192,ACC000820,MER0045,2025-07-28 05:34:45,296.67,GBP,purchase,posted,2025-07-28 05:34:45
TXN00042489,ACC002357,MER0106,2025-07-28 17:14:18,3.05,JPY,REFUND,PENDING,2025-07-28 17:14:18
TXN00040422,ACC002838,MER0048,2025-09-07 11:04:21,40.98,GBP,WITHDRAWAL,POSTED,2025-09-07 11:04:21
TXN00040225,ACC003150,MER0018,2025-09-08 19:55:12,32.37,usd,REFUND,DECLINED,2025-09-08 19:55:12
TXN00047978,ACC003868,MER0103,2025-08-18 07:54:30,15.62,USD,REFUND,REVERSED,2025-08-18 07:54:30
TXN00040325,ACC000291,MER0032,2025-08-12 17:32:00,8.73,EUR,TRANSFER,DECLINED,2025-08-12 17:32:00
TXN00040356,ACC003154,MER0128,2025-08-02 16:48:56,86.25,CAD,purchase,posted,2025-08-02 16:48:56
TXN00045505,ACC000859,MER0071,2025-09-17 03:16:49,10.1,gbp,DEPOSIT,posted,2025-09-17 03:16:49
TXN00041572,ACC001223,MER0010,2025-09-13 11:43:29,28.11,EUR,TRANSFER,REVERSED,2025-09-13 11:43:29
TXN00041634,ACC001852,MER0057,2025-09-02 13:47:04,17.88,INR,WITHDRAWAL,REVERSED,2025-09-02 13:47:04
TXN00045503,ACC000362,MER0015,2025-08-16 13:50:55,5.51,JPY,WITHDRAWAL,REVERSED,2025-08-16 13:50:55
TXN00043290,ACC001466,MER0149,2025-07-17 16:12:03,6.68,NGN,purchase,PENDING,2025-07-17 16:12:03
TXN00043724,ACC001577,MER0005,2025-07-31 08:58:14,38812.15,CAD,WITHDRAWAL,DECLINED,2025-07-31 08:58:14
TXN00044270,ACC000393,MER0100,2025-07-12 14:58:22,216.9,EUR,DEPOSIT,posted,2025-07-12 14:58:22
TXN00008457,ACC003311,MER0023,2024-05-01 17:24:03,14.14,EUR,TRANSFER,POSTED,2025-09-15 05:13:57
TXN00044350,ACC002555,MER0003,2025-09-16 19:12:24,9.85,GBP,TRANSFER,REVERSED,2025-09-16 19:12:24
TXN00040280,ACC003448,MER0123,2025-09-02 13:09:52,28.45,JPY,PURCHASE,REVERSED,2025-09-02 13:09:52
TXN00046852,ACC001160,MER0015,2025-09-29 22:07:21,27.52,EUR,PURCHASE,PENDING,2025-09-29 22:07:21
TXN00044835,ACC003584,MER0108,2025-07-16 08:57:27,80.54,gbp,REFUND,posted,2025-07-16 08:57:27
TXN00040485,ACC003826,MER0063,2025-08-14 04:03:14,23.19,INR,purchase,DECLINED,2025-08-14 04:03:14
TXN00044040,ACC003795,MER0050,2025-09-21 15:04:47,30.87,gbp,REFUND,DECLINED,2025-09-21 15:04:47
TXN00047349,ACC000821,MER0006,2025-08-19 13:11:16,23.64,JPY,WITHDRAWAL,REVERSED,2025-08-19 13:11:16
TXN00041376,ACC003278,MER0134,2025-08-30 04:06:41,4.63,CAD,TRANSFER,DECLINED,2025-08-30 04:06:41
TXN00046376,ACC000461,MER0117,2025-07-11 07:47:05,40.58,INR,TRANSFER,REVERSED,2025-07-11 07:47:05
TXN00043761,ACC001381,MER0078,2025-07-13 01:18:28,4.28,USD,purchase,DECLINED,2025-07-13 01:18:28
TXN00047805,ACC001027,MER0026,2025-07-01 17:57:43,14.99,usd,purchase,REVERSED,2025-07-01 17:57:43
TXN00045405,ACC002483,MER0049,2025-09-18 17:52:44,8.19,EUR,TRANSFER,PENDING,2025-09-18 17:52:44
TXN00041581,ACC000216,MER0003,2025-07-20 14:50:24,256.74,CAD,purchase,REVERSED,2025-07-20 14:50:24
TXN00043497,ACC002410,MER0040,2025-07-08 13:13:43,11.17,gbp,DEPOSIT,POSTED,2025-07-08 13:13:43
TXN00044532,ACC001313,MER0024,2025-07-27 23:51:02,13.7,USD,PURCHASE,posted,2025-07-27 23:51:02
TXN00045279,ACC000954,MER0095,2025-07-09 18:46:18,46.38,GBP,REFUND,DECLINED,2025-07-09 18:46:18
TXN00043431,ACC003751,MER0087,2025-09-01 21:02:13,38.67,NGN,WITHDRAWAL,DECLINED,2025-09-01 21:02:13
TXN00045980,ACC002415,MER0044,2025-07-11 05:16:54,44.43,gbp,purchase,DECLINED,2025-07-11 05:16:54
TXN00044271,ACC000601,MER0012,2025-07-12 17:02:38,9484.99,JPY,REFUND,POSTED,2025-07-12 17:02:38
TXN00041346,ACC003608,MER0111,2025-08-02 12:34:59,6.35,INR,DEPOSIT,PENDING,2025-08-02 12:34:59
TXN00046546,ACC002450,MER0110,2025-09-09 15:25:09,71.58,EUR,purchase,DECLINED,2025-09-09 15:25:09
TXN00041960,ACC003627,MER0002,2025-08-26 16:18:44,8.63,JPY,purchase,PENDING,2025-08-26 16:18:44
TXN00046114,ACC000528,MER0047,2025-07-19 17:05:11,35.34,USD,PURCHASE,POSTED,2025-07-19 17:05:11
TXN00042123,ACC000345,MER0104,2025-09-14 18:31:53,11.02,GBP,PURCHASE,POSTED,2025-09-14 18:31:53
TXN00045951,ACC001967,MER0036,2025-07-25 08:31:32,12.82,GBP,PURCHASE,DECLINED,2025-07-25 08:31:32
TXN00043626,ACC002115,MER0110,2025-08-29 22:27:14,179.88,NGN,TRANSFER,DECLINED,2025-08-29 22:27:14
TXN00044460,ACC001931,MER0132,2025-07-05 16:07:36,3.0,INR,DEPOSIT,posted,2025-07-05 16:07:36
TXN00046033,ACC001375,MER0042,2025-09-21 08:08:21,76.03,GBP,REFUND,DECLINED,2025-09-21 08:08:21
TXN00042048,ACC002791,MER0123,2025-07-24 18:37:21,103.51,GBP,REFUND,DECLINED,2025-07-24 18:37:21
TXN00042674,ACC003880,MER0142,2025-09-25 18:40:33,64.36,CAD,REFUND,POSTED,2025-09-25 18:40:33
TXN00041209,ACC003313,MER0106,2025-09-27 15:34:45,796.81,CAD,PURCHASE,REVERSED,2025-09-27 15:34:45
TXN00044529,ACC002489,MER0013,2025-09-27 06:50:46,42.64,usd,WITHDRAWAL,REVERSED,2025-09-27 06:50:46
TXN00046285,ACC001293,MER0150,2025-07-31 18:13:37,13.08,USD,PURCHASE,POSTED,2025-07-31 18:13:37
TXN00042484,ACC000165,MER0090,2025-07-26 23:37:16,5.2,JPY,purchase,DECLINED,2025-07-26 23:37:16
TXN00020952,ACC000973,MER0115,2024-11-21 02:04:08,12.76,GBP,WITHDRAWAL,DECLINED,2025-08-05 15:00:48
TXN00044450,ACC001395,MER0020,2025-07-21 09:27:28,8.01,NGN,purchase,REVERSED,2025-07-21 09:27:28
TXN00046035,ACC002034,MER0022,2025-07-18 10:53:00,29.29,JPY,TRANSFER,POSTED,2025-07-18 10:53:00
TXN00047280,ACC003543,MER0060,2025-09-26 06:40:37,182.43,EUR,REFUND,PENDING,2025-09-26 06:40:37
TXN00044110,ACC002756,MER0111,2025-08-03 21:27:10,45.99,NGN,purchase,posted,2025-08-03 21:27:10
TXN00045176,ACC001395,MER0073,2025-07-18 22:54:15,51.98,usd,DEPOSIT,DECLINED,2025-07-18 22:54:15
TXN00040089,ACC003190,MER0092,2025-09-30 14:15:42,20.35,GBP,WITHDRAWAL,posted,2025-09-30 14:15:42
TXN00044217,ACC000905,MER0037,2025-08-16 06:17:22,14.47,CAD,TRANSFER,POSTED,2025-08-16 06:17:22
TXN00043671,ACC000397,MER0138,2025-08-18 03:40:14,37.11,EUR,purchase,POSTED,2025-08-18 03:40:14
TXN00040500,ACC002971,MER0071,2025-08-19 23:40:16,102.86,CAD,PURCHASE,posted,2025-08-19 23:40:16
TXN00041052,ACC000052,MER0046,2025-09-26 23:39:38,37.06,INR,WITHDRAWAL,REVERSED,2025-09-26 23:39:38
TXN00043424,ACC001905,MER0146,2025-09-24 02:09:51,71.75,JPY,PURCHASE,PENDING,2025-09-24 02:09:51
TXN00042603,ACC002766,MER0065,2025-07-20 17:39:02,7.46,NGN,TRANSFER,PENDING,2025-07-20 17:39:02
TXN00040497,ACC003512,MER0098,2025-08-11 03:02:59,30.15,INR,TRANSFER,PENDING,2025-08-11 03:02:59
TXN00040668,ACC001744,MER0068,2025-09-23 04:40:28,9.64,INR,purchase,PENDING,2025-09-23 04:40:28
TXN00044137,ACC001279,MER0119,2025-08-13 23:30:09,22.72,NGN,REFUND,DECLINED,2025-08-13 23:30:09
TXN00042494,ACC003372,MER0055,2025-09-26 10:03:20,122.68,USD,REFUND,REVERSED,2025-09-26 10:03:20
TXN00046024,ACC002554,MER0043,2025-08-26 19:08:12,4.99,CAD,DEPOSIT,posted,2025-08-26 19:08:12
TXN00045222,ACC001544,MER0107,2025-09-24 11:23:18,9.96,usd,REFUND,posted,2025-09-24 11:23:18
TXN00043394,ACC003302,MER0069,2025-07-11 15:51:38,9.12,NGN,WITHDRAWAL,DECLINED,2025-07-11 15:51:38
TXN00045095,ACC003054,MER0118,2025-09-27 18:12:04,23.81,gbp,REFUND,PENDING,2025-09-27 18:12:04
TXN00040407,ACC003599,MER0007,2025-09-06 02:01:31,14.59,usd,WITHDRAWAL,PENDING,2025-09-06 02:01:31
TXN00047005,ACC000083,MER0001,2025-08-27 11:52:58,50.45,GBP,TRANSFER,posted,2025-08-27 11:52:58
TXN00042465,ACC003666,MER0024,2025-08-16 08:42:52,17.4,INR,DEPOSIT,POSTED,2025-08-16 08:42:52
TXN00047933,ACC002336,MER0102,2025-07-04 10:40:23,5.26,GBP,purchase,POSTED,2025-07-04 10:40:23
TXN00044677,ACC001060,MER0057,2025-09-17 08:32:47,93.73,NGN,DEPOSIT,posted,2025-09-17 08:32:47
TXN00042298,ACC000353,MER0087,2025-08-31 10:57:38,19622.78,GBP,REFUND,POSTED,2025-08-31 10:57:38
TXN00047882,ACC001372,MER0048,2025-07-11 20:37:05,27.02,usd,PURCHASE,posted,2025-07-11 20:37:05
TXN00041214,ACC003151,MER0060,2025-09-28 05:59:26,26.4,EUR,TRANSFER,POSTED,2025-09-28 05:59:26
TXN00042224,ACC000026,MER0118,2025-09-16 03:25:42,75.7,usd,PURCHASE,PENDING,2025-09-16 03:25:42
TXN00045538,ACC001422,MER0060,2025-07-22 02:09:13,12.57,CAD,PURCHASE,PENDING,2025-07-22 02:09:13
TXN00044141,ACC002102,MER0053,2025-07-19 00:24:44,9.45,INR,DEPOSIT,PENDING,2025-07-19 00:24:44
TXN00046513,ACC002547,MER0037,2025-07-27 08:17:08,253.93,GBP,purchase,POSTED,2025-07-27 08:17:08
TXN00041918,ACC000453,MER0065,2025-09-01 22:17:50,120.34,NGN,DEPOSIT,REVERSED,2025-09-01 22:17:50
TXN00041521,ACC003661,MER0023,2025-07-10 09:35:40,30.23,EUR,DEPOSIT,posted,2025-07-10 09:35:40
TXN00040062,ACC003463,MER0037,2025-08-20 01:20:31,19.7,GBP,TRANSFER,PENDING,2025-08-20 01:20:31
TXN00043588,ACC002437,MER0039,2025-08-18 07:38:27,78.25,gbp,DEPOSIT,POSTED,2025-08-18 07:38:27
TXN00040142,ACC003241,MER0126,2025-08-23 07:57:11,19.98,usd,REFUND,posted,2025-08-23 07:57:11
TXN00045639,ACC000601,MER0029,2025-07-27 06:48:26,45.65,NGN,TRANSFER,posted,2025-07-27 06:48:26
TXN00047328,ACC001879,MER0038,2025-09-12 07:29:29,120.05,USD,DEPOSIT,POSTED,2025-09-12 07:29:29
TXN00047084,ACC002759,MER0061,2025-08-13 17:07:40,23.02,GBP,TRANSFER,posted,2025-08-13 17:07:40
TXN00043642,ACC002164,MER0078,2025-07-21 20:36:39,130.42,INR,WITHDRAWAL,posted,2025-07-21 20:36:39
TXN00044469,ACC001076,MER0124,2025-07-20 18:35:06,24.96,gbp,TRANSFER,DECLINED,2025-07-20 18:35:06
TXN00041534,ACC000087,MER0011,2025-08-19 19:19:19,27.11,CAD,PURCHASE,POSTED,2025-08-19 19:19:19
TXN00041024,ACC003701,MER0125,2025-08-22 14:52:31,3.4,CAD,PURCHASE,posted,2025-08-22 14:52:31
TXN00042450,ACC003449,MER0006,2025-08-07 05:51:02,45.56,JPY,purchase,DECLINED,2025-08-07 05:51:02
TXN00046213,ACC000500,MER0086,2025-08-25 07:24:22,60.77,gbp,purchase,PENDING,2025-08-25 07:24:22
TXN00043401,ACC002374,MER0078,2025-07-01 03:49:09,9.35,gbp,purchase,PENDING,2025-07-01 03:49:09
TXN00043972,ACC002348,MER0144,2025-09-30 19:56:26,60.0,EUR,purchase,posted,2025-09-30 19:56:26
TXN00044387,ACC002522,MER0016,2025-09-11 03:38:55,12.84,EUR,WITHDRAWAL,DECLINED,2025-09-11 03:38:55
TXN00047849,ACC000943,MER0109,2025-07-03 16:56:10,6.16,gbp,WITHDRAWAL,PENDING,2025-07-03 16:56:10
TXN00042282,ACC002806,MER0145,2025-08-25 06:40:20,9.66,JPY,PURCHASE,DECLINED,2025-08-25 06:40:20
TXN00043572,ACC000063,MER0083,2025-08-12 22:02:21,15.42,gbp,TRANSFER,POSTED,2025-08-12 22:02:21
TXN00040653,ACC002467,MER0004,2025-07-29 18:33:05,84.67,CAD,WITHDRAWAL,POSTED,2025-07-29 18:33:05
TXN00041577,ACC001152,MER0115,2025-08-06 18:01:45,9.19,GBP,WITHDRAWAL,POSTED,2025-08-06 18:01:45
TXN00044667,ACC003669,MER0147,2025-08-04 00:58:39,22.04,gbp,TRANSFER,posted,2025-08-04 00:58:39
TXN00044976,ACC001365,MER0100,2025-07-30 11:10:18,23.13,INR,PURCHASE,REVERSED,2025-07-30 11:10:18
TXN00045146,ACC002875,MER0066,2025-09-06 02:04:32,156.99,CAD,REFUND,PENDING,2025-09-06 02:04:32
TXN00040541,ACC003641,MER0138,2025-07-02 21:23:41,100.81,usd,WITHDRAWAL,PENDING,2025-07-02 21:23:41
TXN00041008,ACC002805,MER0093,2025-09-30 15:55:35,119.14,gbp,DEPOSIT,PENDING,2025-09-30 15:55:35
TXN00045945,ACC002364,MER0026,2025-08-03 01:45:37,7.52,EUR,REFUND,DECLINED,2025-08-03 01:45:37
TXN00047367,ACC001740,MER0033,2025-08-27 10:00:57,12.14,usd,TRANSFER,REVERSED,2025-08-27 10:00:57
TXN00041523,ACC001918,MER0047,2025-08-24 05:41:51,17.58,GBP,REFUND,PENDING,2025-08-24 05:41:51
TXN00044314,ACC002745,MER0107,2025-07-21 12:25:43,22.41,NGN,DEPOSIT,DECLINED,2025-07-21 12:25:43
TXN00046918,ACC000545,MER0078,2025-09-15 05:37:47,35.25,USD,purchase,POSTED,2025-09-15 05:37:47
TXN00045876,ACC000551,MER0044,2025-09-06 01:32:53,8.89,NGN,REFUND,POSTED,2025-09-06 01:32:53
TXN00047553,ACC000703,MER0081,2025-07-06 14:56:00,96.57,GBP,PURCHASE,REVERSED,2025-07-06 14:56:00
TXN00047002,ACC002606,MER0046,2025-08-05 15:45:37,40.29,EUR,purchase,PENDING,2025-08-05 15:45:37
TXN00043467,ACC001500,MER0010,2025-08-16 10:02:43,25.11,NGN,TRANSFER,posted,2025-08-16 10:02:43
TXN00045615,ACC000714,MER0119,2025-07-15 01:39:56,12.22,usd,WITHDRAWAL,posted,2025-07-15 01:39:56
TXN00041765,ACC000392,MER0127,2025-07-03 14:47:45,45.12,EUR,purchase,PENDING,2025-07-03 14:47:45
TXN00040113,ACC000579,MER0135,2025-09-17 13:52:54,9.84,EUR,PURCHASE,POSTED,2025-09-17 13:52:54
TXN00045394,ACC003006,MER0068,2025-08-11 20:41:24,24.07,CAD,purchase,posted,2025-08-11 20:41:24
TXN00041714,ACC002210,MER0047,2025-09-29 13:59:31,15.15,CAD,DEPOSIT,posted,2025-09-29 13:59:31
TXN00039143,ACC000438,MER0028,2024-10-25 09:32:14,7.64,INR,DEPOSIT,POSTED,2025-09-10 18:13:08
TXN00041096,ACC002310,MER0141,2025-08-02 20:47:11,8.22,CAD,WITHDRAWAL,DECLINED,2025-08-02 20:47:11
TXN00047625,ACC003334,MER0100,2025-07-19 20:17:04,21.26,CAD,DEPOSIT,posted,2025-07-19 20:17:04
TXN00046014,ACC003614,MER0096,2025-08-04 04:51:06,1.19,GBP,purchase,POSTED,2025-08-04 04:51:06
TXN00047329,ACC003518,MER0033,2025-08-08 19:31:20,33.13,usd,purchase,posted,2025-08-08 19:31:20
TXN00042764,ACC000253,MER0109,2025-07-04 21:45:43,42.01,gbp,REFUND,DECLINED,2025-07-04 21:45:43
TXN00042305,ACC000536,MER0112,2025-08-28 19:10:53,153.0,EUR,TRANSFER,posted,2025-08-28 19:10:53
TXN00043266,ACC001927,MER0141,2025-08-25 06:48:58,10.99,usd,WITHDRAWAL,posted,2025-08-25 06:48:58
TXN00037676,ACC000963,MER0119,2024-12-18 00:40:17,9.83,usd,TRANSFER,POSTED,2025-08-13 17:39:10
TXN00040139,ACC001579,MER0100,2025-09-12 20:40:54,4.79,usd,TRANSFER,POSTED,2025-09-12 20:40:54
TXN00040951,ACC002612,MER0087,2025-09-21 11:13:28,3.81,EUR,DEPOSIT,POSTED,2025-09-21 11:13:28
TXN00043755,ACC001680,MER0060,2025-07-24 16:03:57,24.34,INR,TRANSFER,REVERSED,2025-07-24 16:03:57
TXN00044639,ACC002350,MER0100,2025-07-27 11:03:38,10.64,EUR,TRANSFER,POSTED,2025-07-27 11:03:38
TXN00043864,ACC000095,MER0132,2025-07-24 01:09:13,58.16,CAD,WITHDRAWAL,posted,2025-07-24 01:09:13
TXN00043517,ACC003065,MER0146,2025-07-19 05:37:47,11149.16,USD,DEPOSIT,PENDING,2025-07-19 05:37:47
TXN00046712,ACC002038,MER0124,2025-07-04 12:48:01,18.76,GBP,PURCHASE,POSTED,2025-07-04 12:48:01
TXN00044448,ACC003689,MER0024,2025-09-23 04:42:22,49.11,usd,purchase,PENDING,2025-09-23 04:42:22
TXN00040327,ACC000563,MER0060,2025-09-26 18:07:05,7.08,EUR,WITHDRAWAL,DECLINED,2025-09-26 18:07:05
TXN00044882,ACC003891,MER0050,2025-07-30 14:20:15,5.55,JPY,REFUND,posted,2025-07-30 14:20:15
TXN00043404,ACC003155,MER0143,2025-07-27 08:13:31,27.68,NGN,purchase,posted,2025-07-27 08:13:31
TXN00045371,ACC000897,MER0083,2025-09-18 16:32:32,74.14,NGN,purchase,posted,2025-09-18 16:32:32
TXN00047519,ACC000618,MER0009,2025-07-05 06:05:01,52.42,USD,PURCHASE,PENDING,2025-07-05 06:05:01
TXN00046318,ACC000112,MER0072,2025-08-13 06:45:11,101.12,EUR,REFUND,PENDING,2025-08-13 06:45:11
TXN00041287,ACC001741,MER0105,2025-08-24 16:02:45,17.29,gbp,WITHDRAWAL,POSTED,2025-08-24 16:02:45
TXN00045492,ACC003012,MER0058,2025-07-19 04:54:21,11.94,USD,REFUND,POSTED,2025-07-19 04:54:21
TXN00041986,ACC002453,MER0036,2025-07-09 08:41:05,44.32,usd,DEPOSIT,POSTED,2025-07-09 08:41:05
TXN00044026,ACC003465,MER0088,2025-08-14 08:16:23,27.11,JPY,PURCHASE,POSTED,2025-08-14 08:16:23
TXN00044099,ACC000031,MER0096,2025-07-28 22:38:13,5.83,JPY,DEPOSIT,posted,2025-07-28 22:38:13
TXN00041450,ACC001677,MER0048,2025-09-20 02:40:31,28.72,GBP,REFUND,PENDING,2025-09-20 02:40:31
TXN00040856,ACC000632,MER0095,2025-08-26 23:35:51,62.85,USD,TRANSFER,posted,2025-08-26 23:35:51
TXN00042089,ACC002179,MER0056,2025-07-16 15:53:01,1.87,usd,REFUND,POSTED,2025-07-16 15:53:01
TXN00044691,ACC001526,MER0088,2025-07-26 11:37:08,106.73,USD,PURCHASE,posted,2025-07-26 11:37:08
TXN00047212,ACC001318,MER0038,2025-07-05 05:49:00,31.4,NGN,purchase,PENDING,2025-07-05 05:49:00
TXN00024588,ACC001201,MER0123,2025-04-22 22:18:43,108.7,USD,WITHDRAWAL,POSTED,2025-08-16 17:21:44
TXN00040854,ACC002740,MER0116,2025-09-09 02:36:21,6.84,JPY,PURCHASE,PENDING,2025-09-09 02:36:21
TXN00047117,ACC000818,MER0140,2025-07-15 02:05:21,4.44,NGN,purchase,REVERSED,2025-07-15 02:05:21
TXN00047574,ACC000916,MER0069,2025-08-03 18:00:29,9.64,usd,REFUND,REVERSED,2025-08-03 18:00:29
TXN00045651,ACC002060,MER0106,2025-07-17 22:58:20,6.26,NGN,TRANSFER,posted,2025-07-17 22:58:20
TXN00043229,ACC002429,MER0111,2025-08-09 18:28:31,9.33,JPY,WITHDRAWAL,POSTED,2025-08-09 18:28:31
TXN00041014,ACC002042,MER0008,2025-08-31 21:06:54,6.48,EUR,REFUND,PENDING,2025-08-31 21:06:54
TXN00041620,ACC003264,MER0150,2025-09-01 23:21:09,4.52,usd,PURCHASE,PENDING,2025-09-01 23:21:09
TXN00042408,ACC003466,MER0137,2025-07-13 09:14:45,2.96,CAD,PURCHASE,PENDING,2025-07-13 09:14:45
TXN00042572,ACC003340,MER0043,2025-08-23 10:32:16,2.14,NGN,purchase,PENDING,2025-08-23 10:32:16
TXN00043209,ACC001928,MER0120,2025-08-12 22:10:56,6.14,CAD,DEPOSIT,DECLINED,2025-08-12 22:10:56
TXN00046780,ACC000349,MER0117,2025-08-29 04:17:30,94.91,EUR,TRANSFER,PENDING,2025-08-29 04:17:30
TXN00046934,ACC000680,MER0021,2025-08-09 18:43:11,22.35,CAD,REFUND,POSTED,2025-08-09 18:43:11
TXN00042636,ACC001332,MER0051,2025-08-21 10:08:23,26.52,JPY,WITHDRAWAL,DECLINED,2025-08-21 10:08:23
TXN00046048,ACC000877,MER0096,2025-07-29 21:28:50,19.3,USD,TRANSFER,PENDING,2025-07-29 21:28:50
TXN00047973,ACC002703,MER0026,2025-07-14 17:11:02,2.01,usd,TRANSFER,REVERSED,2025-07-14 17:11:02
TXN00047131,ACC003086,MER0117,2025-09-19 18:40:07,23.43,CAD,purchase,PENDING,2025-09-19 18:40:07
TXN00046379,ACC000238,MER0031,2025-07-23 18:02:09,32.66,GBP,purchase,posted,2025-07-23 18:02:09
TXN00046503,ACC000709,MER0010,2025-08-02 10:36:35,6.73,GBP,WITHDRAWAL,PENDING,2025-08-02 10:36:35
TXN00046447,ACC001308,MER0099,2025-07-30 02:33:42,6.08,GBP,PURCHASE,PENDING,2025-07-30 02:33:42
TXN00044359,ACC000110,MER0106,2025-08-24 02:28:11,69.67,USD,TRANSFER,DECLINED,2025-08-24 02:28:11
TXN00045266,ACC000297,MER0119,2025-09-01 10:11:24,8.39,USD,purchase,POSTED,2025-09-01 10:11:24
TXN00043926,ACC001837,MER0026,2025-09-01 16:20:04,7.02,USD,WITHDRAWAL,PENDING,2025-09-01 16:20:04
TXN00047700,ACC003172,MER0063,2025-08-09 05:26:36,37.25,INR,WITHDRAWAL,posted,2025-08-09 05:26:36
TXN00047770,ACC000811,MER0107,2025-07-10 19:11:31,43.88,CAD,PURCHASE,posted,2025-07-10 19:11:31
TXN00045806,ACC001821,MER0014,2025-08-02 15:28:36,28.77,EUR,REFUND,PENDING,2025-08-02 15:28:36
TXN00041333,ACC002410,MER0083,2025-08-24 09:30:58,16.97,NGN,DEPOSIT,DECLINED,2025-08-24 09:30:58
TXN00047633,ACC001509,MER0145,2025-09-30 03:01:39,80.01,GBP,DEPOSIT,DECLINED,2025-09-30 03:01:39
TXN00045564,ACC001587,MER0141,2025-09-22 08:24:39,33.01,CAD,TRANSFER,REVERSED,2025-09-22 08:24:39
TXN00047064,ACC002382,MER0097,2025-07-18 07:40:22,81.36,USD,REFUND,DECLINED,2025-07-18 07:40:22
TXN00041839,ACC002007,MER0138,2025-08-21 06:51:18,48.34,JPY,WITHDRAWAL,PENDING,2025-08-21 06:51:18
TXN00045659,ACC003405,MER0098,2025-07-08 02:31:47,8.47,USD,TRANSFER,DECLINED,2025-07-08 02:31:47
TXN00040410,ACC003893,MER0081,2025-07-14 14:10:02,9.08,NGN,purchase,REVERSED,2025-07-14 14:10:02
TXN00005623,ACC003127,MER0141,2024-05-08 00:55:46,32.13,GBP,WITHDRAWAL,REVERSED,2025-09-14 06:20:26
TXN00040526,ACC003583,MER0014,2025-09-08 16:05:30,44.21,GBP,PURCHASE,PENDING,2025-09-08 16:05:30
TXN00042952,ACC000659,MER0070,2025-07-23 14:00:43,15.22,INR,TRANSFER,POSTED,2025-07-23 14:00:43
TXN00047462,ACC000920,MER0009,2025-09-23 06:17:35,194.15,usd,WITHDRAWAL,REVERSED,2025-09-23 06:17:35
TXN00047734,ACC003333,MER0085,2025-07-13 14:45:55,50.12,NGN,TRANSFER,POSTED,2025-07-13 14:45:55
TXN00045739,ACC003808,MER0119,2025-09-05 21:33:30,116.56,gbp,DEPOSIT,PENDING,2025-09-05 21:33:30
TXN00044595,ACC001630,MER0102,2025-08-30 19:05:50,39.29,gbp,TRANSFER,posted,2025-08-30 19:05:50
TXN00040126,ACC002276,MER0115,2025-07-19 00:21:37,9.17,INR,WITHDRAWAL,POSTED,2025-07-19 00:21:37
TXN00041928,ACC001032,MER0077,2025-09-26 05:56:20,8.07,NGN,WITHDRAWAL,PENDING,2025-09-26 05:56:20
TXN00047642,ACC003713,MER0051,2025-08-07 10:16:36,122.2,usd,TRANSFER,POSTED,2025-08-07 10:16:36
TXN00047042,ACC003630,MER0029,2025-09-18 05:09:06,8.42,usd,DEPOSIT,PENDING,2025-09-18 05:09:06
TXN00042959,ACC000199,MER0024,2025-09-26 13:51:36,77.93,CAD,purchase,POSTED,2025-09-26 13:51:36
TXN00041680,ACC002537,MER0110,2025-07-08 06:11:49,27.73,USD,TRANSFER,PENDING,2025-07-08 06:11:49
TXN00040535,ACC003027,MER0069,2025-09-07 05:58:25,14.22,usd,TRANSFER,DECLINED,2025-09-07 05:58:25
TXN00040720,ACC001209,MER0136,2025-07-20 14:10:31,31.12,gbp,DEPOSIT,PENDING,2025-07-20 14:10:31
TXN00042762,ACC002778,MER0009,2025-08-14 09:31:51,1.98,NGN,DEPOSIT,REVERSED,2025-08-14 09:31:51
TXN00047113,ACC001718,MER0138,2025-09-09 01:08:59,106.63,JPY,DEPOSIT,REVERSED,2025-09-09 01:08:59
TXN00044643,ACC002724,MER0038,2025-07-04 09:04:19,105.0,EUR,purchase,PENDING,2025-07-04 09:04:19
TXN00045507,ACC001209,MER0069,2025-08-07 09:03:39,61.25,CAD,TRANSFER,posted,2025-08-07 09:03:39
TXN00041182,ACC003523,MER0066,2025-09-14 20:53:55,8.99,INR,REFUND,POSTED,2025-09-14 20:53:55
TXN00018984,ACC000569,MER0096,2025-04-17 10:32:45,2.3,EUR,TRANSFER,POSTED,2025-09-19 15:34:26
TXN00046321,ACC000719,MER0095,2025-08-09 09:28:29,19.23,USD,PURCHASE,PENDING,2025-08-09 09:28:29
TXN00042167,ACC001828,MER0114,2025-09-06 23:51:48,208.96,gbp,purchase,posted,2025-09-06 23:51:48
TXN00007291,ACC001098,MER0064,2024-03-03 01:32:26,52.17,EUR,purchase,POSTED,2025-08-18 18:46:52
TXN00042580,ACC001136,MER0108,2025-08-19 12:34:01,18.27,USD,REFUND,posted,2025-08-19 12:34:01
TXN00040571,ACC001209,MER0035,2025-09-09 13:50:08,15.27,usd,PURCHASE,REVERSED,2025-09-09 13:50:08
TXN00045224,ACC002069,MER0124,2025-07-28 08:20:54,39.38,CAD,PURCHASE,PENDING,2025-07-28 08:20:54
TXN00040272,ACC001749,MER0108,2025-08-21 18:49:43,31.34,JPY,WITHDRAWAL,POSTED,2025-08-21 18:49:43
TXN00045744,ACC003818,MER0009,2025-07-25 13:55:30,24.77,gbp,WITHDRAWAL,REVERSED,2025-07-25 13:55:30
TXN00040752,ACC003904,MER0052,2025-08-25 09:57:16,7.83,USD,purchase,REVERSED,2025-08-25 09:57:16
TXN00043742,ACC000304,MER0047,2025-07-16 19:19:24,25.51,CAD,REFUND,posted,2025-07-16 19:19:24
TXN00043385,ACC002451,MER0129,2025-08-13 07:14:27,1.75,INR,REFUND,REVERSED,2025-08-13 07:14:27
TXN00045467,ACC000061,MER0140,2025-08-15 20:38:28,40.52,USD,TRANSFER,posted,2025-08-15 20:38:28
TXN00043185,ACC001058,MER0143,2025-08-22 03:02:58,60.1,EUR,PURCHASE,REVERSED,2025-08-22 03:02:58
TXN00043735,ACC000044,MER0117,2025-07-13 11:16:05,64.47,gbp,purchase,PENDING,2025-07-13 11:16:05
TXN00040340,ACC000575,MER0015,2025-08-30 17:40:33,22.14,EUR,DEPOSIT,PENDING,2025-08-30 17:40:33
TXN00045964,ACC003358,MER0004,2025-09-02 03:21:01,45.62,USD,PURCHASE,PENDING,2025-09-02 03:21:01
TXN00045548,ACC002522,MER0095,2025-08-10 23:31:56,54.48,USD,DEPOSIT,PENDING,2025-08-10 23:31:56
TXN00045171,ACC000672,MER0129,2025-09-29 19:14:47,8.48,GBP,DEPOSIT,PENDING,2025-09-29 19:14:47
TXN00044883,ACC003308,MER0111,2025-08-08 02:34:13,46.18,NGN,DEPOSIT,PENDING,2025-08-08 02:34:13
TXN00046359,ACC003530,MER0148,2025-07-05 08:53:31,97.16,EUR,WITHDRAWAL,POSTED,2025-07-05 08:53:31
TXN00043692,ACC002764,MER0020,2025-08-03 12:55:49,11.78,gbp,WITHDRAWAL,REVERSED,2025-08-03 12:55:49
TXN00042584,ACC000663,MER0119,2025-08-10 07:12:00,14.86,gbp,purchase,POSTED,2025-08-10 07:12:00
TXN00047943,ACC000195,MER0100,2025-09-29 06:13:38,30.46,JPY,PURCHASE,DECLINED,2025-09-29 06:13:38
TXN00044609,ACC003641,MER0071,2025-09-14 15:59:08,3.24,JPY,WITHDRAWAL,DECLINED,2025-09-14 15:59:08
TXN00040105,ACC001061,MER0022,2025-07-07 10:36:44,9.29,USD,DEPOSIT,PENDING,2025-07-07 10:36:44
TXN00043444,ACC002918,MER0137,2025-07-14 19:04:17,6.61,EUR,purchase,PENDING,2025-07-14 19:04:17
TXN00042289,ACC003250,MER0011,2025-09-26 23:00:45,105.9,EUR,REFUND,REVERSED,2025-09-26 23:00:45
TXN00018334,ACC001593,MER0004,2025-02-10 01:49:11,50.82,gbp,PURCHASE,POSTED,2025-08-12 09:55:46
TXN00046810,ACC003241,MER0030,2025-07-28 00:26:21,22.26,JPY,purchase,DECLINED,2025-07-28 00:26:21
TXN00028221,ACC003244,MER0114,2024-06-11 13:07:57,30.35,gbp,DEPOSIT,DECLINED,2025-09-04 12:44:58
TXN00047339,ACC003094,MER0093,2025-07-11 09:44:14,12.56,EUR,TRANSFER,PENDING,2025-07-11 09:44:14
TXN00042378,ACC000112,MER0097,2025-07-11 22:36:23,3.38,usd,purchase,PENDING,2025-07-11 22:36:23
TXN00044665,ACC002635,MER0108,2025-09-01 11:25:52,12.36,INR,PURCHASE,POSTED,2025-09-01 11:25:52
TXN00043268,ACC003757,MER0047,2025-07-28 21:50:55,71.83,CAD,REFUND,POSTED,2025-07-28 21:50:55
TXN00046528,ACC001920,MER0077,2025-09-23 08:48:04,112.35,EUR,PURCHASE,DECLINED,2025-09-23 08:48:04
TXN00040818,ACC001303,MER0057,2025-09-08 05:20:13,16.13,NGN,TRANSFER,DECLINED,2025-09-08 05:20:13
TXN00044799,ACC001233,MER0010,2025-07-14 09:08:22,120.66,GBP,TRANSFER,DECLINED,2025-07-14 09:08:22
TXN00043097,ACC001978,MER0040,2025-07-16 19:31:33,17.12,EUR,PURCHASE,REVERSED,2025-07-16 19:31:33
TXN00047516,ACC002187,MER0139,2025-08-29 18:54:27,3.97,gbp,PURCHASE,REVERSED,2025-08-29 18:54:27
TXN00046802,ACC001625,MER0134,2025-09-06 16:54:36,106.72,INR,purchase,DECLINED,2025-09-06 16:54:36
TXN00046206,ACC000745,MER0038,2025-08-15 22:04:46,9.6,EUR,REFUND,POSTED,2025-08-15 22:04:46
TXN00046191,ACC003004,MER0055,2025-08-10 15:16:47,14.01,USD,purchase,posted,2025-08-10 15:16:47
TXN00044862,ACC000101,MER0085,2025-09-07 16:30:46,8.93,EUR,purchase,PENDING,2025-09-07 16:30:46
TXN00044234,ACC000775,MER0080,2025-09-04 15:16:00,32.23,INR,purchase,REVERSED,2025-09-04 15:16:00
TXN00044125,ACC002122,MER0132,2025-09-24 11:49:09,13.62,USD,TRANSFER,DECLINED,2025-09-24 11:49:09
TXN00045040,ACC002732,MER0132,2025-08-19 17:32:50,32935.07,gbp,purchase,POSTED,2025-08-19 17:32:50
TXN00041968,ACC000271,MER0073,2025-09-24 23:09:39,12.38,CAD,PURCHASE,POSTED,2025-09-24 23:09:39
TXN00042413,ACC003774,MER0119,2025-09-27 07:31:45,9.29,GBP,TRANSFER,POSTED,2025-09-27 07:31:45
TXN00042786,ACC003762,MER0007,2025-08-02 10:34:50,2.42,NGN,REFUND,PENDING,2025-08-02 10:34:50
TXN00040787,ACC002850,MER0102,2025-08-27 13:02:58,22.56,gbp,DEPOSIT,DECLINED,2025-08-27 13:02:58
TXN00040865,ACC001198,MER0076,2025-08-24 16:45:33,6.51,NGN,REFUND,posted,2025-08-24 16:45:33
TXN00047205,ACC000137,MER0071,2025-09-22 02:26:33,5.62,INR,TRANSFER,PENDING,2025-09-22 02:26:33
TXN00042540,ACC001143,MER0002,2025-08-01 20:34:03,15540.46,GBP,TRANSFER,posted,2025-08-01 20:34:03
TXN00047456,ACC001282,MER0038,2025-08-14 20:18:33,51.72,JPY,REFUND,POSTED,2025-08-14 20:18:33
TXN00043720,ACC001553,MER0062,2025-07-01 14:06:49,16.5,NGN,purchase,PENDING,2025-07-01 14:06:49
TXN00047125,ACC001451,MER0030,2025-09-08 13:56:08,100.93,USD,PURCHASE,REVERSED,2025-09-08 13:56:08
TXN00044494,ACC001539,MER0068,2025-09-04 22:02:00,10.04,INR,DEPOSIT,DECLINED,2025-09-04 22:02:00
TXN00041887,ACC002042,MER0046,2025-07-27 16:59:20,8.25,gbp,purchase,POSTED,2025-07-27 16:59:20
TXN00040577,ACC000740,MER0072,2025-08-05 02:53:24,145.48,NGN,purchase,PENDING,2025-08-05 02:53:24
TXN00043283,ACC002612,MER0076,2025-09-30 23:11:43,38.46,usd,REFUND,REVERSED,2025-09-30 23:11:43
TXN00006437,ACC003640,MER0002,2024-10-10 22:31:26,21101.79,gbp,TRANSFER,DECLINED,2025-07-10 08:56:08
TXN00047043,ACC001534,MER0139,2025-09-09 18:20:06,35.41,usd,PURCHASE,REVERSED,2025-09-09 18:20:06
TXN00041387,ACC003417,MER0037,2025-09-24 22:14:30,7.84,CAD,purchase,REVERSED,2025-09-24 22:14:30
TXN00040584,ACC003146,MER0078,2025-07-24 15:37:24,20.91,USD,DEPOSIT,POSTED,2025-07-24 15:37:24
TXN00044122,ACC000948,MER0020,2025-08-12 00:28:37,5.47,GBP,PURCHASE,posted,2025-08-12 00:28:37
TXN00041039,ACC000723,MER0035,2025-09-14 12:29:18,130.57,usd,purchase,POSTED,2025-09-14 12:29:18
TXN00043217,ACC002848,MER0105,2025-08-06 23:22:14,56.76,gbp,PURCHASE,POSTED,2025-08-06 23:22:14
TXN00042299,ACC000893,MER0029,2025-09-08 23:30:08,29.62,JPY,TRANSFER,REVERSED,2025-09-08 23:30:08
TXN00043823,ACC003055,MER0084,2025-09-01 14:38:11,7.72,INR,PURCHASE,POSTED,2025-09-01 14:38:11
TXN00046575,ACC002867,MER0109,2025-08-21 14:43:44,22.34,USD,TRANSFER,DECLINED,2025-08-21 14:43:44
TXN00043873,ACC001583,MER0014,2025-09-19 16:03:39,37.79,gbp,REFUND,PENDING,2025-09-19 16:03:39
TXN00046286,ACC000126,MER0070,2025-09-07 06:17:25,2.39,NGN,PURCHASE,REVERSED,2025-09-07 06:17:25
TXN00044967,ACC003141,MER0141,2025-09-11 05:59:35,23.05,CAD,REFUND,posted,2025-09-11 05:59:35
TXN00044205,ACC003852,MER0103,2025-07-14 21:56:31,7.52,gbp,REFUND,POSTED,2025-07-14 21:56:31
TXN00041669,ACC001566,MER0024,2025-09-06 07:11:48,20.83,JPY,purchase,REVERSED,2025-09-06 07:11:48
TXN00045468,ACC003312,MER0095,2025-09-21 19:56:18,6.39,GBP,WITHDRAWAL,PENDING,2025-09-21 19:56:18
TXN00045345,ACC000839,MER0069,2025-07-02 04:37:50,156.04,usd,purchase,REVERSED,2025-07-02 04:37:50
TXN00040770,ACC003156,MER0023,2025-08-29 01:06:04,31.68,CAD,PURCHASE,REVERSED,2025-08-29 01:06:04
TXN00044479,ACC001429,MER0037,2025-08-31 08:58:30,34.37,gbp,DEPOSIT,PENDING,2025-08-31 08:58:30
TXN00045772,ACC002206,MER0131,2025-08-28 01:13:19,26.01,NGN,PURCHASE,DECLINED,2025-08-28 01:13:19
TXN00046494,ACC001772,MER0131,2025-09-02 18:31:21,12.54,NGN,REFUND,POSTED,2025-09-02 18:31:21
TXN00047301,ACC003556,MER0062,2025-07-26 15:58:35,29.05,gbp,PURCHASE,POSTED,2025-07-26 15:58:35
TXN00039907,ACC001865,MER0003,2024-03-05 04:13:28,38.18,usd,TRANSFER,DECLINED,2025-07-06 17:15:48
TXN00042443,ACC000859,MER0002,2025-07-27 09:31:40,20.64,EUR,PURCHASE,POSTED,2025-07-27 09:31:40
TXN00017300,ACC001526,MER0040,2024-06-30 12:54:05,57.88,CAD,DEPOSIT,POSTED,2025-08-11 08:56:21
TXN00013706,ACC001203,MER0028,2024-08-13 14:54:13,193.61,GBP,PURCHASE,REVERSED,2025-08-31 19:44:07
TXN00041043,ACC003622,MER0070,2025-07-05 03:23:10,2.55,EUR,PURCHASE,REVERSED,2025-07-05 03:23:10
TXN00044457,ACC002094,MER0132,2025-09-27 08:50:07,11.61,NGN,WITHDRAWAL,REVERSED,2025-09-27 08:50:07
TXN00043866,ACC001386,MER0016,2025-09-15 06:16:14,47.98,NGN,PURCHASE,DECLINED,2025-09-15 06:16:14
TXN00041416,ACC003500,MER0061,2025-08-04 07:11:31,14.55,NGN,REFUND,POSTED,2025-08-04 07:11:31
TXN00043364,ACC002982,MER0069,2025-08-29 12:59:06,87.35,NGN,WITHDRAWAL,REVERSED,2025-08-29 12:59:06
TXN00047051,ACC001248,MER0088,2025-08-02 20:01:50,12.62,gbp,TRANSFER,POSTED,2025-08-02 20:01:50
TXN00018471,ACC001931,MER0002,2024-12-29 23:07:35,1.62,INR,purchase,DECLINED,2025-07-30 06:49:56
TXN00046767,ACC001043,MER0108,2025-08-29 01:09:14,73.77,JPY,PURCHASE,REVERSED,2025-08-29 01:09:14
TXN00042619,ACC000514,MER0034,2025-09-15 02:12:11,15.14,CAD,TRANSFER,REVERSED,2025-09-15 02:12:11
TXN00040117,ACC001270,MER0003,2025-07-02 11:21:52,33.06,INR,REFUND,PENDING,2025-07-02 11:21:52
TXN00044339,ACC003519,MER0137,2025-07-16 07:37:40,68.42,NGN,REFUND,POSTED,2025-07-16 07:37:40
TXN00047854,ACC000443,MER0098,2025-07-21 17:58:05,78.41,CAD,REFUND,POSTED,2025-07-21 17:58:05
TXN00042615,ACC000125,MER0104,2025-08-18 18:54:56,5.49,USD,REFUND,REVERSED,2025-08-18 18:54:56
TXN00040073,ACC001910,MER0138,2025-08-05 18:02:04,32.04,EUR,WITHDRAWAL,DECLINED,2025-08-05 18:02:04
TXN00033470,ACC002430,MER0067,2024-12-16 09:39:11,13.7,GBP,DEPOSIT,POSTED,2025-08-03 18:38:51
TXN00040175,ACC000360,MER0082,2025-09-09 08:54:16,10.66,GBP,PURCHASE,PENDING,2025-09-09 08:54:16
TXN00041982,ACC003793,MER0047,2025-07-08 06:49:59,17245.88,gbp,purchase,REVERSED,2025-07-08 06:49:59
TXN00041355,ACC001704,MER0090,2025-07-21 04:08:05,35.06,INR,purchase,posted,2025-07-21 04:08:05
TXN00047305,ACC000892,MER0041,2025-08-15 03:17:55,36.65,USD,WITHDRAWAL,posted,2025-08-15 03:17:55
TXN00045966,ACC000637,MER0123,2025-07-06 05:00:58,76.15,NGN,DEPOSIT,POSTED,2025-07-06 05:00:58
TXN00046796,ACC003163,MER0132,2025-09-23 13:13:30,49.18,USD,REFUND,posted,2025-09-23 13:13:30
TXN00044162,ACC000572,MER0118,2025-08-01 12:51:27,12.47,NGN,REFUND,DECLINED,2025-08-01 12:51:27
TXN00044207,ACC003356,MER0139,2025-09-08 06:29:46,28.75,EUR,WITHDRAWAL,PENDING,2025-09-08 06:29:46
TXN00041507,ACC001870,MER0117,2025-08-21 06:12:25,21.55,usd,DEPOSIT,PENDING,2025-08-21 06:12:25
TXN00042521,ACC002982,MER0087,2025-08-02 03:25:35,102.8,GBP,REFUND,DECLINED,2025-08-02 03:25:35
TXN00044901,ACC000021,MER0102,2025-08-03 23:27:13,8.23,USD,purchase,posted,2025-08-03 23:27:13
TXN00044981,ACC002837,MER0093,2025-07-01 13:08:21,94.37,GBP,DEPOSIT,PENDING,2025-07-01 13:08:21
TXN00042327,ACC000545,MER0007,2025-08-11 00:54:20,3.1,usd,purchase,POSTED,2025-08-11 00:54:20
TXN00041543,ACC000100,MER0085,2025-08-10 14:15:14,21.63,NGN,PURCHASE,REVERSED,2025-08-10 14:15:14
TXN00042818,ACC003544,MER0016,2025-08-29 07:57:41,22.33,JPY,PURCHASE,REVERSED,2025-08-29 07:57:41
TXN00042138,ACC003591,MER0042,2025-09-26 06:16:09,65.37,JPY,PURCHASE,POSTED,2025-09-26 06:16:09
TXN00047429,ACC003318,MER0140,2025-09-10 12:05:03,23.32,JPY,DEPOSIT,POSTED,2025-09-10 12:05:03
TXN00040056,ACC001897,MER0105,2025-09-02 06:26:40,38.35,NGN,DEPOSIT,POSTED,2025-09-02 06:26:40
TXN00042761,ACC002827,MER0121,2025-09-06 07:00:53,256.45,usd,WITHDRAWAL,PENDING,2025-09-06 07:00:53
TXN00041695,ACC001038,MER0131,2025-07-04 13:03:33,40.98,GBP,DEPOSIT,PENDING,2025-07-04 13:03:33
TXN00042035,ACC002544,MER0128,2025-07-11 10:56:09,68.26,usd,DEPOSIT,posted,2025-07-11 10:56:09
TXN00045528,ACC002490,MER0023,2025-08-09 19:36:19,12.22,usd,WITHDRAWAL,PENDING,2025-08-09 19:36:19
TXN00047740,ACC001209,MER0103,2025-09-14 05:55:44,36.87,JPY,TRANSFER,POSTED,2025-09-14 05:55:44
TXN00040076,ACC000257,MER0136,2025-07-28 07:39:52,36.73,usd,DEPOSIT,DECLINED,2025-07-28 07:39:52
TXN00040810,ACC000102,MER0097,2025-07-17 18:00:10,43.66,NGN,WITHDRAWAL,posted,2025-07-17 18:00:10
TXN00045609,ACC002963,MER0048,2025-08-23 14:02:56,19.2,EUR,purchase,DECLINED,2025-08-23 14:02:56
TXN00047306,ACC000793,MER0002,2025-07-01 01:20:49,25.04,USD,DEPOSIT,POSTED,2025-07-01 01:20:49
TXN00018632,ACC001674,MER0056,2024-11-21 17:11:17,36.11,INR,PURCHASE,POSTED,2025-08-29 05:24:46
TXN00042806,ACC002191,MER0022,2025-09-21 22:33:32,9.55,JPY,purchase,PENDING,2025-09-21 22:33:32
TXN00037058,ACC002067,MER0114,2024-04-29 18:33:40,8.65,INR,TRANSFER,REVERSED,2025-09-12 07:30:28
TXN00047743,ACC000838,MER0061,2025-08-16 21:38:20,3.66,usd,purchase,DECLINED,2025-08-16 21:38:20
TXN00044013,ACC002360,MER0043,2025-09-18 22:24:19,52.58,usd,REFUND,posted,2025-09-18 22:24:19
TXN00043274,ACC002458,MER0101,2025-09-09 02:05:11,43.47,NGN,TRANSFER,REVERSED,2025-09-09 02:05:11
TXN00047021,ACC003415,MER0096,2025-08-21 18:29:40,4.36,CAD,purchase,DECLINED,2025-08-21 18:29:40
TXN00042381,ACC003435,MER0059,2025-09-25 03:18:52,4.84,JPY,DEPOSIT,REVERSED,2025-09-25 03:18:52
TXN00046612,ACC003555,MER0090,2025-07-16 09:41:10,28.23,NGN,purchase,PENDING,2025-07-16 09:41:10
TXN00043160,ACC003246,MER0115,2025-07-08 07:27:52,73.01,gbp,TRANSFER,REVERSED,2025-07-08 07:27:52
TXN00046155,ACC003624,MER0122,2025-07-29 10:39:50,30.19,gbp,purchase,DECLINED,2025-07-29 10:39:50
TXN00011295,ACC001047,MER0117,2024-10-03 23:02:05,18.72,gbp,PURCHASE,POSTED,2025-09-29 19:32:30
TXN00044742,ACC002487,MER0120,2025-09-18 16:06:05,17.47,GBP,DEPOSIT,DECLINED,2025-09-18 16:06:05
TXN00044877,ACC000086,MER0032,2025-08-25 12:12:47,2.01,EUR,DEPOSIT,DECLINED,2025-08-25 12:12:47
TXN00045009,ACC000683,MER0020,2025-09-11 03:00:50,77.95,JPY,DEPOSIT,PENDING,2025-09-11 03:00:50
TXN00044905,ACC002147,MER0076,2025-07-09 04:55:05,21.67,USD,purchase,posted,2025-07-09 04:55:05
TXN00042114,ACC003424,MER0004,2025-09-10 11:28:18,46.46,gbp,purchase,REVERSED,2025-09-10 11:28:18
TXN00022385,ACC001340,MER0031,2025-02-03 09:05:53,64.22,EUR,WITHDRAWAL,POSTED,2025-09-09 12:01:07
TXN00041875,ACC001520,MER0005,2025-08-29 22:32:38,19.92,JPY,DEPOSIT,REVERSED,2025-08-29 22:32:38
TXN00046593,ACC002520,MER0014,2025-08-05 04:57:03,18.95,NGN,REFUND,DECLINED,2025-08-05 04:57:03
TXN00040674,ACC002584,MER0001,2025-08-27 00:03:37,91.83,USD,PURCHASE,PENDING,2025-08-27 00:03:37
TXN00038208,ACC003748,MER0075,2024-01-01 02:04:13,17164.41,NGN,PURCHASE,POSTED,2025-08-02 21:56:06
TXN00041484,ACC002831,MER0125,2025-09-08 14:05:15,8.37,USD,DEPOSIT,posted,2025-09-08 14:05:15
TXN00040001,ACC003704,MER0072,2025-09-12 11:00:57,18.81,JPY,REFUND,REVERSED,2025-09-12 11:00:57
TXN00040494,ACC002351,MER0020,2025-09-06 00:20:11,25.41,GBP,WITHDRAWAL,PENDING,2025-09-06 00:20:11
TXN00041969,ACC002668,MER0025,2025-08-20 06:01:38,30735.17,gbp,PURCHASE,posted,2025-08-20 06:01:38
TXN00042462,ACC002985,MER0017,2025-07-31 02:08:17,177.03,USD,PURCHASE,posted,2025-07-31 02:08:17
TXN00045771,ACC001871,MER0146,2025-08-29 05:20:19,23.88,gbp,DEPOSIT,posted,2025-08-29 05:20:19
TXN00041616,ACC001551,MER0085,2025-08-25 14:37:54,10.45,usd,DEPOSIT,PENDING,2025-08-25 14:37:54
TXN00043044,ACC003910,MER0070,2025-09-08 00:16:04,17971.54,JPY,TRANSFER,posted,2025-09-08 00:16:04
TXN00043495,ACC001955,MER0068,2025-09-01 04:51:42,10.0,gbp,DEPOSIT,REVERSED,2025-09-01 04:51:42
TXN00041911,ACC003594,MER0126,2025-08-01 00:11:40,4.53,CAD,WITHDRAWAL,DECLINED,2025-08-01 00:11:40
TXN00008907,ACC002760,MER0031,2024-03-25 20:42:45,149.11,NGN,PURCHASE,POSTED,2025-08-05 19:58:27
TXN00045727,ACC001886,MER0097,2025-07-10 16:49:40,9.43,EUR,PURCHASE,DECLINED,2025-07-10 16:49:40
TXN00040629,ACC001219,MER0003,2025-08-24 05:09:28,3.43,JPY,DEPOSIT,REVERSED,2025-08-24 05:09:28
TXN00042395,ACC002970,MER0083,2025-09-12 13:17:07,8.32,NGN,purchase,posted,2025-09-12 13:17:07
TXN00044621,ACC001795,MER0080,2025-07-19 23:42:00,45.06,NGN,REFUND,posted,2025-07-19 23:42:00
TXN00046195,ACC000775,MER0146,2025-07-14 15:38:50,13.97,NGN,purchase,posted,2025-07-14 15:38:50
TXN00045710,ACC001648,MER0127,2025-09-10 21:47:44,58.63,USD,PURCHASE,posted,2025-09-10 21:47:44
TXN00042855,ACC003177,MER0143,2025-09-22 19:45:37,23.1,NGN,PURCHASE,REVERSED,2025-09-22 19:45:37
TXN00042810,ACC002586,MER0022,2025-08-22 12:42:23,6.61,CAD,WITHDRAWAL,DECLINED,2025-08-22 12:42:23
TXN00045943,ACC001832,MER0039,2025-08-09 06:26:00,56.21,gbp,purchase,PENDING,2025-08-09 06:26:00
TXN00043554,ACC000695,MER0031,2025-07-28 21:37:33,70.54,gbp,DEPOSIT,REVERSED,2025-07-28 21:37:33
TXN00040131,ACC000207,MER0107,2025-07-02 06:01:49,5.15,USD,REFUND,REVERSED,2025-07-02 06:01:49
TXN00042882,ACC003225,MER0064,2025-09-19 19:03:06,97.25,GBP,REFUND,posted,2025-09-19 19:03:06
TXN00045603,ACC000479,MER0042,2025-08-26 16:23:12,10.57,INR,REFUND,posted,2025-08-26 16:23:12
TXN00040265,ACC002144,MER0062,2025-09-04 00:36:52,98.58,EUR,DEPOSIT,PENDING,2025-09-04 00:36:52
TXN00045327,ACC001817,MER0097,2025-09-11 22:05:58,108.74,NGN,WITHDRAWAL,PENDING,2025-09-11 22:05:58
TXN00047696,ACC001180,MER0044,2025-07-23 21:34:15,42.77,GBP,PURCHASE,PENDING,2025-07-23 21:34:15
TXN00044661,ACC001427,MER0084,2025-07-25 04:57:32,21.55,gbp,DEPOSIT,POSTED,2025-07-25 04:57:32
TXN00045291,ACC002800,MER0113,2025-09-08 22:11:20,69.13,JPY,TRANSFER,PENDING,2025-09-08 22:11:20
TXN00041473,ACC002334,MER0069,2025-09-04 04:11:48,58.3,USD,purchase,REVERSED,2025-09-04 04:11:48
TXN00045071,ACC002209,MER0035,2025-09-07 08:20:36,46.89,JPY,TRANSFER,POSTED,2025-09-07 08:20:36
TXN00045373,ACC002985,MER0069,2025-09-15 00:30:58,87.17,usd,DEPOSIT,DECLINED,2025-09-15 00:30:58
TXN00040161,ACC003102,MER0036,2025-09-28 05:45:35,41.49,gbp,DEPOSIT,DECLINED,2025-09-28 05:45:35
TXN00043285,ACC001583,MER0141,2025-09-18 13:03:34,110.29,JPY,TRANSFER,PENDING,2025-09-18 13:03:34
TXN00031120,ACC001178,MER0013,2025-03-03 22:50:56,8.71,GBP,REFUND,REVERSED,2025-07-08 12:06:07
TXN00040842,ACC002959,MER0068,2025-09-17 15:13:07,11.22,gbp,WITHDRAWAL,REVERSED,2025-09-17 15:13:07
TXN00040983,ACC002235,MER0149,2025-09-16 07:01:50,16.05,GBP,TRANSFER,DECLINED,2025-09-16 07:01:50
TXN00041654,ACC001346,MER0023,2025-09-18 23:07:17,15.2,USD,WITHDRAWAL,PENDING,2025-09-18 23:07:17
TXN00047713,ACC002212,MER0019,2025-07-08 00:36:51,30.17,EUR,TRANSFER,PENDING,2025-07-08 00:36:51
TXN00043881,ACC000850,MER0022,2025-09-11 05:45:37,21.77,EUR,purchase,REVERSED,2025-09-11 05:45:37
TXN00044526,ACC002434,MER0107,2025-07-29 15:18:00,9.26,usd,purchase,posted,2025-07-29 15:18:00
TXN00047467,ACC002336,MER0098,2025-09-01 23:47:21,24.78,NGN,DEPOSIT,PENDING,2025-09-01 23:47:21
TXN00045931,ACC003544,MER0037,2025-07-06 22:19:23,44.45,INR,TRANSFER,DECLINED,2025-07-06 22:19:23
TXN00045418,ACC000673,MER0054,2025-08-13 14:44:41,129.5,CAD,TRANSFER,POSTED,2025-08-13 14:44:41
TXN00042338,ACC001419,MER0106,2025-08-17 12:38:41,3.73,JPY,TRANSFER,posted,2025-08-17 12:38:41
TXN00045228,ACC000681,MER0128,2025-09-29 22:56:18,215.34,NGN,DEPOSIT,DECLINED,2025-09-29 22:56:18
TXN00031600,ACC001140,MER0028,2024-01-21 17:45:50,49.31,USD,REFUND,POSTED,2025-07-29 07:18:44
TXN00045990,ACC000781,MER0107,2025-07-16 22:07:49,9.27,GBP,TRANSFER,posted,2025-07-16 22:07:49
TXN00041307,ACC001616,MER0084,2025-07-13 17:42:48,34.89,JPY,PURCHASE,posted,2025-07-13 17:42:48
TXN00045078,ACC002156,MER0119,2025-07-13 17:59:31,48.19,gbp,PURCHASE,posted,2025-07-13 17:59:31
TXN00047611,ACC002345,MER0018,2025-07-18 06:10:48,20.57,GBP,REFUND,REVERSED,2025-07-18 06:10:48
TXN00042511,ACC002807,MER0096,2025-09-15 20:37:43,15367.17,NGN,purchase,DECLINED,2025-09-15 20:37:43
TXN00041183,ACC000506,MER0110,2025-09-30 00:19:31,19.86,NGN,WITHDRAWAL,posted,2025-09-30 00:19:31
TXN00042541,ACC003251,MER0075,2025-08-12 22:03:44,78.16,NGN,WITHDRAWAL,REVERSED,2025-08-12 22:03:44
TXN00043552,ACC000151,MER0010,2025-07-31 04:54:28,153.06,usd,purchase,REVERSED,2025-07-31 04:54:28
TXN00047161,ACC003531,MER0094,2025-07-08 04:36:12,62.77,CAD,purchase,DECLINED,2025-07-08 04:36:12
TXN00045240,ACC003111,MER0094,2025-09-21 04:12:44,9.92,JPY,PURCHASE,PENDING,2025-09-21 04:12:44
TXN00047416,ACC003543,MER0081,2025-09-05 05:03:03,22.8,USD,WITHDRAWAL,REVERSED,2025-09-05 05:03:03
TXN00041585,ACC001629,MER0144,2025-07-25 02:35:49,108.14,NGN,purchase,REVERSED,2025-07-25 02:35:49
TXN00046276,ACC002376,MER0118,2025-07-06 16:36:41,31.46,usd,REFUND,REVERSED,2025-07-06 16:36:41
TXN00045172,ACC002219,MER0098,2025-09-26 12:36:17,94.26,gbp,REFUND,REVERSED,2025-09-26 12:36:17
TXN00040723,ACC000795,MER0086,2025-07-08 18:34:57,10.59,CAD,TRANSFER,REVERSED,2025-07-08 18:34:57
TXN00046311,ACC001417,MER0131,2025-09-28 15:52:37,26.58,EUR,purchase,posted,2025-09-28 15:52:37
TXN00042360,ACC001528,MER0106,2025-07-07 14:45:18,196.05,INR,purchase,DECLINED,2025-07-07 14:45:18
TXN00041360,ACC001620,MER0039,2025-08-10 17:03:49,46.22,USD,WITHDRAWAL,PENDING,2025-08-10 17:03:49
TXN00046774,ACC002525,MER0056,2025-08-03 02:46:36,35.02,usd,PURCHASE,REVERSED,2025-08-03 02:46:36
TXN00044086,ACC002739,MER0073,2025-09-12 10:08:24,5.93,USD,purchase,DECLINED,2025-09-12 10:08:24
TXN00046753,ACC003618,MER0011,2025-09-14 06:41:06,8.17,USD,purchase,posted,2025-09-14 06:41:06
TXN00047827,ACC000141,MER0032,2025-09-10 21:38:09,8.18,NGN,purchase,POSTED,2025-09-10 21:38:09
TXN00041118,ACC002190,MER0086,2025-07-17 10:06:45,57.01,INR,REFUND,REVERSED,2025-07-17 10:06:45
TXN00040534,ACC003272,MER0087,2025-08-26 21:59:58,46.4,CAD,purchase,POSTED,2025-08-26 21:59:58
TXN00047887,ACC000858,MER0083,2025-07-04 21:28:12,51.55,NGN,DEPOSIT,REVERSED,2025-07-04 21:28:12
TXN00046471,ACC003208,MER0065,2025-07-25 10:13:23,11.29,JPY,TRANSFER,REVERSED,2025-07-25 10:13:23
TXN00045336,ACC001449,MER0019,2025-09-12 11:59:50,2.29,JPY,purchase,PENDING,2025-09-12 11:59:50
TXN00043777,ACC000413,MER0027,2025-08-30 03:54:45,19.67,JPY,purchase,DECLINED,2025-08-30 03:54:45
TXN00047265,ACC002218,MER0054,2025-07-23 01:55:46,166.52,INR,REFUND,REVERSED,2025-07-23 01:55:46
TXN00047438,ACC000036,MER0032,2025-07-31 09:51:03,22.08,INR,PURCHASE,DECLINED,2025-07-31 09:51:03
TXN00042763,ACC000316,MER0070,2025-09-07 22:06:52,26.08,INR,DEPOSIT,POSTED,2025-09-07 22:06:52
TXN00040590,ACC001626,MER0052,2025-09-13 08:26:57,53.52,INR,PURCHASE,POSTED,2025-09-13 08:26:57
TXN00047378,ACC001612,MER0093,2025-07-26 22:52:37,25.22,EUR,DEPOSIT,POSTED,2025-07-26 22:52:37
TXN00047330,ACC002292,MER0136,2025-09-20 14:08:10,2.99,EUR,DEPOSIT,DECLINED,2025-09-20 14:08:10
TXN00018705,ACC001469,MER0085,2024-11-27 06:13:25,32.95,JPY,TRANSFER,POSTED,2025-07-31 21:03:40
TXN00046689,ACC002849,MER0062,2025-09-29 05:40:36,39.41,INR,TRANSFER,PENDING,2025-09-29 05:40:36
TXN00046864,ACC001626,MER0117,2025-07-11 21:19:27,24.84,CAD,purchase,PENDING,2025-07-11 21:19:27
TXN00046496,ACC003435,MER0044,2025-07-02 16:55:38,29.29,CAD,WITHDRAWAL,PENDING,2025-07-02 16:55:38
TXN00043357,ACC000049,MER0074,2025-07-10 15:17:30,130.67,GBP,PURCHASE,REVERSED,2025-07-10 15:17:30
TXN00042718,ACC001944,MER0073,2025-07-25 01:26:49,27.32,JPY,WITHDRAWAL,posted,2025-07-25 01:26:49
TXN00044188,ACC002113,MER0138,2025-09-11 00:02:03,97.92,CAD,WITHDRAWAL,REVERSED,2025-09-11 00:02:03
TXN00043764,ACC001224,MER0053,2025-09-22 08:40:19,7.58,GBP,TRANSFER,DECLINED,2025-09-22 08:40:19
TXN00044916,ACC001170,MER0010,2025-08-15 05:25:51,10.07,GBP,DEPOSIT,posted,2025-08-15 05:25:51
TXN00040451,ACC002435,MER0149,2025-07-22 08:32:18,22.16,NGN,WITHDRAWAL,POSTED,2025-07-22 08:32:18
TXN00046460,ACC001049,MER0029,2025-09-27 13:05:25,34.09,NGN,PURCHASE,DECLINED,2025-09-27 13:05:25
TXN00041688,ACC003827,MER0111,2025-08-31 14:50:49,7.51,usd,DEPOSIT,REVERSED,2025-08-31 14:50:49
TXN00041554,ACC003382,MER0038,2025-07-09 15:15:58,182.57,JPY,purchase,PENDING,2025-07-09 15:15:58
TXN00046388,ACC000244,MER0098,2025-09-14 00:32:57,5.33,gbp,WITHDRAWAL,REVERSED,2025-09-14 00:32:57
TXN00041279,ACC002008,MER0140,2025-07-22 23:44:59,50.98,EUR,REFUND,DECLINED,2025-07-22 23:44:59
TXN00044902,ACC000436,MER0117,2025-08-04 05:09:28,26.22,USD,REFUND,posted,2025-08-04 05:09:28
TXN00042922,ACC000068,MER0022,2025-08-27 07:07:28,37.56,usd,TRANSFER,DECLINED,2025-08-27 07:07:28
TXN00046369,ACC001089,MER0086,2025-07-09 23:36:35,58.0,GBP,TRANSFER,DECLINED,2025-07-09 23:36:35
TXN00046078,ACC001794,MER0028,2025-07-15 05:36:09,17.8,gbp,WITHDRAWAL,POSTED,2025-07-15 05:36:09
TXN00047031,ACC002709,MER0043,2025-09-21 21:06:22,9.38,EUR,PURCHASE,PENDING,2025-09-21 21:06:22
TXN00041194,ACC001757,MER0118,2025-09-12 05:10:02,9.45,EUR,DEPOSIT,REVERSED,2025-09-12 05:10:02
TXN00043659,ACC003582,MER0068,2025-09-24 12:13:30,8.52,USD,TRANSFER,POSTED,2025-09-24 12:13:30
TXN00045785,ACC001866,MER0090,2025-07-16 12:14:23,13.09,EUR,DEPOSIT,DECLINED,2025-07-16 12:14:23
TXN00043348,ACC000486,MER0126,2025-09-01 02:35:29,10.69,usd,REFUND,PENDING,2025-09-01 02:35:29
TXN00040088,ACC002623,MER0046,2025-08-13 14:29:42,139.61,GBP,REFUND,posted,2025-08-13 14:29:42
TXN00046967,ACC001245,MER0007,2025-07-11 19:13:47,32.71,INR,TRANSFER,REVERSED,2025-07-11 19:13:47
TXN00044436,ACC001162,MER0052,2025-07-22 10:54:56,54.58,EUR,PURCHASE,posted,2025-07-22 10:54:56
TXN00043920,ACC003666,MER0116,2025-08-23 06:53:59,18.87,USD,PURCHASE,REVERSED,2025-08-23 06:53:59
TXN00042934,ACC003904,MER0002,2025-09-12 07:40:46,64.22,usd,purchase,posted,2025-09-12 07:40:46
TXN00046721,ACC000533,MER0043,2025-09-29 16:52:39,1.61,usd,WITHDRAWAL,REVERSED,2025-09-29 16:52:39
TXN00044549,ACC001947,MER0111,2025-08-24 16:41:48,11.7,CAD,TRANSFER,DECLINED,2025-08-24 16:41:48
TXN00042933,ACC001732,MER0038,2025-07-28 18:00:26,16.52,JPY,purchase,REVERSED,2025-07-28 18:00:26
TXN00041527,ACC003131,MER0093,2025-07-10 19:14:41,3.34,NGN,DEPOSIT,posted,2025-07-10 19:14:41
TXN00040724,ACC002830,MER0038,2025-07-23 20:02:10,32.34,usd,TRANSFER,REVERSED,2025-07-23 20:02:10
TXN00044636,ACC002103,MER0114,2025-08-31 03:50:04,20.26,USD,purchase,POSTED,2025-08-31 03:50:04
TXN00046591,ACC001891,MER0123,2025-09-03 02:58:51,84.6,GBP,WITHDRAWAL,REVERSED,2025-09-03 02:58:51
TXN00045930,ACC002990,MER0137,2025-08-10 21:54:33,36.58,NGN,WITHDRAWAL,posted,2025-08-10 21:54:33
TXN00047112,ACC003726,MER0030,2025-07-13 00:38:20,6.47,gbp,REFUND,posted,2025-07-13 00:38:20
TXN00045305,ACC000200,MER0030,2025-09-13 09:31:01,25.46,usd,DEPOSIT,REVERSED,2025-09-13 09:31:01
TXN00045259,ACC001086,MER0071,2025-08-21 20:35:53,13.64,JPY,DEPOSIT,POSTED,2025-08-21 20:35:53
TXN00043005,ACC001092,MER0047,2025-08-03 10:03:09,59.57,usd,TRANSFER,REVERSED,2025-08-03 10:03:09
TXN00046901,ACC002956,MER0056,2025-07-03 01:48:22,8.76,JPY,DEPOSIT,POSTED,2025-07-03 01:48:22
TXN00041015,ACC002705,MER0040,2025-07-20 12:46:41,69.26,GBP,WITHDRAWAL,posted,2025-07-20 12:46:41
TXN00041645,ACC003870,MER0144,2025-09-04 13:24:53,19.58,CAD,REFUND,REVERSED,2025-09-04 13:24:53
TXN00047819,ACC000094,MER0054,2025-09-07 01:40:55,31.12,INR,REFUND,POSTED,2025-09-07 01:40:55
TXN00046279,ACC001624,MER0009,2025-07-05 12:30:53,13.23,EUR,DEPOSIT,DECLINED,2025-07-05 12:30:53
TXN00041428,ACC002988,MER0008,2025-08-08 21:25:09,10.51,GBP,WITHDRAWAL,POSTED,2025-08-08 21:25:09
TXN00042291,ACC002708,MER0067,2025-07-30 16:58:47,11.19,USD,purchase,DECLINED,2025-07-30 16:58:47
TXN00046443,ACC001540,MER0086,2025-07-09 10:42:13,30.4,EUR,TRANSFER,DECLINED,2025-07-09 10:42:13
TXN00044485,ACC002718,MER0133,2025-08-28 19:08:03,10.23,INR,DEPOSIT,REVERSED,2025-08-28 19:08:03
TXN00045206,ACC003446,MER0149,2025-07-21 20:08:32,143.24,USD,PURCHASE,POSTED,2025-07-21 20:08:32
TXN00040488,ACC002173,MER0060,2025-08-18 19:37:48,37.53,EUR,REFUND,posted,2025-08-18 19:37:48
TXN00040007,ACC002809,MER0150,2025-08-06 06:52:53,17.23,USD,PURCHASE,DECLINED,2025-08-06 06:52:53
TXN00047209,ACC003624,MER0024,2025-09-29 17:58:39,25.74,usd,purchase,REVERSED,2025-09-29 17:58:39
TXN00040129,ACC000294,MER0104,2025-09-14 20:58:26,33.03,gbp,REFUND,posted,2025-09-14 20:58:26
TXN00047662,ACC002689,MER0003,2025-07-03 21:14:31,91.71,JPY,TRANSFER,DECLINED,2025-07-03 21:14:31
TXN00044977,ACC003832,MER0017,2025-09-26 22:39:36,12.38,gbp,TRANSFER,PENDING,2025-09-26 22:39:36
TXN00042073,ACC001037,MER0107,2025-08-21 13:19:25,99.3,USD,REFUND,posted,2025-08-21 13:19:25
TXN00040826,ACC000514,MER0136,2025-08-31 01:27:03,5.98,gbp,TRANSFER,POSTED,2025-08-31 01:27:03
TXN00047959,ACC003228,MER0023,2025-08-24 15:58:55,35.88,EUR,REFUND,PENDING,2025-08-24 15:58:55
TXN00042777,ACC001287,MER0127,2025-08-30 21:09:13,16.21,GBP,PURCHASE,POSTED,2025-08-30 21:09:13
TXN00006438,ACC001506,MER0046,2024-09-04 23:29:20,22.75,NGN,DEPOSIT,DECLINED,2025-08-22 23:56:00
TXN00047024,ACC003233,MER0137,2025-08-09 08:20:09,2.63,usd,PURCHASE,posted,2025-08-09 08:20:09
TXN00047362,ACC000714,MER0120,2025-07-06 08:17:08,16.36,NGN,purchase,PENDING,2025-07-06 08:17:08
TXN00044254,ACC002481,MER0127,2025-09-15 23:32:21,65.97,usd,purchase,DECLINED,2025-09-15 23:32:21
TXN00046590,ACC002072,MER0108,2025-09-22 21:22:29,11.03,INR,purchase,DECLINED,2025-09-22 21:22:29
TXN00045120,ACC002571,MER0056,2025-07-15 12:33:07,2.27,EUR,purchase,POSTED,2025-07-15 12:33:07
TXN00040873,ACC000096,MER0121,2025-07-12 04:45:44,24.92,NGN,WITHDRAWAL,PENDING,2025-07-12 04:45:44
TXN00046604,ACC001087,MER0124,2025-09-25 13:07:12,72.22,usd,purchase,DECLINED,2025-09-25 13:07:12
TXN00040711,ACC002051,MER0144,2025-07-06 10:43:09,64.27,GBP,WITHDRAWAL,REVERSED,2025-07-06 10:43:09
TXN00047986,ACC003876,MER0075,2025-08-04 23:26:19,13.03,gbp,PURCHASE,POSTED,2025-08-04 23:26:19
TXN00040858,ACC002634,MER0128,2025-08-19 00:00:01,8.33,JPY,REFUND,POSTED,2025-08-19 00:00:01
TXN00044522,ACC002844,MER0017,2025-08-26 19:11:15,59.46,INR,purchase,POSTED,2025-08-26 19:11:15
TXN00045054,ACC003415,MER0124,2025-09-01 21:10:06,85.96,CAD,DEPOSIT,POSTED,2025-09-01 21:10:06
TXN00041161,ACC002057,MER0135,2025-09-17 04:29:08,24.02,JPY,DEPOSIT,POSTED,2025-09-17 04:29:08
TXN00046995,ACC001956,MER0117,2025-09-23 18:46:47,5.19,gbp,REFUND,REVERSED,2025-09-23 18:46:47
TXN00045195,ACC001343,MER0123,2025-07-20 19:21:27,76.09,GBP,PURCHASE,DECLINED,2025-07-20 19:21:27
TXN00045430,ACC000617,MER0043,2025-07-01 03:51:23,21.52,NGN,REFUND,POSTED,2025-07-01 03:51:23
TXN00047853,ACC002659,MER0140,2025-07-30 12:20:21,25.8,INR,purchase,posted,2025-07-30 12:20:21
TXN00041424,ACC003656,MER0041,2025-09-18 09:29:16,83.67,CAD,purchase,PENDING,2025-09-18 09:29:16
TXN00007938,ACC002618,MER0009,2024-07-12 21:19:58,54.93,USD,WITHDRAWAL,POSTED,2025-08-25 13:06:22
TXN00046594,ACC001292,MER0102,2025-09-21 05:00:11,44.36,usd,PURCHASE,REVERSED,2025-09-21 05:00:11
TXN00043877,ACC001623,MER0001,2025-09-07 20:48:17,258.23,INR,purchase,PENDING,2025-09-07 20:48:17
TXN00045613,ACC001272,MER0073,2025-08-01 09:45:32,15.37,INR,REFUND,DECLINED,2025-08-01 09:45:32
TXN00041518,ACC002131,MER0002,2025-07-24 13:19:44,4.56,JPY,REFUND,POSTED,2025-07-24 13:19:44
TXN00043949,ACC000668,MER0103,2025-07-29 05:53:58,70.72,gbp,REFUND,posted,2025-07-29 05:53:58
TXN00012745,ACC000466,MER0004,2025-01-07 20:49:04,21.61,usd,WITHDRAWAL,POSTED,2025-09-05 09:22:56
TXN00040441,ACC001364,MER0008,2025-07-21 04:59:42,36.95,CAD,REFUND,PENDING,2025-07-21 04:59:42
TXN00047893,ACC002855,MER0109,2025-07-19 19:29:52,9.95,EUR,purchase,DECLINED,2025-07-19 19:29:52
TXN00042688,ACC001243,MER0104,2025-09-27 14:38:48,16.47,GBP,TRANSFER,REVERSED,2025-09-27 14:38:48
TXN00047730,ACC000181,MER0087,2025-08-10 12:22:54,20.26,EUR,DEPOSIT,DECLINED,2025-08-10 12:22:54
TXN00017633,ACC001595,MER0057,2024-04-09 12:15:36,4.77,NGN,WITHDRAWAL,POSTED,2025-09-03 05:43:43
TXN00046835,ACC002693,MER0067,2025-09-04 03:18:41,13.64,USD,TRANSFER,PENDING,2025-09-04 03:18:41
TXN00043203,ACC001009,MER0102,2025-08-24 07:46:45,20.12,USD,TRANSFER,PENDING,2025-08-24 07:46:45
TXN00047374,ACC000664,MER0083,2025-07-03 20:16:15,9.25,usd,DEPOSIT,posted,2025-07-03 20:16:15
TXN00047659,ACC001509,MER0024,2025-08-27 13:28:42,31.28,gbp,DEPOSIT,POSTED,2025-08-27 13:28:42
TXN00045693,ACC003535,MER0108,2025-08-16 12:32:31,168.46,JPY,TRANSFER,PENDING,2025-08-16 12:32:31
TXN00047271,ACC001286,MER0133,2025-08-24 03:07:38,20.96,GBP,purchase,posted,2025-08-24 03:07:38
TXN00047331,ACC000895,MER0032,2025-07-12 15:20:20,3.99,NGN,DEPOSIT,REVERSED,2025-07-12 15:20:20
TXN00044489,ACC000056,MER0055,2025-09-18 06:51:46,18.84,EUR,purchase,PENDING,2025-09-18 06:51:46
TXN00046039,ACC002876,MER0070,2025-07-05 12:44:13,39.57,CAD,REFUND,PENDING,2025-07-05 12:44:13
TXN00047972,ACC000118,MER0038,2025-07-04 00:47:02,2.51,USD,DEPOSIT,posted,2025-07-04 00:47:02
TXN00045952,ACC002512,MER0078,2025-08-11 01:44:00,9.01,usd,TRANSFER,DECLINED,2025-08-11 01:44:00
TXN00044302,ACC000371,MER0003,2025-09-01 13:13:54,50.4,NGN,WITHDRAWAL,REVERSED,2025-09-01 13:13:54
TXN00045887,ACC000672,MER0022,2025-09-02 02:34:18,80.0,GBP,purchase,DECLINED,2025-09-02 02:34:18
TXN00040185,ACC001898,MER0014,2025-08-13 16:04:44,32.98,gbp,PURCHASE,REVERSED,2025-08-13 16:04:44
TXN00016831,ACC000208,MER0074,2024-03-27 03:33:56,10.36,USD,WITHDRAWAL,REVERSED,2025-08-29 10:17:25
TXN00047716,ACC000457,MER0012,2025-09-26 18:00:25,21.36,USD,DEPOSIT,POSTED,2025-09-26 18:00:25
TXN00040934,ACC003734,MER0015,2025-07-07 14:15:00,42.56,INR,WITHDRAWAL,posted,2025-07-07 14:15:00
TXN00024430,ACC000312,MER0054,2025-04-01 13:04:58,40.39,CAD,REFUND,POSTED,2025-07-31 22:00:13
TXN00047496,ACC003155,MER0108,2025-08-13 23:00:10,48.47,GBP,WITHDRAWAL,DECLINED,2025-08-13 23:00:10
TXN00041311,ACC000739,MER0106,2025-07-15 19:18:14,4.04,CAD,REFUND,DECLINED,2025-07-15 19:18:14
TXN00042886,ACC001817,MER0121,2025-07-09 15:31:20,4.33,gbp,purchase,POSTED,2025-07-09 15:31:20
TXN00027767,ACC000659,MER0112,2024-07-19 16:48:36,9.52,INR,TRANSFER,POSTED,2025-08-21 02:58:26
TXN00032668,ACC001498,MER0062,2024-05-10 17:14:16,3.59,usd,DEPOSIT,DECLINED,2025-08-24 15:13:54
TXN00047267,ACC003211,MER0114,2025-07-14 07:42:23,12.41,NGN,TRANSFER,DECLINED,2025-07-14 07:42:23
TXN00045567,ACC001769,MER0135,2025-07-25 19:30:06,17.32,NGN,PURCHASE,REVERSED,2025-07-25 19:30:06
TXN00044964,ACC001311,MER0020,2025-09-09 03:27:44,6.89,USD,TRANSFER,PENDING,2025-09-09 03:27:44
TXN00045974,ACC002881,MER0135,2025-08-02 20:06:37,23.05,NGN,PURCHASE,DECLINED,2025-08-02 20:06:37
TXN00046085,ACC000244,MER0093,2025-08-16 09:05:56,15251.49,GBP,REFUND,DECLINED,2025-08-16 09:05:56
TXN00047900,ACC001718,MER0109,2025-07-19 07:23:06,41.94,usd,TRANSFER,REVERSED,2025-07-19 07:23:06
TXN00020731,ACC000822,MER0127,2024-05-29 14:15:26,18.57,gbp,PURCHASE,DECLINED,2025-08-07 23:20:03
TXN00047580,ACC003101,MER0034,2025-08-30 11:20:07,5.93,GBP,PURCHASE,DECLINED,2025-08-30 11:20:07
TXN00043653,ACC000428,MER0026,2025-07-07 22:24:19,8.34,usd,DEPOSIT,REVERSED,2025-07-07 22:24:19
TXN00040938,ACC003099,MER0110,2025-09-20 02:20:14,13.5,INR,WITHDRAWAL,DECLINED,2025-09-20 02:20:14
TXN00047984,ACC001260,MER0008,2025-08-17 06:15:30,8.66,GBP,WITHDRAWAL,PENDING,2025-08-17 06:15:30
TXN00046040,ACC003611,MER0011,2025-08-04 05:22:12,24.76,usd,TRANSFER,DECLINED,2025-08-04 05:22:12
TXN00043731,ACC001582,MER0018,2025-07-02 19:52:43,12.32,NGN,purchase,PENDING,2025-07-02 19:52:43
TXN00043879,ACC002697,MER0027,2025-07-20 08:22:51,5.84,USD,REFUND,POSTED,2025-07-20 08:22:51
TXN00043115,ACC003145,MER0140,2025-07-13 14:48:55,103.44,gbp,DEPOSIT,REVERSED,2025-07-13 14:48:55
TXN00044403,ACC001169,MER0036,2025-07-30 19:41:45,194.21,usd,purchase,DECLINED,2025-07-30 19:41:45
TXN00042198,ACC000650,MER0118,2025-08-10 22:02:35,3.77,GBP,DEPOSIT,posted,2025-08-10 22:02:35
TXN00041676,ACC002067,MER0052,2025-07-09 03:59:48,5.75,INR,WITHDRAWAL,posted,2025-07-09 03:59:48
TXN00047437,ACC002663,MER0016,2025-09-27 06:07:03,5.19,USD,DEPOSIT,REVERSED,2025-09-27 06:07:03
TXN00047105,ACC002606,MER0103,2025-07-11 09:45:01,47.91,NGN,PURCHASE,posted,2025-07-11 09:45:01
TXN00041028,ACC001811,MER0040,2025-08-13 07:31:50,59.89,NGN,REFUND,POSTED,2025-08-13 07:31:50
TXN00040819,ACC002715,MER0132,2025-07-05 02:24:39,29.01,INR,PURCHASE,DECLINED,2025-07-05 02:24:39
TXN00040232,ACC003458,MER0012,2025-07-29 13:12:34,30.12,EUR,TRANSFER,PENDING,2025-07-29 13:12:34
TXN00027198,ACC000279,MER0052,2025-06-15 10:43:48,4.08,CAD,WITHDRAWAL,REVERSED,2025-09-07 10:29:58
TXN00041800,ACC003151,MER0026,2025-07-16 11:32:47,36.6,GBP,PURCHASE,posted,2025-07-16 11:32:47
TXN00047765,ACC001120,MER0150,2025-07-10 11:55:40,0.34,EUR,purchase,posted,2025-07-10 11:55:40
TXN00043177,ACC002021,MER0131,2025-08-08 21:18:26,22.52,USD,PURCHASE,posted,2025-08-08 21:18:26
TXN00042029,ACC003593,MER0092,2025-07-07 19:42:43,27.85,JPY,DEPOSIT,DECLINED,2025-07-07 19:42:43
TXN00042788,ACC000117,MER0081,2025-09-17 23:13:02,10.11,NGN,DEPOSIT,DECLINED,2025-09-17 23:13:02
TXN00042002,ACC003051,MER0147,2025-08-22 08:22:33,48.29,CAD,PURCHASE,posted,2025-08-22 08:22:33
TXN00006421,ACC003542,MER0006,2024-11-20 23:24:09,8.77,USD,DEPOSIT,POSTED,2025-09-23 05:00:01
TXN00044789,ACC003871,MER0011,2025-07-21 09:49:42,51.75,USD,WITHDRAWAL,posted,2025-07-21 09:49:42
TXN00041772,ACC001623,MER0080,2025-09-14 22:59:57,20531.56,CAD,PURCHASE,REVERSED,2025-09-14 22:59:57
TXN00044317,ACC000383,MER0140,2025-08-16 06:53:20,7.77,INR,TRANSFER,posted,2025-08-16 06:53:20
TXN00033455,ACC001178,MER0093,2024-10-21 08:42:53,7.05,INR,REFUND,DECLINED,2025-07-08 13:21:45
TXN00042277,ACC002094,MER9999,2025-08-03 03:21:09,7.34,EUR,purchase,DECLINED,2025-08-03 03:21:09
TXN00043305,ACC001477,MER0137,2025-08-09 14:01:51,14.49,NGN,purchase,REVERSED,2025-08-09 14:01:51
TXN00044167,ACC001018,MER0093,2025-09-23 14:34:31,68.16,USD,purchase,DECLINED,2025-09-23 14:34:31
TXN00043152,ACC000205,MER0059,2025-08-19 09:31:15,157.7,INR,WITHDRAWAL,posted,2025-08-19 09:31:15
TXN00045290,ACC001186,MER0016,2025-09-29 22:04:07,16.63,USD,TRANSFER,POSTED,2025-09-29 22:04:07
TXN00046687,ACC000679,MER0001,2025-09-11 22:18:52,25.23,gbp,DEPOSIT,PENDING,2025-09-11 22:18:52
TXN00043474,ACC001450,MER0032,2025-08-24 02:15:17,56.87,GBP,purchase,POSTED,2025-08-24 02:15:17
TXN00046842,ACC000616,MER0079,2025-08-23 11:43:07,36.47,JPY,REFUND,POSTED,2025-08-23 11:43:07
TXN00042230,ACC000199,MER0081,2025-07-12 05:21:47,16.83,JPY,DEPOSIT,PENDING,2025-07-12 05:21:47
TXN00041217,ACC000280,MER0016,2025-07-17 03:34:43,27.51,GBP,DEPOSIT,posted,2025-07-17 03:34:43
TXN00042311,ACC001827,MER0108,2025-09-19 15:53:41,18.77,JPY,WITHDRAWAL,DECLINED,2025-09-19 15:53:41
TXN00042506,ACC003685,MER0134,2025-08-27 06:43:23,15.15,EUR,PURCHASE,PENDING,2025-08-27 06:43:23
TXN00046051,ACC003905,MER0071,2025-07-17 03:01:46,24.57,gbp,purchase,REVERSED,2025-07-17 03:01:46
TXN00046246,ACC000723,MER0048,2025-07-04 06:13:18,30.67,JPY,PURCHASE,REVERSED,2025-07-04 06:13:18
TXN00012490,ACC002070,MER0109,2025-01-09 11:31:13,241.1,JPY,WITHDRAWAL,DECLINED,2025-09-09 03:38:09
TXN00041018,ACC000113,MER0084,2025-08-14 12:36:51,8.89,gbp,REFUND,POSTED,2025-08-14 12:36:51
TXN00045003,ACC003670,MER0088,2025-09-17 00:27:11,22.94,GBP,REFUND,PENDING,2025-09-17 00:27:11
TXN00046790,ACC003793,MER0072,2025-09-09 00:22:13,279.23,INR,TRANSFER,PENDING,2025-09-09 00:22:13
TXN00047705,ACC001649,MER0012,2025-08-01 06:18:25,20.8,GBP,purchase,REVERSED,2025-08-01 06:18:25
TXN00044983,ACC001487,MER0033,2025-07-03 03:30:43,144.13,JPY,DEPOSIT,POSTED,2025-07-03 03:30:43
TXN00044894,ACC003707,MER0004,2025-08-02 20:18:48,56.89,INR,PURCHASE,PENDING,2025-08-02 20:18:48
TXN00044782,ACC000329,MER0085,2025-08-19 11:20:23,33.97,CAD,purchase,DECLINED,2025-08-19 11:20:23
TXN00040153,ACC001886,MER0052,2025-07-25 22:12:00,25.91,GBP,PURCHASE,DECLINED,2025-07-25 22:12:00
TXN00042508,ACC001127,MER0028,2025-07-03 07:51:15,6.79,CAD,DEPOSIT,DECLINED,2025-07-03 07:51:15
TXN00041174,ACC003140,MER0035,2025-09-11 01:56:15,15.94,CAD,WITHDRAWAL,posted,2025-09-11 01:56:15
TXN00047201,ACC003343,MER0064,2025-07-01 03:11:51,2.77,gbp,PURCHASE,PENDING,2025-07-01 03:11:51
TXN00016842,ACC003192,MER0103,2024-03-30 03:44:04,91.82,usd,purchase,DECLINED,2025-07-19 05:25:52
TXN00040436,ACC003800,MER0131,2025-09-13 08:38:54,3.21,usd,DEPOSIT,REVERSED,2025-09-13 08:38:54
TXN00044353,ACC000433,MER0076,2025-08-07 22:00:59,22.7,NGN,TRANSFER,DECLINED,2025-08-07 22:00:59
TXN00047776,ACC003596,MER0067,2025-07-14 21:40:42,17.53,NGN,purchase,posted,2025-07-14 21:40:42
TXN00045433,ACC002846,MER0117,2025-09-20 01:13:19,6.02,NGN,WITHDRAWAL,DECLINED,2025-09-20 01:13:19
TXN00040404,ACC002913,MER0003,2025-07-06 09:52:36,36.07,GBP,WITHDRAWAL,REVERSED,2025-07-06 09:52:36
TXN00046606,ACC002228,MER9999,2025-07-25 00:06:19,52.86,EUR,purchase,posted,2025-07-25 00:06:19
TXN00042967,ACC003006,MER0150,2025-08-11 15:31:59,35.89,USD,DEPOSIT,DECLINED,2025-08-11 15:31:59
TXN00043529,ACC000262,MER0137,2025-07-30 05:40:11,28.11,NGN,REFUND,POSTED,2025-07-30 05:40:11
TXN00040503,ACC003206,MER0104,2025-09-12 03:51:41,15.01,JPY,DEPOSIT,posted,2025-09-12 03:51:41
TXN00046690,ACC001779,MER0066,2025-07-21 00:06:54,83.09,NGN,purchase,DECLINED,2025-07-21 00:06:54
TXN00039936,ACC000798,MER0037,2024-04-22 13:54:10,20.07,CAD,purchase,DECLINED,2025-08-12 23:16:57
TXN00047723,ACC000714,MER0023,2025-08-26 02:55:40,21.95,JPY,TRANSFER,posted,2025-08-26 02:55:40
TXN00041310,ACC001528,MER0073,2025-08-29 16:44:10,113.61,gbp,DEPOSIT,REVERSED,2025-08-29 16:44:10
TXN00044324,ACC000761,MER0113,2025-09-05 22:46:40,30.87,INR,purchase,PENDING,2025-09-05 22:46:40
TXN00044865,ACC000292,MER0066,2025-08-20 09:14:45,30.33,USD,DEPOSIT,posted,2025-08-20 09:14:45
TXN00046178,ACC002396,MER0048,2025-07-30 02:33:55,8.38,USD,purchase,REVERSED,2025-07-30 02:33:55
TXN00042972,ACC001110,MER0065,2025-09-30 10:12:37,33.62,usd,REFUND,DECLINED,2025-09-30 10:12:37
TXN00046167,ACC002735,MER0103,2025-09-09 04:01:26,17.68,USD,purchase,PENDING,2025-09-09 04:01:26
TXN00046419,ACC002331,MER0123,2025-09-14 22:54:35,61.17,JPY,DEPOSIT,POSTED,2025-09-14 22:54:35
TXN00004085,ACC003374,MER0147,2024-03-29 23:34:24,6.31,NGN,REFUND,REVERSED,2025-09-30 09:13:30
TXN00046858,ACC000715,MER0008,2025-09-30 00:41:15,21.35,INR,DEPOSIT,DECLINED,2025-09-30 00:41:15
TXN00046573,ACC001172,MER0136,2025-08-02 13:26:03,43.99,gbp,REFUND,REVERSED,2025-08-02 13:26:03
TXN00045970,ACC000275,MER0100,2025-08-07 15:23:17,28.45,INR,WITHDRAWAL,REVERSED,2025-08-07 15:23:17
TXN00047237,ACC000840,MER0121,2025-09-16 15:50:04,63.45,JPY,TRANSFER,DECLINED,2025-09-16 15:50:04
TXN00041075,ACC002796,MER0113,2025-07-15 15:09:53,5.86,NGN,DEPOSIT,POSTED,2025-07-15 15:09:53
TXN00042966,ACC003570,MER0097,2025-09-22 01:20:36,15.99,NGN,PURCHASE,posted,2025-09-22 01:20:36
TXN00047870,ACC002208,MER0142,2025-07-16 15:23:08,67.33,EUR,REFUND,PENDING,2025-07-16 15:23:08
TXN00043649,ACC002796,MER0015,2025-08-08 23:44:55,25.92,GBP,PURCHASE,POSTED,2025-08-08 23:44:55
TXN00044474,ACC002588,MER0051,2025-08-13 16:41:54,11.76,USD,purchase,POSTED,2025-08-13 16:41:54
TXN00045168,ACC003575,MER0020,2025-09-13 03:45:26,24.01,GBP,purchase,posted,2025-09-13 03:45:26
TXN00046968,ACC003775,MER0072,2025-07-19 02:56:08,84.09,CAD,WITHDRAWAL,REVERSED,2025-07-19 02:56:08
TXN00040246,ACC003481,MER0133,2025-08-27 20:46:11,48.7,JPY,TRANSFER,DECLINED,2025-08-27 20:46:11
TXN00044985,ACC000826,MER0016,2025-07-24 05:26:04,23.88,INR,TRANSFER,posted,2025-07-24 05:26:04
TXN00043740,ACC000872,MER0089,2025-09-29 10:31:21,11.03,INR,purchase,POSTED,2025-09-29 10:31:21
TXN00042836,ACC001847,MER0023,2025-08-11 22:32:55,15.64,EUR,PURCHASE,PENDING,2025-08-11 22:32:55
TXN00047461,ACC001391,MER0044,2025-09-02 20:37:28,64.61,gbp,REFUND,PENDING,2025-09-02 20:37:28
TXN00046725,ACC003066,MER0051,2025-09-04 02:32:16,33.84,INR,purchase,POSTED,2025-09-04 02:32:16
TXN00042613,ACC000433,MER0057,2025-09-10 10:28:47,9.54,INR,REFUND,PENDING,2025-09-10 10:28:47
TXN00042493,ACC003268,MER0143,2025-07-18 19:07:41,116.57,GBP,WITHDRAWAL,DECLINED,2025-07-18 19:07:41
TXN00042466,ACC000427,MER0082,2025-09-25 08:58:57,4.72,INR,purchase,PENDING,2025-09-25 08:58:57
TXN00041498,ACC000448,MER0095,2025-08-27 23:50:51,9.06,NGN,PURCHASE,REVERSED,2025-08-27 23:50:51
TXN00041326,ACC002146,MER0045,2025-09-07 04:38:37,22.3,gbp,PURCHASE,DECLINED,2025-09-07 04:38:37
TXN00041784,ACC001463,MER0098,2025-08-08 20:09:22,22.21,usd,WITHDRAWAL,posted,2025-08-08 20:09:22
TXN00041617,ACC003300,MER0106,2025-07-10 08:07:46,4.95,usd,REFUND,posted,2025-07-10 08:07:46
TXN00040379,ACC003785,MER0120,2025-08-14 19:59:58,13.06,GBP,purchase,PENDING,2025-08-14 19:59:58
TXN00046574,ACC001362,MER0001,2025-08-05 15:47:13,7.06,EUR,DEPOSIT,POSTED,2025-08-05 15:47:13
TXN00047275,ACC001442,MER0064,2025-09-16 07:14:27,118.88,GBP,DEPOSIT,REVERSED,2025-09-16 07:14:27
TXN00041444,ACC001878,MER0117,2025-07-11 06:27:24,4.13,INR,DEPOSIT,POSTED,2025-07-11 06:27:24
TXN00044373,ACC002418,MER0134,2025-09-01 22:46:44,86.28,USD,purchase,DECLINED,2025-09-01 22:46:44
TXN00044746,ACC000381,MER0137,2025-08-25 02:47:26,68.01,EUR,purchase,PENDING,2025-08-25 02:47:26
TXN00041359,ACC002277,MER0138,2025-07-11 15:06:31,6.15,EUR,TRANSFER,DECLINED,2025-07-11 15:06:31
TXN00040460,ACC001715,MER0072,2025-08-04 03:32:58,50.0,gbp,WITHDRAWAL,PENDING,2025-08-04 03:32:58
TXN00046434,ACC003717,MER0001,2025-09-06 01:21:34,70.0,gbp,TRANSFER,REVERSED,2025-09-06 01:21:34
TXN00046723,ACC002462,MER0065,2025-07-12 13:29:57,5.29,USD,TRANSFER,posted,2025-07-12 13:29:57
TXN00041304,ACC002012,MER0081,2025-08-11 02:25:10,82.0,NGN,WITHDRAWAL,REVERSED,2025-08-11 02:25:10
TXN00042154,ACC001174,MER0091,2025-08-21 03:56:15,13.61,JPY,REFUND,PENDING,2025-08-21 03:56:15
TXN00041152,ACC000310,MER0022,2025-07-03 03:07:35,48.97,CAD,TRANSFER,POSTED,2025-07-03 03:07:35
TXN00041514,ACC002978,MER0076,2025-09-16 10:15:01,15.03,JPY,REFUND,posted,2025-09-16 10:15:01
TXN00043617,ACC003845,MER0125,2025-08-07 10:38:58,18.36,USD,purchase,PENDING,2025-08-07 10:38:58
TXN00040502,ACC001726,MER0073,2025-07-19 17:04:20,26.24,gbp,REFUND,POSTED,2025-07-19 17:04:20
TXN00042344,ACC001012,MER0106,2025-09-24 16:41:43,23.26,USD,REFUND,POSTED,2025-09-24 16:41:43
TXN00040368,ACC003628,MER0004,2025-09-23 13:37:09,21.29,GBP,REFUND,PENDING,2025-09-23 13:37:09
TXN00047847,ACC000809,MER0123,2025-09-08 08:47:10,18.9,USD,PURCHASE,posted,2025-09-08 08:47:10
TXN00044333,ACC000872,MER0140,2025-08-03 18:42:36,33.56,GBP,TRANSFER,PENDING,2025-08-03 18:42:36
TXN00045234,ACC002068,MER0147,2025-09-12 11:55:10,2.49,CAD,REFUND,posted,2025-09-12 11:55:10
TXN00044036,ACC001821,MER0137,2025-08-20 11:33:37,16.77,usd,PURCHASE,REVERSED,2025-08-20 11:33:37
TXN00042631,ACC002778,MER0134,2025-08-13 14:35:42,15.2,JPY,PURCHASE,REVERSED,2025-08-13 14:35:42
TXN00041144,ACC001310,MER0145,2025-07-24 02:20:13,30.56,usd,DEPOSIT,REVERSED,2025-07-24 02:20:13
TXN00045122,ACC003086,MER0049,2025-08-01 21:21:26,27293.94,USD,DEPOSIT,POSTED,2025-08-01 21:21:26
TXN00040891,ACC000147,MER0090,2025-07-23 15:47:16,6.07,NGN,purchase,posted,2025-07-23 15:47:16
TXN00042946,ACC001737,MER0077,2025-07-22 20:38:51,32.45,JPY,REFUND,REVERSED,2025-07-22 20:38:51
TXN00045834,ACC000413,MER0039,2025-07-30 23:04:56,261.95,usd,TRANSFER,posted,2025-07-30 23:04:56
TXN00041317,ACC002805,MER0008,2025-08-12 11:01:10,8.24,NGN,REFUND,posted,2025-08-12 11:01:10
TXN00046844,ACC000151,MER0070,2025-09-18 09:47:42,53.53,gbp,WITHDRAWAL,PENDING,2025-09-18 09:47:42
TXN00046124,ACC002507,MER0042,2025-09-01 02:19:19,74.52,EUR,purchase,posted,2025-09-01 02:19:19
TXN00047088,ACC000232,MER0049,2025-08-08 01:06:04,48.28,EUR,TRANSFER,DECLINED,2025-08-08 01:06:04
TXN00040132,ACC000906,MER0118,2025-07-13 05:08:46,118.81,JPY,WITHDRAWAL,REVERSED,2025-07-13 05:08:46
TXN00041177,ACC000450,MER0053,2025-07-26 09:48:03,15.38,JPY,DEPOSIT,posted,2025-07-26 09:48:03
TXN00042359,ACC000797,MER0080,2025-07-29 07:59:11,15.11,USD,REFUND,POSTED,2025-07-29 07:59:11
TXN00043647,ACC000985,MER0007,2025-08-26 04:17:39,214.9,USD,DEPOSIT,posted,2025-08-26 04:17:39
TXN00043328,ACC003732,MER0069,2025-08-23 09:15:17,15.66,usd,PURCHASE,posted,2025-08-23 09:15:17
TXN00045701,ACC002994,MER0026,2025-07-28 20:23:58,54.84,JPY,purchase,PENDING,2025-07-28 20:23:58
TXN00043368,ACC003934,MER0073,2025-07-01 02:53:10,62.08,JPY,DEPOSIT,PENDING,2025-07-01 02:53:10
TXN00044325,ACC001585,MER0130,2025-08-21 22:28:00,31.46,EUR,PURCHASE,posted,2025-08-21 22:28:00
TXN00045718,ACC000555,MER0033,2025-09-03 00:19:32,82.04,CAD,TRANSFER,DECLINED,2025-09-03 00:19:32
TXN00034855,ACC000007,MER0061,2025-03-03 06:09:18,28.43,CAD,REFUND,POSTED,2025-07-02 16:20:42
TXN00045104,ACC001868,MER0083,2025-08-29 14:57:40,12.65,usd,WITHDRAWAL,PENDING,2025-08-29 14:57:40
TXN00042909,ACC001501,MER0041,2025-08-29 05:06:43,16.95,NGN,DEPOSIT,posted,2025-08-29 05:06:43
TXN00043407,ACC001332,MER0026,2025-09-12 01:37:49,9.72,CAD,PURCHASE,POSTED,2025-09-12 01:37:49
TXN00042497,ACC001245,MER0015,2025-07-25 07:57:49,48.08,EUR,TRANSFER,REVERSED,2025-07-25 07:57:49
TXN00047610,ACC003714,MER0008,2025-09-18 22:28:46,151.71,INR,PURCHASE,posted,2025-09-18 22:28:46
TXN00042729,ACC002243,MER0096,2025-09-17 10:15:50,8340.32,JPY,REFUND,PENDING,2025-09-17 10:15:50
TXN00042004,ACC001120,MER0122,2025-07-22 23:19:49,37.69,NGN,TRANSFER,DECLINED,2025-07-22 23:19:49
TXN00040868,ACC000951,MER0116,2025-08-05 20:03:13,18.37,GBP,DEPOSIT,posted,2025-08-05 20:03:13
TXN00040972,ACC003126,MER0094,2025-07-16 02:19:00,19.53,INR,purchase,DECLINED,2025-07-16 02:19:00
TXN00040677,ACC003821,MER0087,2025-07-19 05:04:53,48.22,usd,REFUND,PENDING,2025-07-19 05:04:53
TXN00044866,ACC003936,MER0114,2025-08-26 00:38:25,27.79,GBP,PURCHASE,PENDING,2025-08-26 00:38:25
TXN00041914,ACC001261,MER0067,2025-09-06 12:13:14,48.34,USD,DEPOSIT,DECLINED,2025-09-06 12:13:14
TXN00042218,ACC003314,MER0052,2025-09-05 20:55:14,61.51,gbp,PURCHASE,POSTED,2025-09-05 20:55:14
TXN00046253,ACC001145,MER0046,2025-09-25 03:11:52,11.01,INR,DEPOSIT,PENDING,2025-09-25 03:11:52
TXN00045812,ACC002980,MER0012,2025-09-13 00:27:23,54.85,USD,PURCHASE,PENDING,2025-09-13 00:27:23
TXN00042828,ACC000692,MER0069,2025-08-02 17:04:22,1.39,usd,purchase,POSTED,2025-08-02 17:04:22
TXN00042659,ACC003578,MER0010,2025-09-02 11:15:59,9.81,CAD,PURCHASE,POSTED,2025-09-02 11:15:59
TXN00043795,ACC002847,MER0128,2025-08-26 16:18:31,30.01,gbp,TRANSFER,POSTED,2025-08-26 16:18:31
TXN00040119,ACC001545,MER0037,2025-07-08 05:52:19,15.34,GBP,WITHDRAWAL,REVERSED,2025-07-08 05:52:19
TXN00047593,ACC003874,MER0111,2025-07-08 11:36:39,18.47,CAD,WITHDRAWAL,posted,2025-07-08 11:36:39
TXN00047228,ACC002771,MER0137,2025-09-07 05:49:32,3.84,USD,DEPOSIT,REVERSED,2025-09-07 05:49:32
TXN00042392,ACC000423,MER0130,2025-07-16 07:14:27,40.42,USD,TRANSFER,POSTED,2025-07-16 07:14:27
TXN00041762,ACC003180,MER0031,2025-09-11 21:03:25,36.86,CAD,WITHDRAWAL,REVERSED,2025-09-11 21:03:25
TXN00046320,ACC003186,MER0112,2025-09-04 07:48:53,18.61,CAD,REFUND,posted,2025-09-04 07:48:53
TXN00041660,ACC001226,MER0085,2025-08-23 07:29:45,24.35,JPY,REFUND,DECLINED,2025-08-23 07:29:45
TXN00044146,ACC000280,MER0095,2025-07-05 22:25:40,9.64,USD,TRANSFER,REVERSED,2025-07-05 22:25:40
TXN00045330,ACC001681,MER0101,2025-07-25 14:29:06,20.29,GBP,TRANSFER,PENDING,2025-07-25 14:29:06
TXN00043895,ACC000863,MER0060,2025-09-14 04:57:48,9.7,CAD,DEPOSIT,POSTED,2025-09-14 04:57:48
TXN00043540,ACC000447,MER0064,2025-08-10 00:55:47,47.1,EUR,DEPOSIT,PENDING,2025-08-10 00:55:47
TXN00047928,ACC003438,MER0028,2025-08-28 13:55:00,14.93,JPY,TRANSFER,POSTED,2025-08-28 13:55:00
TXN00043624,ACC001176,MER0077,2025-07-25 05:35:15,5.07,gbp,WITHDRAWAL,REVERSED,2025-07-25 05:35:15
TXN00041666,ACC001862,MER0061,2025-07-25 13:25:46,43.39,INR,REFUND,REVERSED,2025-07-25 13:25:46
TXN00042442,ACC003943,MER0001,2025-09-20 23:58:36,10.13,USD,purchase,POSTED,2025-09-20 23:58:36
TXN00040612,ACC000329,MER0095,2025-07-08 07:09:00,52.31,usd,purchase,REVERSED,2025-07-08 07:09:00
TXN00040792,ACC002564,MER0003,2025-07-19 06:32:27,58.4,EUR,TRANSFER,PENDING,2025-07-19 06:32:27
TXN00044697,ACC003808,MER0127,2025-08-25 07:52:28,45.25,CAD,REFUND,PENDING,2025-08-25 07:52:28
TXN00041045,ACC001094,MER0080,2025-07-02 06:50:10,25.75,NGN,DEPOSIT,posted,2025-07-02 06:50:10
TXN00041023,ACC003343,MER0016,2025-08-04 04:42:18,85.24,GBP,REFUND,REVERSED,2025-08-04 04:42:18
TXN00040111,ACC001676,MER0038,2025-09-08 09:41:38,59.51,JPY,DEPOSIT,POSTED,2025-09-08 09:41:38
TXN00047782,ACC002380,MER0023,2025-09-12 00:27:27,10.16,CAD,REFUND,REVERSED,2025-09-12 00:27:27
TXN00045576,ACC000824,MER0112,2025-07-19 22:31:45,11.08,INR,WITHDRAWAL,PENDING,2025-07-19 22:31:45
TXN00043039,ACC000271,MER0100,2025-08-14 18:17:00,7.65,GBP,DEPOSIT,PENDING,2025-08-14 18:17:00
TXN00042157,ACC001813,MER0118,2025-09-24 13:45:47,26.15,usd,DEPOSIT,PENDING,2025-09-24 13:45:47
TXN00045857,ACC002200,MER0054,2025-07-01 13:38:51,14.2,USD,PURCHASE,posted,2025-07-01 13:38:51
TXN00044375,ACC002569,MER0062,2025-07-22 20:18:17,8.71,USD,WITHDRAWAL,PENDING,2025-07-22 20:18:17
TXN00013339,ACC001577,MER0066,2024-10-10 07:32:32,23.49,CAD,REFUND,POSTED,2025-08-21 01:16:10
TXN00046487,ACC002336,MER0113,2025-08-14 03:00:56,4.92,CAD,REFUND,REVERSED,2025-08-14 03:00:56
TXN00047616,ACC003128,MER0072,2025-09-08 08:51:31,31.23,INR,DEPOSIT,posted,2025-09-08 08:51:31
TXN00042925,ACC003110,MER0067,2025-09-28 15:37:22,18.56,INR,TRANSFER,POSTED,2025-09-28 15:37:22
TXN00045233,ACC000091,MER0137,2025-07-27 07:08:32,10425.43,gbp,DEPOSIT,REVERSED,2025-07-27 07:08:32
TXN00047077,ACC000615,MER0088,2025-07-22 08:14:56,58.81,JPY,PURCHASE,PENDING,2025-07-22 08:14:56
TXN00045422,ACC003432,MER0010,2025-07-02 02:35:39,26.37,JPY,REFUND,REVERSED,2025-07-02 02:35:39
TXN00041459,ACC001367,MER0020,2025-07-24 00:54:21,11.58,gbp,WITHDRAWAL,posted,2025-07-24 00:54:21
TXN00047786,ACC001140,MER0099,2025-08-30 05:31:24,79.67,EUR,WITHDRAWAL,posted,2025-08-30 05:31:24
TXN00040567,ACC002126,MER0144,2025-08-06 21:10:57,12.96,EUR,REFUND,POSTED,2025-08-06 21:10:57
TXN00043282,ACC001915,MER0035,2025-08-17 04:22:41,26.41,gbp,REFUND,REVERSED,2025-08-17 04:22:41
TXN00043781,ACC001856,MER0090,2025-08-18 10:31:10,80.22,gbp,TRANSFER,posted,2025-08-18 10:31:10
TXN00040472,ACC001326,MER0087,2025-07-28 23:41:01,19.02,CAD,PURCHASE,DECLINED,2025-07-28 23:41:01
TXN00040915,ACC002026,MER0033,2025-07-19 06:21:29,103.52,NGN,WITHDRAWAL,DECLINED,2025-07-19 06:21:29
TXN00044642,ACC001332,MER0099,2025-07-07 22:39:41,98.04,gbp,WITHDRAWAL,posted,2025-07-07 22:39:41
TXN00043628,ACC003072,MER0108,2025-08-22 01:26:04,74.5,usd,TRANSFER,REVERSED,2025-08-22 01:26:04
TXN00016531,ACC002323,MER0094,2024-07-09 10:11:21,22.37,CAD,purchase,POSTED,2025-07-04 06:39:31
TXN00043922,ACC001621,MER0101,2025-09-15 23:57:12,25.29,NGN,REFUND,POSTED,2025-09-15 23:57:12
TXN00046609,ACC001333,MER0029,2025-08-11 07:32:53,10.8,JPY,TRANSFER,PENDING,2025-08-11 07:32:53
TXN00046561,ACC003297,MER0123,2025-09-11 16:04:09,16.43,EUR,DEPOSIT,REVERSED,2025-09-11 16:04:09
TXN00043790,ACC003146,MER0030,2025-08-08 08:08:53,16.6,gbp,purchase,PENDING,2025-08-08 08:08:53
TXN00046281,ACC000314,MER0023,2025-08-06 08:38:36,30.77,GBP,REFUND,posted,2025-08-06 08:38:36
TXN00046013,ACC002176,MER0069,2025-07-10 09:41:59,43.89,USD,PURCHASE,posted,2025-07-10 09:41:59
TXN00046231,ACC003818,MER0035,2025-09-07 20:05:18,250.07,INR,WITHDRAWAL,PENDING,2025-09-07 20:05:18
TXN00045674,ACC000235,MER0021,2025-07-12 20:35:22,31.63,gbp,TRANSFER,posted,2025-07-12 20:35:22
TXN00047036,ACC000712,MER0124,2025-09-03 01:44:21,9.12,NGN,purchase,PENDING,2025-09-03 01:44:21
TXN00047241,ACC000618,MER0113,2025-09-23 22:35:42,3.44,USD,purchase,REVERSED,2025-09-23 22:35:42
TXN00047118,ACC001252,MER0070,2025-07-04 18:24:42,26000.81,NGN,TRANSFER,DECLINED,2025-07-04 18:24:42
TXN00042163,ACC002722,MER0104,2025-08-18 12:02:44,22.01,JPY,TRANSFER,posted,2025-08-18 12:02:44
TXN00044830,ACC002564,MER0066,2025-08-16 20:54:42,15.63,usd,WITHDRAWAL,posted,2025-08-16 20:54:42
TXN00045337,ACC000663,MER0091,2025-08-20 05:05:21,10.29,GBP,purchase,DECLINED,2025-08-20 05:05:21
TXN00043050,ACC000758,MER0128,2025-08-29 08:40:54,22.65,EUR,PURCHASE,DECLINED,2025-08-29 08:40:54
TXN00045891,ACC003176,MER0126,2025-09-17 14:45:44,17.73,INR,WITHDRAWAL,POSTED,2025-09-17 14:45:44
TXN00046825,ACC003946,MER0039,2025-08-12 18:13:22,113.45,NGN,PURCHASE,POSTED,2025-08-12 18:13:22
TXN00046360,ACC002347,MER0067,2025-07-07 12:48:10,41.37,CAD,WITHDRAWAL,REVERSED,2025-07-07 12:48:10
TXN00040101,ACC000457,MER0105,2025-07-27 09:46:40,10.97,USD,PURCHASE,REVERSED,2025-07-27 09:46:40
TXN00044082,ACC000029,MER0121,2025-09-26 23:55:17,144.91,usd,WITHDRAWAL,REVERSED,2025-09-26 23:55:17
TXN00041327,ACC000019,MER0081,2025-09-23 06:38:16,23.31,JPY,DEPOSIT,posted,2025-09-23 06:38:16
TXN00045991,ACC002546,MER0147,2025-07-05 14:13:31,42.36,EUR,REFUND,PENDING,2025-07-05 14:13:31
TXN00045944,ACC002486,MER0137,2025-07-08 12:00:00,67.55,EUR,DEPOSIT,posted,2025-07-08 12:00:00
TXN00042424,ACC002129,MER0057,2025-08-17 21:33:59,2.9,NGN,DEPOSIT,posted,2025-08-17 21:33:59
TXN00043139,ACC000998,MER0119,2025-09-11 21:32:17,34.62,gbp,REFUND,posted,2025-09-11 21:32:17
TXN00040221,ACC002536,MER0089,2025-08-07 01:07:02,30.26,JPY,purchase,POSTED,2025-08-07 01:07:02
TXN00040559,ACC002542,MER0124,2025-07-08 06:52:12,8.19,JPY,WITHDRAWAL,POSTED,2025-07-08 06:52:12
TXN00045184,ACC000197,MER0122,2025-07-09 16:35:17,17.24,USD,PURCHASE,posted,2025-07-09 16:35:17
TXN00047560,ACC003015,MER0067,2025-08-10 05:40:08,12.39,usd,DEPOSIT,POSTED,2025-08-10 05:40:08
TXN00040281,ACC003734,MER0025,2025-08-26 06:50:00,25.7,usd,PURCHASE,POSTED,2025-08-26 06:50:00
TXN00045977,ACC001644,MER0032,2025-09-12 01:49:30,20.35,INR,WITHDRAWAL,PENDING,2025-09-12 01:49:30
TXN00042053,ACC001554,MER0150,2025-09-25 19:26:48,7.35,USD,PURCHASE,posted,2025-09-25 19:26:48
TXN00043468,ACC001961,MER0061,2025-08-22 11:17:38,18.24,JPY,REFUND,PENDING,2025-08-22 11:17:38
TXN00043339,ACC000889,MER0087,2025-08-17 02:02:05,13.89,JPY,purchase,DECLINED,2025-08-17 02:02:05
TXN00042835,ACC001734,MER0034,2025-08-18 15:50:32,33.48,INR,purchase,REVERSED,2025-08-18 15:50:32
TXN00044459,ACC003808,MER0032,2025-09-29 21:54:28,65.3,NGN,purchase,PENDING,2025-09-29 21:54:28
TXN00046617,ACC002023,MER0147,2025-08-30 02:12:51,35.0,USD,DEPOSIT,REVERSED,2025-08-30 02:12:51
TXN00042599,ACC002760,MER0075,2025-07-16 19:16:11,135.22,JPY,purchase,PENDING,2025-07-16 19:16:11
TXN00044974,ACC003478,MER0125,2025-07-13 22:56:40,21.44,EUR,WITHDRAWAL,REVERSED,2025-07-13 22:56:40
TXN00047712,ACC001056,MER0115,2025-07-19 23:58:56,44.41,EUR,REFUND,DECLINED,2025-07-19 23:58:56
TXN00044047,ACC001690,MER0118,2025-07-17 12:02:06,47.76,usd,REFUND,REVERSED,2025-07-17 12:02:06
TXN00046537,ACC001155,MER0097,2025-09-02 21:48:49,20.34,GBP,DEPOSIT,POSTED,2025-09-02 21:48:49
TXN00048000,ACC000406,MER0029,2025-08-07 12:44:54,8.65,INR,WITHDRAWAL,POSTED,2025-08-07 12:44:54
TXN00040374,ACC002629,MER0130,2025-09-22 18:09:49,19.13,NGN,REFUND,POSTED,2025-09-22 18:09:49
TXN00042012,ACC000871,MER0100,2025-07-21 06:29:38,77.38,JPY,DEPOSIT,REVERSED,2025-07-21 06:29:38
TXN00041563,ACC000917,MER0131,2025-08-20 11:06:45,26.58,gbp,purchase,REVERSED,2025-08-20 11:06:45
TXN00043013,ACC000539,MER0075,2025-08-10 10:09:15,0.66,NGN,WITHDRAWAL,PENDING,2025-08-10 10:09:15
TXN00042514,ACC000533,MER0093,2025-07-27 22:46:20,15.24,CAD,WITHDRAWAL,REVERSED,2025-07-27 22:46:20
TXN00046236,ACC001662,MER0003,2025-08-05 07:11:33,63.52,USD,WITHDRAWAL,posted,2025-08-05 07:11:33
TXN00047726,ACC003502,MER0024,2025-09-20 23:15:36,20.17,EUR,TRANSFER,posted,2025-09-20 23:15:36
TXN00042848,ACC001281,MER0101,2025-09-02 00:36:11,6.95,NGN,TRANSFER,PENDING,2025-09-02 00:36:11
TXN00041249,ACC000671,MER0107,2025-08-01 22:50:19,31.82,INR,DEPOSIT,POSTED,2025-08-01 22:50:19
TXN00042955,ACC001690,MER0031,2025-08-07 13:17:17,73.81,gbp,purchase,DECLINED,2025-08-07 13:17:17
TXN00045127,ACC001283,MER0055,2025-09-02 04:57:22,7.43,NGN,purchase,POSTED,2025-09-02 04:57:22
TXN00045414,ACC001260,MER0021,2025-08-05 16:55:58,29.78,usd,WITHDRAWAL,PENDING,2025-08-05 16:55:58
TXN00042937,ACC001348,MER0010,2025-07-05 07:10:17,81.2,NGN,WITHDRAWAL,POSTED,2025-07-05 07:10:17
TXN00043122,ACC000881,MER0128,2025-09-18 14:40:33,21.24,JPY,WITHDRAWAL,DECLINED,2025-09-18 14:40:33
TXN00046389,ACC000831,MER0045,2025-08-17 00:05:56,170.38,USD,purchase,POSTED,2025-08-17 00:05:56
TXN00040830,ACC003026,MER0045,2025-09-28 04:07:17,48.44,usd,WITHDRAWAL,DECLINED,2025-09-28 04:07:17
TXN00045814,ACC002174,MER0069,2025-07-13 05:30:06,16.6,NGN,PURCHASE,REVERSED,2025-07-13 05:30:06
TXN00013525,ACC002473,MER0140,2024-08-07 14:59:38,114.95,EUR,PURCHASE,DECLINED,2025-07-19 19:06:50
TXN00042606,ACC000317,MER0075,2025-08-11 21:29:00,58.13,USD,DEPOSIT,POSTED,2025-08-11 21:29:00
TXN00026451,ACC000710,MER0099,2024-07-14 00:55:55,75.64,CAD,PURCHASE,POSTED,2025-08-17 18:11:56
TXN00042446,ACC000114,MER0008,2025-08-13 02:10:39,8.84,GBP,TRANSFER,DECLINED,2025-08-13 02:10:39
TXN00041897,ACC000335,MER0023,2025-08-01 23:45:19,9.36,USD,REFUND,REVERSED,2025-08-01 23:45:19
TXN00044952,ACC001949,MER0126,2025-09-03 15:01:45,20.36,JPY,REFUND,DECLINED,2025-09-03 15:01:45
TXN00043278,ACC000057,MER0042,2025-09-01 08:52:07,14.37,INR,REFUND,DECLINED,2025-09-01 08:52:07
TXN00041323,ACC000008,MER0138,2025-07-14 06:02:52,52.2,JPY,REFUND,POSTED,2025-07-14 06:02:52
TXN00043154,ACC003144,MER0023,2025-07-03 04:23:22,114.35,gbp,PURCHASE,POSTED,2025-07-03 04:23:22
TXN00043726,ACC002002,MER0002,2025-09-01 02:04:48,40.33,GBP,DEPOSIT,DECLINED,2025-09-01 02:04:48
TXN00041385,ACC000658,MER0027,2025-08-28 10:40:41,7.65,JPY,DEPOSIT,PENDING,2025-08-28 10:40:41
TXN00043665,ACC000302,MER0105,2025-07-21 22:34:38,23.77,CAD,purchase,POSTED,2025-07-21 22:34:38
TXN00040774,ACC003206,MER0104,2025-09-13 04:46:09,50.84,usd,WITHDRAWAL,REVERSED,2025-09-13 04:46:09
TXN00047134,ACC003629,MER0067,2025-09-07 17:37:55,21.9,usd,REFUND,DECLINED,2025-09-07 17:37:55
TXN00042711,ACC002511,MER0041,2025-07-16 16:08:45,20.88,INR,REFUND,DECLINED,2025-07-16 16:08:45
TXN00043393,ACC003905,MER0087,2025-07-28 12:02:51,59.83,INR,purchase,POSTED,2025-07-28 12:02:51
TXN00040847,ACC001176,MER0004,2025-08-03 10:55:46,7.02,GBP,purchase,DECLINED,2025-08-03 10:55:46
TXN00045761,ACC003703,MER0023,2025-07-25 17:14:54,16.0,usd,WITHDRAWAL,posted,2025-07-25 17:14:54
TXN00041278,ACC000225,MER0097,2025-07-23 10:45:43,21.47,gbp,REFUND,REVERSED,2025-07-23 10:45:43
TXN00046050,ACC001225,MER0010,2025-07-21 07:27:59,4.47,usd,PURCHASE,REVERSED,2025-07-21 07:27:59
TXN00040727,ACC002614,MER0133,2025-08-16 17:52:16,8.63,CAD,DEPOSIT,PENDING,2025-08-16 17:52:16
TXN00042044,ACC002852,MER0132,2025-09-17 10:06:29,65.29,CAD,WITHDRAWAL,PENDING,2025-09-17 10:06:29
TXN00041907,ACC002659,MER0075,2025-09-08 16:17:33,50.12,JPY,TRANSFER,PENDING,2025-09-08 16:17:33
TXN00017774,ACC001200,MER0037,2024-12-31 00:55:08,17.87,usd,REFUND,POSTED,2025-07-04 18:11:26
TXN00046454,ACC001096,MER0054,2025-07-24 19:42:22,54.24,USD,purchase,DECLINED,2025-07-24 19:42:22
TXN00044577,ACC002989,MER0027,2025-09-25 01:43:49,28.88,INR,purchase,posted,2025-09-25 01:43:49
TXN00044872,ACC000348,MER0086,2025-09-13 16:40:17,76.68,JPY,WITHDRAWAL,posted,2025-09-13 16:40:17
TXN00042033,ACC001795,MER0024,2025-08-05 08:40:12,34.91,EUR,purchase,posted,2025-08-05 08:40:12
TXN00047116,ACC000168,MER0136,2025-07-13 22:48:37,14.32,GBP,purchase,REVERSED,2025-07-13 22:48:37
TXN00041978,ACC003108,MER0069,2025-08-04 02:32:52,27.67,EUR,DEPOSIT,PENDING,2025-08-04 02:32:52
TXN00043010,ACC001390,MER0117,2025-09-23 15:58:39,41.6,INR,TRANSFER,POSTED,2025-09-23 15:58:39
TXN00045830,ACC001679,MER0076,2025-07-26 14:14:38,50.78,gbp,REFUND,DECLINED,2025-07-26 14:14:38
TXN00046129,ACC000537,MER0054,2025-07-29 01:54:56,37.39,GBP,PURCHASE,posted,2025-07-29 01:54:56
TXN00045852,ACC002514,MER0086,2025-08-19 09:58:47,25.71,gbp,PURCHASE,DECLINED,2025-08-19 09:58:47
TXN00047685,ACC001465,MER0064,2025-07-27 11:09:57,12.58,GBP,TRANSFER,POSTED,2025-07-27 11:09:57
TXN00042975,ACC002700,MER0010,2025-07-16 08:18:11,9.1,CAD,purchase,DECLINED,2025-07-16 08:18:11
TXN00047785,ACC002348,MER0080,2025-09-06 10:51:13,12.83,NGN,WITHDRAWAL,PENDING,2025-09-06 10:51:13
TXN00046618,ACC001329,MER0052,2025-08-05 00:38:11,57.71,usd,DEPOSIT,posted,2025-08-05 00:38:11
TXN00044131,ACC002238,MER0032,2025-08-10 02:35:29,76.28,gbp,WITHDRAWAL,posted,2025-08-10 02:35:29
TXN00040389,ACC001793,MER0117,2025-09-28 13:22:33,30.98,gbp,WITHDRAWAL,PENDING,2025-09-28 13:22:33
TXN00038989,ACC001269,MER0137,2024-02-22 05:02:41,9.25,NGN,REFUND,REVERSED,2025-08-02 16:15:43
TXN00047332,ACC003434,MER0099,2025-09-14 21:45:58,20.74,INR,REFUND,REVERSED,2025-09-14 21:45:58
TXN00045583,ACC002356,MER0101,2025-08-30 12:00:37,9.74,USD,DEPOSIT,posted,2025-08-30 12:00:37
TXN00046120,ACC000427,MER0101,2025-07-16 22:27:18,8.42,gbp,purchase,REVERSED,2025-07-16 22:27:18
TXN00044138,ACC003860,MER0087,2025-07-26 21:48:32,2.88,GBP,TRANSFER,PENDING,2025-07-26 21:48:32
TXN00047352,ACC003760,MER0017,2025-07-12 12:57:05,25.65,USD,purchase,posted,2025-07-12 12:57:05
TXN00046449,ACC002606,MER0022,2025-07-23 17:49:47,5.18,INR,REFUND,PENDING,2025-07-23 17:49:47
TXN00040682,ACC002722,MER0140,2025-08-09 04:22:07,55.62,INR,PURCHASE,DECLINED,2025-08-09 04:22:07
TXN00042235,ACC002640,MER0124,2025-08-24 08:42:44,210.19,INR,DEPOSIT,PENDING,2025-08-24 08:42:44
TXN00043043,ACC001243,MER0105,2025-08-10 07:15:17,50.95,INR,purchase,DECLINED,2025-08-10 07:15:17
TXN00046309,ACC002229,MER0051,2025-07-19 20:28:44,6.23,GBP,TRANSFER,posted,2025-07-19 20:28:44
TXN00046182,ACC003024,MER0091,2025-07-07 22:48:51,78.23,USD,TRANSFER,POSTED,2025-07-07 22:48:51
TXN00042312,ACC000557,MER0115,2025-07-22 17:35:42,13.56,gbp,WITHDRAWAL,posted,2025-07-22 17:35:42
TXN00008133,ACC000362,MER0107,2024-02-06 12:04:26,15.52,JPY,purchase,REVERSED,2025-07-23 02:49:12
TXN00046905,ACC003286,MER0105,2025-09-01 17:47:44,2.04,CAD,WITHDRAWAL,PENDING,2025-09-01 17:47:44
TXN00041493,ACC003432,MER0094,2025-09-06 20:22:47,11.66,JPY,PURCHASE,PENDING,2025-09-06 20:22:47
TXN00041562,ACC000755,MER0128,2025-07-27 02:05:30,86.54,JPY,DEPOSIT,posted,2025-07-27 02:05:30
TXN00046158,ACC002603,MER0071,2025-07-15 15:39:08,55.8,NGN,REFUND,POSTED,2025-07-15 15:39:08
TXN00011560,ACC003583,MER0027,2025-05-27 15:05:23,16.17,USD,PURCHASE,POSTED,2025-07-17 05:01:08
TXN00027144,ACC001394,MER0148,2025-04-30 22:39:19,6.25,JPY,WITHDRAWAL,DECLINED,2025-08-04 04:42:11
TXN00046436,ACC003601,MER0032,2025-07-20 08:25:09,14.56,NGN,TRANSFER,REVERSED,2025-07-20 08:25:09
TXN00046875,ACC000048,MER0086,2025-07-16 07:35:33,7.77,NGN,TRANSFER,DECLINED,2025-07-16 07:35:33
TXN00044358,ACC003164,MER0140,2025-08-17 07:24:13,33.43,JPY,WITHDRAWAL,DECLINED,2025-08-17 07:24:13
TXN00047410,ACC001278,MER0059,2025-09-24 11:55:08,12.77,gbp,TRANSFER,posted,2025-09-24 11:55:08
TXN00047072,ACC001346,MER0149,2025-07-22 10:41:20,15.11,NGN,DEPOSIT,PENDING,2025-07-22 10:41:20
TXN00041537,ACC002136,MER0058,2025-08-10 00:06:27,12.91,EUR,DEPOSIT,posted,2025-08-10 00:06:27
TXN00040807,ACC000765,MER0138,2025-07-31 16:26:24,5.47,CAD,DEPOSIT,PENDING,2025-07-31 16:26:24
TXN00042746,ACC000888,MER0034,2025-09-12 20:24:22,44.73,GBP,purchase,PENDING,2025-09-12 20:24:22
TXN00043839,ACC003270,MER0114,2025-09-28 19:25:25,25.01,CAD,WITHDRAWAL,PENDING,2025-09-28 19:25:25
TXN00046392,ACC002351,MER0150,2025-09-14 12:17:05,1334.49,INR,purchase,DECLINED,2025-09-14 12:17:05
TXN00043778,ACC003189,MER0091,2025-07-27 12:22:30,27.52,CAD,DEPOSIT,PENDING,2025-07-27 12:22:30
TXN00040988,ACC000976,MER0147,2025-09-25 05:20:07,13.47,GBP,TRANSFER,REVERSED,2025-09-25 05:20:07
TXN00043525,ACC001676,MER0106,2025-09-22 03:34:24,69.6,CAD,WITHDRAWAL,DECLINED,2025-09-22 03:34:24
TXN00041502,ACC003428,MER0128,2025-09-25 05:51:32,3.96,GBP,TRANSFER,POSTED,2025-09-25 05:51:32
TXN00019912,ACC002811,MER0030,2024-03-26 14:41:00,57.13,EUR,PURCHASE,DECLINED,2025-09-14 22:20:55
TXN00043989,ACC001808,MER0084,2025-07-03 02:18:04,7.81,USD,REFUND,POSTED,2025-07-03 02:18:04
TXN00043871,ACC000824,MER0073,2025-07-30 12:02:15,388.01,USD,purchase,posted,2025-07-30 12:02:15
TXN00046532,ACC000919,MER0075,2025-09-03 21:23:04,18.68,EUR,purchase,PENDING,2025-09-03 21:23:04
TXN00040378,ACC001234,MER0002,2025-07-12 17:12:56,55.87,EUR,PURCHASE,POSTED,2025-07-12 17:12:56
TXN00046557,ACC002069,MER0034,2025-08-10 06:16:51,49.17,GBP,WITHDRAWAL,REVERSED,2025-08-10 06:16:51
TXN00044174,ACC002084,MER0017,2025-09-11 05:35:47,13.59,gbp,TRANSFER,REVERSED,2025-09-11 05:35:47
TXN00042569,ACC002037,MER0073,2025-07-25 11:09:23,10.87,gbp,purchase,DECLINED,2025-07-25 11:09:23
TXN00046607,ACC000581,MER0085,2025-09-26 23:15:03,72.9,USD,TRANSFER,REVERSED,2025-09-26 23:15:03
TXN00043886,ACC001284,MER0138,2025-09-12 07:47:23,218.23,INR,DEPOSIT,REVERSED,2025-09-12 07:47:23
TXN00042308,ACC003896,MER0138,2025-08-20 16:49:48,5.66,GBP,WITHDRAWAL,posted,2025-08-20 16:49:48
TXN00042239,ACC000187,MER0028,2025-07-05 01:33:25,29.03,USD,WITHDRAWAL,POSTED,2025-07-05 01:33:25
TXN00044310,ACC000650,MER0120,2025-09-01 18:00:46,40.76,NGN,WITHDRAWAL,posted,2025-09-01 18:00:46
TXN00041439,ACC002443,MER0118,2025-07-27 18:11:50,77.53,USD,PURCHASE,PENDING,2025-07-27 18:11:50
TXN00046435,ACC003446,MER0102,2025-08-21 21:57:51,42.38,NGN,REFUND,DECLINED,2025-08-21 21:57:51
TXN00043858,ACC003119,MER0089,2025-07-30 11:38:34,33.61,NGN,DEPOSIT,DECLINED,2025-07-30 11:38:34
TXN00044020,ACC003184,MER0074,2025-09-17 06:37:57,64.13,NGN,WITHDRAWAL,POSTED,2025-09-17 06:37:57
TXN00043571,ACC003388,MER0130,2025-08-19 06:46:30,79.46,EUR,DEPOSIT,DECLINED,2025-08-19 06:46:30
TXN00047140,ACC003944,MER0033,2025-09-23 05:42:24,7.78,NGN,purchase,PENDING,2025-09-23 05:42:24
TXN00047651,ACC000679,MER0056,2025-08-04 16:46:20,170.57,EUR,REFUND,posted,2025-08-04 16:46:20
TXN00040505,ACC003755,MER0088,2025-07-03 18:26:53,13.23,usd,PURCHASE,POSTED,2025-07-03 18:26:53
TXN00046744,ACC003527,MER0051,2025-08-18 04:12:15,9.36,EUR,WITHDRAWAL,DECLINED,2025-08-18 04:12:15
TXN00041219,ACC000161,MER0086,2025-08-14 13:20:19,188.63,NGN,PURCHASE,posted,2025-08-14 13:20:19
TXN00043124,ACC002260,MER0074,2025-08-27 04:45:26,21.45,USD,TRANSFER,PENDING,2025-08-27 04:45:26
TXN00046661,ACC002306,MER0031,2025-09-20 17:37:11,5.55,NGN,PURCHASE,REVERSED,2025-09-20 17:37:11
TXN00043108,ACC000305,MER0117,2025-08-17 03:01:26,31.94,GBP,TRANSFER,posted,2025-08-17 03:01:26
TXN00045798,ACC002875,MER0114,2025-08-05 00:45:09,191.26,JPY,purchase,DECLINED,2025-08-05 00:45:09
TXN00042954,ACC002289,MER0119,2025-07-19 22:28:26,112.91,JPY,REFUND,posted,2025-07-19 22:28:26
TXN00042990,ACC003297,MER0110,2025-08-03 14:59:19,4.68,USD,REFUND,REVERSED,2025-08-03 14:59:19
TXN00046298,ACC001526,MER0082,2025-09-07 16:08:28,24.29,INR,REFUND,PENDING,2025-09-07 16:08:28
TXN00040696,ACC001319,MER0089,2025-08-08 16:56:34,17.24,JPY,TRANSFER,REVERSED,2025-08-08 16:56:34
TXN00046252,ACC001674,MER0081,2025-09-03 18:42:51,9.91,CAD,REFUND,PENDING,2025-09-03 18:42:51
TXN00042066,ACC001661,MER0079,2025-09-24 07:10:16,33.48,EUR,DEPOSIT,posted,2025-09-24 07:10:16
TXN00040276,ACC003299,MER0026,2025-08-03 07:05:28,15.3,EUR,DEPOSIT,REVERSED,2025-08-03 07:05:28
TXN00044395,ACC001011,MER0079,2025-07-22 04:42:17,25.95,GBP,PURCHASE,DECLINED,2025-07-22 04:42:17
TXN00046830,ACC001807,MER0109,2025-07-26 13:13:05,44.02,CAD,REFUND,POSTED,2025-07-26 13:13:05
TXN00045474,ACC002870,MER0058,2025-08-13 01:55:13,15.22,CAD,TRANSFER,REVERSED,2025-08-13 01:55:13
TXN00045223,ACC001848,MER0024,2025-07-10 14:40:20,168.76,usd,purchase,posted,2025-07-10 14:40:20
TXN00040664,ACC003539,MER0129,2025-09-07 01:35:53,23.28,GBP,PURCHASE,DECLINED,2025-09-07 01:35:53
TXN00042016,ACC003364,MER0069,2025-07-27 21:27:59,47.58,usd,DEPOSIT,PENDING,2025-07-27 21:27:59
TXN00043362,ACC003764,MER0112,2025-07-06 08:02:35,4.1,USD,WITHDRAWAL,DECLINED,2025-07-06 08:02:35
TXN00046885,ACC003714,MER0020,2025-09-17 12:52:27,28.9,INR,TRANSFER,PENDING,2025-09-17 12:52:27
TXN00047001,ACC000259,MER0041,2025-07-31 12:10:49,3.08,CAD,DEPOSIT,DECLINED,2025-07-31 12:10:49
TXN00040055,ACC002098,MER0009,2025-07-30 20:56:46,40.56,GBP,WITHDRAWAL,posted,2025-07-30 20:56:46
TXN00044891,ACC002896,MER0073,2025-08-17 09:16:52,17.94,usd,purchase,DECLINED,2025-08-17 09:16:52
TXN00041910,ACC002884,MER0123,2025-09-25 12:48:42,56.4,CAD,REFUND,PENDING,2025-09-25 12:48:42
TXN00040557,ACC001307,MER0085,2025-07-14 19:06:54,268.65,CAD,REFUND,posted,2025-07-14 19:06:54
TXN00045410,ACC001050,MER0027,2025-09-02 01:57:44,298.53,JPY,TRANSFER,PENDING,2025-09-02 01:57:44
TXN00042423,ACC001896,MER0102,2025-08-20 00:51:48,35.24,gbp,purchase,POSTED,2025-08-20 00:51:48
TXN00044596,ACC003052,MER0099,2025-09-21 12:40:04,21.39,JPY,purchase,posted,2025-09-21 12:40:04
TXN00047495,ACC001016,MER0019,2025-08-06 05:03:17,38.0,NGN,purchase,REVERSED,2025-08-06 05:03:17
TXN00045319,ACC000141,MER0129,2025-08-24 14:20:04,17.08,EUR,purchase,posted,2025-08-24 14:20:04
TXN00044145,ACC001539,MER0023,2025-09-03 10:00:37,8.84,gbp,purchase,REVERSED,2025-09-03 10:00:37
TXN00042995,ACC003063,MER0026,2025-07-11 16:04:58,15.36,usd,DEPOSIT,REVERSED,2025-07-11 16:04:58
TXN00047804,ACC002950,MER0060,2025-07-21 06:44:39,39.5,JPY,REFUND,posted,2025-07-21 06:44:39
TXN00044735,ACC002287,MER0116,2025-08-20 22:40:27,51.16,EUR,PURCHASE,REVERSED,2025-08-20 22:40:27
TXN00047609,ACC000165,MER0138,2025-08-26 09:01:31,26.97,GBP,WITHDRAWAL,DECLINED,2025-08-26 09:01:31
TXN00043350,ACC000317,MER0055,2025-09-29 19:59:30,119.25,INR,DEPOSIT,posted,2025-09-29 19:59:30
TXN00043150,ACC000453,MER0048,2025-08-14 14:40:45,22.15,gbp,DEPOSIT,DECLINED,2025-08-14 14:40:45
TXN00042939,ACC000653,MER0005,2025-08-06 01:27:52,47.61,USD,purchase,POSTED,2025-08-06 01:27:52
TXN00046468,ACC002579,MER0129,2025-08-15 00:32:53,68.95,gbp,REFUND,PENDING,2025-08-15 00:32:53
TXN00036910,ACC002615,MER0098,2025-03-17 16:37:51,30.22,EUR,DEPOSIT,POSTED,2025-09-06 06:34:19
TXN00041136,ACC001614,MER0098,2025-07-04 11:01:28,7.47,GBP,DEPOSIT,posted,2025-07-04 11:01:28
TXN00040318,ACC001083,MER0108,2025-08-03 13:59:01,3.62,JPY,WITHDRAWAL,REVERSED,2025-08-03 13:59:01
TXN00041019,ACC003147,MER0122,2025-08-24 02:23:54,9.67,NGN,WITHDRAWAL,posted,2025-08-24 02:23:54
TXN00042812,ACC000037,MER0033,2025-09-21 12:30:16,32.02,USD,REFUND,REVERSED,2025-09-21 12:30:16
TXN00044309,ACC003636,MER0039,2025-08-10 05:44:42,45.13,gbp,REFUND,REVERSED,2025-08-10 05:44:42
TXN00042827,ACC002584,MER0060,2025-08-19 00:44:48,4.17,GBP,purchase,posted,2025-08-19 00:44:48
TXN00043826,ACC002653,MER0083,2025-09-01 19:30:21,33.16,JPY,purchase,PENDING,2025-09-01 19:30:21
TXN00046118,ACC003017,MER9999,2025-07-24 05:50:26,45.17,NGN,purchase,PENDING,2025-07-24 05:50:26
TXN00041371,ACC002430,MER0137,2025-08-10 13:07:05,60.06,GBP,REFUND,REVERSED,2025-08-10 13:07:05
TXN00041300,ACC003394,MER0051,2025-07-13 07:24:05,26.49,NGN,TRANSFER,posted,2025-07-13 07:24:05
TXN00047513,ACC003727,MER0008,2025-09-28 09:35:22,23.45,CAD,REFUND,PENDING,2025-09-28 09:35:22
TXN00043767,ACC001571,MER0100,2025-07-29 05:21:24,58.45,USD,PURCHASE,POSTED,2025-07-29 05:21:24
TXN00047178,ACC003021,MER0098,2025-08-19 04:57:03,11.49,CAD,REFUND,posted,2025-08-19 04:57:03
TXN00047498,ACC001739,MER0033,2025-08-18 11:07:51,26.6,USD,REFUND,DECLINED,2025-08-18 11:07:51
TXN00042916,ACC002707,MER0039,2025-07-22 22:45:41,20.3,INR,PURCHASE,PENDING,2025-07-22 22:45:41
TXN00046149,ACC003946,MER0011,2025-08-25 12:58:12,117.75,JPY,REFUND,posted,2025-08-25 12:58:12
TXN00046315,ACC000005,MER0030,2025-07-06 02:15:28,3.36,EUR,PURCHASE,DECLINED,2025-07-06 02:15:28
TXN00047563,ACC003122,MER0002,2025-07-08 03:32:40,159.53,INR,WITHDRAWAL,POSTED,2025-07-08 03:32:40
TXN00045390,ACC002811,MER0009,2025-09-13 22:32:59,39.87,gbp,WITHDRAWAL,DECLINED,2025-09-13 22:32:59
TXN00041143,ACC003773,MER0044,2025-08-23 15:38:43,21.6,INR,DEPOSIT,POSTED,2025-08-23 15:38:43
TXN00040870,ACC003765,MER0019,2025-07-08 02:06:25,36.53,JPY,PURCHASE,REVERSED,2025-07-08 02:06:25
TXN00044192,ACC002369,MER0086,2025-09-08 12:24:49,17.23,CAD,TRANSFER,posted,2025-09-08 12:24:49
TXN00041233,ACC001595,MER0119,2025-09-05 11:41:08,240.0,INR,DEPOSIT,PENDING,2025-09-05 11:41:08
TXN00043849,ACC002191,MER0046,2025-08-26 19:41:10,7.02,CAD,REFUND,REVERSED,2025-08-26 19:41:10
TXN00046023,ACC002685,MER0080,2025-09-25 04:28:56,6.4,USD,purchase,POSTED,2025-09-25 04:28:56
TXN00040512,ACC002498,MER0121,2025-09-01 08:49:23,51.67,gbp,purchase,PENDING,2025-09-01 08:49:23
TXN00046057,ACC001338,MER0101,2025-09-10 07:02:38,23.27,NGN,DEPOSIT,REVERSED,2025-09-10 07:02:38
TXN00040146,ACC003500,MER0105,2025-08-14 01:32:15,157.86,INR,WITHDRAWAL,DECLINED,2025-08-14 01:32:15
TXN00010616,ACC001898,MER0034,2024-08-06 06:23:23,21.23,INR,TRANSFER,DECLINED,2025-08-17 21:58:01
TXN00040642,ACC001462,MER0069,2025-08-10 22:38:21,51.26,NGN,WITHDRAWAL,posted,2025-08-10 22:38:21
TXN00045450,ACC001202,MER0036,2025-07-14 23:00:09,15.18,JPY,REFUND,POSTED,2025-07-14 23:00:09
TXN00043526,ACC003106,MER0093,2025-08-26 19:27:10,2.17,CAD,TRANSFER,POSTED,2025-08-26 19:27:10
TXN00045522,ACC000349,MER0050,2025-09-23 06:05:21,102.54,GBP,REFUND,PENDING,2025-09-23 06:05:21
TXN00041574,ACC002398,MER0059,2025-08-13 05:00:00,5.24,CAD,REFUND,PENDING,2025-08-13 05:00:00
TXN00041051,ACC001539,MER0064,2025-08-26 11:33:28,27.56,GBP,purchase,PENDING,2025-08-26 11:33:28
TXN00042860,ACC002873,MER0012,2025-09-27 05:30:49,2.58,INR,purchase,PENDING,2025-09-27 05:30:49
TXN00043878,ACC001072,MER0065,2025-07-22 19:53:32,34.85,JPY,purchase,REVERSED,2025-07-22 19:53:32
TXN00047153,ACC003276,MER0060,2025-08-01 21:39:22,96.43,CAD,purchase,PENDING,2025-08-01 21:39:22
TXN00040211,ACC000031,MER0038,2025-09-03 07:47:19,44.34,JPY,TRANSFER,REVERSED,2025-09-03 07:47:19
TXN00047459,ACC003520,MER0106,2025-08-03 18:15:27,106.13,NGN,REFUND,REVERSED,2025-08-03 18:15:27
TXN00043728,ACC000399,MER0047,2025-08-31 05:35:21,51.25,usd,TRANSFER,POSTED,2025-08-31 05:35:21
TXN00040108,ACC000889,MER0063,2025-08-19 15:02:49,33.0,usd,TRANSFER,PENDING,2025-08-19 15:02:49
TXN00047823,ACC001119,MER0038,2025-07-30 02:45:31,62.46,CAD,REFUND,DECLINED,2025-07-30 02:45:31
TXN00041280,ACC003082,MER0024,2025-07-19 18:21:23,33.24,JPY,TRANSFER,POSTED,2025-07-19 18:21:23
TXN00045796,ACC002441,MER9999,2025-07-28 21:20:04,21.87,usd,WITHDRAWAL,REVERSED,2025-07-28 21:20:04
TXN00041309,ACC000098,MER0129,2025-07-12 21:04:35,9.56,JPY,REFUND,posted,2025-07-12 21:04:35
TXN00045582,ACC002799,MER0123,2025-08-08 22:06:34,10.42,JPY,TRANSFER,posted,2025-08-08 22:06:34
TXN00046395,ACC002826,MER0108,2025-08-13 01:04:07,44.27,EUR,purchase,POSTED,2025-08-13 01:04:07
TXN00040478,ACC003731,MER0121,2025-07-19 18:20:31,17.72,CAD,WITHDRAWAL,PENDING,2025-07-19 18:20:31
TXN00041168,ACC003385,MER0135,2025-08-25 02:27:11,10.59,CAD,purchase,REVERSED,2025-08-25 02:27:11
TXN00040784,ACC002923,MER0042,2025-08-03 16:42:20,18.89,USD,purchase,DECLINED,2025-08-03 16:42:20
TXN00046403,ACC002685,MER0046,2025-09-20 03:05:59,32.66,JPY,PURCHASE,POSTED,2025-09-20 03:05:59
TXN00043341,ACC003552,MER0011,2025-09-07 07:49:04,24.68,JPY,WITHDRAWAL,REVERSED,2025-09-07 07:49:04
TXN00037817,ACC002693,MER0016,2024-02-16 12:03:02,72.64,CAD,TRANSFER,REVERSED,2025-08-04 13:31:47
TXN00029960,ACC001281,MER0060,2024-01-13 19:04:45,32.45,gbp,REFUND,POSTED,2025-09-05 20:59:57
TXN00044662,ACC003240,MER0069,2025-09-03 00:06:39,22.27,gbp,TRANSFER,POSTED,2025-09-03 00:06:39
TXN00041496,ACC002905,MER0113,2025-09-15 09:35:59,50.19,gbp,TRANSFER,POSTED,2025-09-15 09:35:59
TXN00041884,ACC002807,MER0037,2025-09-07 00:48:47,35.48,INR,TRANSFER,REVERSED,2025-09-07 00:48:47
TXN00041638,ACC003655,MER0118,2025-07-23 20:36:53,25.55,usd,purchase,PENDING,2025-07-23 20:36:53
TXN00040156,ACC000010,MER0118,2025-07-03 19:12:58,43.45,JPY,REFUND,posted,2025-07-03 19:12:58
TXN00047274,ACC003073,MER0016,2025-08-06 21:31:04,22.47,EUR,TRANSFER,REVERSED,2025-08-06 21:31:04
TXN00044201,ACC000675,MER0028,2025-09-23 01:08:19,5.08,CAD,DEPOSIT,DECLINED,2025-09-23 01:08:19
TXN00040971,ACC001021,MER0037,2025-08-24 18:58:18,25.25,USD,WITHDRAWAL,REVERSED,2025-08-24 18:58:18
TXN00043905,ACC000518,MER0064,2025-08-05 15:39:33,17.82,CAD,DEPOSIT,posted,2025-08-05 15:39:33
TXN00040467,ACC003089,MER0015,2025-08-08 18:35:20,12631.78,INR,PURCHASE,DECLINED,2025-08-08 18:35:20
TXN00041658,ACC003124,MER0128,2025-09-24 21:00:20,19.39,JPY,PURCHASE,DECLINED,2025-09-24 21:00:20
TXN00045215,ACC002762,MER0119,2025-07-26 06:47:24,22.18,INR,REFUND,POSTED,2025-07-26 06:47:24
TXN00041084,ACC001657,MER0027,2025-07-27 16:00:32,47.31,CAD,TRANSFER,DECLINED,2025-07-27 16:00:32
TXN00040194,ACC000759,MER0091,2025-07-01 12:09:28,88.28,usd,WITHDRAWAL,posted,2025-07-01 12:09:28
TXN00046242,ACC002073,MER0147,2025-08-18 02:54:28,6.35,usd,REFUND,posted,2025-08-18 02:54:28
TXN00043686,ACC003397,MER0043,2025-08-24 10:03:11,87.6,CAD,purchase,REVERSED,2025-08-24 10:03:11
TXN00047909,ACC003251,MER0064,2025-09-09 21:46:06,16.73,CAD,REFUND,DECLINED,2025-09-09 21:46:06
TXN00047050,ACC001086,MER0104,2025-07-09 16:48:50,17.76,GBP,DEPOSIT,REVERSED,2025-07-09 16:48:50
TXN00040805,ACC001665,MER0145,2025-09-08 14:12:23,9.85,NGN,REFUND,posted,2025-09-08 14:12:23
TXN00044063,ACC000744,MER0126,2025-07-04 05:27:22,43.91,INR,REFUND,REVERSED,2025-07-04 05:27:22
TXN00045946,ACC001080,MER0001,2025-07-19 17:50:30,17.92,NGN,purchase,DECLINED,2025-07-19 17:50:30
TXN00043170,ACC003950,MER0060,2025-07-31 18:37:37,21.06,EUR,TRANSFER,POSTED,2025-07-31 18:37:37
TXN00042993,ACC003507,MER0124,2025-09-30 17:32:43,13.82,GBP,WITHDRAWAL,PENDING,2025-09-30 17:32:43
TXN00042633,ACC000097,MER0130,2025-09-10 22:38:02,3.17,USD,purchase,REVERSED,2025-09-10 22:38:02
TXN00045882,ACC000120,MER0062,2025-07-29 04:20:50,46.61,GBP,PURCHASE,PENDING,2025-07-29 04:20:50
TXN00040140,ACC003670,MER0058,2025-07-02 17:09:33,40.85,gbp,purchase,PENDING,2025-07-02 17:09:33
TXN00045261,ACC003160,MER0065,2025-08-05 16:52:18,151.74,INR,REFUND,POSTED,2025-08-05 16:52:18
TXN00046365,ACC001552,MER0051,2025-07-22 20:02:14,39.07,JPY,TRANSFER,PENDING,2025-07-22 20:02:14
TXN00040079,ACC000972,MER0004,2025-09-13 03:23:07,38.03,INR,PURCHASE,posted,2025-09-13 03:23:07
TXN00041672,ACC003661,MER0131,2025-09-27 06:51:00,7.78,NGN,WITHDRAWAL,REVERSED,2025-09-27 06:51:00
TXN00040260,ACC000342,MER0083,2025-08-08 22:36:45,89.04,USD,WITHDRAWAL,DECLINED,2025-08-08 22:36:45
TXN00042119,ACC002755,MER0023,2025-07-07 02:01:39,35.41,INR,TRANSFER,posted,2025-07-07 02:01:39
TXN00041229,ACC003899,MER0149,2025-09-01 02:17:48,27.58,INR,purchase,POSTED,2025-09-01 02:17:48
TXN00040572,ACC001396,MER0142,2025-07-07 15:10:48,3.34,usd,REFUND,REVERSED,2025-07-07 15:10:48
TXN00043723,ACC000209,MER0086,2025-08-29 22:02:20,24.72,EUR,TRANSFER,REVERSED,2025-08-29 22:02:20
TXN00040978,ACC002075,MER0042,2025-07-21 22:52:37,10.92,INR,DEPOSIT,posted,2025-07-21 22:52:37
TXN00045690,ACC000142,MER0119,2025-08-27 11:43:01,74.98,gbp,purchase,REVERSED,2025-08-27 11:43:01
TXN00047979,ACC002950,MER0042,2025-07-13 20:49:11,13.24,USD,PURCHASE,REVERSED,2025-07-13 20:49:11
TXN00043392,ACC001732,MER0018,2025-08-16 11:27:03,29.13,JPY,TRANSFER,REVERSED,2025-08-16 11:27:03
TXN00005708,ACC003284,MER0097,2025-04-14 14:35:02,11.35,INR,DEPOSIT,DECLINED,2025-08-20 22:51:35
TXN00043111,ACC002893,MER0033,2025-08-19 20:51:07,38.45,GBP,TRANSFER,POSTED,2025-08-19 20:51:07
TXN00043248,ACC000363,MER0106,2025-09-04 01:34:42,17.57,USD,PURCHASE,DECLINED,2025-09-04 01:34:42
TXN00041481,ACC003374,MER0100,2025-08-16 07:31:11,79.26,GBP,REFUND,PENDING,2025-08-16 07:31:11
TXN00044923,ACC001823,MER0082,2025-07-09 00:16:02,19.01,CAD,purchase,POSTED,2025-07-09 00:16:02
TXN00021990,ACC002939,MER0124,2024-02-08 16:33:27,21.39,EUR,WITHDRAWAL,DECLINED,2025-07-12 08:46:42
TXN00047184,ACC000445,MER0130,2025-09-11 00:58:43,9.9,GBP,DEPOSIT,DECLINED,2025-09-11 00:58:43
TXN00046672,ACC001658,MER0075,2025-08-23 00:00:51,23.46,NGN,REFUND,POSTED,2025-08-23 00:00:51
TXN00042076,ACC002200,MER0031,2025-09-17 03:15:08,240.79,CAD,PURCHASE,PENDING,2025-09-17 03:15:08
TXN00040365,ACC003290,MER0033,2025-08-24 20:27:19,24.91,NGN,REFUND,DECLINED,2025-08-24 20:27:19
TXN00041085,ACC002487,MER0014,2025-08-04 14:57:00,75.75,NGN,TRANSFER,PENDING,2025-08-04 14:57:00
TXN00046919,ACC001319,MER0038,2025-07-23 06:21:39,50.2,INR,DEPOSIT,PENDING,2025-07-23 06:21:39
TXN00040650,ACC003255,MER0106,2025-09-08 04:20:29,12.19,JPY,PURCHASE,POSTED,2025-09-08 04:20:29
TXN00046541,ACC001714,MER0135,2025-09-04 10:43:20,77.95,usd,PURCHASE,PENDING,2025-09-04 10:43:20
TXN00043453,ACC001366,MER0063,2025-08-24 08:59:40,21.25,gbp,DEPOSIT,POSTED,2025-08-24 08:59:40
TXN00040806,ACC001553,MER0062,2025-08-13 04:53:45,4.12,USD,purchase,POSTED,2025-08-13 04:53:45
TXN00042695,ACC002965,MER0136,2025-07-04 21:43:51,38.8,usd,REFUND,DECLINED,2025-07-04 21:43:51
TXN00045751,ACC000903,MER0066,2025-09-24 17:04:53,6.37,NGN,TRANSFER,REVERSED,2025-09-24 17:04:53
TXN00043840,ACC001772,MER0117,2025-07-18 09:08:31,54.32,gbp,DEPOSIT,posted,2025-07-18 09:08:31
TXN00046754,ACC003675,MER0070,2025-07-24 03:13:59,36.9,CAD,DEPOSIT,posted,2025-07-24 03:13:59
TXN00045012,ACC002258,MER0022,2025-07-04 19:13:27,36.19,usd,TRANSFER,posted,2025-07-04 19:13:27
TXN00040455,ACC000697,MER0040,2025-08-04 19:23:46,5.63,CAD,TRANSFER,REVERSED,2025-08-04 19:23:46
TXN00046684,ACC002851,MER0094,2025-07-10 00:16:09,22.24,gbp,TRANSFER,posted,2025-07-10 00:16:09
TXN00042472,ACC001976,MER0094,2025-08-04 02:49:55,31.16,JPY,PURCHASE,PENDING,2025-08-04 02:49:55
TXN00046417,ACC002199,MER0076,2025-07-03 21:47:46,33.6,CAD,DEPOSIT,PENDING,2025-07-03 21:47:46
TXN00042234,ACC003942,MER0118,2025-09-06 23:14:35,9.01,CAD,PURCHASE,POSTED,2025-09-06 23:14:35
TXN00042399,ACC002525,MER0104,2025-07-04 00:23:40,39.67,JPY,purchase,POSTED,2025-07-04 00:23:40
TXN00041358,ACC001948,MER0013,2025-07-16 07:42:24,7.66,USD,WITHDRAWAL,REVERSED,2025-07-16 07:42:24
TXN00043625,ACC001224,MER0040,2025-08-05 21:38:41,27.78,GBP,purchase,PENDING,2025-08-05 21:38:41
TXN00047957,ACC000543,MER0124,2025-07-03 00:27:17,56.06,gbp,WITHDRAWAL,REVERSED,2025-07-03 00:27:17
TXN00011776,ACC002135,MER0074,2024-05-21 20:26:33,102.23,usd,WITHDRAWAL,DECLINED,2025-07-19 15:29:25
TXN00047621,ACC001219,MER0144,2025-08-28 04:18:20,41.39,INR,PURCHASE,REVERSED,2025-08-28 04:18:20
TXN00045158,ACC002124,MER0109,2025-09-19 10:39:47,61.3,gbp,TRANSFER,posted,2025-09-19 10:39:47
TXN00046834,ACC000744,MER0085,2025-07-06 07:35:55,26.75,JPY,TRANSFER,posted,2025-07-06 07:35:55
TXN00046227,ACC003518,MER0026,2025-09-18 06:35:17,86.96,usd,PURCHASE,DECLINED,2025-09-18 06:35:17
TXN00044953,ACC001609,MER0031,2025-08-23 00:19:46,2.23,GBP,purchase,POSTED,2025-08-23 00:19:46
TXN00047803,ACC003778,MER0039,2025-07-10 01:35:26,19.8,EUR,DEPOSIT,posted,2025-07-10 01:35:26
TXN00040072,ACC003185,MER0053,2025-07-28 08:33:19,29.78,INR,TRANSFER,REVERSED,2025-07-28 08:33:19
TXN00047833,ACC003427,MER0118,2025-09-15 14:26:26,9.69,INR,WITHDRAWAL,POSTED,2025-09-15 14:26:26
TXN00045201,ACC001927,MER0097,2025-08-26 03:13:13,22.11,USD,WITHDRAWAL,POSTED,2025-08-26 03:13:13
TXN00041478,ACC000145,MER0059,2025-09-06 12:16:09,15.45,JPY,REFUND,POSTED,2025-09-06 12:16:09
TXN00040446,ACC000107,MER0082,2025-07-02 08:05:44,22.6,EUR,PURCHASE,posted,2025-07-02 08:05:44
TXN00042987,ACC003445,MER0133,2025-09-25 18:28:18,65.26,INR,WITHDRAWAL,PENDING,2025-09-25 18:28:18
TXN00025395,ACC000523,MER0082,2025-05-23 20:00:50,27.67,GBP,REFUND,POSTED,2025-07-24 18:28:17
TXN00041862,ACC003663,MER0136,2025-07-01 14:51:21,17.32,usd,DEPOSIT,REVERSED,2025-07-01 14:51:21
TXN00043418,ACC000154,MER0149,2025-08-31 07:44:51,32.52,CAD,purchase,POSTED,2025-08-31 07:44:51
TXN00040728,ACC003469,MER0045,2025-07-31 10:24:39,35.01,USD,DEPOSIT,REVERSED,2025-07-31 10:24:39
TXN00044601,ACC002222,MER0046,2025-08-12 17:39:31,13.37,NGN,DEPOSIT,DECLINED,2025-08-12 17:39:31
TXN00040061,ACC002546,MER0130,2025-08-02 14:25:36,36.39,EUR,WITHDRAWAL,PENDING,2025-08-02 14:25:36
TXN00047824,ACC003868,MER0120,2025-07-30 03:47:08,9.11,usd,DEPOSIT,POSTED,2025-07-30 03:47:08
TXN00044864,ACC001178,MER0089,2025-07-22 00:40:26,69.89,INR,REFUND,DECLINED,2025-07-22 00:40:26
TXN00043346,ACC000769,MER0024,2025-07-31 12:12:53,215.98,usd,TRANSFER,DECLINED,2025-07-31 12:12:53
TXN00041165,ACC003065,MER0039,2025-07-18 05:13:37,5.73,EUR,WITHDRAWAL,POSTED,2025-07-18 05:13:37
TXN00044495,ACC001230,MER0062,2025-07-14 15:27:59,154.28,USD,REFUND,PENDING,2025-07-14 15:27:59
TXN00037920,ACC001354,MER0013,2024-03-24 22:26:43,1.38,gbp,TRANSFER,DECLINED,2025-09-18 15:33:03
TXN00044599,ACC001026,MER0004,2025-08-22 09:32:08,92.52,INR,purchase,posted,2025-08-22 09:32:08
TXN00043236,ACC002524,MER0126,2025-07-18 07:51:23,15.64,usd,purchase,REVERSED,2025-07-18 07:51:23
TXN00045400,ACC002058,MER0088,2025-08-10 19:38:46,13.27,USD,WITHDRAWAL,PENDING,2025-08-10 19:38:46
TXN00045303,ACC002714,MER0046,2025-09-27 06:28:31,41.35,JPY,PURCHASE,posted,2025-09-27 06:28:31
TXN00041308,ACC002239,MER0011,2025-08-21 13:24:28,84.88,EUR,WITHDRAWAL,posted,2025-08-21 13:24:28
TXN00043003,ACC002132,MER0125,2025-09-02 05:11:31,13.82,JPY,WITHDRAWAL,REVERSED,2025-09-02 05:11:31
TXN00044232,ACC002969,MER0129,2025-07-16 11:54:53,21.74,GBP,PURCHASE,REVERSED,2025-07-16 11:54:53
TXN00043126,ACC002663,MER0084,2025-08-25 02:03:33,5.45,USD,WITHDRAWAL,posted,2025-08-25 02:03:33
TXN00042407,ACC002943,MER0078,2025-07-26 23:20:11,41.91,NGN,PURCHASE,POSTED,2025-07-26 23:20:11
TXN00043358,ACC003010,MER0077,2025-08-21 10:29:49,92.27,NGN,TRANSFER,POSTED,2025-08-21 10:29:49
TXN00044895,ACC001152,MER0117,2025-08-20 07:30:56,9.51,NGN,TRANSFER,POSTED,2025-08-20 07:30:56
TXN00043216,ACC002509,MER0029,2025-09-14 09:51:43,3.37,JPY,purchase,DECLINED,2025-09-14 09:51:43
TXN00044920,ACC003822,MER0031,2025-08-08 23:25:54,45.98,gbp,purchase,DECLINED,2025-08-08 23:25:54
TXN00041453,ACC003103,MER0085,2025-09-11 02:56:29,22.1,GBP,REFUND,PENDING,2025-09-11 02:56:29
TXN00040911,ACC002153,MER0035,2025-07-29 04:31:37,69.37,CAD,REFUND,DECLINED,2025-07-29 04:31:37
TXN00046822,ACC001294,MER0123,2025-07-12 22:12:31,7.53,GBP,WITHDRAWAL,POSTED,2025-07-12 22:12:31
TXN00043130,ACC003118,MER0052,2025-08-12 13:44:24,34.88,EUR,WITHDRAWAL,REVERSED,2025-08-12 13:44:24
TXN00042310,ACC002342,MER0057,2025-08-23 01:12:02,28.7,GBP,PURCHASE,REVERSED,2025-08-23 01:12:02
TXN00047286,ACC001669,MER0080,2025-08-23 16:59:36,6.22,usd,DEPOSIT,POSTED,2025-08-23 16:59:36
TXN00040973,ACC000853,MER0098,2025-07-13 12:00:56,15.32,JPY,purchase,PENDING,2025-07-13 12:00:56
TXN00040331,ACC002056,MER0110,2025-07-28 21:54:25,165.61,JPY,TRANSFER,PENDING,2025-07-28 21:54:25
TXN00044260,ACC000232,MER0073,2025-09-04 16:48:57,9.02,EUR,TRANSFER,POSTED,2025-09-04 16:48:57
TXN00043613,ACC002864,MER0071,2025-08-20 14:52:48,18.16,JPY,TRANSFER,DECLINED,2025-08-20 14:52:48
TXN00046685,ACC003812,MER0148,2025-08-04 18:31:34,8.04,EUR,REFUND,posted,2025-08-04 18:31:34
TXN00040598,ACC001290,MER0136,2025-08-30 06:11:09,14.43,USD,TRANSFER,POSTED,2025-08-30 06:11:09
TXN00043713,ACC003239,MER0042,2025-08-01 05:25:28,9.96,NGN,TRANSFER,PENDING,2025-08-01 05:25:28
TXN00041853,ACC003751,MER0134,2025-08-19 07:17:32,9.94,INR,TRANSFER,REVERSED,2025-08-19 07:17:32
TXN00040191,ACC000354,MER0029,2025-08-20 23:27:54,26518.13,GBP,DEPOSIT,DECLINED,2025-08-20 23:27:54
TXN00043854,ACC003895,MER0115,2025-09-08 09:57:51,73.8,USD,REFUND,POSTED,2025-09-08 09:57:51
TXN00045456,ACC000985,MER0133,2025-07-28 17:33:54,573.66,CAD,REFUND,REVERSED,2025-07-28 17:33:54
TXN00041947,ACC002017,MER0012,2025-09-27 22:37:30,57.78,GBP,TRANSFER,DECLINED,2025-09-27 22:37:30
TXN00042317,ACC003665,MER0096,2025-08-29 22:33:42,1.62,GBP,purchase,REVERSED,2025-08-29 22:33:42
TXN00041741,ACC000199,MER0025,2025-09-11 04:55:14,81.25,usd,DEPOSIT,REVERSED,2025-09-11 04:55:14
TXN00042595,ACC002234,MER0087,2025-08-03 01:49:02,71.81,EUR,WITHDRAWAL,POSTED,2025-08-03 01:49:02
TXN00042864,ACC003257,MER0124,2025-09-10 02:19:38,42.88,gbp,PURCHASE,posted,2025-09-10 02:19:38
TXN00043704,ACC003834,MER0053,2025-07-26 02:09:16,19.69,GBP,WITHDRAWAL,POSTED,2025-07-26 02:09:16
TXN00045037,ACC002345,MER0006,2025-08-16 22:58:29,38.12,CAD,DEPOSIT,posted,2025-08-16 22:58:29
TXN00040747,ACC002476,MER0063,2025-07-04 16:05:22,4.61,INR,WITHDRAWAL,REVERSED,2025-07-04 16:05:22
TXN00043629,ACC001849,MER0053,2025-07-20 05:34:30,7.36,usd,DEPOSIT,REVERSED,2025-07-20 05:34:30
TXN00044733,ACC002781,MER0079,2025-09-12 13:03:13,5.9,gbp,WITHDRAWAL,POSTED,2025-09-12 13:03:13
TXN00046070,ACC002668,MER0087,2025-07-22 22:51:13,163.54,EUR,WITHDRAWAL,DECLINED,2025-07-22 22:51:13
TXN00042686,ACC000170,MER0126,2025-08-04 13:21:26,65.72,JPY,PURCHASE,posted,2025-08-04 13:21:26
TXN00026679,ACC002828,MER0041,2024-02-15 12:29:46,32.67,NGN,WITHDRAWAL,DECLINED,2025-09-08 01:28:01
TXN00047230,ACC003760,MER0067,2025-07-02 10:44:13,9.15,USD,TRANSFER,PENDING,2025-07-02 10:44:13
TXN00044202,ACC000565,MER0050,2025-08-04 07:01:35,38.22,JPY,TRANSFER,POSTED,2025-08-04 07:01:35
TXN00047347,ACC003040,MER0034,2025-08-11 08:21:50,32.94,JPY,DEPOSIT,PENDING,2025-08-11 08:21:50
TXN00042116,ACC000834,MER0095,2025-07-15 13:40:39,52.61,INR,WITHDRAWAL,REVERSED,2025-07-15 13:40:39
TXN00045877,ACC003740,MER0121,2025-09-23 00:57:33,19.31,GBP,purchase,DECLINED,2025-09-23 00:57:33
TXN00043908,ACC001946,MER0036,2025-08-19 14:18:18,10.81,CAD,REFUND,posted,2025-08-19 14:18:18
TXN00046580,ACC000020,MER0104,2025-08-14 16:08:00,17.96,JPY,TRANSFER,DECLINED,2025-08-14 16:08:00
TXN00045041,ACC003947,MER0132,2025-09-02 00:48:46,18.44,usd,purchase,REVERSED,2025-09-02 00:48:46
TXN00043770,ACC001559,MER0098,2025-07-01 00:26:46,36.53,gbp,REFUND,REVERSED,2025-07-01 00:26:46
TXN00044731,ACC002301,MER0139,2025-09-20 06:54:12,26.24,EUR,PURCHASE,PENDING,2025-09-20 06:54:12
TXN00043715,ACC000551,MER0140,2025-09-14 19:24:59,44.08,EUR,PURCHASE,DECLINED,2025-09-14 19:24:59
TXN00046299,ACC001353,MER0138,2025-09-21 18:08:46,41.48,EUR,DEPOSIT,PENDING,2025-09-21 18:08:46
TXN00040110,ACC001333,MER0144,2025-09-09 20:38:14,24.43,CAD,TRANSFER,posted,2025-09-09 20:38:14
TXN00047603,ACC002773,MER0088,2025-09-22 22:08:45,116.29,gbp,purchase,PENDING,2025-09-22 22:08:45
TXN00047297,ACC000756,MER0110,2025-09-19 06:12:11,12.3,JPY,REFUND,posted,2025-09-19 06:12:11
TXN00047486,ACC000662,MER0040,2025-09-19 09:17:02,30.6,CAD,PURCHASE,posted,2025-09-19 09:17:02
TXN00040641,ACC003775,MER0009,2025-07-08 00:01:34,91.33,NGN,WITHDRAWAL,DECLINED,2025-07-08 00:01:34
TXN00046984,ACC003077,MER0004,2025-08-14 12:09:18,8.25,USD,WITHDRAWAL,DECLINED,2025-08-14 12:09:18
TXN00042372,ACC002476,MER0039,2025-08-05 08:13:51,75.37,CAD,TRANSFER,REVERSED,2025-08-05 08:13:51
TXN00046916,ACC002988,MER0002,2025-07-10 15:58:04,23.93,usd,purchase,DECLINED,2025-07-10 15:58:04
TXN00040969,ACC002532,MER0059,2025-07-19 03:08:41,91.66,usd,PURCHASE,DECLINED,2025-07-19 03:08:41
TXN00040693,ACC003903,MER0027,2025-08-08 08:04:31,9.54,INR,REFUND,DECLINED,2025-08-08 08:04:31
TXN00041720,ACC000669,MER0078,2025-09-10 15:34:18,26.8,gbp,REFUND,DECLINED,2025-09-10 15:34:18
TXN00041379,ACC001648,MER0034,2025-09-07 00:57:23,19.41,NGN,REFUND,REVERSED,2025-09-07 00:57:23
TXN00046817,ACC003025,MER0092,2025-08-18 17:49:52,6.29,CAD,PURCHASE,PENDING,2025-08-18 17:49:52
TXN00046363,ACC003931,MER0085,2025-08-26 19:25:38,19.3,gbp,REFUND,PENDING,2025-08-26 19:25:38
TXN00045221,ACC000368,MER0064,2025-08-30 10:12:58,19.42,JPY,PURCHASE,REVERSED,2025-08-30 10:12:58
TXN00046026,ACC002158,MER0116,2025-08-01 17:30:16,19.43,gbp,purchase,posted,2025-08-01 17:30:16
TXN00040952,ACC003160,MER0078,2025-09-10 03:38:25,46.09,EUR,purchase,DECLINED,2025-09-10 03:38:25
TXN00040803,ACC002368,MER0147,2025-08-08 18:27:22,3.73,usd,purchase,REVERSED,2025-08-08 18:27:22
TXN00044991,ACC001994,MER0140,2025-07-23 15:01:22,20.14,CAD,PURCHASE,REVERSED,2025-07-23 15:01:22
TXN00047089,ACC001168,MER0110,2025-07-08 05:42:58,25.28,NGN,PURCHASE,DECLINED,2025-07-08 05:42:58
TXN00047424,ACC001490,MER0148,2025-07-26 03:37:58,52.92,gbp,purchase,REVERSED,2025-07-26 03:37:58
TXN00044528,ACC001110,MER0004,2025-09-26 08:19:19,145.97,INR,purchase,POSTED,2025-09-26 08:19:19
TXN00041735,ACC002192,MER0088,2025-08-23 08:28:56,6.24,USD,purchase,POSTED,2025-08-23 08:28:56
TXN00045092,ACC002745,MER0128,2025-07-04 15:49:46,24.35,EUR,DEPOSIT,PENDING,2025-07-04 15:49:46
TXN00041413,ACC000473,MER0026,2025-09-16 04:02:25,58.54,NGN,DEPOSIT,REVERSED,2025-09-16 04:02:25
TXN00044807,ACC000916,MER0128,2025-07-03 20:31:20,14.01,NGN,TRANSFER,PENDING,2025-07-03 20:31:20
TXN00044140,ACC002715,MER0140,2025-09-22 02:56:35,49.34,USD,REFUND,posted,2025-09-22 02:56:35
TXN00041066,ACC002360,MER0077,2025-09-02 00:51:08,171.39,GBP,purchase,PENDING,2025-09-02 00:51:08
TXN00045407,ACC001904,MER0042,2025-09-08 10:58:09,2.41,USD,WITHDRAWAL,POSTED,2025-09-08 10:58:09
TXN00045985,ACC003199,MER0106,2025-08-28 05:41:39,75.46,gbp,TRANSFER,posted,2025-08-28 05:41:39
TXN00047176,ACC003772,MER0090,2025-08-18 03:01:56,127.92,USD,DEPOSIT,DECLINED,2025-08-18 03:01:56
TXN00043924,ACC000638,MER0116,2025-08-03 13:10:58,32.83,CAD,DEPOSIT,POSTED,2025-08-03 13:10:58
TXN00045313,ACC000645,MER0012,2025-08-14 14:35:48,34.04,GBP,purchase,REVERSED,2025-08-14 14:35:48
TXN00041121,ACC001875,MER0061,2025-08-14 11:23:11,49.51,JPY,PURCHASE,PENDING,2025-08-14 11:23:11
TXN00001065,ACC003113,MER0032,2024-08-03 07:58:32,49.44,EUR,WITHDRAWAL,REVERSED,2025-09-10 18:41:51
TXN00046659,ACC003873,MER0076,2025-09-06 15:56:54,11.92,JPY,PURCHASE,DECLINED,2025-09-06 15:56:54
TXN00041020,ACC003438,MER0029,2025-08-01 17:21:53,62.04,USD,PURCHASE,posted,2025-08-01 17:21:53
TXN00043134,ACC002220,MER0068,2025-08-30 09:49:36,6.23,gbp,REFUND,PENDING,2025-08-30 09:49:36
TXN00047649,ACC001068,MER0099,2025-09-15 14:54:47,7.11,INR,TRANSFER,DECLINED,2025-09-15 14:54:47
TXN00044563,ACC001484,MER0047,2025-08-01 13:41:21,6.15,gbp,REFUND,DECLINED,2025-08-01 13:41:21
TXN00044331,ACC002070,MER0004,2025-09-09 10:19:16,17.24,NGN,TRANSFER,REVERSED,2025-09-09 10:19:16
TXN00044505,ACC002497,MER0005,2025-09-05 03:57:20,27.08,INR,WITHDRAWAL,POSTED,2025-09-05 03:57:20
TXN00046509,ACC002102,MER9999,2025-07-01 04:19:08,34.77,usd,DEPOSIT,posted,2025-07-01 04:19:08
TXN00045094,ACC001947,MER0006,2025-08-26 03:54:32,46.53,INR,REFUND,REVERSED,2025-08-26 03:54:32
TXN00041599,ACC003203,MER0054,2025-08-30 12:39:47,65.99,INR,REFUND,REVERSED,2025-08-30 12:39:47
TXN00042809,ACC001765,MER0085,2025-08-06 14:00:40,6.14,USD,PURCHASE,posted,2025-08-06 14:00:40
TXN00044707,ACC002673,MER0052,2025-07-20 22:29:57,84.01,CAD,DEPOSIT,REVERSED,2025-07-20 22:29:57
TXN00043181,ACC003874,MER0108,2025-08-11 04:05:35,15418.63,USD,WITHDRAWAL,DECLINED,2025-08-11 04:05:35
TXN00043100,ACC001061,MER0142,2025-09-08 20:01:23,31.46,NGN,DEPOSIT,POSTED,2025-09-08 20:01:23
TXN00040914,ACC002942,MER0041,2025-08-08 15:16:39,14.89,usd,REFUND,POSTED,2025-08-08 15:16:39
TXN00047371,ACC001374,MER0096,2025-09-28 22:00:20,11.73,gbp,DEPOSIT,PENDING,2025-09-28 22:00:20
TXN00044766,ACC001113,MER0146,2025-09-27 20:14:28,6.79,usd,TRANSFER,POSTED,2025-09-27 20:14:28
TXN00047990,ACC002285,MER0148,2025-07-19 11:29:15,60.71,NGN,WITHDRAWAL,PENDING,2025-07-19 11:29:15
TXN00041790,ACC001971,MER0008,2025-08-10 19:33:35,54.61,JPY,purchase,DECLINED,2025-08-10 19:33:35
TXN00046615,ACC001405,MER0146,2025-08-20 21:35:27,13.55,gbp,TRANSFER,DECLINED,2025-08-20 21:35:27
TXN00047471,ACC003627,MER0086,2025-07-30 08:41:50,25.91,usd,PURCHASE,PENDING,2025-07-30 08:41:50
TXN00046218,ACC003375,MER0134,2025-07-03 13:50:50,22.86,USD,TRANSFER,DECLINED,2025-07-03 13:50:50
TXN00045256,ACC003343,MER0135,2025-07-27 17:17:08,112.54,gbp,REFUND,REVERSED,2025-07-27 17:17:08
TXN00045070,ACC001738,MER0058,2025-07-30 09:25:06,10.38,NGN,WITHDRAWAL,PENDING,2025-07-30 09:25:06
TXN00043670,ACC002458,MER0056,2025-09-09 23:38:19,26.74,CAD,DEPOSIT,REVERSED,2025-09-09 23:38:19
TXN00041070,ACC002134,MER0067,2025-09-08 17:21:37,164.36,NGN,REFUND,POSTED,2025-09-08 17:21:37
TXN00044664,ACC001053,MER0136,2025-07-16 17:43:32,17.87,EUR,REFUND,POSTED,2025-07-16 17:43:32
TXN00045023,ACC003142,MER0045,2025-07-26 14:13:03,3.25,USD,REFUND,DECLINED,2025-07-26 14:13:03
TXN00045837,ACC002271,MER0060,2025-07-31 13:41:20,9.14,gbp,DEPOSIT,PENDING,2025-07-31 13:41:20
TXN00042770,ACC001898,MER0128,2025-07-24 19:44:21,5.19,USD,purchase,posted,2025-07-24 19:44:21
TXN00041022,ACC000073,MER0105,2025-08-18 13:03:31,40.29,EUR,WITHDRAWAL,POSTED,2025-08-18 13:03:31
TXN00040095,ACC003552,MER0075,2025-08-23 16:23:02,16.33,gbp,TRANSFER,posted,2025-08-23 16:23:02
TXN00043749,ACC003199,MER0028,2025-08-07 02:13:27,6.99,EUR,TRANSFER,PENDING,2025-08-07 02:13:27
TXN00047686,ACC000897,MER0096,2025-07-21 22:10:16,184.37,usd,purchase,POSTED,2025-07-21 22:10:16
TXN00045274,ACC002900,MER0061,2025-09-22 23:53:32,31.47,usd,DEPOSIT,PENDING,2025-09-22 23:53:32
TXN00044132,ACC003444,MER0104,2025-08-04 12:24:29,10.25,EUR,TRANSFER,DECLINED,2025-08-04 12:24:29
TXN00044412,ACC002373,MER0009,2025-08-13 00:11:22,4.39,USD,REFUND,PENDING,2025-08-13 00:11:22
TXN00042297,ACC000676,MER0121,2025-07-03 14:05:06,14.99,JPY,WITHDRAWAL,PENDING,2025-07-03 14:05:06
TXN00041835,ACC000343,MER0123,2025-07-12 11:13:02,18.81,gbp,PURCHASE,DECLINED,2025-07-12 11:13:02
TXN00042844,ACC001761,MER0104,2025-07-07 17:46:17,131.5,GBP,TRANSFER,PENDING,2025-07-07 17:46:17
TXN00046570,ACC002992,MER0105,2025-09-10 18:56:21,21.28,USD,purchase,posted,2025-09-10 18:56:21
TXN00041805,ACC000210,MER0118,2025-07-10 15:53:36,31.1,gbp,DEPOSIT,POSTED,2025-07-10 15:53:36
TXN00042691,ACC001051,MER0085,2025-08-08 19:40:03,36635.32,usd,PURCHASE,REVERSED,2025-08-08 19:40:03
TXN00045331,ACC002114,MER0060,2025-07-05 19:14:55,33.53,EUR,PURCHASE,DECLINED,2025-07-05 19:14:55
TXN00043579,ACC003149,MER0012,2025-08-09 04:03:23,132.03,INR,PURCHASE,DECLINED,2025-08-09 04:03:23
TXN00047223,ACC002097,MER0019,2025-07-25 19:18:14,32.52,INR,WITHDRAWAL,posted,2025-07-25 19:18:14
TXN00046770,ACC001984,MER0120,2025-09-12 01:52:16,13.02,NGN,REFUND,posted,2025-09-12 01:52:16
TXN00041240,ACC000346,MER0108,2025-07-24 19:40:40,32.37,GBP,DEPOSIT,POSTED,2025-07-24 19:40:40
TXN00044535,ACC002779,MER0134,2025-07-19 05:37:11,20.71,CAD,DEPOSIT,REVERSED,2025-07-19 05:37:11
TXN00044567,ACC001398,MER0102,2025-08-29 11:02:15,8.34,USD,TRANSFER,PENDING,2025-08-29 11:02:15
TXN00042397,ACC000575,MER0135,2025-08-09 01:36:26,9.01,INR,DEPOSIT,REVERSED,2025-08-09 01:36:26
TXN00042765,ACC003104,MER0002,2025-09-30 11:25:35,7.17,CAD,REFUND,posted,2025-09-30 11:25:35
TXN00044313,ACC000242,MER0134,2025-07-19 13:25:20,2.79,gbp,DEPOSIT,PENDING,2025-07-19 13:25:20
TXN00044771,ACC000228,MER0140,2025-09-19 21:29:42,19.52,GBP,REFUND,posted,2025-09-19 21:29:42
TXN00043710,ACC001665,MER0146,2025-07-13 09:11:21,31.55,EUR,REFUND,REVERSED,2025-07-13 09:11:21
TXN00040755,ACC002666,MER0150,2025-09-18 10:19:52,12101.73,CAD,WITHDRAWAL,PENDING,2025-09-18 10:19:52
TXN00041366,ACC001147,MER0143,2025-09-21 23:54:45,10.46,GBP,WITHDRAWAL,DECLINED,2025-09-21 23:54:45
TXN00045933,ACC001773,MER0119,2025-07-09 20:40:16,185.19,USD,REFUND,REVERSED,2025-07-09 20:40:16
TXN00046415,ACC000858,MER0034,2025-08-18 00:26:02,4.86,EUR,PURCHASE,PENDING,2025-08-18 00:26:02
TXN00040933,ACC000364,MER0128,2025-09-12 00:15:17,8.19,EUR,PURCHASE,DECLINED,2025-09-12 00:15:17
TXN00044473,ACC002030,MER0091,2025-09-24 01:46:18,83.44,CAD,DEPOSIT,DECLINED,2025-09-24 01:46:18
TXN00006710,ACC002879,MER0082,2024-05-31 02:20:30,321.43,NGN,PURCHASE,DECLINED,2025-07-18 06:15:41
TXN00045972,ACC000426,MER0073,2025-08-20 02:53:58,28.14,NGN,PURCHASE,DECLINED,2025-08-20 02:53:58
TXN00046151,ACC002459,MER0007,2025-09-29 05:16:10,9.87,NGN,purchase,REVERSED,2025-09-29 05:16:10
TXN00045988,ACC000922,MER0069,2025-08-31 00:53:04,53.9,gbp,TRANSFER,REVERSED,2025-08-31 00:53:04
TXN00044066,ACC000724,MER0116,2025-08-20 13:35:12,3.46,CAD,PURCHASE,REVERSED,2025-08-20 13:35:12
TXN00044211,ACC002989,MER0009,2025-07-05 08:32:45,67.94,usd,PURCHASE,REVERSED,2025-07-05 08:32:45
TXN00047799,ACC002520,MER0096,2025-08-11 13:33:43,47.78,GBP,REFUND,posted,2025-08-11 13:33:43
TXN00040324,ACC002391,MER0122,2025-08-13 19:44:15,195.19,EUR,PURCHASE,POSTED,2025-08-13 19:44:15
TXN00042074,ACC003244,MER0096,2025-09-29 06:32:08,17.38,gbp,TRANSFER,DECLINED,2025-09-29 06:32:08
TXN00042117,ACC003836,MER0042,2025-08-18 18:14:02,116.18,NGN,WITHDRAWAL,REVERSED,2025-08-18 18:14:02
TXN00041046,ACC001805,MER0096,2025-07-06 19:27:48,71.16,usd,REFUND,POSTED,2025-07-06 19:27:48
TXN00044169,ACC003269,MER0028,2025-07-04 16:21:55,101.44,NGN,WITHDRAWAL,POSTED,2025-07-04 16:21:55
TXN00046837,ACC002101,MER0126,2025-09-26 06:51:27,2.29,usd,PURCHASE,posted,2025-09-26 06:51:27
TXN00045067,ACC002295,MER0073,2025-09-29 06:38:55,59.43,GBP,WITHDRAWAL,REVERSED,2025-09-29 06:38:55
TXN00044196,ACC003692,MER0145,2025-09-27 23:38:15,162.42,CAD,TRANSFER,DECLINED,2025-09-27 23:38:15
TXN00041369,ACC000202,MER0116,2025-09-22 21:38:27,69.0,GBP,REFUND,posted,2025-09-22 21:38:27
TXN00046632,ACC002665,MER0121,2025-07-27 03:09:19,157.44,gbp,PURCHASE,PENDING,2025-07-27 03:09:19
TXN00045847,ACC003162,MER0101,2025-08-19 13:43:37,232.9,USD,DEPOSIT,posted,2025-08-19 13:43:37
TXN00041462,ACC002396,MER0111,2025-08-30 13:22:30,29.38,JPY,REFUND,POSTED,2025-08-30 13:22:30
TXN00040554,ACC002614,MER0003,2025-09-30 01:37:03,65.78,usd,REFUND,posted,2025-09-30 01:37:03
TXN00040257,ACC003872,MER0137,2025-08-21 15:32:25,38.82,GBP,REFUND,posted,2025-08-21 15:32:25
TXN00044880,ACC000511,MER0097,2025-07-23 04:54:50,23314.59,INR,REFUND,POSTED,2025-07-23 04:54:50
TXN00045601,ACC002819,MER0146,2025-09-16 09:59:17,18.82,usd,TRANSFER,DECLINED,2025-09-16 09:59:17
TXN00047427,ACC000469,MER0020,2025-08-02 14:53:10,26.07,USD,TRANSFER,posted,2025-08-02 14:53:10
TXN00045967,ACC003421,MER0094,2025-07-13 23:38:14,3.59,GBP,REFUND,PENDING,2025-07-13 23:38:14
TXN00040045,ACC001454,MER0078,2025-09-11 17:25:48,18.57,JPY,PURCHASE,POSTED,2025-09-11 17:25:48
TXN00040081,ACC000258,MER0065,2025-08-30 08:59:04,193.7,GBP,REFUND,REVERSED,2025-08-30 08:59:04
TXN00045075,ACC001288,MER0089,2025-08-28 10:32:28,12.88,USD,DEPOSIT,DECLINED,2025-08-28 10:32:28
TXN00046121,ACC000808,MER0078,2025-07-02 14:52:06,34.11,GBP,purchase,POSTED,2025-07-02 14:52:06
TXN00041465,ACC003599,MER0078,2025-07-28 06:17:14,33.85,CAD,purchase,PENDING,2025-07-28 06:17:14
TXN00044000,ACC003806,MER0013,2025-09-25 01:34:15,14.26,EUR,PURCHASE,posted,2025-09-25 01:34:15
TXN00044634,ACC000095,MER0136,2025-08-09 05:38:44,28.65,usd,TRANSFER,REVERSED,2025-08-09 05:38:44
TXN00041350,ACC003774,MER0114,2025-08-28 07:43:37,8.87,INR,DEPOSIT,REVERSED,2025-08-28 07:43:37
TXN00043069,ACC002358,MER0116,2025-09-10 01:25:24,34.99,EUR,TRANSFER,REVERSED,2025-09-10 01:25:24
TXN00044204,ACC002995,MER0105,2025-08-22 00:45:15,143.03,EUR,REFUND,DECLINED,2025-08-22 00:45:15
TXN00041844,ACC000448,MER0086,2025-09-19 15:50:01,91.95,JPY,TRANSFER,REVERSED,2025-09-19 15:50:01
TXN00044949,ACC001338,MER0036,2025-07-10 15:51:49,61.4,gbp,WITHDRAWAL,REVERSED,2025-07-10 15:51:49
TXN00041529,ACC000408,MER0013,2025-08-06 17:48:18,6.03,usd,PURCHASE,PENDING,2025-08-06 17:48:18
TXN00044017,ACC002164,MER0128,2025-09-19 09:08:39,6.15,INR,PURCHASE,REVERSED,2025-09-19 09:08:39
TXN00045932,ACC001051,MER0088,2025-08-14 21:37:23,12.88,INR,REFUND,POSTED,2025-08-14 21:37:23
TXN00040855,ACC002888,MER0066,2025-07-14 12:03:15,28.22,USD,REFUND,PENDING,2025-07-14 12:03:15
TXN00042098,ACC003647,MER0093,2025-08-02 18:30:36,37.72,NGN,purchase,POSTED,2025-08-02 18:30:36
TXN00047208,ACC002026,MER0066,2025-07-03 01:03:42,16.05,JPY,TRANSFER,PENDING,2025-07-03 01:03:42
TXN00043132,ACC003493,MER0021,2025-09-21 01:08:04,45.34,CAD,PURCHASE,REVERSED,2025-09-21 01:08:04
TXN00040937,ACC002572,MER0056,2025-07-26 13:50:52,60.93,JPY,purchase,posted,2025-07-26 13:50:52
TXN00046427,ACC000134,MER0013,2025-07-27 14:52:02,66.2,NGN,purchase,PENDING,2025-07-27 14:52:02
TXN00043737,ACC003299,MER0054,2025-08-27 05:07:55,12.91,JPY,REFUND,POSTED,2025-08-27 05:07:55
TXN00046054,ACC002356,MER0030,2025-09-07 06:05:16,384.99,usd,purchase,POSTED,2025-09-07 06:05:16
TXN00040319,ACC002229,MER0018,2025-09-10 07:23:50,169.25,JPY,PURCHASE,POSTED,2025-09-10 07:23:50
TXN00046697,ACC003468,MER0070,2025-08-26 19:20:29,78.41,CAD,WITHDRAWAL,PENDING,2025-08-26 19:20:29
TXN00044480,ACC001841,MER0015,2025-09-15 16:17:29,3.2,NGN,TRANSFER,posted,2025-09-15 16:17:29
TXN00041961,ACC003109,MER0116,2025-07-04 02:31:06,58.47,gbp,DEPOSIT,POSTED,2025-07-04 02:31:06
TXN00047533,ACC003387,MER0082,2025-07-29 13:12:54,3.86,NGN,PURCHASE,REVERSED,2025-07-29 13:12:54
TXN00043804,ACC001112,MER0013,2025-07-27 00:02:06,57.12,USD,DEPOSIT,REVERSED,2025-07-27 00:02:06
TXN00040528,ACC002432,MER0039,2025-07-26 14:15:03,24.61,INR,DEPOSIT,POSTED,2025-07-26 14:15:03
TXN00045028,ACC003145,MER0115,2025-08-09 22:23:37,40.43,gbp,PURCHASE,REVERSED,2025-08-09 22:23:37
TXN00044363,ACC000866,MER0091,2025-07-01 02:44:08,33.73,NGN,TRANSFER,REVERSED,2025-07-01 02:44:08
TXN00043622,ACC002841,MER0105,2025-09-28 09:28:13,49.63,CAD,PURCHASE,POSTED,2025-09-28 09:28:13
TXN00042637,ACC000657,MER0127,2025-08-29 15:42:24,19.09,INR,REFUND,DECLINED,2025-08-29 15:42:24
TXN00042388,ACC001517,MER0022,2025-07-29 14:51:05,10.11,EUR,purchase,DECLINED,2025-07-29 14:51:05
TXN00047989,ACC000608,MER0018,2025-08-28 08:19:07,10.79,NGN,TRANSFER,PENDING,2025-08-28 08:19:07
TXN00040342,ACC003173,MER0139,2025-09-05 19:01:50,6.91,gbp,REFUND,posted,2025-09-05 19:01:50
TXN00043911,ACC000533,MER0036,2025-07-08 13:38:09,14.84,gbp,DEPOSIT,posted,2025-07-08 13:38:09
TXN00041141,ACC001204,MER0078,2025-07-15 07:18:41,12.06,gbp,DEPOSIT,posted,2025-07-15 07:18:41
TXN00047321,ACC003421,MER0080,2025-07-28 12:28:17,9.28,usd,DEPOSIT,REVERSED,2025-07-28 12:28:17
TXN00042160,ACC002182,MER0080,2025-08-17 21:19:34,72.38,CAD,DEPOSIT,posted,2025-08-17 21:19:34
TXN00047527,ACC000934,MER0128,2025-08-28 21:03:50,31980.75,NGN,purchase,POSTED,2025-08-28 21:03:50
TXN00042570,ACC001546,MER0091,2025-09-25 21:27:57,30.08,JPY,REFUND,REVERSED,2025-09-25 21:27:57
TXN00043505,ACC000080,MER0048,2025-07-14 22:14:08,22.82,NGN,PURCHASE,PENDING,2025-07-14 22:14:08
TXN00041517,ACC003719,MER0148,2025-07-13 02:17:10,17.83,INR,purchase,posted,2025-07-13 02:17:10
TXN00021838,ACC003059,MER0147,2025-06-30 23:18:37,2.38,NGN,REFUND,REVERSED,2025-08-06 04:02:37
TXN00047138,ACC000858,MER0121,2025-08-12 01:13:18,141.16,USD,PURCHASE,DECLINED,2025-08-12 01:13:18
TXN00040100,ACC001555,MER0115,2025-07-24 19:24:40,1.9,JPY,TRANSFER,REVERSED,2025-07-24 19:24:40
TXN00046650,ACC002052,MER0055,2025-09-29 20:02:28,34.04,gbp,DEPOSIT,PENDING,2025-09-29 20:02:28
TXN00045249,ACC001158,MER0120,2025-07-30 14:16:24,19.32,EUR,TRANSFER,POSTED,2025-07-30 14:16:24
TXN00047663,ACC000704,MER0019,2025-09-01 22:42:38,117.51,CAD,TRANSFER,DECLINED,2025-09-01 22:42:38
TXN00045308,ACC001015,MER0056,2025-09-14 02:01:09,5.18,GBP,TRANSFER,REVERSED,2025-09-14 02:01:09
TXN00043033,ACC002914,MER0056,2025-09-04 00:46:01,5.44,JPY,REFUND,posted,2025-09-04 00:46:01
TXN00046097,ACC002756,MER0126,2025-07-28 08:36:20,17.1,INR,WITHDRAWAL,PENDING,2025-07-28 08:36:20
TXN00043551,ACC003934,MER0114,2025-09-22 23:51:37,24.24,GBP,DEPOSIT,DECLINED,2025-09-22 23:51:37
TXN00045568,ACC002654,MER0142,2025-09-05 10:04:48,84.46,GBP,purchase,DECLINED,2025-09-05 10:04:48
TXN00044614,ACC002499,MER0051,2025-09-26 06:34:35,11.23,INR,purchase,POSTED,2025-09-26 06:34:35
TXN00043243,ACC002580,MER0016,2025-07-17 21:22:54,64.74,EUR,DEPOSIT,posted,2025-07-17 21:22:54
TXN00042657,ACC003433,MER0032,2025-08-29 05:36:34,126.55,CAD,REFUND,POSTED,2025-08-29 05:36:34
TXN00042823,ACC000413,MER0135,2025-07-25 05:32:38,5.93,INR,DEPOSIT,POSTED,2025-07-25 05:32:38
TXN00045080,ACC000940,MER0118,2025-08-12 09:37:14,23.65,JPY,TRANSFER,posted,2025-08-12 09:37:14
TXN00002096,ACC001591,MER0085,2025-05-07 10:57:57,42.61,CAD,DEPOSIT,POSTED,2025-07-22 10:19:05
TXN00046345,ACC001878,MER0147,2025-07-16 14:10:48,23247.81,INR,WITHDRAWAL,posted,2025-07-16 14:10:48
TXN00043986,ACC002788,MER0013,2025-08-12 07:54:04,22.59,GBP,DEPOSIT,REVERSED,2025-08-12 07:54:04
TXN00046137,ACC001912,MER0136,2025-07-31 10:25:03,131.67,gbp,DEPOSIT,PENDING,2025-07-31 10:25:03
TXN00046980,ACC003294,MER0031,2025-09-08 05:30:41,25776.41,GBP,TRANSFER,POSTED,2025-09-08 05:30:41
TXN00045864,ACC003894,MER0106,2025-07-06 13:40:14,70.74,EUR,DEPOSIT,posted,2025-07-06 13:40:14
TXN00040429,ACC002472,MER0148,2025-08-15 00:51:44,34.56,USD,PURCHASE,PENDING,2025-08-15 00:51:44
TXN00046067,ACC002118,MER0032,2025-08-01 06:24:24,6.54,CAD,DEPOSIT,DECLINED,2025-08-01 06:24:24
TXN00045922,ACC001755,MER0095,2025-09-08 02:30:51,9.48,gbp,purchase,REVERSED,2025-09-08 02:30:51
TXN00045350,ACC001521,MER0018,2025-09-10 08:58:40,118.3,usd,WITHDRAWAL,PENDING,2025-09-10 08:58:40
TXN00045525,ACC001045,MER0110,2025-09-30 13:42:46,9.71,EUR,purchase,REVERSED,2025-09-30 13:42:46
TXN00047683,ACC001165,MER0012,2025-08-30 09:58:52,83.52,NGN,WITHDRAWAL,DECLINED,2025-08-30 09:58:52
TXN00043324,ACC003657,MER0019,2025-07-11 17:43:15,112.81,USD,WITHDRAWAL,REVERSED,2025-07-11 17:43:15
TXN00040614,ACC000443,MER0125,2025-07-27 23:46:46,34.03,EUR,WITHDRAWAL,REVERSED,2025-07-27 23:46:46
TXN00043798,ACC003847,MER0126,2025-07-16 20:19:21,87.55,CAD,PURCHASE,posted,2025-07-16 20:19:21
TXN00028635,ACC002428,MER0054,2025-04-17 22:59:32,8.45,GBP,WITHDRAWAL,POSTED,2025-07-15 23:55:07
TXN00043776,ACC003035,MER0096,2025-07-21 12:16:18,46.53,NGN,WITHDRAWAL,REVERSED,2025-07-21 12:16:18
TXN00046084,ACC001315,MER0104,2025-09-21 12:02:01,34.35,INR,DEPOSIT,REVERSED,2025-09-21 12:02:01
TXN00046147,ACC000039,MER0134,2025-08-24 18:42:14,28.14,EUR,REFUND,POSTED,2025-08-24 18:42:14
TXN00046209,ACC003733,MER0067,2025-08-13 22:32:06,22321.48,gbp,PURCHASE,REVERSED,2025-08-13 22:32:06
TXN00047748,ACC003054,MER0023,2025-07-02 09:30:09,48.74,NGN,DEPOSIT,REVERSED,2025-07-02 09:30:09
TXN00046416,ACC000473,MER0105,2025-07-14 05:49:23,12.97,JPY,REFUND,PENDING,2025-07-14 05:49:23
TXN00042168,ACC003551,MER0146,2025-07-21 03:47:12,19.94,INR,TRANSFER,POSTED,2025-07-21 03:47:12
TXN00046576,ACC000408,MER0052,2025-09-17 06:47:27,10.08,CAD,purchase,PENDING,2025-09-17 06:47:27
TXN00010936,ACC001802,MER0102,2024-05-04 22:50:17,69.92,EUR,PURCHASE,POSTED,2025-07-31 15:28:54
TXN00042943,ACC001558,MER0149,2025-07-02 03:57:47,15.79,CAD,DEPOSIT,REVERSED,2025-07-02 03:57:47
TXN00047182,ACC002807,MER0022,2025-07-27 11:00:57,13.21,EUR,WITHDRAWAL,POSTED,2025-07-27 11:00:57
TXN00044620,ACC002922,MER0087,2025-09-02 13:03:06,6.15,INR,REFUND,posted,2025-09-02 13:03:06
TXN00041362,ACC002977,MER0102,2025-08-30 22:32:05,16.06,USD,TRANSFER,posted,2025-08-30 22:32:05
TXN00041352,ACC001437,MER0089,2025-07-29 05:41:09,33.89,EUR,DEPOSIT,REVERSED,2025-07-29 05:41:09
TXN00040962,ACC003826,MER0057,2025-08-13 01:46:14,35569.37,gbp,TRANSFER,PENDING,2025-08-13 01:46:14
TXN00047844,ACC000542,MER0013,2025-08-25 18:37:36,16.28,gbp,DEPOSIT,DECLINED,2025-08-25 18:37:36
TXN00023221,ACC002336,MER0080,2024-10-24 16:24:09,6.08,NGN,PURCHASE,REVERSED,2025-08-19 18:23:51
TXN00047793,ACC000217,MER0120,2025-09-28 16:59:50,76.12,usd,purchase,POSTED,2025-09-28 16:59:50
TXN00046643,ACC003093,MER0088,2025-09-13 09:11:36,0.99,NGN,WITHDRAWAL,DECLINED,2025-09-13 09:11:36
TXN00045143,ACC000808,MER0086,2025-09-16 06:41:49,39.5,gbp,PURCHASE,PENDING,2025-09-16 06:41:49
TXN00040898,ACC001350,MER0108,2025-07-30 08:46:39,7.34,INR,DEPOSIT,DECLINED,2025-07-30 08:46:39
TXN00044885,ACC002315,MER0010,2025-07-08 21:35:02,84.44,JPY,PURCHASE,posted,2025-07-08 21:35:02
TXN00020719,ACC003266,MER0141,2024-02-08 00:20:55,196.33,usd,purchase,REVERSED,2025-08-27 14:32:44
TXN00012804,ACC003233,MER0072,2025-01-18 10:37:19,22.3,USD,WITHDRAWAL,POSTED,2025-07-30 13:34:03
TXN00047316,ACC002733,MER0096,2025-08-22 14:10:01,10.79,CAD,PURCHASE,POSTED,2025-08-22 14:10:01
TXN00040918,ACC002688,MER0030,2025-09-28 08:14:02,21.09,usd,purchase,posted,2025-09-28 08:14:02
TXN00045013,ACC001576,MER0136,2025-09-06 01:22:20,27.17,usd,REFUND,PENDING,2025-09-06 01:22:20
TXN00042364,ACC000415,MER0138,2025-08-07 01:08:40,334.81,EUR,REFUND,PENDING,2025-08-07 01:08:40
TXN00046701,ACC000912,MER0116,2025-07-06 22:23:24,20.24,INR,TRANSFER,DECLINED,2025-07-06 22:23:24
TXN00043680,ACC000950,MER0014,2025-08-09 17:00:13,27.2,GBP,WITHDRAWAL,posted,2025-08-09 17:00:13
TXN00046068,ACC001416,MER0014,2025-07-09 18:54:19,53.56,gbp,purchase,DECLINED,2025-07-09 18:54:19
TXN00046631,ACC002457,MER0126,2025-08-22 04:36:24,5.74,usd,TRANSFER,DECLINED,2025-08-22 04:36:24
TXN00046102,ACC002943,MER0050,2025-07-26 18:15:34,54.62,NGN,REFUND,PENDING,2025-07-26 18:15:34
TXN00042140,ACC002594,MER0058,2025-09-11 22:46:47,9.84,usd,purchase,PENDING,2025-09-11 22:46:47
TXN00045304,ACC001586,MER0075,2025-07-03 15:35:42,8.15,CAD,DEPOSIT,posted,2025-07-03 15:35:42
TXN00044652,ACC001686,MER0054,2025-07-17 14:53:20,37.22,NGN,DEPOSIT,posted,2025-07-17 14:53:20
TXN00040715,ACC000708,MER0116,2025-09-21 16:30:17,9.02,GBP,PURCHASE,DECLINED,2025-09-21 16:30:17
TXN00040927,ACC002451,MER0029,2025-09-02 05:47:41,78.74,EUR,PURCHASE,POSTED,2025-09-02 05:47:41
TXN00041941,ACC001210,MER0015,2025-09-12 11:12:53,5.53,USD,TRANSFER,posted,2025-09-12 11:12:53
TXN00046644,ACC000979,MER0117,2025-09-17 16:14:52,48.47,CAD,PURCHASE,POSTED,2025-09-17 16:14:52
TXN00044573,ACC003733,MER0105,2025-08-09 17:23:30,36.17,INR,REFUND,REVERSED,2025-08-09 17:23:30
TXN00001813,ACC001528,MER0142,2024-09-01 18:12:43,58.76,usd,WITHDRAWAL,POSTED,2025-07-29 03:23:48
TXN00044023,ACC001533,MER0075,2025-09-07 13:37:57,5.51,GBP,TRANSFER,DECLINED,2025-09-07 13:37:57
TXN00047167,ACC000845,MER0123,2025-07-14 02:47:41,28.77,gbp,PURCHASE,REVERSED,2025-07-14 02:47:41
TXN00045016,ACC002147,MER0035,2025-07-25 12:26:40,46.39,gbp,REFUND,POSTED,2025-07-25 12:26:40
TXN00044871,ACC003248,MER0032,2025-08-23 23:20:11,51.97,USD,PURCHASE,DECLINED,2025-08-23 23:20:11
TXN00042628,ACC003538,MER0117,2025-07-30 12:55:56,17.58,JPY,TRANSFER,REVERSED,2025-07-30 12:55:56
TXN00046404,ACC000831,MER0090,2025-08-06 20:59:58,92.94,gbp,purchase,REVERSED,2025-08-06 20:59:58
TXN00042243,ACC000607,MER0031,2025-09-18 08:58:21,39.31,usd,DEPOSIT,DECLINED,2025-09-18 08:58:21
TXN00047862,ACC001444,MER0095,2025-09-17 11:36:29,21.41,JPY,PURCHASE,DECLINED,2025-09-17 11:36:29
TXN00041071,ACC003748,MER0036,2025-07-29 23:23:09,28.13,NGN,PURCHASE,posted,2025-07-29 23:23:09
TXN00042374,ACC001327,MER0003,2025-07-03 12:00:43,21.15,GBP,PURCHASE,REVERSED,2025-07-03 12:00:43
TXN00010445,ACC001700,MER0067,2025-04-08 02:36:54,61.29,CAD,DEPOSIT,POSTED,2025-09-06 05:47:47
TXN00044164,ACC002772,MER0134,2025-07-30 16:56:14,26.73,GBP,purchase,PENDING,2025-07-30 16:56:14
TXN00041870,ACC002211,MER0016,2025-09-25 20:35:56,10.32,JPY,REFUND,REVERSED,2025-09-25 20:35:56
TXN00041618,ACC001415,MER0043,2025-08-16 21:02:55,6.47,USD,REFUND,POSTED,2025-08-16 21:02:55
TXN00047927,ACC002405,MER0106,2025-07-28 20:57:41,11.16,JPY,PURCHASE,posted,2025-07-28 20:57:41
TXN00043219,ACC003123,MER0076,2025-09-29 23:00:32,4.16,CAD,TRANSFER,REVERSED,2025-09-29 23:00:32
TXN00040703,ACC003778,MER0129,2025-07-20 12:33:34,9.12,JPY,PURCHASE,posted,2025-07-20 12:33:34
TXN00040417,ACC001390,MER0073,2025-07-02 02:35:37,26.82,usd,PURCHASE,POSTED,2025-07-02 02:35:37
TXN00045768,ACC001255,MER0142,2025-09-21 02:44:35,11.71,USD,purchase,posted,2025-09-21 02:44:35
TXN00042377,ACC003013,MER0017,2025-09-14 14:31:40,4.7,GBP,purchase,POSTED,2025-09-14 14:31:40
TXN00041433,ACC003828,MER0092,2025-08-10 12:28:12,680.96,NGN,PURCHASE,POSTED,2025-08-10 12:28:12
TXN00040762,ACC002499,MER0149,2025-09-18 10:50:10,34.73,CAD,purchase,posted,2025-09-18 10:50:10
TXN00041438,ACC000564,MER0027,2025-09-06 03:53:41,22.66,NGN,TRANSFER,PENDING,2025-09-06 03:53:41
TXN00047921,ACC001114,MER0087,2025-07-30 20:05:04,8.33,JPY,DEPOSIT,REVERSED,2025-07-30 20:05:04
TXN00041262,ACC002905,MER0095,2025-07-14 00:10:36,94.26,usd,REFUND,PENDING,2025-07-14 00:10:36
TXN00046739,ACC002509,MER0099,2025-09-06 19:32:21,98.42,EUR,purchase,REVERSED,2025-09-06 19:32:21
TXN00047974,ACC001996,MER0131,2025-07-12 20:20:33,109.91,EUR,WITHDRAWAL,REVERSED,2025-07-12 20:20:33
TXN00044265,ACC003644,MER0033,2025-08-09 11:31:57,47.64,gbp,purchase,DECLINED,2025-08-09 11:31:57
TXN00046442,ACC002797,MER0109,2025-07-29 16:05:16,44.19,gbp,REFUND,POSTED,2025-07-29 16:05:16
TXN00042715,ACC002618,MER0061,2025-07-31 00:54:18,19.35,NGN,purchase,DECLINED,2025-07-31 00:54:18
TXN00042694,ACC003513,MER0109,2025-09-27 22:08:00,5.51,CAD,PURCHASE,POSTED,2025-09-27 22:08:00
TXN00040932,ACC001948,MER9999,2025-08-23 09:56:40,10.63,EUR,PURCHASE,REVERSED,2025-08-23 09:56:40
TXN00041989,ACC000498,MER0141,2025-07-24 12:58:31,42.14,NGN,DEPOSIT,POSTED,2025-07-24 12:58:31
TXN00042005,ACC003697,MER0006,2025-09-05 22:50:00,17.79,INR,WITHDRAWAL,PENDING,2025-09-05 22:50:00
TXN00040350,ACC003154,MER0040,2025-09-24 06:16:05,12.17,USD,purchase,POSTED,2025-09-24 06:16:05
TXN00044666,ACC003571,MER0125,2025-08-26 06:55:36,19.2,USD,REFUND,POSTED,2025-08-26 06:55:36
TXN00042231,ACC003737,MER0036,2025-07-31 08:34:59,21.14,EUR,DEPOSIT,POSTED,2025-07-31 08:34:59
TXN00046840,ACC001665,MER0109,2025-09-21 19:25:57,18.95,GBP,WITHDRAWAL,posted,2025-09-21 19:25:57
TXN00042623,ACC001406,MER0039,2025-08-02 13:02:58,32.07,GBP,WITHDRAWAL,POSTED,2025-08-02 13:02:58
TXN00041971,ACC002492,MER0146,2025-07-13 02:25:29,15.33,EUR,WITHDRAWAL,REVERSED,2025-07-13 02:25:29
TXN00044300,ACC003112,MER0123,2025-09-17 15:26:49,16.19,usd,DEPOSIT,POSTED,2025-09-17 15:26:49
TXN00045420,ACC001564,MER0085,2025-09-30 11:52:00,49.64,CAD,WITHDRAWAL,DECLINED,2025-09-30 11:52:00
TXN00047500,ACC001407,MER0069,2025-08-03 23:34:55,22.59,JPY,PURCHASE,REVERSED,2025-08-03 23:34:55
TXN00037128,ACC003083,MER0001,2025-01-09 09:48:06,7.82,USD,DEPOSIT,DECLINED,2025-08-26 23:29:22
TXN00044825,ACC001919,MER0147,2025-08-02 00:19:38,79.99,USD,DEPOSIT,POSTED,2025-08-02 00:19:38
TXN00044016,ACC000341,MER0005,2025-09-12 06:05:22,20.54,CAD,REFUND,REVERSED,2025-09-12 06:05:22
TXN00040014,ACC000207,MER0008,2025-07-23 02:52:20,45.24,JPY,DEPOSIT,PENDING,2025-07-23 02:52:20
TXN00023048,ACC001206,MER0114,2024-08-17 11:28:57,140.16,CAD,PURCHASE,DECLINED,2025-08-08 23:28:02
TXN00044223,ACC003056,MER0120,2025-08-10 18:53:43,65.65,usd,REFUND,DECLINED,2025-08-10 18:53:43
TXN00041069,ACC003245,MER0096,2025-07-05 11:27:56,16.41,gbp,REFUND,POSTED,2025-07-05 11:27:56
TXN00046383,ACC003745,MER0021,2025-07-02 08:41:32,46.7,GBP,REFUND,PENDING,2025-07-02 08:41:32
TXN00047741,ACC001732,MER0026,2025-09-13 20:33:14,5.35,usd,TRANSFER,POSTED,2025-09-13 20:33:14
TXN00047627,ACC001788,MER0092,2025-07-22 01:37:06,82.1,GBP,PURCHASE,DECLINED,2025-07-22 01:37:06
TXN00044382,ACC002984,MER0083,2025-09-26 16:30:08,29.08,USD,purchase,DECLINED,2025-09-26 16:30:08
TXN00046562,ACC001597,MER0046,2025-08-05 09:50:17,538.7,USD,REFUND,REVERSED,2025-08-05 09:50:17
TXN00045396,ACC002403,MER0002,2025-08-17 11:06:51,88.59,EUR,purchase,DECLINED,2025-08-17 11:06:51
TXN00043757,ACC001378,MER0040,2025-07-28 06:30:28,16.62,EUR,purchase,POSTED,2025-07-28 06:30:28
TXN00041546,ACC002446,MER0054,2025-09-22 01:22:04,207.1,EUR,TRANSFER,DECLINED,2025-09-22 01:22:04
TXN00041878,ACC001761,MER0033,2025-09-02 03:07:50,218.96,NGN,TRANSFER,posted,2025-09-02 03:07:50
TXN00046894,ACC000039,MER0126,2025-07-25 23:05:38,33.88,usd,WITHDRAWAL,posted,2025-07-25 23:05:38
TXN00037960,ACC003659,MER0049,2025-02-08 17:56:13,39.71,NGN,WITHDRAWAL,POSTED,2025-09-23 06:43:05
TXN00032985,ACC002475,MER0083,2024-11-22 07:45:56,79.94,INR,WITHDRAWAL,POSTED,2025-09-30 15:26:21
TXN00041189,ACC000971,MER0024,2025-08-14 12:06:58,49.13,USD,purchase,posted,2025-08-14 12:06:58
TXN00044098,ACC001772,MER0008,2025-07-14 04:58:16,2.47,NGN,purchase,PENDING,2025-07-14 04:58:16
TXN00047454,ACC001903,MER0139,2025-08-05 20:03:33,16.75,NGN,DEPOSIT,DECLINED,2025-08-05 20:03:33
TXN00043423,ACC001145,MER0049,2025-08-27 03:04:40,17.64,usd,WITHDRAWAL,REVERSED,2025-08-27 03:04:40
TXN00040603,ACC001821,MER0133,2025-09-10 00:58:31,16.57,NGN,TRANSFER,REVERSED,2025-09-10 00:58:31
TXN00045085,ACC002642,MER0048,2025-08-10 20:39:02,11.33,CAD,purchase,DECLINED,2025-08-10 20:39:02
TXN00047003,ACC000115,MER0095,2025-08-26 18:34:13,5.41,GBP,REFUND,posted,2025-08-26 18:34:13
TXN00040162,ACC003154,MER0122,2025-08-22 12:02:33,16.36,CAD,WITHDRAWAL,POSTED,2025-08-22 12:02:33
TXN00043176,ACC000563,MER0073,2025-07-27 03:27:49,12.36,EUR,REFUND,posted,2025-07-27 03:27:49
TXN00046668,ACC001361,MER0066,2025-08-03 02:58:31,25148.13,NGN,DEPOSIT,POSTED,2025-08-03 02:58:31
TXN00047083,ACC003426,MER0144,2025-09-25 03:54:09,307.61,EUR,DEPOSIT,DECLINED,2025-09-25 03:54:09
TXN00044942,ACC000811,MER0115,2025-07-08 10:37:16,14.12,NGN,REFUND,PENDING,2025-07-08 10:37:16
TXN00045465,ACC002840,MER0023,2025-07-04 15:25:27,11.13,NGN,TRANSFER,POSTED,2025-07-04 15:25:27
TXN00047564,ACC003292,MER0060,2025-09-10 07:06:13,60.46,gbp,purchase,POSTED,2025-09-10 07:06:13
TXN00047308,ACC000727,MER0147,2025-09-05 02:41:23,3.26,USD,TRANSFER,PENDING,2025-09-05 02:41:23
TXN00045924,ACC000941,MER0031,2025-09-06 13:35:25,206.63,INR,DEPOSIT,DECLINED,2025-09-06 13:35:25
TXN00047448,ACC002846,MER0014,2025-08-22 14:01:51,19.99,JPY,WITHDRAWAL,DECLINED,2025-08-22 14:01:51
TXN00041224,ACC003933,MER0054,2025-07-24 23:20:51,10.05,NGN,WITHDRAWAL,PENDING,2025-07-24 23:20:51
TXN00042454,ACC001809,MER0096,2025-09-25 17:19:28,9.88,usd,purchase,POSTED,2025-09-25 17:19:28
TXN00043891,ACC003289,MER0050,2025-09-10 23:49:05,11.18,USD,DEPOSIT,DECLINED,2025-09-10 23:49:05
TXN00042295,ACC003215,MER0010,2025-08-23 22:28:19,13.66,GBP,WITHDRAWAL,PENDING,2025-08-23 22:28:19
TXN00045154,ACC000721,MER0086,2025-08-31 02:54:46,68.55,gbp,WITHDRAWAL,REVERSED,2025-08-31 02:54:46
TXN00046264,ACC000239,MER0111,2025-08-27 03:30:40,39.58,USD,TRANSFER,PENDING,2025-08-27 03:30:40
TXN00040457,ACC000844,MER0122,2025-08-14 06:42:00,28.68,EUR,TRANSFER,PENDING,2025-08-14 06:42:00
TXN00046190,ACC001945,MER0058,2025-09-02 21:41:03,6.18,JPY,PURCHASE,REVERSED,2025-09-02 21:41:03
TXN00043451,ACC003539,MER0013,2025-08-20 12:22:54,8.48,JPY,DEPOSIT,PENDING,2025-08-20 12:22:54
TXN00043378,ACC003815,MER0120,2025-09-24 16:39:45,305.22,gbp,PURCHASE,DECLINED,2025-09-24 16:39:45
TXN00033104,ACC001147,MER0084,2024-10-25 23:03:39,12.72,JPY,WITHDRAWAL,DECLINED,2025-08-22 00:55:15
TXN00047319,ACC002361,MER0063,2025-07-15 11:13:26,32.18,CAD,DEPOSIT,DECLINED,2025-07-15 11:13:26
TXN00046581,ACC001474,MER0064,2025-07-22 18:04:43,17.57,gbp,REFUND,DECLINED,2025-07-22 18:04:43
TXN00040758,ACC001052,MER0148,2025-07-20 01:12:10,9.21,USD,DEPOSIT,posted,2025-07-20 01:12:10
TXN00043395,ACC001222,MER0007,2025-07-12 05:40:43,133.84,USD,DEPOSIT,POSTED,2025-07-12 05:40:43
TXN00040109,ACC001648,MER0033,2025-08-15 20:56:11,2.77,gbp,PURCHASE,REVERSED,2025-08-15 20:56:11
TXN00047383,ACC003906,MER0136,2025-08-10 01:33:57,54.08,usd,REFUND,POSTED,2025-08-10 01:33:57
TXN00047641,ACC003295,MER0114,2025-07-08 03:26:46,11.54,JPY,PURCHASE,REVERSED,2025-07-08 03:26:46
TXN00044034,ACC002017,MER0115,2025-08-16 05:56:32,22.64,usd,purchase,PENDING,2025-08-16 05:56:32
TXN00040599,ACC001136,MER0143,2025-09-05 09:33:53,220.09,INR,TRANSFER,PENDING,2025-09-05 09:33:53
TXN00047364,ACC002443,MER0136,2025-08-19 21:07:03,32.32,usd,TRANSFER,PENDING,2025-08-19 21:07:03
TXN00047951,ACC000277,MER0119,2025-09-25 02:05:03,164.47,USD,TRANSFER,PENDING,2025-09-25 02:05:03
TXN00047032,ACC001745,MER0089,2025-09-17 02:54:18,9.48,usd,purchase,posted,2025-09-17 02:54:18
TXN00044067,ACC002900,MER0037,2025-09-10 05:29:00,79.84,CAD,purchase,DECLINED,2025-09-10 05:29:00
TXN00045786,ACC002745,MER0012,2025-08-27 07:42:08,75.1,gbp,DEPOSIT,posted,2025-08-27 07:42:08
TXN00047263,ACC002361,MER0015,2025-08-17 02:22:55,196.45,usd,PURCHASE,PENDING,2025-08-17 02:22:55
TXN00041657,ACC001664,MER0022,2025-09-14 09:53:17,43.05,gbp,REFUND,DECLINED,2025-09-14 09:53:17
TXN00042356,ACC003393,MER0068,2025-08-10 20:09:00,77.97,USD,DEPOSIT,DECLINED,2025-08-10 20:09:00
TXN00047754,ACC001030,MER0079,2025-07-04 21:19:02,1.44,usd,TRANSFER,REVERSED,2025-07-04 21:19:02
TXN00045412,ACC002712,MER0079,2025-09-17 23:50:07,63.27,usd,PURCHASE,POSTED,2025-09-17 23:50:07
TXN00044044,ACC002259,MER0021,2025-08-09 02:24:22,77.45,NGN,DEPOSIT,DECLINED,2025-08-09 02:24:22
TXN00045983,ACC001134,MER0129,2025-08-30 23:47:03,204.61,CAD,DEPOSIT,posted,2025-08-30 23:47:03
TXN00045657,ACC001479,MER0065,2025-07-23 02:25:11,24.03,GBP,PURCHASE,posted,2025-07-23 02:25:11
TXN00043389,ACC001232,MER0048,2025-09-19 13:01:51,48.3,JPY,REFUND,REVERSED,2025-09-19 13:01:51
TXN00047880,ACC000874,MER0051,2025-07-11 18:35:15,12.04,GBP,PURCHASE,DECLINED,2025-07-11 18:35:15
TXN00044295,ACC003678,MER0077,2025-08-02 03:02:59,34.74,EUR,WITHDRAWAL,DECLINED,2025-08-02 03:02:59
TXN00041175,ACC001077,MER0050,2025-08-08 05:32:44,37.64,INR,DEPOSIT,PENDING,2025-08-08 05:32:44
TXN00045721,ACC001008,MER0060,2025-07-21 06:27:59,13.4,JPY,WITHDRAWAL,POSTED,2025-07-21 06:27:59
TXN00046786,ACC003734,MER0097,2025-09-06 23:52:57,12.36,usd,REFUND,PENDING,2025-09-06 23:52:57
TXN00040524,ACC000200,MER0037,2025-08-11 14:49:10,11.68,USD,REFUND,posted,2025-08-11 14:49:10
TXN00043634,ACC001544,MER0050,2025-07-11 00:31:03,15.34,CAD,purchase,POSTED,2025-07-11 00:31:03
TXN00045403,ACC000874,MER0117,2025-08-02 11:16:41,17.48,EUR,REFUND,posted,2025-08-02 11:16:41
TXN00042696,ACC002107,MER0081,2025-09-26 12:42:39,55.93,EUR,REFUND,DECLINED,2025-09-26 12:42:39
TXN00047855,ACC001562,MER0040,2025-09-26 21:19:45,45.79,USD,TRANSFER,REVERSED,2025-09-26 21:19:45
TXN00045192,ACC001282,MER0078,2025-09-27 03:27:25,5.9,USD,purchase,POSTED,2025-09-27 03:27:25
TXN00047395,ACC001299,MER0105,2025-07-28 13:25:46,13.15,JPY,REFUND,DECLINED,2025-07-28 13:25:46
TXN00042808,ACC002869,MER0135,2025-08-19 13:48:33,7.42,GBP,REFUND,REVERSED,2025-08-19 13:48:33
TXN00042822,ACC002526,MER0038,2025-09-16 12:19:11,28.67,USD,DEPOSIT,PENDING,2025-09-16 12:19:11
TXN00041583,ACC000949,MER0109,2025-08-19 15:32:30,82.66,NGN,DEPOSIT,REVERSED,2025-08-19 15:32:30
TXN00044819,ACC003685,MER0145,2025-08-29 18:06:20,18.9,usd,PURCHASE,posted,2025-08-29 18:06:20
TXN00046119,ACC000530,MER0025,2025-09-18 20:30:06,14.15,INR,PURCHASE,PENDING,2025-09-18 20:30:06
TXN00040466,ACC002047,MER0136,2025-07-10 00:25:57,149.23,EUR,WITHDRAWAL,posted,2025-07-10 00:25:57
TXN00041798,ACC002480,MER0075,2025-09-12 23:58:11,6.95,INR,PURCHASE,POSTED,2025-09-12 23:58:11
TXN00031402,ACC000400,MER0090,2024-11-01 23:22:32,7.63,gbp,REFUND,DECLINED,2025-07-19 12:38:34
TXN00042197,ACC001395,MER0041,2025-08-05 05:54:48,31.4,INR,WITHDRAWAL,POSTED,2025-08-05 05:54:48
TXN00041858,ACC000217,MER0057,2025-08-25 11:06:24,4.64,USD,purchase,posted,2025-08-25 11:06:24
TXN00046407,ACC000482,MER0117,2025-09-05 11:06:02,109.5,usd,REFUND,posted,2025-09-05 11:06:02
TXN00045173,ACC003787,MER0019,2025-07-20 15:58:27,14.28,EUR,WITHDRAWAL,REVERSED,2025-07-20 15:58:27
TXN00040957,ACC001558,MER0061,2025-08-14 01:44:58,58.13,JPY,purchase,PENDING,2025-08-14 01:44:58
TXN00047398,ACC000151,MER0088,2025-07-01 10:03:45,87.99,GBP,WITHDRAWAL,posted,2025-07-01 10:03:45
TXN00040204,ACC000553,MER0075,2025-07-02 19:49:15,41.4,JPY,REFUND,DECLINED,2025-07-02 19:49:15
TXN00046010,ACC002417,MER0050,2025-08-28 10:52:49,14.04,NGN,REFUND,DECLINED,2025-08-28 10:52:49
TXN00047581,ACC002138,MER0066,2025-08-28 23:13:28,81.54,NGN,purchase,DECLINED,2025-08-28 23:13:28
TXN00045536,ACC000660,MER0027,2025-07-13 04:50:13,78.67,INR,purchase,PENDING,2025-07-13 04:50:13
TXN00042874,ACC001277,MER0064,2025-07-14 03:46:59,3.05,NGN,WITHDRAWAL,REVERSED,2025-07-14 03:46:59
TXN00042204,ACC000856,MER0031,2025-09-22 03:33:08,50.3,JPY,WITHDRAWAL,DECLINED,2025-09-22 03:33:08
TXN00047879,ACC000748,MER0058,2025-07-22 10:15:32,7.04,NGN,TRANSFER,REVERSED,2025-07-22 10:15:32
TXN00042548,ACC003642,MER0059,2025-07-16 09:27:56,3.56,JPY,purchase,POSTED,2025-07-16 09:27:56
TXN00045360,ACC001546,MER0103,2025-07-17 04:23:09,37.58,gbp,PURCHASE,DECLINED,2025-07-17 04:23:09
TXN00040628,ACC002572,MER0105,2025-09-14 15:45:15,34.79,JPY,WITHDRAWAL,posted,2025-09-14 15:45:15
TXN00046103,ACC003215,MER0121,2025-09-03 22:42:18,71.67,GBP,purchase,POSTED,2025-09-03 22:42:18
TXN00007968,ACC002700,MER0101,2024-09-29 06:19:24,20.39,GBP,REFUND,POSTED,2025-07-18 15:38:14
TXN00042667,ACC001576,MER0148,2025-07-28 20:05:03,16.16,JPY,WITHDRAWAL,DECLINED,2025-07-28 20:05:03
TXN00045406,ACC001503,MER0008,2025-09-06 02:48:17,18.47,USD,REFUND,posted,2025-09-06 02:48:17
TXN00043234,ACC003461,MER0109,2025-09-19 07:19:07,13.16,CAD,DEPOSIT,REVERSED,2025-09-19 07:19:07
TXN00045193,ACC001007,MER0074,2025-08-17 16:42:43,19.59,CAD,REFUND,posted,2025-08-17 16:42:43
TXN00042914,ACC002986,MER0038,2025-08-05 01:44:12,87.4,NGN,REFUND,posted,2025-08-05 01:44:12
TXN00045243,ACC001077,MER0073,2025-08-23 23:22:37,30.13,CAD,TRANSFER,PENDING,2025-08-23 23:22:37
TXN00041803,ACC003371,MER0048,2025-09-17 12:45:39,31.15,GBP,PURCHASE,POSTED,2025-09-17 12:45:39
TXN00041133,ACC003862,MER0077,2025-08-20 09:41:23,10.35,GBP,WITHDRAWAL,DECLINED,2025-08-20 09:41:23
TXN00042059,ACC001504,MER0087,2025-07-30 13:55:11,37.43,gbp,TRANSFER,posted,2025-07-30 13:55:11
TXN00044841,ACC001923,MER0127,2025-08-15 09:38:16,27.42,gbp,purchase,REVERSED,2025-08-15 09:38:16
TXN00041163,ACC003259,MER0135,2025-08-16 20:35:02,66.37,usd,WITHDRAWAL,posted,2025-08-16 20:35:02
TXN00001940,ACC003405,MER0069,2024-10-24 20:00:41,258.32,EUR,REFUND,REVERSED,2025-07-14 10:11:08
TXN00044214,ACC001236,MER0072,2025-09-24 21:05:26,18.91,GBP,TRANSFER,POSTED,2025-09-24 21:05:26
TXN00047856,ACC000448,MER0044,2025-08-14 18:19:14,237.03,GBP,DEPOSIT,posted,2025-08-14 18:19:14
TXN00045197,ACC003284,MER0043,2025-09-30 15:37:04,12.99,JPY,PURCHASE,PENDING,2025-09-30 15:37:04
TXN00043538,ACC002694,MER0136,2025-07-31 15:37:03,70.1,USD,WITHDRAWAL,POSTED,2025-07-31 15:37:03
TXN00043508,ACC003815,MER0040,2025-09-22 19:33:34,28.63,NGN,WITHDRAWAL,DECLINED,2025-09-22 19:33:34
TXN00046003,ACC002730,MER0081,2025-09-22 20:15:02,17.86,usd,WITHDRAWAL,POSTED,2025-09-22 20:15:02
TXN00046620,ACC002202,MER0143,2025-07-05 03:29:48,10.56,NGN,REFUND,REVERSED,2025-07-05 03:29:48
TXN00008819,ACC000782,MER0104,2025-05-30 13:28:44,13.61,USD,purchase,POSTED,2025-07-31 04:29:53
TXN00043114,ACC003583,MER0091,2025-08-23 01:42:26,12.41,CAD,REFUND,POSTED,2025-08-23 01:42:26
TXN00046261,ACC002569,MER0050,2025-07-16 04:23:10,2.76,JPY,REFUND,PENDING,2025-07-16 04:23:10
TXN00043870,ACC003220,MER0108,2025-09-04 00:29:28,111.56,GBP,TRANSFER,DECLINED,2025-09-04 00:29:28
TXN00043322,ACC003178,MER0147,2025-09-22 23:21:45,5.48,EUR,REFUND,REVERSED,2025-09-22 23:21:45
TXN00041972,ACC001687,MER0072,2025-07-02 11:13:01,9.19,NGN,WITHDRAWAL,DECLINED,2025-07-02 11:13:01
TXN00046091,ACC002255,MER0145,2025-09-05 07:16:46,42.02,GBP,PURCHASE,posted,2025-09-05 07:16:46
TXN00044216,ACC000554,MER0123,2025-09-23 15:06:06,26.52,CAD,DEPOSIT,DECLINED,2025-09-23 15:06:06
TXN00042533,ACC002623,MER0121,2025-09-22 01:10:33,22661.61,JPY,TRANSFER,POSTED,2025-09-22 01:10:33
TXN00040791,ACC003065,MER0118,2025-07-30 10:29:08,2.01,EUR,DEPOSIT,REVERSED,2025-07-30 10:29:08
TXN00045916,ACC001980,MER0130,2025-08-24 22:15:53,59.86,USD,REFUND,posted,2025-08-24 22:15:53
TXN00042485,ACC000084,MER0148,2025-07-03 01:29:21,15.37,NGN,WITHDRAWAL,posted,2025-07-03 01:29:21
TXN00043164,ACC002076,MER0071,2025-08-18 09:37:44,8.83,EUR,PURCHASE,DECLINED,2025-08-18 09:37:44
TXN00043811,ACC002611,MER0066,2025-08-16 14:57:33,4.28,USD,TRANSFER,DECLINED,2025-08-16 14:57:33
TXN00046735,ACC001538,MER0090,2025-07-24 10:18:51,258.47,USD,DEPOSIT,REVERSED,2025-07-24 10:18:51
TXN00042046,ACC003222,MER0122,2025-08-27 13:00:15,5.39,CAD,WITHDRAWAL,DECLINED,2025-08-27 13:00:15
TXN00044492,ACC002421,MER0055,2025-08-23 06:45:35,64.39,USD,WITHDRAWAL,REVERSED,2025-08-23 06:45:35
TXN00045647,ACC001072,MER0034,2025-08-20 23:08:39,14.93,INR,DEPOSIT,REVERSED,2025-08-20 23:08:39
TXN00043717,ACC002335,MER0039,2025-08-10 09:22:25,31.87,INR,WITHDRAWAL,DECLINED,2025-08-10 09:22:25
TXN00042593,ACC002884,MER0038,2025-08-20 13:29:10,101.74,CAD,REFUND,POSTED,2025-08-20 13:29:10
TXN00040883,ACC000996,MER0093,2025-09-07 08:20:54,25.09,INR,DEPOSIT,POSTED,2025-09-07 08:20:54
TXN00047300,ACC001877,MER0112,2025-07-24 14:06:02,4.04,usd,REFUND,PENDING,2025-07-24 14:06:02
TXN00045072,ACC003478,MER0150,2025-07-12 18:17:05,321.77,usd,PURCHASE,posted,2025-07-12 18:17:05
TXN00047531,ACC000906,MER0124,2025-09-14 00:15:56,422.41,CAD,REFUND,PENDING,2025-09-14 00:15:56
TXN00046928,ACC000454,MER0042,2025-09-17 05:48:45,14.07,gbp,purchase,REVERSED,2025-09-17 05:48:45
TXN00044451,ACC003808,MER0058,2025-08-03 22:33:49,5.07,JPY,REFUND,POSTED,2025-08-03 22:33:49
TXN00040511,ACC003544,MER0117,2025-08-21 14:36:01,357.31,NGN,WITHDRAWAL,DECLINED,2025-08-21 14:36:01
TXN00044094,ACC003334,MER0114,2025-09-29 00:37:49,20.86,NGN,REFUND,POSTED,2025-09-29 00:37:49
TXN00042673,ACC002198,MER0060,2025-09-10 11:12:32,19.85,JPY,DEPOSIT,PENDING,2025-09-10 11:12:32
TXN00045912,ACC001509,MER0031,2025-09-14 16:37:38,6.83,INR,REFUND,posted,2025-09-14 16:37:38
TXN00043844,ACC001487,MER0068,2025-07-31 01:06:09,34.49,gbp,DEPOSIT,posted,2025-07-31 01:06:09
TXN00042970,ACC002558,MER0025,2025-07-12 11:22:51,31.35,gbp,REFUND,REVERSED,2025-07-12 11:22:51
TXN00046138,ACC000422,MER0137,2025-07-16 11:32:04,35.26,JPY,PURCHASE,posted,2025-07-16 11:32:04
TXN00046046,ACC003377,MER0125,2025-09-02 19:06:50,31.5,CAD,PURCHASE,DECLINED,2025-09-02 19:06:50
TXN00044283,ACC002319,MER0035,2025-09-22 05:38:28,81.4,JPY,TRANSFER,PENDING,2025-09-22 05:38:28
TXN00043716,ACC000400,MER0080,2025-08-02 06:40:59,100.52,gbp,DEPOSIT,POSTED,2025-08-02 06:40:59
TXN00047476,ACC002886,MER0087,2025-08-08 10:43:40,19.08,EUR,REFUND,PENDING,2025-08-08 10:43:40
TXN00004892,ACC002581,MER0138,2025-01-10 06:26:20,2.47,EUR,DEPOSIT,DECLINED,2025-08-09 18:13:55
TXN00041892,ACC001041,MER0144,2025-08-19 05:20:43,8.43,EUR,WITHDRAWAL,DECLINED,2025-08-19 05:20:43
TXN00045169,ACC001733,MER0150,2025-08-02 22:17:22,3.6,usd,PURCHASE,POSTED,2025-08-02 22:17:22
TXN00045060,ACC003831,MER0054,2025-08-27 12:24:23,13.19,usd,purchase,POSTED,2025-08-27 12:24:23
TXN00022351,ACC002747,MER0097,2024-12-26 22:34:27,7.88,INR,REFUND,REVERSED,2025-09-13 14:40:33
TXN00045141,ACC002935,MER0075,2025-09-21 01:54:45,50.31,GBP,TRANSFER,posted,2025-09-21 01:54:45
TXN00012132,ACC002738,MER0147,2025-06-17 23:56:20,7.55,gbp,REFUND,REVERSED,2025-07-24 05:55:21
TXN00046254,ACC000664,MER0045,2025-09-30 18:06:38,9.39,JPY,TRANSFER,REVERSED,2025-09-30 18:06:38
TXN00046708,ACC002766,MER0087,2025-08-27 23:11:08,12.48,JPY,REFUND,DECLINED,2025-08-27 23:11:08
TXN00046470,ACC000568,MER0119,2025-09-02 07:45:47,56.99,GBP,TRANSFER,REVERSED,2025-09-02 07:45:47
TXN00044119,ACC001462,MER0145,2025-09-15 10:02:01,17.54,usd,PURCHASE,REVERSED,2025-09-15 10:02:01
TXN00040776,ACC002605,MER0021,2025-09-10 17:07:56,103.99,GBP,DEPOSIT,POSTED,2025-09-10 17:07:56
TXN00046543,ACC000286,MER0016,2025-07-14 09:56:14,15.01,EUR,PURCHASE,DECLINED,2025-07-14 09:56:14
TXN00046693,ACC002967,MER0120,2025-08-05 05:30:47,26.37,INR,REFUND,POSTED,2025-08-05 05:30:47
TXN00045553,ACC003129,MER0037,2025-09-26 05:55:17,82.05,EUR,PURCHASE,DECLINED,2025-09-26 05:55:17
TXN00040394,ACC002699,MER0103,2025-07-01 04:45:51,47.95,JPY,WITHDRAWAL,POSTED,2025-07-01 04:45:51
TXN00045264,ACC000585,MER0002,2025-08-27 02:11:11,7.36,JPY,purchase,DECLINED,2025-08-27 02:11:11
TXN00045832,ACC001017,MER0042,2025-07-31 11:10:35,23.59,USD,WITHDRAWAL,PENDING,2025-07-31 11:10:35
TXN00044962,ACC001222,MER0040,2025-07-17 17:31:11,19.73,EUR,DEPOSIT,POSTED,2025-07-17 17:31:11
TXN00047361,ACC002166,MER0080,2025-07-30 18:10:28,11.4,JPY,PURCHASE,posted,2025-07-30 18:10:28
TXN00047269,ACC003179,MER0080,2025-07-16 17:57:38,118.29,INR,PURCHASE,DECLINED,2025-07-16 17:57:38
TXN00042429,ACC000551,MER0062,2025-07-16 17:06:16,13.65,EUR,purchase,DECLINED,2025-07-16 17:06:16
TXN00028603,ACC003200,MER0139,2025-05-12 06:19:54,60.9,CAD,TRANSFER,REVERSED,2025-09-03 06:04:03
TXN00041530,ACC002408,MER0142,2025-08-16 09:09:24,16.06,gbp,WITHDRAWAL,DECLINED,2025-08-16 09:09:24
TXN00047655,ACC001871,MER0026,2025-07-19 20:44:37,58.75,USD,PURCHASE,PENDING,2025-07-19 20:44:37
TXN00046000,ACC000403,MER0027,2025-07-11 15:41:01,7.86,gbp,DEPOSIT,PENDING,2025-07-11 15:41:01
TXN00047592,ACC003286,MER0112,2025-09-10 05:27:35,66.99,JPY,DEPOSIT,posted,2025-09-10 05:27:35
TXN00043436,ACC000986,MER0107,2025-08-15 16:32:45,108.94,USD,REFUND,posted,2025-08-15 16:32:45
TXN00045113,ACC002122,MER0124,2025-09-23 15:39:41,56.15,NGN,purchase,posted,2025-09-23 15:39:41
TXN00041847,ACC000769,MER0103,2025-09-24 09:36:09,60.93,JPY,TRANSFER,REVERSED,2025-09-24 09:36:09
TXN00045743,ACC001460,MER0011,2025-09-29 06:52:29,43.38,JPY,PURCHASE,POSTED,2025-09-29 06:52:29
TXN00041491,ACC000511,MER0149,2025-08-05 11:51:32,9.45,NGN,WITHDRAWAL,POSTED,2025-08-05 11:51:32
TXN00042268,ACC002009,MER0092,2025-09-23 04:03:52,20.73,USD,WITHDRAWAL,POSTED,2025-09-23 04:03:52
TXN00040385,ACC003730,MER0009,2025-07-10 05:09:07,22.94,NGN,REFUND,PENDING,2025-07-10 05:09:07
TXN00045036,ACC003470,MER0105,2025-08-12 07:52:28,60.16,CAD,purchase,posted,2025-08-12 07:52:28
TXN00045606,ACC000122,MER0116,2025-09-19 09:02:42,68.87,EUR,TRANSFER,REVERSED,2025-09-19 09:02:42
TXN00043691,ACC000347,MER0007,2025-08-11 05:55:19,81.32,GBP,WITHDRAWAL,PENDING,2025-08-11 05:55:19
TXN00046200,ACC001296,MER0015,2025-08-24 01:20:20,27.39,INR,WITHDRAWAL,REVERSED,2025-08-24 01:20:20
TXN00041717,ACC002500,MER0005,2025-07-31 10:14:02,77.2,EUR,PURCHASE,REVERSED,2025-07-31 10:14:02
TXN00047270,ACC003805,MER0103,2025-09-12 18:48:16,54.23,EUR,purchase,REVERSED,2025-09-12 18:48:16
TXN00042226,ACC000960,MER0057,2025-09-19 10:22:01,39.84,EUR,WITHDRAWAL,DECLINED,2025-09-19 10:22:01
TXN00046764,ACC001202,MER0087,2025-09-18 09:18:49,34976.49,CAD,DEPOSIT,DECLINED,2025-09-18 09:18:49
TXN00044239,ACC003868,MER0030,2025-07-23 17:27:53,8.88,USD,TRANSFER,DECLINED,2025-07-23 17:27:53
TXN00044497,ACC002517,MER0064,2025-09-09 10:32:11,25.38,USD,TRANSFER,DECLINED,2025-09-09 10:32:11
TXN00038892,ACC001455,MER0088,2024-09-24 20:26:21,15.41,CAD,purchase,REVERSED,2025-09-13 02:16:45
TXN00044960,ACC000134,MER0004,2025-09-18 06:14:49,30.03,JPY,WITHDRAWAL,REVERSED,2025-09-18 06:14:49
TXN00042813,ACC001892,MER0124,2025-07-08 07:07:26,84.2,INR,WITHDRAWAL,POSTED,2025-07-08 07:07:26
TXN00041699,ACC001595,MER0053,2025-09-13 03:44:41,38.96,INR,PURCHASE,DECLINED,2025-09-13 03:44:41
TXN00042474,ACC001553,MER0088,2025-08-17 07:12:44,2.57,JPY,purchase,PENDING,2025-08-17 07:12:44
TXN00045941,ACC000170,MER0077,2025-09-02 04:34:14,4.73,gbp,PURCHASE,POSTED,2025-09-02 04:34:14
TXN00043676,ACC001245,MER0078,2025-08-12 04:53:15,6.13,INR,WITHDRAWAL,PENDING,2025-08-12 04:53:15
TXN00042904,ACC003364,MER0119,2025-07-16 02:04:59,85.4,JPY,purchase,POSTED,2025-07-16 02:04:59
TXN00042097,ACC001081,MER0044,2025-07-18 17:42:37,25.01,USD,purchase,REVERSED,2025-07-18 17:42:37
TXN00047992,ACC001007,MER0149,2025-07-05 15:30:29,11.4,CAD,WITHDRAWAL,REVERSED,2025-07-05 15:30:29
TXN00042023,ACC000251,MER0038,2025-09-27 02:44:30,59.55,EUR,DEPOSIT,DECLINED,2025-09-27 02:44:30
TXN00045006,ACC001554,MER0150,2025-07-08 16:47:23,43.17,EUR,REFUND,DECLINED,2025-07-08 16:47:23
TXN00045982,ACC001723,MER0020,2025-09-07 10:30:42,3.74,NGN,DEPOSIT,REVERSED,2025-09-07 10:30:42
TXN00047795,ACC002042,MER0074,2025-07-05 21:20:11,13.66,NGN,DEPOSIT,DECLINED,2025-07-05 21:20:11
TXN00041033,ACC003062,MER0046,2025-09-29 13:04:10,22.2,USD,WITHDRAWAL,POSTED,2025-09-29 13:04:10
TXN00042988,ACC002899,MER0108,2025-09-06 10:58:35,74.28,INR,WITHDRAWAL,posted,2025-09-06 10:58:35
TXN00041783,ACC003710,MER0120,2025-08-12 08:40:18,58.06,EUR,DEPOSIT,REVERSED,2025-08-12 08:40:18
TXN00041012,ACC000934,MER0029,2025-07-24 02:37:56,100.82,GBP,REFUND,DECLINED,2025-07-24 02:37:56
TXN00043883,ACC001429,MER0073,2025-09-11 23:06:40,33.52,USD,REFUND,PENDING,2025-09-11 23:06:40
TXN00040709,ACC002370,MER0054,2025-09-17 01:41:57,64.89,CAD,PURCHASE,posted,2025-09-17 01:41:57
TXN00040464,ACC002985,MER0029,2025-08-13 23:19:45,22.85,USD,REFUND,posted,2025-08-13 23:19:45
TXN00040772,ACC003570,MER0006,2025-07-14 23:30:46,23.91,NGN,purchase,REVERSED,2025-07-14 23:30:46
TXN00044709,ACC002857,MER0057,2025-09-05 12:38:31,9.79,gbp,REFUND,DECLINED,2025-09-05 12:38:31
TXN00043519,ACC003794,MER0068,2025-09-03 04:52:15,78.26,EUR,TRANSFER,REVERSED,2025-09-03 04:52:15
TXN00041364,ACC002054,MER0061,2025-09-03 15:26:17,62.64,usd,TRANSFER,POSTED,2025-09-03 15:26:17
TXN00042390,ACC000144,MER0078,2025-07-07 07:04:45,1.52,INR,PURCHASE,POSTED,2025-07-07 07:04:45
TXN00042743,ACC001912,MER0050,2025-09-17 07:03:36,2.89,NGN,DEPOSIT,POSTED,2025-09-17 07:03:36
TXN00046582,ACC000478,MER0087,2025-09-18 12:21:13,47.8,JPY,DEPOSIT,REVERSED,2025-09-18 12:21:13
TXN00044096,ACC002596,MER0068,2025-09-21 11:50:07,27.24,usd,DEPOSIT,posted,2025-09-21 11:50:07
TXN00047229,ACC002882,MER0045,2025-09-30 10:01:30,18.99,usd,DEPOSIT,PENDING,2025-09-30 10:01:30
TXN00042850,ACC001429,MER0147,2025-08-07 10:41:58,20.9,INR,TRANSFER,POSTED,2025-08-07 10:41:58
TXN00041361,ACC000598,MER0044,2025-08-31 08:15:28,24.44,EUR,purchase,DECLINED,2025-08-31 08:15:28
TXN00040716,ACC003517,MER0047,2025-07-18 14:11:24,14.94,usd,WITHDRAWAL,POSTED,2025-07-18 14:11:24
TXN00047832,ACC003720,MER0050,2025-08-29 15:07:13,19.19,JPY,purchase,PENDING,2025-08-29 15:07:13
TXN00045216,ACC000417,MER0084,2025-09-03 21:42:27,58.18,INR,REFUND,posted,2025-09-03 21:42:27
TXN00047034,ACC001935,MER0047,2025-07-29 06:39:08,30.69,EUR,WITHDRAWAL,DECLINED,2025-07-29 06:39:08
TXN00044693,ACC000663,MER0142,2025-08-07 04:26:52,13.42,gbp,REFUND,PENDING,2025-08-07 04:26:52
TXN00005965,ACC002756,MER0040,2024-08-07 23:38:31,20.87,NGN,REFUND,REVERSED,2025-07-18 12:37:40
TXN00045800,ACC001430,MER0146,2025-09-29 21:26:28,87.13,gbp,DEPOSIT,DECLINED,2025-09-29 21:26:28
TXN00041834,ACC000718,MER0060,2025-07-08 08:28:41,32.86,gbp,PURCHASE,POSTED,2025-07-08 08:28:41
TXN00041605,ACC002226,MER0011,2025-08-02 22:08:41,54.89,CAD,PURCHASE,PENDING,2025-08-02 22:08:41
TXN00041737,ACC003059,MER0047,2025-09-21 06:44:45,8.72,INR,REFUND,posted,2025-09-21 06:44:45
TXN00047941,ACC003318,MER0123,2025-08-07 16:26:53,119.02,CAD,REFUND,PENDING,2025-08-07 16:26:53
TXN00045326,ACC002356,MER0095,2025-07-30 11:44:07,33.61,INR,DEPOSIT,PENDING,2025-07-30 11:44:07
TXN00042107,ACC000072,MER0124,2025-09-22 15:17:44,15.08,USD,TRANSFER,posted,2025-09-22 15:17:44
TXN00045907,ACC001741,MER0148,2025-09-19 05:26:50,25.09,INR,DEPOSIT,PENDING,2025-09-19 05:26:50
TXN00047387,ACC000322,MER0138,2025-07-19 20:42:37,1.84,usd,REFUND,posted,2025-07-19 20:42:37
TXN00020532,ACC000155,MER0093,2024-07-09 23:16:03,7.54,JPY,purchase,REVERSED,2025-07-22 03:53:07
TXN00045027,ACC000914,MER0128,2025-07-15 15:37:41,111.89,NGN,PURCHASE,PENDING,2025-07-15 15:37:41
TXN00044210,ACC001022,MER0079,2025-09-06 18:19:19,91.84,GBP,DEPOSIT,REVERSED,2025-09-06 18:19:19
TXN00042083,ACC002647,MER0007,2025-09-14 08:32:52,5.21,USD,DEPOSIT,PENDING,2025-09-14 08:32:52
TXN00043898,ACC001545,MER0056,2025-09-12 21:36:58,62.78,EUR,purchase,POSTED,2025-09-12 21:36:58
TXN00044957,ACC001114,MER0138,2025-09-29 07:25:37,18.57,JPY,purchase,PENDING,2025-09-29 07:25:37
TXN00040012,ACC000987,MER0127,2025-07-03 00:45:00,10.29,CAD,TRANSFER,posted,2025-07-03 00:45:00
TXN00045328,ACC001072,MER0083,2025-08-04 19:53:44,127.97,USD,REFUND,REVERSED,2025-08-04 19:53:44
TXN00045273,ACC002918,MER0099,2025-07-19 04:34:42,81.71,CAD,TRANSFER,PENDING,2025-07-19 04:34:42
TXN00043980,ACC000937,MER0094,2025-09-28 03:41:12,16.38,gbp,purchase,posted,2025-09-28 03:41:12
TXN00041917,ACC000394,MER0048,2025-08-15 17:38:00,3.87,JPY,TRANSFER,PENDING,2025-08-15 17:38:00
TXN00042419,ACC000303,MER0116,2025-07-31 19:01:51,14.65,NGN,PURCHASE,REVERSED,2025-07-31 19:01:51
TXN00044128,ACC003193,MER0110,2025-07-21 18:08:58,4.39,EUR,TRANSFER,POSTED,2025-07-21 18:08:58
TXN00041283,ACC000577,MER0014,2025-08-28 02:23:21,11.44,USD,REFUND,REVERSED,2025-08-28 02:23:21
TXN00041785,ACC000337,MER0074,2025-07-11 15:37:47,29.1,INR,TRANSFER,REVERSED,2025-07-11 15:37:47
TXN00041090,ACC001845,MER0090,2025-09-17 06:51:47,12.61,NGN,WITHDRAWAL,posted,2025-09-17 06:51:47
TXN00046194,ACC002319,MER0052,2025-07-23 11:53:37,64.34,INR,DEPOSIT,DECLINED,2025-07-23 11:53:37
TXN00045616,ACC001656,MER0143,2025-08-24 09:27:38,214.17,CAD,REFUND,PENDING,2025-08-24 09:27:38
TXN00046859,ACC001943,MER0102,2025-07-24 20:34:52,8.17,gbp,TRANSFER,POSTED,2025-07-24 20:34:52
TXN00043228,ACC002123,MER0137,2025-09-22 18:30:50,19.61,INR,REFUND,POSTED,2025-09-22 18:30:50
TXN00041169,ACC002210,MER0004,2025-07-19 10:27:07,9.79,INR,TRANSFER,posted,2025-07-19 10:27:07
TXN00045309,ACC002803,MER0048,2025-07-03 02:03:04,316.11,CAD,PURCHASE,PENDING,2025-07-03 02:03:04
TXN00047863,ACC001683,MER0050,2025-07-11 06:51:30,11.26,GBP,DEPOSIT,REVERSED,2025-07-11 06:51:30
TXN00044678,ACC000910,MER0148,2025-08-20 17:26:15,537.25,CAD,purchase,REVERSED,2025-08-20 17:26:15
TXN00040010,ACC001343,MER0090,2025-07-17 23:57:24,102.99,NGN,purchase,REVERSED,2025-07-17 23:57:24
TXN00043310,ACC001263,MER0136,2025-07-06 11:15:04,39.4,gbp,DEPOSIT,REVERSED,2025-07-06 11:15:04
TXN00040992,ACC003093,MER0096,2025-08-02 06:49:17,34415.93,NGN,REFUND,REVERSED,2025-08-02 06:49:17
TXN00042920,ACC002919,MER0084,2025-09-03 20:46:25,8.21,NGN,purchase,PENDING,2025-09-03 20:46:25
TXN00044369,ACC003093,MER0101,2025-07-17 04:47:07,19.02,GBP,TRANSFER,PENDING,2025-07-17 04:47:07
TXN00041747,ACC002970,MER0135,2025-07-21 21:58:57,28.9,GBP,DEPOSIT,DECLINED,2025-07-21 21:58:57
TXN00042935,ACC001077,MER0061,2025-08-10 19:18:14,22.28,EUR,TRANSFER,DECLINED,2025-08-10 19:18:14
TXN00046610,ACC001066,MER0012,2025-07-23 10:18:38,24289.26,gbp,PURCHASE,DECLINED,2025-07-23 10:18:38
TXN00042050,ACC001887,MER0147,2025-09-06 09:48:29,25.76,GBP,WITHDRAWAL,DECLINED,2025-09-06 09:48:29
TXN00047904,ACC002990,MER0065,2025-07-18 21:10:16,43.04,USD,REFUND,posted,2025-07-18 21:10:16
TXN00043456,ACC002278,MER0007,2025-07-30 23:52:56,21.16,gbp,WITHDRAWAL,REVERSED,2025-07-30 23:52:56
TXN00040384,ACC001457,MER0097,2025-07-08 21:23:45,24.1,GBP,purchase,DECLINED,2025-07-08 21:23:45
TXN00041442,ACC002052,MER0147,2025-07-16 06:27:27,34.26,GBP,REFUND,REVERSED,2025-07-16 06:27:27
TXN00042566,ACC001033,MER0111,2025-07-21 17:10:18,27.84,GBP,PURCHASE,POSTED,2025-07-21 17:10:18
TXN00011651,ACC002885,MER0105,2024-11-27 16:22:52,22.36,USD,WITHDRAWAL,DECLINED,2025-07-02 10:05:42
TXN00046175,ACC002605,MER0042,2025-08-10 12:30:15,21.89,usd,REFUND,POSTED,2025-08-10 12:30:15
TXN00044081,ACC002978,MER0132,2025-09-24 23:11:53,8.55,EUR,TRANSFER,PENDING,2025-09-24 23:11:53
TXN00044659,ACC002391,MER0097,2025-08-17 14:49:03,5.88,CAD,purchase,PENDING,2025-08-17 14:49:03
TXN00043955,ACC001867,MER0120,2025-07-26 12:42:51,59.01,usd,purchase,POSTED,2025-07-26 12:42:51
TXN00044483,ACC000168,MER0052,2025-07-03 23:16:48,6.24,NGN,WITHDRAWAL,REVERSED,2025-07-03 23:16:48
TXN00043741,ACC003298,MER0023,2025-09-17 11:55:42,30.66,NGN,DEPOSIT,DECLINED,2025-09-17 11:55:42
TXN00046348,ACC003396,MER0103,2025-09-02 09:36:26,50.75,USD,WITHDRAWAL,PENDING,2025-09-02 09:36:26
TXN00041041,ACC002487,MER0062,2025-09-14 14:03:38,35.37,GBP,TRANSFER,posted,2025-09-14 14:03:38
TXN00043178,ACC003070,MER0007,2025-08-10 05:50:29,3.99,CAD,REFUND,REVERSED,2025-08-10 05:50:29
TXN00046990,ACC003939,MER0085,2025-09-13 13:39:35,16.32,GBP,DEPOSIT,DECLINED,2025-09-13 13:39:35
TXN00038568,ACC001845,MER0104,2024-09-30 00:26:13,3.69,CAD,REFUND,DECLINED,2025-07-02 15:52:04
TXN00043002,ACC002854,MER0049,2025-07-20 17:58:22,18.45,usd,DEPOSIT,POSTED,2025-07-20 17:58:22
TXN00044514,ACC000504,MER0111,2025-08-29 09:02:55,149.81,CAD,REFUND,PENDING,2025-08-29 09:02:55
TXN00043488,ACC002715,MER0033,2025-07-06 07:55:47,10.93,GBP,DEPOSIT,posted,2025-07-06 07:55:47
TXN00033344,ACC003608,MER0030,2024-12-15 08:26:02,60.68,GBP,purchase,DECLINED,2025-09-02 10:07:16
TXN00045636,ACC002857,MER0069,2025-09-01 01:05:40,40.45,GBP,PURCHASE,POSTED,2025-09-01 01:05:40
TXN00040986,ACC001331,MER0092,2025-07-19 09:39:26,40.58,INR,WITHDRAWAL,posted,2025-07-19 09:39:26
TXN00042948,ACC003801,MER0013,2025-08-25 02:41:37,41.99,INR,REFUND,POSTED,2025-08-25 02:41:37
TXN00047000,ACC001470,MER0062,2025-07-06 14:17:45,19802.72,INR,TRANSFER,REVERSED,2025-07-06 14:17:45
TXN00044990,ACC003191,MER0092,2025-08-28 15:30:26,117.82,gbp,REFUND,posted,2025-08-28 15:30:26
TXN00040860,ACC003718,MER0088,2025-07-16 21:24:55,19.26,CAD,REFUND,POSTED,2025-07-16 21:24:55
TXN00041925,ACC000518,MER0131,2025-08-09 16:53:32,31.95,gbp,purchase,POSTED,2025-08-09 16:53:32
TXN00041637,ACC000522,MER0109,2025-09-24 14:30:58,45.88,JPY,REFUND,posted,2025-09-24 14:30:58
TXN00040309,ACC000847,MER0110,2025-09-14 19:17:04,37.35,INR,DEPOSIT,posted,2025-09-14 19:17:04
TXN00044744,ACC000402,MER0058,2025-08-10 02:54:05,166.74,USD,WITHDRAWAL,posted,2025-08-10 02:54:05
TXN00043210,ACC003190,MER0126,2025-09-13 17:46:37,23.19,USD,DEPOSIT,posted,2025-09-13 17:46:37
TXN00045051,ACC000244,MER0013,2025-09-29 22:06:59,13.63,USD,purchase,PENDING,2025-09-29 22:06:59
TXN00043889,ACC000371,MER0071,2025-07-22 03:42:53,9.42,INR,PURCHASE,POSTED,2025-07-22 03:42:53
TXN00044180,ACC000934,MER0090,2025-08-11 06:12:25,9.76,usd,DEPOSIT,REVERSED,2025-08-11 06:12:25
TXN00047380,ACC002035,MER0091,2025-09-30 09:27:36,33.01,NGN,WITHDRAWAL,posted,2025-09-30 09:27:36
TXN00043060,ACC002096,MER0025,2025-07-28 08:02:11,47.23,EUR,DEPOSIT,REVERSED,2025-07-28 08:02:11
TXN00047550,ACC003225,MER0046,2025-08-26 23:12:18,60.42,CAD,WITHDRAWAL,posted,2025-08-26 23:12:18
TXN00046463,ACC000232,MER0149,2025-08-05 10:54:08,19.21,USD,WITHDRAWAL,DECLINED,2025-08-05 10:54:08
TXN00046351,ACC003264,MER0042,2025-09-01 03:10:16,13.09,INR,purchase,REVERSED,2025-09-01 03:10:16
TXN00040027,ACC000554,MER0067,2025-08-12 17:30:51,87.55,CAD,PURCHASE,DECLINED,2025-08-12 17:30:51
TXN00040518,ACC003397,MER0028,2025-07-14 22:27:52,105.48,CAD,DEPOSIT,POSTED,2025-07-14 22:27:52
TXN00040461,ACC001030,MER0030,2025-07-13 15:32:31,32.22,EUR,WITHDRAWAL,POSTED,2025-07-13 15:32:31
TXN00007903,ACC003065,MER0046,2024-07-19 07:09:34,25.47,gbp,purchase,DECLINED,2025-07-05 21:58:04
TXN00041471,ACC001017,MER0080,2025-07-04 19:30:35,55.83,EUR,WITHDRAWAL,POSTED,2025-07-04 19:30:35
TXN00045821,ACC003268,MER0039,2025-07-21 06:22:54,89.42,INR,WITHDRAWAL,DECLINED,2025-07-21 06:22:54
TXN00041314,ACC001419,MER0072,2025-08-31 02:08:53,19.4,NGN,DEPOSIT,POSTED,2025-08-31 02:08:53
TXN00043437,ACC003639,MER0102,2025-08-02 20:56:39,9.14,usd,WITHDRAWAL,PENDING,2025-08-02 20:56:39
TXN00043967,ACC003517,MER0091,2025-07-16 19:30:02,1.07,JPY,WITHDRAWAL,posted,2025-07-16 19:30:02
TXN00045766,ACC001681,MER0085,2025-08-07 00:51:47,34.22,INR,DEPOSIT,DECLINED,2025-08-07 00:51:47
TXN00041212,ACC003527,MER0136,2025-07-07 15:27:52,71.33,gbp,PURCHASE,DECLINED,2025-07-07 15:27:52
TXN00046871,ACC000716,MER0003,2025-07-07 04:11:28,28.56,GBP,REFUND,REVERSED,2025-07-07 04:11:28
TXN00047629,ACC000808,MER0101,2025-08-06 15:49:39,9.96,gbp,DEPOSIT,DECLINED,2025-08-06 15:49:39
TXN00046626,ACC001109,MER0004,2025-07-12 17:08:07,7.99,NGN,REFUND,DECLINED,2025-07-12 17:08:07
TXN00045685,ACC002116,MER0096,2025-09-30 21:15:31,63.39,INR,DEPOSIT,REVERSED,2025-09-30 21:15:31
TXN00045514,ACC001469,MER0026,2025-09-04 04:08:17,19.09,usd,purchase,DECLINED,2025-09-04 04:08:17
TXN00047143,ACC001588,MER0017,2025-07-31 21:01:21,16.47,CAD,TRANSFER,DECLINED,2025-07-31 21:01:21
TXN00044780,ACC000699,MER0145,2025-07-11 17:19:45,17.55,CAD,REFUND,posted,2025-07-11 17:19:45
TXN00044783,ACC002963,MER0038,2025-07-06 10:49:46,9.6,USD,purchase,DECLINED,2025-07-06 10:49:46
TXN00040542,ACC002389,MER0074,2025-08-15 23:00:23,81.14,USD,DEPOSIT,posted,2025-08-15 23:00:23
TXN00045083,ACC001895,MER0129,2025-07-12 11:57:52,34.25,INR,PURCHASE,REVERSED,2025-07-12 11:57:52
TXN00041386,ACC000833,MER0002,2025-07-24 11:39:33,12.59,EUR,REFUND,REVERSED,2025-07-24 11:39:33
TXN00043136,ACC002552,MER0038,2025-09-03 13:55:27,446.31,NGN,TRANSFER,REVERSED,2025-09-03 13:55:27
TXN00047976,ACC001964,MER0100,2025-09-05 20:42:34,41.87,JPY,TRANSFER,PENDING,2025-09-05 20:42:34
TXN00041176,ACC001470,MER0124,2025-08-15 00:52:07,10.93,GBP,PURCHASE,POSTED,2025-08-15 00:52:07
TXN00046021,ACC000572,MER0040,2025-07-24 21:04:52,10.56,usd,REFUND,POSTED,2025-07-24 21:04:52
TXN00044360,ACC001033,MER0066,2025-09-04 22:13:43,9.66,USD,REFUND,DECLINED,2025-09-04 22:13:43
TXN00041812,ACC001102,MER0071,2025-09-10 19:52:38,5.22,usd,DEPOSIT,DECLINED,2025-09-10 19:52:38
TXN00047187,ACC000830,MER0134,2025-07-23 23:41:41,6.97,JPY,PURCHASE,POSTED,2025-07-23 23:41:41
TXN00045885,ACC002225,MER0126,2025-09-29 05:51:19,9.31,usd,WITHDRAWAL,REVERSED,2025-09-29 05:51:19
TXN00046257,ACC001877,MER0081,2025-07-12 14:38:44,5.33,NGN,DEPOSIT,PENDING,2025-07-12 14:38:44
TXN00047154,ACC001987,MER0106,2025-07-11 03:08:24,3.52,GBP,REFUND,posted,2025-07-11 03:08:24
TXN00046939,ACC002462,MER0072,2025-09-11 20:00:21,12.94,GBP,purchase,POSTED,2025-09-11 20:00:21
TXN00040188,ACC002364,MER0062,2025-07-19 12:54:41,35.5,INR,DEPOSIT,DECLINED,2025-07-19 12:54:41
TXN00044093,ACC003935,MER0123,2025-09-29 00:42:42,15.21,JPY,purchase,DECLINED,2025-09-29 00:42:42
TXN00040159,ACC002986,MER0057,2025-07-31 04:33:09,10.46,CAD,purchase,PENDING,2025-07-31 04:33:09
TXN00047508,ACC002161,MER0100,2025-08-18 17:25:12,50.8,JPY,TRANSFER,posted,2025-08-18 17:25:12
TXN00047869,ACC001965,MER0017,2025-08-08 22:55:54,41.83,usd,purchase,POSTED,2025-08-08 22:55:54
TXN00047106,ACC002321,MER0125,2025-09-08 08:42:28,5.37,JPY,WITHDRAWAL,PENDING,2025-09-08 08:42:28
TXN00047481,ACC000683,MER0114,2025-08-23 03:43:36,18.32,usd,DEPOSIT,POSTED,2025-08-23 03:43:36
TXN00043828,ACC000990,MER0099,2025-08-03 19:02:45,10247.37,JPY,REFUND,POSTED,2025-08-03 19:02:45
TXN00041533,ACC003280,MER0054,2025-08-25 13:38:43,9.55,gbp,purchase,POSTED,2025-08-25 13:38:43
TXN00046201,ACC003884,MER0022,2025-09-27 11:45:36,224.54,JPY,DEPOSIT,PENDING,2025-09-27 11:45:36
TXN00046180,ACC000031,MER0095,2025-09-15 14:17:07,7.83,NGN,TRANSFER,POSTED,2025-09-15 14:17:07
TXN00041010,ACC002484,MER0131,2025-09-17 19:02:10,13.96,usd,purchase,POSTED,2025-09-17 19:02:10
TXN00046267,ACC000660,MER0053,2025-07-25 17:59:55,8.5,usd,purchase,REVERSED,2025-07-25 17:59:55
TXN00041758,ACC002839,MER0060,2025-09-01 21:42:33,29.67,NGN,purchase,DECLINED,2025-09-01 21:42:33
TXN00040921,ACC000276,MER0013,2025-08-20 11:35:47,13.18,usd,PURCHASE,PENDING,2025-08-20 11:35:47
TXN00040338,ACC003775,MER0135,2025-09-15 15:18:28,66.25,JPY,WITHDRAWAL,posted,2025-09-15 15:18:28
TXN00041693,ACC003660,MER0143,2025-08-13 18:01:50,125.65,CAD,TRANSFER,posted,2025-08-13 18:01:50
TXN00047240,ACC003453,MER0012,2025-07-30 17:22:28,45.37,GBP,WITHDRAWAL,POSTED,2025-07-30 17:22:28
TXN00041210,ACC000124,MER0072,2025-08-18 02:31:36,38.85,GBP,REFUND,DECLINED,2025-08-18 02:31:36
TXN00040044,ACC001352,MER0106,2025-07-23 10:27:38,17.64,USD,REFUND,DECLINED,2025-07-23 10:27:38
TXN00041000,ACC003340,MER0133,2025-09-29 05:15:07,16.21,CAD,REFUND,posted,2025-09-29 05:15:07
TXN00002897,ACC003121,MER0004,2025-01-14 05:01:27,8256.33,NGN,DEPOSIT,POSTED,2025-09-13 07:53:00
TXN00042210,ACC001040,MER0031,2025-07-23 11:54:56,7.08,USD,DEPOSIT,PENDING,2025-07-23 11:54:56
TXN00043452,ACC001140,MER0086,2025-09-21 19:31:16,16.51,GBP,purchase,POSTED,2025-09-21 19:31:16
TXN00045262,ACC000589,MER0129,2025-07-17 22:27:12,29.09,USD,TRANSFER,posted,2025-07-17 22:27:12
TXN00042036,ACC002584,MER0038,2025-09-25 22:44:24,93.7,USD,purchase,POSTED,2025-09-25 22:44:24
TXN00046061,ACC001239,MER0131,2025-07-31 11:05:28,10.09,NGN,DEPOSIT,REVERSED,2025-07-31 11:05:28
TXN00047586,ACC003833,MER0063,2025-07-26 12:43:03,17.5,NGN,PURCHASE,DECLINED,2025-07-26 12:43:03
TXN00003073,ACC003183,MER0104,2024-09-28 14:45:43,70.73,GBP,WITHDRAWAL,DECLINED,2025-09-07 11:56:11
TXN00040651,ACC003437,MER0084,2025-07-19 10:26:31,44.64,INR,WITHDRAWAL,posted,2025-07-19 10:26:31
TXN00040030,ACC003403,MER0120,2025-07-01 03:42:10,12500.8,USD,PURCHASE,DECLINED,2025-07-01 03:42:10
TXN00045643,ACC000466,MER0112,2025-09-03 04:54:47,27.13,EUR,WITHDRAWAL,DECLINED,2025-09-03 04:54:47
TXN00041845,ACC001013,MER0087,2025-08-24 03:38:27,56.73,INR,REFUND,POSTED,2025-08-24 03:38:27
TXN00047892,ACC000270,MER0005,2025-08-23 14:57:12,17.08,gbp,TRANSFER,POSTED,2025-08-23 14:57:12
TXN00038685,ACC001993,MER0081,2024-07-04 17:07:47,9.8,CAD,PURCHASE,POSTED,2025-08-23 11:19:30
TXN00019709,ACC003780,MER0120,2025-01-20 14:25:31,2.98,JPY,purchase,DECLINED,2025-09-18 03:06:23
TXN00041931,ACC003819,MER0136,2025-07-23 18:19:17,12.48,INR,DEPOSIT,DECLINED,2025-07-23 18:19:17
TXN00040829,ACC001551,MER0132,2025-07-22 16:51:52,39.23,gbp,PURCHASE,POSTED,2025-07-22 16:51:52
TXN00041661,ACC000429,MER0066,2025-09-12 04:09:52,7.4,GBP,REFUND,PENDING,2025-09-12 04:09:52
TXN00040691,ACC003298,MER0091,2025-07-11 01:14:11,15.76,INR,REFUND,posted,2025-07-11 01:14:11
TXN00042334,ACC001121,MER0087,2025-07-20 06:40:18,28.74,gbp,purchase,DECLINED,2025-07-20 06:40:18
TXN00043799,ACC002933,MER0069,2025-09-26 00:15:24,37.65,CAD,DEPOSIT,REVERSED,2025-09-26 00:15:24
TXN00042213,ACC000314,MER0059,2025-08-15 00:32:59,2.56,GBP,DEPOSIT,posted,2025-08-15 00:32:59
TXN00045673,ACC002887,MER0034,2025-09-03 12:55:13,21.31,GBP,REFUND,DECLINED,2025-09-03 12:55:13
TXN00044298,ACC003036,MER0136,2025-08-29 04:36:05,18.54,USD,REFUND,DECLINED,2025-08-29 04:36:05
TXN00044605,ACC003121,MER0080,2025-09-06 02:51:12,113.21,JPY,TRANSFER,posted,2025-09-06 02:51:12
TXN00042236,ACC000385,MER0008,2025-08-10 15:17:25,152.89,EUR,REFUND,REVERSED,2025-08-10 15:17:25
TXN00047702,ACC001759,MER0094,2025-07-19 20:34:06,25.66,usd,WITHDRAWAL,REVERSED,2025-07-19 20:34:06
TXN00041710,ACC002153,MER0015,2025-09-21 16:27:10,19.17,NGN,WITHDRAWAL,POSTED,2025-09-21 16:27:10
TXN00044170,ACC003097,MER0087,2025-07-14 01:08:07,11.37,JPY,REFUND,posted,2025-07-14 01:08:07
TXN00044220,ACC003452,MER0149,2025-07-27 01:17:33,35.87,CAD,PURCHASE,REVERSED,2025-07-27 01:17:33
TXN00047836,ACC001174,MER0130,2025-07-02 12:41:03,66.08,usd,WITHDRAWAL,REVERSED,2025-07-02 12:41:03
TXN00043247,ACC003142,MER0014,2025-07-05 18:15:24,32.42,gbp,WITHDRAWAL,posted,2025-07-05 18:15:24
TXN00046907,ACC000882,MER0105,2025-09-12 07:10:56,28.61,NGN,DEPOSIT,DECLINED,2025-09-12 07:10:56
TXN00044973,ACC003942,MER0022,2025-08-08 10:59:49,99.13,EUR,TRANSFER,posted,2025-08-08 10:59:49
TXN00047722,ACC002092,MER0124,2025-08-21 10:45:40,24.32,INR,TRANSFER,DECLINED,2025-08-21 10:45:40
TXN00041613,ACC002460,MER0004,2025-09-01 11:31:33,67.01,CAD,WITHDRAWAL,POSTED,2025-09-01 11:31:33
TXN00041629,ACC001021,MER0141,2025-07-21 20:28:00,8.51,INR,WITHDRAWAL,posted,2025-07-21 20:28:00
TXN00043380,ACC003057,MER0058,2025-09-01 03:50:01,6.05,gbp,TRANSFER,posted,2025-09-01 03:50:01
TXN00041665,ACC002175,MER0125,2025-07-04 10:12:19,58.08,EUR,REFUND,DECLINED,2025-07-04 10:12:19
TXN00046627,ACC002150,MER0114,2025-08-10 12:09:42,11.48,USD,TRANSFER,PENDING,2025-08-10 12:09:42
TXN00047653,ACC003051,MER0144,2025-08-14 16:12:23,13.26,gbp,REFUND,PENDING,2025-08-14 16:12:23
TXN00045476,ACC002345,MER0131,2025-08-16 20:00:50,8.75,EUR,TRANSFER,REVERSED,2025-08-16 20:00:50
TXN00045248,ACC001331,MER0045,2025-09-02 19:59:07,8.37,NGN,WITHDRAWAL,PENDING,2025-09-02 19:59:07
TXN00044971,ACC003054,MER0067,2025-08-24 06:09:53,14.66,EUR,REFUND,PENDING,2025-08-24 06:09:53
TXN00045115,ACC001556,MER0108,2025-07-24 09:28:39,17.23,NGN,WITHDRAWAL,POSTED,2025-07-24 09:28:39
TXN00047721,ACC003551,MER0004,2025-07-05 03:37:08,62.45,INR,DEPOSIT,POSTED,2025-07-05 03:37:08
TXN00042233,ACC001361,MER0109,2025-07-17 19:05:03,6.35,CAD,WITHDRAWAL,PENDING,2025-07-17 19:05:03
TXN00044565,ACC003812,MER0106,2025-09-04 12:23:05,18.23,USD,TRANSFER,REVERSED,2025-09-04 12:23:05
TXN00045566,ACC000187,MER0117,2025-07-19 08:31:31,85.25,CAD,purchase,PENDING,2025-07-19 08:31:31
TXN00047040,ACC002474,MER0101,2025-09-18 12:55:45,11.82,NGN,PURCHASE,posted,2025-09-18 12:55:45
TXN00047596,ACC000872,MER0008,2025-08-12 03:49:01,6.69,usd,WITHDRAWAL,POSTED,2025-08-12 03:49:01
TXN00045187,ACC003210,MER0106,2025-08-12 22:35:56,2.66,gbp,WITHDRAWAL,posted,2025-08-12 22:35:56
TXN00047483,ACC001198,MER0075,2025-09-06 00:09:19,25.15,EUR,DEPOSIT,REVERSED,2025-09-06 00:09:19
TXN00045571,ACC000254,MER0036,2025-07-10 20:45:34,8.51,GBP,TRANSFER,REVERSED,2025-07-10 20:45:34
TXN00047200,ACC000194,MER0104,2025-07-21 02:58:12,12.08,NGN,WITHDRAWAL,posted,2025-07-21 02:58:12
TXN00044761,ACC000704,MER0143,2025-08-06 04:06:30,4.76,USD,TRANSFER,REVERSED,2025-08-06 04:06:30
TXN00045816,ACC000148,MER0034,2025-08-18 21:53:10,93.64,JPY,PURCHASE,POSTED,2025-08-18 21:53:10
TXN00044335,ACC000782,MER0101,2025-09-13 01:54:07,31.94,INR,DEPOSIT,POSTED,2025-09-13 01:54:07
TXN00045689,ACC000292,MER0119,2025-08-25 23:24:03,42.78,NGN,REFUND,POSTED,2025-08-25 23:24:03
TXN00042217,ACC002432,MER0137,2025-07-17 10:32:32,8.15,GBP,REFUND,DECLINED,2025-07-17 10:32:32
TXN00045111,ACC000719,MER0110,2025-09-30 16:46:42,43.87,INR,REFUND,REVERSED,2025-09-30 16:46:42
TXN00044944,ACC002074,MER0027,2025-09-20 09:00:00,2.49,gbp,DEPOSIT,POSTED,2025-09-20 09:00:00
TXN00045241,ACC001102,MER0075,2025-09-28 18:15:09,30.49,USD,REFUND,posted,2025-09-28 18:15:09
TXN00041731,ACC001077,MER0050,2025-08-07 16:11:12,68.44,CAD,PURCHASE,DECLINED,2025-08-07 16:11:12
TXN00042130,ACC002219,MER0126,2025-09-25 10:12:12,8.47,usd,REFUND,DECLINED,2025-09-25 10:12:12
TXN00040740,ACC002190,MER0090,2025-08-13 11:50:59,31.27,CAD,DEPOSIT,DECLINED,2025-08-13 11:50:59
TXN00046560,ACC003608,MER0127,2025-09-07 02:38:32,43.56,gbp,REFUND,posted,2025-09-07 02:38:32
TXN00047295,ACC003840,MER0082,2025-07-23 10:57:03,23.71,gbp,purchase,REVERSED,2025-07-23 10:57:03
TXN00045557,ACC003109,MER0141,2025-09-21 13:17:53,5.51,INR,DEPOSIT,PENDING,2025-09-21 13:17:53
TXN00047335,ACC001682,MER0108,2025-07-11 13:07:13,40.67,GBP,REFUND,DECLINED,2025-07-11 13:07:13
TXN00045663,ACC003378,MER0015,2025-08-16 17:17:04,62.89,usd,TRANSFER,REVERSED,2025-08-16 17:17:04
TXN00047706,ACC002061,MER0049,2025-08-16 16:58:59,19.59,USD,purchase,posted,2025-08-16 16:58:59
TXN00043894,ACC000155,MER0037,2025-08-29 20:52:37,79.86,USD,PURCHASE,POSTED,2025-08-29 20:52:37
TXN00046720,ACC003700,MER0014,2025-08-30 08:56:56,94.12,usd,purchase,posted,2025-08-30 08:56:56
TXN00044074,ACC003862,MER0022,2025-08-31 13:09:33,8.38,INR,PURCHASE,POSTED,2025-08-31 13:09:33
TXN00045202,ACC000667,MER0083,2025-08-21 14:06:42,32.25,USD,DEPOSIT,POSTED,2025-08-21 14:06:42
TXN00047873,ACC002992,MER0083,2025-07-12 10:22:51,22.3,USD,WITHDRAWAL,POSTED,2025-07-12 10:22:51
TXN00047579,ACC000160,MER0138,2025-07-10 22:36:10,104.25,INR,PURCHASE,DECLINED,2025-07-10 22:36:10
TXN00045825,ACC000977,MER0008,2025-08-30 23:48:50,62.94,EUR,TRANSFER,posted,2025-08-30 23:48:50
TXN00047711,ACC003263,MER0125,2025-08-01 19:37:02,94.49,gbp,purchase,posted,2025-08-01 19:37:02
TXN00040626,ACC001725,MER0117,2025-08-13 09:27:04,37.13,USD,WITHDRAWAL,PENDING,2025-08-13 09:27:04
TXN00047124,ACC002735,MER0143,2025-09-08 14:07:36,13.5,USD,REFUND,PENDING,2025-09-08 14:07:36
TXN00040184,ACC001679,MER0142,2025-07-20 10:55:40,6.64,JPY,PURCHASE,REVERSED,2025-07-20 10:55:40
TXN00028670,ACC001502,MER0093,2025-05-06 07:10:06,13.46,JPY,DEPOSIT,POSTED,2025-09-15 22:10:13
TXN00042919,ACC000254,MER0089,2025-07-30 22:35:50,43.04,NGN,PURCHASE,POSTED,2025-07-30 22:35:50
TXN00043449,ACC003612,MER0142,2025-07-12 22:57:25,15.9,NGN,PURCHASE,REVERSED,2025-07-12 22:57:25
TXN00044856,ACC001818,MER0148,2025-07-25 03:27:07,11.96,NGN,PURCHASE,PENDING,2025-07-25 03:27:07
TXN00040295,ACC001748,MER0004,2025-07-01 03:24:00,17.53,JPY,PURCHASE,DECLINED,2025-07-01 03:24:00
TXN00044297,ACC000005,MER0001,2025-08-16 04:19:25,32.28,usd,TRANSFER,POSTED,2025-08-16 04:19:25
TXN00043698,ACC003372,MER0099,2025-07-21 13:47:07,6.73,USD,REFUND,PENDING,2025-07-21 13:47:07
TXN00040506,ACC002101,MER0049,2025-08-01 05:43:03,94.52,USD,purchase,REVERSED,2025-08-01 05:43:03
TXN00047812,ACC003818,MER0075,2025-09-24 00:50:15,24.8,JPY,PURCHASE,posted,2025-09-24 00:50:15
TXN00043206,ACC003359,MER0027,2025-07-20 09:28:55,31.97,usd,REFUND,PENDING,2025-07-20 09:28:55
TXN00042256,ACC003370,MER0002,2025-08-19 14:25:11,50.77,CAD,TRANSFER,POSTED,2025-08-19 14:25:11
TXN00046041,ACC000705,MER0128,2025-08-12 05:17:13,5.51,CAD,purchase,PENDING,2025-08-12 05:17:13
TXN00041859,ACC000224,MER0017,2025-07-15 02:13:06,275.87,EUR,REFUND,REVERSED,2025-07-15 02:13:06
TXN00041489,ACC002791,MER0005,2025-08-10 10:15:24,3.66,NGN,TRANSFER,POSTED,2025-08-10 10:15:24
TXN00040069,ACC001529,MER0045,2025-08-28 11:01:13,63.06,INR,purchase,DECLINED,2025-08-28 11:01:13
TXN00011991,ACC001328,MER0047,2024-11-28 02:40:30,70.28,gbp,WITHDRAWAL,REVERSED,2025-08-12 20:23:50
TXN00043683,ACC002889,MER0060,2025-08-25 06:00:38,20.64,GBP,DEPOSIT,POSTED,2025-08-25 06:00:38
TXN00047886,ACC000199,MER0137,2025-09-10 08:35:47,1.93,NGN,DEPOSIT,POSTED,2025-09-10 08:35:47
TXN00043610,ACC000196,MER0099,2025-07-31 05:45:36,64.28,usd,PURCHASE,posted,2025-07-31 05:45:36
TXN00047420,ACC001639,MER0138,2025-09-21 08:49:02,30.25,USD,DEPOSIT,PENDING,2025-09-21 08:49:02
TXN00026888,ACC001869,MER0014,2025-02-09 00:24:45,21.43,USD,PURCHASE,POSTED,2025-09-05 10:15:33
TXN00044226,ACC002218,MER0123,2025-09-18 15:16:03,90.63,EUR,purchase,REVERSED,2025-09-18 15:16:03
TXN00047878,ACC001789,MER0085,2025-09-29 14:27:03,5.52,INR,TRANSFER,DECLINED,2025-09-29 14:27:03
TXN00040737,ACC002297,MER0108,2025-08-18 06:52:37,2.03,INR,WITHDRAWAL,DECLINED,2025-08-18 06:52:37
TXN00043215,ACC001748,MER0128,2025-08-14 17:53:08,69.42,INR,WITHDRAWAL,REVERSED,2025-08-14 17:53:08
TXN00042061,ACC003704,MER0002,2025-08-11 18:45:08,107.9,INR,DEPOSIT,posted,2025-08-11 18:45:08
TXN00047484,ACC003328,MER0106,2025-08-19 04:33:49,103.42,usd,PURCHASE,PENDING,2025-08-19 04:33:49
TXN00043541,ACC002777,MER0023,2025-08-08 09:55:41,22.45,usd,PURCHASE,PENDING,2025-08-08 09:55:41
TXN00044398,ACC001146,MER0106,2025-07-18 20:45:23,44.02,usd,WITHDRAWAL,DECLINED,2025-07-18 20:45:23
TXN00041586,ACC000252,MER0113,2025-08-29 16:15:06,44.48,NGN,DEPOSIT,posted,2025-08-29 16:15:06
TXN00045230,ACC000823,MER0074,2025-07-13 10:52:52,23.02,usd,DEPOSIT,DECLINED,2025-07-13 10:52:52
TXN00042304,ACC000181,MER0007,2025-09-20 14:29:19,28.46,CAD,WITHDRAWAL,PENDING,2025-09-20 14:29:19
TXN00046943,ACC003060,MER0056,2025-07-03 01:29:36,66.31,gbp,REFUND,PENDING,2025-07-03 01:29:36
TXN00042080,ACC002701,MER0014,2025-08-19 03:20:42,34.93,INR,REFUND,posted,2025-08-19 03:20:42
TXN00045707,ACC000743,MER0011,2025-08-02 04:30:54,10.04,USD,DEPOSIT,POSTED,2025-08-02 04:30:54
TXN00045157,ACC000302,MER0074,2025-08-10 00:31:34,11.94,GBP,DEPOSIT,DECLINED,2025-08-10 00:31:34
TXN00041248,ACC003628,MER0020,2025-08-14 09:15:02,16.63,usd,PURCHASE,posted,2025-08-14 09:15:02
TXN00040493,ACC001719,MER0025,2025-09-16 03:21:09,5.1,gbp,REFUND,PENDING,2025-09-16 03:21:09
TXN00046022,ACC001039,MER0103,2025-08-18 17:41:23,135.38,NGN,purchase,DECLINED,2025-08-18 17:41:23
TXN00046141,ACC001815,MER0022,2025-09-18 00:31:10,28.37,usd,purchase,POSTED,2025-09-18 00:31:10
TXN00045542,ACC003194,MER0049,2025-09-24 15:36:56,20.67,GBP,WITHDRAWAL,posted,2025-09-24 15:36:56
TXN00044312,ACC000150,MER0062,2025-09-24 11:21:23,55.78,JPY,DEPOSIT,DECLINED,2025-09-24 11:21:23
TXN00041951,ACC000201,MER0108,2025-08-11 03:17:54,17.65,INR,purchase,DECLINED,2025-08-11 03:17:54
TXN00043400,ACC003511,MER0117,2025-07-24 05:33:41,22.94,USD,purchase,PENDING,2025-07-24 05:33:41
TXN00044826,ACC003738,MER0053,2025-07-15 21:00:19,7.13,NGN,WITHDRAWAL,posted,2025-07-15 21:00:19
TXN00047277,ACC002132,MER0061,2025-07-19 02:14:07,29.03,CAD,DEPOSIT,PENDING,2025-07-19 02:14:07
TXN00030933,ACC002046,MER0029,2025-04-27 07:57:31,7.64,INR,PURCHASE,REVERSED,2025-07-08 01:49:12
TXN00045742,ACC003361,MER0051,2025-07-16 07:01:55,347.25,USD,DEPOSIT,PENDING,2025-07-16 07:01:55
TXN00040852,ACC001382,MER0084,2025-08-28 14:26:47,28.15,CAD,REFUND,POSTED,2025-08-28 14:26:47
TXN00041873,ACC003122,MER0025,2025-09-03 13:16:55,36.38,INR,DEPOSIT,posted,2025-09-03 13:16:55
TXN00044061,ACC003424,MER0100,2025-09-22 10:07:33,27.1,USD,DEPOSIT,PENDING,2025-09-22 10:07:33
TXN00042501,ACC001462,MER0116,2025-08-06 16:44:22,12.16,INR,REFUND,POSTED,2025-08-06 16:44:22
TXN00041801,ACC003730,MER0057,2025-07-20 03:03:18,13.95,gbp,WITHDRAWAL,posted,2025-07-20 03:03:18
TXN00002188,ACC001871,MER0111,2024-09-02 11:15:17,64.46,JPY,DEPOSIT,POSTED,2025-08-17 08:24:04
TXN00042183,ACC001435,MER0134,2025-07-16 03:06:13,21.59,JPY,REFUND,posted,2025-07-16 03:06:13
TXN00042440,ACC002406,MER0070,2025-09-21 15:18:32,152.5,gbp,REFUND,PENDING,2025-09-21 15:18:32
TXN00042683,ACC000322,MER0034,2025-09-25 03:31:46,23.89,usd,REFUND,REVERSED,2025-09-25 03:31:46
TXN00045088,ACC001629,MER0103,2025-08-29 22:00:01,43.23,EUR,REFUND,DECLINED,2025-08-29 22:00:01
TXN00044247,ACC001788,MER0105,2025-09-09 23:28:23,4.99,usd,TRANSFER,POSTED,2025-09-09 23:28:23
TXN00044366,ACC000983,MER0007,2025-09-13 13:37:14,7.73,NGN,PURCHASE,POSTED,2025-09-13 13:37:14
TXN00042195,ACC001113,MER0096,2025-09-22 11:59:52,11.45,USD,PURCHASE,PENDING,2025-09-22 11:59:52
TXN00046550,ACC000447,MER0012,2025-07-04 07:16:38,97.41,usd,PURCHASE,posted,2025-07-04 07:16:38
TXN00040355,ACC000218,MER0107,2025-08-28 10:03:30,11.46,CAD,purchase,POSTED,2025-08-28 10:03:30
TXN00046368,ACC000793,MER0042,2025-07-01 14:11:24,8.51,gbp,DEPOSIT,POSTED,2025-07-01 14:11:24
TXN00040448,ACC002932,MER0051,2025-07-21 00:54:42,4.57,CAD,REFUND,DECLINED,2025-07-21 00:54:42
TXN00041035,ACC002478,MER0068,2025-08-05 23:43:24,27.95,JPY,TRANSFER,PENDING,2025-08-05 23:43:24
TXN00041966,ACC001674,MER0138,2025-08-09 12:24:29,24.72,INR,DEPOSIT,posted,2025-08-09 12:24:29
TXN00040627,ACC003938,MER0027,2025-09-26 15:20:02,3.65,GBP,TRANSFER,POSTED,2025-09-26 15:20:02
TXN00042190,ACC000628,MER0101,2025-08-28 14:12:07,22.74,usd,REFUND,posted,2025-08-28 14:12:07
TXN00040793,ACC003816,MER0063,2025-09-05 21:37:47,14.28,JPY,TRANSFER,DECLINED,2025-09-05 21:37:47
TXN00047225,ACC001891,MER0067,2025-08-01 02:49:08,0.79,NGN,purchase,REVERSED,2025-08-01 02:49:08
TXN00044021,ACC001841,MER0060,2025-07-29 13:09:44,143.5,EUR,DEPOSIT,PENDING,2025-07-29 13:09:44
TXN00041619,ACC003794,MER0133,2025-09-17 23:27:09,38.56,gbp,REFUND,PENDING,2025-09-17 23:27:09
TXN00003140,ACC003787,MER0093,2024-03-08 12:10:39,5.2,INR,REFUND,DECLINED,2025-08-18 10:31:05
TXN00040850,ACC002293,MER0057,2025-09-24 02:46:39,10.25,usd,purchase,POSTED,2025-09-24 02:46:39
TXN00040903,ACC002995,MER0050,2025-07-02 00:34:00,14.87,JPY,DEPOSIT,DECLINED,2025-07-02 00:34:00
TXN00040049,ACC002823,MER0127,2025-09-27 08:28:34,146.99,GBP,REFUND,posted,2025-09-27 08:28:34
TXN00044156,ACC001640,MER0018,2025-08-28 05:12:32,28.57,INR,TRANSFER,posted,2025-08-28 05:12:32
TXN00042375,ACC001657,MER0069,2025-07-22 13:17:52,1.87,gbp,purchase,DECLINED,2025-07-22 13:17:52
TXN00042491,ACC001257,MER0032,2025-07-05 20:54:35,34.58,CAD,REFUND,posted,2025-07-05 20:54:35
TXN00047791,ACC002062,MER0096,2025-09-28 04:06:02,77.06,usd,REFUND,DECLINED,2025-09-28 04:06:02
TXN00040480,ACC002719,MER0117,2025-09-22 23:13:58,5.28,EUR,PURCHASE,POSTED,2025-09-22 23:13:58
TXN00043494,ACC001388,MER0035,2025-07-15 00:17:19,38864.01,USD,TRANSFER,PENDING,2025-07-15 00:17:19
TXN00045235,ACC003304,MER0111,2025-07-07 13:23:30,58.64,CAD,TRANSFER,POSTED,2025-07-07 13:23:30
TXN00041254,ACC002546,MER0010,2025-07-26 14:09:23,4.6,gbp,PURCHASE,PENDING,2025-07-26 14:09:23
TXN00041185,ACC002590,MER0031,2025-09-14 17:01:26,15.37,usd,PURCHASE,DECLINED,2025-09-14 17:01:26
TXN00045629,ACC002024,MER0059,2025-08-02 13:03:07,18.7,JPY,purchase,REVERSED,2025-08-02 13:03:07
TXN00047121,ACC002825,MER0064,2025-07-06 06:39:19,232.12,NGN,DEPOSIT,posted,2025-07-06 06:39:19
TXN00044512,ACC000065,MER0019,2025-09-28 00:19:36,174.8,usd,purchase,PENDING,2025-09-28 00:19:36
TXN00041027,ACC003291,MER0029,2025-07-25 21:36:27,20.89,INR,WITHDRAWAL,DECLINED,2025-07-25 21:36:27
TXN00045699,ACC000721,MER0116,2025-07-06 11:36:10,21.64,JPY,REFUND,PENDING,2025-07-06 11:36:10
TXN00044984,ACC003096,MER0082,2025-08-05 04:06:41,19.22,gbp,DEPOSIT,DECLINED,2025-08-05 04:06:41
TXN00047213,ACC003279,MER0053,2025-09-28 23:56:49,14.29,USD,purchase,posted,2025-09-28 23:56:49
TXN00045061,ACC003646,MER0090,2025-07-04 23:57:51,21.93,GBP,purchase,PENDING,2025-07-04 23:57:51
TXN00046430,ACC003421,MER0050,2025-09-29 16:49:59,5.04,INR,purchase,REVERSED,2025-09-29 16:49:59
TXN00045254,ACC002102,MER0075,2025-07-18 18:29:42,90.97,NGN,REFUND,posted,2025-07-18 18:29:42
TXN00047670,ACC000533,MER0131,2025-08-06 05:01:21,44.81,usd,purchase,DECLINED,2025-08-06 05:01:21
TXN00044619,ACC002949,MER0057,2025-08-16 18:23:05,26.62,usd,PURCHASE,posted,2025-08-16 18:23:05
TXN00014142,ACC003587,MER0117,2024-04-03 02:00:26,7.1,CAD,TRANSFER,DECLINED,2025-08-26 02:19:35
TXN00041338,ACC003113,MER0016,2025-07-15 19:42:17,63.17,CAD,DEPOSIT,DECLINED,2025-07-15 19:42:17
TXN00043430,ACC001196,MER0041,2025-07-25 21:22:15,44.52,NGN,purchase,DECLINED,2025-07-25 21:22:15
TXN00002761,ACC000164,MER0074,2024-01-01 01:27:10,24.15,NGN,WITHDRAWAL,POSTED,2025-09-21 13:52:07
TXN00041919,ACC002360,MER0026,2025-08-08 20:38:53,25.62,EUR,TRANSFER,posted,2025-08-08 20:38:53
TXN00046828,ACC000701,MER0085,2025-08-30 02:40:15,9.96,CAD,purchase,POSTED,2025-08-30 02:40:15
TXN00041939,ACC000622,MER0047,2025-09-07 14:58:43,56.58,NGN,purchase,DECLINED,2025-09-07 14:58:43
TXN00020617,ACC002960,MER0129,2024-12-29 13:55:44,20.55,usd,purchase,DECLINED,2025-09-28 23:11:40
TXN00047224,ACC002016,MER0003,2025-08-29 21:36:55,4.3,EUR,DEPOSIT,posted,2025-08-29 21:36:55
TXN00043117,ACC002693,MER0024,2025-07-15 07:21:38,34.43,CAD,purchase,PENDING,2025-07-15 07:21:38
TXN00040616,ACC000096,MER0079,2025-09-13 06:12:04,115.87,EUR,PURCHASE,PENDING,2025-09-13 06:12:04
TXN00047896,ACC001419,MER0119,2025-07-18 20:18:56,43.6,usd,TRANSFER,PENDING,2025-07-18 20:18:56
TXN00041635,ACC002916,MER0054,2025-08-05 03:00:49,5.93,CAD,REFUND,POSTED,2025-08-05 03:00:49
TXN00043553,ACC002808,MER0028,2025-07-05 10:33:50,11.41,INR,REFUND,PENDING,2025-07-05 10:33:50
TXN00040608,ACC001468,MER0020,2025-07-15 11:51:04,25.35,gbp,WITHDRAWAL,posted,2025-07-15 11:51:04
TXN00042418,ACC002271,MER0038,2025-08-19 05:53:59,82.3,CAD,DEPOSIT,REVERSED,2025-08-19 05:53:59
TXN00047546,ACC003911,MER0031,2025-07-09 12:25:35,13.67,GBP,REFUND,REVERSED,2025-07-09 12:25:35
TXN00044922,ACC003256,MER0139,2025-08-24 06:40:21,5.46,USD,DEPOSIT,REVERSED,2025-08-24 06:40:21
TXN00040202,ACC000824,MER0073,2025-09-26 08:30:10,17.83,gbp,PURCHASE,DECLINED,2025-09-26 08:30:10
TXN00041155,ACC000471,MER0143,2025-08-27 06:48:11,248.15,INR,purchase,REVERSED,2025-08-27 06:48:11
TXN00044056,ACC003356,MER0096,2025-09-22 13:02:32,36.9,gbp,PURCHASE,DECLINED,2025-09-22 13:02:32
TXN00041756,ACC001852,MER0035,2025-08-29 00:07:38,47.4,GBP,PURCHASE,POSTED,2025-08-29 00:07:38
TXN00042502,ACC002981,MER0092,2025-08-22 12:34:00,12.87,USD,DEPOSIT,PENDING,2025-08-22 12:34:00
TXN00045383,ACC001601,MER0146,2025-08-02 05:17:52,53.99,EUR,purchase,PENDING,2025-08-02 05:17:52
TXN00047158,ACC000360,MER0077,2025-09-05 12:04:15,8.68,EUR,DEPOSIT,posted,2025-09-05 12:04:15
TXN00044673,ACC002799,MER0013,2025-08-19 05:38:27,4.55,usd,PURCHASE,DECLINED,2025-08-19 05:38:27
TXN00045540,ACC000101,MER0078,2025-07-26 06:29:54,10.69,GBP,REFUND,POSTED,2025-07-26 06:29:54
TXN00041335,ACC003529,MER0084,2025-07-13 19:47:22,36.83,usd,purchase,DECLINED,2025-07-13 19:47:22
TXN00043448,ACC003548,MER0014,2025-07-08 14:42:05,41.2,NGN,REFUND,POSTED,2025-07-08 14:42:05
TXN00042587,ACC003071,MER0113,2025-08-15 03:17:21,42.11,CAD,REFUND,PENDING,2025-08-15 03:17:21
TXN00040849,ACC000863,MER0086,2025-08-19 21:26:04,6.48,USD,DEPOSIT,PENDING,2025-08-19 21:26:04
TXN00042332,ACC000431,MER0035,2025-09-04 09:20:33,6.95,GBP,PURCHASE,REVERSED,2025-09-04 09:20:33
TXN00047938,ACC001654,MER0130,2025-07-20 17:30:17,16.61,INR,TRANSFER,REVERSED,2025-07-20 17:30:17
TXN00045346,ACC003814,MER0040,2025-09-20 17:06:25,16.81,usd,TRANSFER,posted,2025-09-20 17:06:25
TXN00041641,ACC000180,MER0112,2025-09-08 17:49:17,31.36,GBP,TRANSFER,REVERSED,2025-09-08 17:49:17
TXN00046686,ACC002554,MER0002,2025-08-26 03:39:35,0.92,JPY,PURCHASE,DECLINED,2025-08-26 03:39:35
TXN00044159,ACC002824,MER0036,2025-09-21 09:14:53,6.29,USD,purchase,REVERSED,2025-09-21 09:14:53
TXN00047052,ACC002148,MER0075,2025-08-24 03:43:31,4.37,gbp,WITHDRAWAL,POSTED,2025-08-24 03:43:31
TXN00010141,ACC003291,MER0062,2024-09-09 21:56:09,15.2,gbp,PURCHASE,REVERSED,2025-08-07 09:28:24
TXN00009797,ACC003380,MER0091,2025-04-15 02:40:58,82.76,GBP,REFUND,REVERSED,2025-08-28 17:48:04
TXN00046743,ACC003770,MER0035,2025-07-23 22:44:06,44.04,usd,PURCHASE,REVERSED,2025-07-23 22:44:06
TXN00047817,ACC002364,MER0001,2025-09-17 05:22:45,17.05,JPY,purchase,PENDING,2025-09-17 05:22:45
TXN00046762,ACC001351,MER0111,2025-07-04 15:26:44,11.88,GBP,REFUND,DECLINED,2025-07-04 15:26:44
TXN00046847,ACC002955,MER0074,2025-08-25 23:52:59,61.4,EUR,purchase,posted,2025-08-25 23:52:59
TXN00040813,ACC001395,MER0091,2025-07-14 13:19:13,20.17,USD,TRANSFER,PENDING,2025-07-14 13:19:13
TXN00040851,ACC001727,MER0004,2025-09-27 19:44:36,75.19,GBP,purchase,REVERSED,2025-09-27 19:44:36
TXN00043031,ACC002055,MER0072,2025-07-04 12:20:17,5.41,USD,REFUND,DECLINED,2025-07-04 12:20:17
TXN00043032,ACC000507,MER0067,2025-07-12 19:22:49,9.41,INR,WITHDRAWAL,PENDING,2025-07-12 19:22:49
TXN00044617,ACC003826,MER0085,2025-08-28 13:38:32,31.87,USD,WITHDRAWAL,posted,2025-08-28 13:38:32
TXN00040925,ACC002062,MER0084,2025-08-18 19:02:28,32.34,USD,WITHDRAWAL,REVERSED,2025-08-18 19:02:28
TXN00044463,ACC001939,MER0084,2025-08-03 23:35:05,14.19,usd,WITHDRAWAL,REVERSED,2025-08-03 23:35:05
TXN00042776,ACC002210,MER0073,2025-08-13 16:14:11,117.92,gbp,purchase,PENDING,2025-08-13 16:14:11
TXN00042650,ACC003797,MER0107,2025-08-07 04:28:52,25.74,NGN,REFUND,DECLINED,2025-08-07 04:28:52
TXN00047123,ACC001863,MER0092,2025-07-17 06:34:41,60.11,NGN,REFUND,posted,2025-07-17 06:34:41
TXN00044683,ACC002072,MER0115,2025-08-08 16:40:38,135.19,JPY,REFUND,posted,2025-08-08 16:40:38
TXN00046197,ACC000481,MER0044,2025-09-09 23:47:24,28.19,gbp,TRANSFER,PENDING,2025-09-09 23:47:24
TXN00045712,ACC003363,MER0056,2025-08-29 06:13:10,22.68,NGN,REFUND,DECLINED,2025-08-29 06:13:10
TXN00040262,ACC003942,MER0132,2025-08-11 00:44:43,38.45,USD,WITHDRAWAL,POSTED,2025-08-11 00:44:43
TXN00040678,ACC002358,MER0057,2025-07-07 17:59:58,61.01,USD,WITHDRAWAL,PENDING,2025-07-07 17:59:58
TXN00047562,ACC003595,MER0144,2025-09-21 03:09:00,5.69,CAD,REFUND,REVERSED,2025-09-21 03:09:00
TXN00043064,ACC003613,MER0082,2025-08-18 18:18:18,27.21,usd,DEPOSIT,posted,2025-08-18 18:18:18
TXN00040483,ACC003510,MER0071,2025-08-09 18:15:54,7.82,usd,REFUND,posted,2025-08-09 18:15:54
TXN00045849,ACC002949,MER0141,2025-08-21 06:28:47,46.47,usd,DEPOSIT,DECLINED,2025-08-21 06:28:47
TXN00009614,ACC001042,MER0123,2024-08-18 13:06:36,129.04,NGN,REFUND,POSTED,2025-07-13 03:27:30
TXN00044057,ACC003571,MER0112,2025-09-29 20:25:09,30.03,NGN,WITHDRAWAL,DECLINED,2025-09-29 20:25:09
TXN00041642,ACC001576,MER0024,2025-08-08 20:49:34,20.08,EUR,purchase,DECLINED,2025-08-08 20:49:34
TXN00040666,ACC002300,MER0092,2025-09-13 01:40:56,9.58,CAD,PURCHASE,REVERSED,2025-09-13 01:40:56
TXN00044152,ACC001767,MER0132,2025-07-04 14:26:07,1.31,NGN,DEPOSIT,POSTED,2025-07-04 14:26:07
TXN00003814,ACC002791,MER0125,2024-09-16 00:46:01,8.28,usd,TRANSFER,POSTED,2025-07-25 14:48:40
TXN00046168,ACC001149,MER0138,2025-07-20 11:14:17,26.43,GBP,PURCHASE,POSTED,2025-07-20 11:14:17
TXN00043750,ACC001917,MER0093,2025-07-18 00:43:39,69.49,USD,PURCHASE,REVERSED,2025-07-18 00:43:39
TXN00045366,ACC003052,MER0021,2025-08-24 18:40:00,15.51,JPY,TRANSFER,DECLINED,2025-08-24 18:40:00
TXN00043007,ACC001655,MER0150,2025-07-17 07:38:40,14.29,usd,REFUND,PENDING,2025-07-17 07:38:40
TXN00042560,ACC003753,MER0083,2025-08-19 22:10:30,94.84,JPY,TRANSFER,REVERSED,2025-08-19 22:10:30
TXN00042125,ACC000574,MER0134,2025-09-12 04:43:12,12.62,gbp,WITHDRAWAL,REVERSED,2025-09-12 04:43:12
TXN00044708,ACC001546,MER0062,2025-07-11 23:06:01,39.97,usd,purchase,PENDING,2025-07-11 23:06:01
TXN00046800,ACC003715,MER0080,2025-08-03 10:14:46,137.74,usd,TRANSFER,DECLINED,2025-08-03 10:14:46
TXN00042151,ACC000676,MER0015,2025-08-24 12:31:44,11.34,INR,WITHDRAWAL,PENDING,2025-08-24 12:31:44
TXN00043381,ACC000266,MER0063,2025-07-26 04:11:53,25.05,CAD,DEPOSIT,DECLINED,2025-07-26 04:11:53
TXN00043238,ACC002911,MER0131,2025-07-14 11:34:05,62.53,USD,PURCHASE,DECLINED,2025-07-14 11:34:05
TXN00041091,ACC002110,MER0081,2025-08-10 20:57:06,182.33,EUR,DEPOSIT,posted,2025-08-10 20:57:06
TXN00042455,ACC002168,MER0081,2025-08-22 00:49:21,41.89,INR,TRANSFER,PENDING,2025-08-22 00:49:21
TXN00002855,ACC003786,MER0045,2024-11-22 03:18:20,125.57,NGN,PURCHASE,POSTED,2025-07-11 09:07:32
TXN00015503,ACC000602,MER0024,2025-01-29 19:25:03,16.97,JPY,PURCHASE,DECLINED,2025-07-12 08:11:13
TXN00041589,ACC002471,MER0003,2025-07-09 16:05:43,44.4,usd,PURCHASE,DECLINED,2025-07-09 16:05:43
TXN00045501,ACC000992,MER0123,2025-08-27 18:11:20,32.64,NGN,purchase,PENDING,2025-08-27 18:11:20
TXN00047119,ACC003750,MER0034,2025-09-05 11:44:27,32.91,GBP,DEPOSIT,PENDING,2025-09-05 11:44:27
TXN00043388,ACC001732,MER0090,2025-08-17 12:46:48,116.13,GBP,WITHDRAWAL,DECLINED,2025-08-17 12:46:48
TXN00043036,ACC000628,MER0106,2025-09-23 14:52:09,7.94,usd,purchase,posted,2025-09-23 14:52:09
TXN00047725,ACC000569,MER0021,2025-08-31 11:25:29,41.31,usd,WITHDRAWAL,posted,2025-08-31 11:25:29
TXN00046069,ACC001453,MER0052,2025-07-18 08:41:07,69.88,EUR,TRANSFER,REVERSED,2025-07-18 08:41:07
TXN00043964,ACC000850,MER0138,2025-08-19 18:35:14,41.48,USD,WITHDRAWAL,posted,2025-08-19 18:35:14
TXN00041778,ACC003915,MER0131,2025-08-06 21:00:22,23.85,INR,WITHDRAWAL,PENDING,2025-08-06 21:00:22
TXN00046966,ACC000171,MER0087,2025-09-29 08:52:52,34.63,NGN,TRANSFER,PENDING,2025-09-29 08:52:52
TXN00047814,ACC002829,MER0104,2025-07-30 11:07:43,79.91,JPY,purchase,REVERSED,2025-07-30 11:07:43
TXN00045962,ACC003113,MER0065,2025-09-12 12:29:19,78.48,EUR,DEPOSIT,DECLINED,2025-09-12 12:29:19
TXN00047025,ACC003923,MER0053,2025-08-10 01:19:16,29.68,INR,DEPOSIT,REVERSED,2025-08-10 01:19:16
TXN00042225,ACC003768,MER0062,2025-08-10 08:35:13,69.2,EUR,purchase,DECLINED,2025-08-10 08:35:13
TXN00040171,ACC003635,MER0100,2025-09-16 06:45:18,74.99,GBP,REFUND,PENDING,2025-09-16 06:45:18
TXN00047674,ACC003354,MER0035,2025-09-21 01:23:32,19.48,INR,WITHDRAWAL,PENDING,2025-09-21 01:23:32
TXN00017308,ACC003394,MER0060,2025-05-08 04:14:25,11.67,JPY,purchase,POSTED,2025-07-22 04:01:02
TXN00044635,ACC001638,MER0101,2025-08-18 06:45:57,9.36,gbp,REFUND,DECLINED,2025-08-18 06:45:57
TXN00040151,ACC001598,MER0075,2025-08-12 20:38:09,67.73,GBP,TRANSFER,PENDING,2025-08-12 20:38:09
TXN00047291,ACC002756,MER0012,2025-07-31 09:54:50,40.34,GBP,REFUND,posted,2025-07-31 09:54:50
TXN00043162,ACC002325,MER0022,2025-08-15 09:08:33,5.17,EUR,REFUND,DECLINED,2025-08-15 09:08:33
TXN00026262,ACC002475,MER0109,2024-05-10 09:57:49,8.56,EUR,DEPOSIT,DECLINED,2025-07-29 03:26:11
TXN00042179,ACC003547,MER0106,2025-09-04 11:54:57,16.57,usd,DEPOSIT,DECLINED,2025-09-04 11:54:57
TXN00005318,ACC001988,MER0079,2025-01-25 04:56:46,89.29,GBP,REFUND,DECLINED,2025-08-19 20:45:36
TXN00042594,ACC002206,MER0078,2025-08-14 14:49:57,13.52,gbp,DEPOSIT,DECLINED,2025-08-14 14:49:57
TXN00047196,ACC001845,MER0145,2025-08-06 15:48:57,35.48,GBP,TRANSFER,POSTED,2025-08-06 15:48:57
TXN00041779,ACC002721,MER0116,2025-08-17 17:29:40,3.06,INR,WITHDRAWAL,POSTED,2025-08-17 17:29:40
TXN00047450,ACC003796,MER0114,2025-09-21 10:51:06,105.39,JPY,TRANSFER,REVERSED,2025-09-21 10:51:06
TXN00044645,ACC001103,MER0062,2025-07-24 08:58:38,52.29,CAD,TRANSFER,posted,2025-07-24 08:58:38
TXN00040400,ACC002479,MER0055,2025-09-06 20:11:11,196.07,NGN,DEPOSIT,PENDING,2025-09-06 20:11:11
TXN00046016,ACC002289,MER0063,2025-08-06 00:14:01,15.77,EUR,TRANSFER,posted,2025-08-06 00:14:01
TXN00042314,ACC001089,MER0085,2025-08-29 19:34:03,21.72,GBP,WITHDRAWAL,POSTED,2025-08-29 19:34:03
TXN00047478,ACC000418,MER0113,2025-09-22 01:34:39,80.96,GBP,PURCHASE,DECLINED,2025-09-22 01:34:39
TXN00047110,ACC001136,MER0065,2025-08-12 11:15:16,24.55,EUR,DEPOSIT,POSTED,2025-08-12 11:15:16
TXN00044611,ACC000693,MER0089,2025-07-06 12:37:05,312.88,gbp,TRANSFER,PENDING,2025-07-06 12:37:05
TXN00041025,ACC002064,MER0072,2025-08-01 22:13:31,87.68,USD,TRANSFER,posted,2025-08-01 22:13:31
TXN00044362,ACC003762,MER0140,2025-08-02 18:10:40,25.28,gbp,purchase,POSTED,2025-08-02 18:10:40
TXN00042588,ACC002015,MER0077,2025-07-30 12:24:11,2.16,JPY,purchase,REVERSED,2025-07-30 12:24:11
TXN00042463,ACC003011,MER0059,2025-09-26 03:21:56,16.64,INR,DEPOSIT,PENDING,2025-09-26 03:21:56
TXN00014818,ACC003240,MER0032,2024-10-27 07:22:17,129.2,NGN,TRANSFER,DECLINED,2025-09-16 17:20:43
TXN00047644,ACC002032,MER0047,2025-09-29 18:21:36,76.88,NGN,WITHDRAWAL,PENDING,2025-09-29 18:21:36
TXN00040722,ACC000993,MER0092,2025-07-23 04:38:12,66.99,INR,DEPOSIT,posted,2025-07-23 04:38:12
TXN00042578,ACC001542,MER0019,2025-09-07 02:23:34,70.74,usd,TRANSFER,PENDING,2025-09-07 02:23:34
TXN00045519,ACC001723,MER0014,2025-08-07 05:46:38,3.12,gbp,WITHDRAWAL,REVERSED,2025-08-07 05:46:38
TXN00043340,ACC003391,MER0132,2025-09-11 19:15:16,30.31,gbp,PURCHASE,DECLINED,2025-09-11 19:15:16
TXN00043573,ACC001272,MER0110,2025-09-22 11:13:32,18.24,CAD,TRANSFER,posted,2025-09-22 11:13:32
TXN00045397,ACC003345,MER0004,2025-09-22 22:10:28,12.52,GBP,REFUND,PENDING,2025-09-22 22:10:28
TXN00041550,ACC001323,MER0064,2025-07-22 06:40:22,5.02,JPY,DEPOSIT,POSTED,2025-07-22 06:40:22
TXN00041580,ACC001430,MER0123,2025-07-02 01:37:39,28.06,USD,PURCHASE,POSTED,2025-07-02 01:37:39
TXN00043539,ACC001997,MER0093,2025-08-10 15:07:36,15.04,CAD,purchase,DECLINED,2025-08-10 15:07:36
TXN00040486,ACC002850,MER0039,2025-07-03 17:27:24,60.72,usd,PURCHASE,REVERSED,2025-07-03 17:27:24
TXN00042856,ACC000538,MER0018,2025-09-13 07:20:00,17.91,CAD,TRANSFER,posted,2025-09-13 07:20:00
TXN00041426,ACC000258,MER0131,2025-08-10 13:27:53,46.72,EUR,TRANSFER,REVERSED,2025-08-10 13:27:53
TXN00043762,ACC000135,MER0145,2025-07-06 16:24:56,71.37,usd,PURCHASE,POSTED,2025-07-06 16:24:56
TXN00043263,ACC001791,MER0003,2025-09-30 21:14:11,88.31,INR,REFUND,POSTED,2025-09-30 21:14:11
TXN00007906,ACC002380,MER0094,2024-08-24 01:30:24,19.14,gbp,WITHDRAWAL,REVERSED,2025-08-27 23:41:00
TXN00047778,ACC003199,MER0121,2025-07-25 14:20:53,16190.58,NGN,REFUND,PENDING,2025-07-25 14:20:53
TXN00043172,ACC000905,MER0111,2025-07-13 06:27:26,40.63,EUR,purchase,PENDING,2025-07-13 06:27:26
TXN00041349,ACC000973,MER0079,2025-07-18 01:05:45,8.39,NGN,purchase,POSTED,2025-07-18 01:05:45
TXN00040115,ACC003073,MER0094,2025-07-20 18:36:25,20.34,JPY,REFUND,REVERSED,2025-07-20 18:36:25
TXN00044287,ACC003379,MER0142,2025-08-16 21:15:34,15.33,NGN,PURCHASE,DECLINED,2025-08-16 21:15:34
TXN00047324,ACC001975,MER0044,2025-07-05 00:17:14,14.57,GBP,DEPOSIT,DECLINED,2025-07-05 00:17:14
TXN00043414,ACC003806,MER0068,2025-09-27 16:47:19,34.28,gbp,WITHDRAWAL,PENDING,2025-09-27 16:47:19
TXN00043948,ACC001187,MER0111,2025-07-25 01:25:29,18.63,gbp,purchase,REVERSED,2025-07-25 01:25:29
TXN00045033,ACC000747,MER0092,2025-07-18 20:11:53,47.23,CAD,WITHDRAWAL,DECLINED,2025-07-18 20:11:53
TXN00047848,ACC003239,MER0060,2025-07-01 03:31:11,18.29,gbp,PURCHASE,REVERSED,2025-07-01 03:31:11
TXN00043835,ACC002678,MER0060,2025-08-11 03:28:20,15.05,JPY,WITHDRAWAL,PENDING,2025-08-11 03:28:20
TXN00044212,ACC002493,MER0054,2025-07-31 04:12:31,66.15,EUR,DEPOSIT,POSTED,2025-07-31 04:12:31
TXN00033308,ACC000795,MER0124,2024-02-18 16:59:39,17.9,EUR,purchase,POSTED,2025-07-07 19:12:08
TXN00045853,ACC000955,MER0136,2025-09-21 16:10:48,14.8,JPY,WITHDRAWAL,posted,2025-09-21 16:10:48
TXN00019392,ACC000734,MER0004,2024-05-15 18:28:52,15.33,INR,REFUND,DECLINED,2025-08-25 00:51:57
TXN00040676,ACC001267,MER0042,2025-07-30 15:11:52,12.1,GBP,WITHDRAWAL,REVERSED,2025-07-30 15:11:52
TXN00036791,ACC002492,MER0041,2024-04-30 22:18:09,4.76,CAD,TRANSFER,REVERSED,2025-09-28 18:58:12
TXN00041990,ACC000838,MER0063,2025-09-25 19:53:04,16.5,INR,TRANSFER,posted,2025-09-25 19:53:04
TXN00044113,ACC002441,MER0079,2025-09-04 09:36:58,7.75,JPY,WITHDRAWAL,PENDING,2025-09-04 09:36:58
TXN00041401,ACC001920,MER0049,2025-08-17 00:29:13,58.57,USD,PURCHASE,PENDING,2025-08-17 00:29:13
TXN00047222,ACC002944,MER0112,2025-09-19 10:42:49,3.5,GBP,WITHDRAWAL,POSTED,2025-09-19 10:42:49
TXN00041198,ACC000287,MER0121,2025-07-02 08:21:19,10.01,usd,purchase,POSTED,2025-07-02 08:21:19
TXN00040085,ACC001773,MER0041,2025-07-24 06:18:58,12.85,EUR,REFUND,REVERSED,2025-07-24 06:18:58
TXN00045811,ACC003177,MER0149,2025-09-18 04:36:12,42.68,INR,purchase,REVERSED,2025-09-18 04:36:12
TXN00041956,ACC000323,MER0103,2025-08-07 22:52:08,18.16,CAD,TRANSFER,DECLINED,2025-08-07 22:52:08
TXN00040570,ACC002119,MER0104,2025-08-12 03:37:43,14.56,CAD,purchase,DECLINED,2025-08-12 03:37:43
TXN00040223,ACC003856,MER0066,2025-09-01 10:53:59,55.82,GBP,DEPOSIT,POSTED,2025-09-01 10:53:59
TXN00047582,ACC001278,MER0097,2025-07-10 06:32:45,25.35,CAD,TRANSFER,POSTED,2025-07-10 06:32:45
TXN00045953,ACC001537,MER0031,2025-09-18 16:30:13,38096.67,GBP,purchase,POSTED,2025-09-18 16:30:13
TXN00040657,ACC002817,MER0049,2025-07-02 00:05:00,23.87,INR,purchase,PENDING,2025-07-02 00:05:00
TXN00043038,ACC003436,MER0052,2025-07-03 02:44:46,70.68,USD,purchase,POSTED,2025-07-03 02:44:46
TXN00040689,ACC001508,MER0055,2025-08-13 22:39:26,49.72,NGN,PURCHASE,posted,2025-08-13 22:39:26
TXN00041234,ACC003444,MER0113,2025-09-18 20:18:38,59.76,INR,WITHDRAWAL,POSTED,2025-09-18 20:18:38
TXN00045561,ACC000066,MER0136,2025-07-29 06:02:09,161.91,usd,TRANSFER,POSTED,2025-07-29 06:02:09
TXN00046625,ACC001424,MER0092,2025-09-01 21:30:29,21.38,USD,TRANSFER,PENDING,2025-09-01 21:30:29
TXN00047835,ACC000081,MER0058,2025-08-12 18:39:12,33.68,EUR,TRANSFER,REVERSED,2025-08-12 18:39:12
TXN00047798,ACC001261,MER0115,2025-08-28 01:15:51,14.59,USD,PURCHASE,PENDING,2025-08-28 01:15:51
TXN00042038,ACC003801,MER0097,2025-09-30 00:21:00,26.62,CAD,PURCHASE,PENDING,2025-09-30 00:21:00
TXN00041891,ACC001992,MER0031,2025-07-14 07:28:00,282.67,usd,REFUND,REVERSED,2025-07-14 07:28:00
TXN00044553,ACC000914,MER0134,2025-08-25 09:43:08,1.22,NGN,TRANSFER,POSTED,2025-08-25 09:43:08
TXN00045888,ACC001460,MER0024,2025-07-26 17:35:26,54.81,gbp,WITHDRAWAL,REVERSED,2025-07-26 17:35:26
TXN00041701,ACC003234,MER0076,2025-09-22 22:25:40,64.12,EUR,PURCHASE,posted,2025-09-22 22:25:40
TXN00042547,ACC001759,MER0041,2025-08-18 03:08:32,5.61,usd,purchase,PENDING,2025-08-18 03:08:32
TXN00046788,ACC000533,MER0096,2025-08-28 18:23:25,4.95,INR,DEPOSIT,REVERSED,2025-08-28 18:23:25
TXN00042958,ACC002840,MER0075,2025-08-06 01:16:45,7.14,CAD,TRANSFER,PENDING,2025-08-06 01:16:45
TXN00044208,ACC003514,MER0017,2025-07-17 18:18:40,2.0,JPY,DEPOSIT,PENDING,2025-07-17 18:18:40
TXN00040660,ACC002585,MER0105,2025-08-16 06:17:11,210.42,NGN,REFUND,POSTED,2025-08-16 06:17:11
TXN00044008,ACC002210,MER0055,2025-07-13 23:06:32,14.78,NGN,REFUND,posted,2025-07-13 23:06:32
TXN00040796,ACC001163,MER0013,2025-08-15 05:25:14,13.34,GBP,DEPOSIT,PENDING,2025-08-15 05:25:14
TXN00041220,ACC001869,MER0109,2025-08-04 18:45:15,27.55,usd,WITHDRAWAL,REVERSED,2025-08-04 18:45:15
TXN00040450,ACC002373,MER0119,2025-08-14 05:53:42,14.02,NGN,DEPOSIT,PENDING,2025-08-14 05:53:42
TXN00040831,ACC003514,MER0120,2025-07-01 21:11:05,41.66,JPY,WITHDRAWAL,PENDING,2025-07-01 21:11:05
TXN00043533,ACC003509,MER0036,2025-08-13 17:06:45,9.79,GBP,PURCHASE,PENDING,2025-08-13 17:06:45
TXN00043915,ACC001469,MER0020,2025-08-21 10:22:39,243.76,EUR,TRANSFER,POSTED,2025-08-21 10:22:39
TXN00045269,ACC000353,MER0138,2025-07-18 03:43:28,70.44,JPY,REFUND,PENDING,2025-07-18 03:43:28
TXN00045678,ACC001005,MER0142,2025-09-26 23:45:44,245.54,GBP,WITHDRAWAL,PENDING,2025-09-26 23:45:44
TXN00042095,ACC001181,MER0009,2025-09-06 22:44:10,102.05,GBP,PURCHASE,PENDING,2025-09-06 22:44:10
TXN00045286,ACC002909,MER0116,2025-09-04 05:36:26,17.62,CAD,REFUND,REVERSED,2025-09-04 05:36:26
TXN00042034,ACC002801,MER0026,2025-07-22 05:09:24,25.1,NGN,WITHDRAWAL,POSTED,2025-07-22 05:09:24
TXN00044238,ACC002557,MER0132,2025-08-12 03:30:41,15.5,USD,REFUND,POSTED,2025-08-12 03:30:41
TXN00047590,ACC001448,MER0052,2025-07-08 11:01:43,3.99,gbp,TRANSFER,PENDING,2025-07-08 11:01:43
TXN00042267,ACC000359,MER0111,2025-09-23 16:22:53,218.83,INR,WITHDRAWAL,posted,2025-09-23 16:22:53
TXN00044823,ACC000341,MER0045,2025-07-07 20:32:32,113.97,EUR,purchase,PENDING,2025-07-07 20:32:32
TXN00046262,ACC001235,MER0054,2025-09-12 10:24:36,25.39,gbp,REFUND,posted,2025-09-12 10:24:36
TXN00040880,ACC003775,MER0053,2025-09-29 06:12:23,22.59,gbp,REFUND,REVERSED,2025-09-29 06:12:23
TXN00042479,ACC002854,MER0068,2025-08-02 17:51:49,120.91,usd,REFUND,POSTED,2025-08-02 17:51:49
TXN00046524,ACC003540,MER0029,2025-09-26 06:40:02,29.28,CAD,DEPOSIT,REVERSED,2025-09-26 06:40:02
TXN00045585,ACC001302,MER0149,2025-07-11 20:33:07,107.7,USD,DEPOSIT,POSTED,2025-07-11 20:33:07
TXN00033354,ACC000001,MER0144,2024-03-22 05:21:08,51.07,gbp,WITHDRAWAL,REVERSED,2025-08-27 10:32:06
TXN00047657,ACC003738,MER0090,2025-09-12 07:28:06,7.9,EUR,DEPOSIT,REVERSED,2025-09-12 07:28:06
TXN00043207,ACC002688,MER0133,2025-08-22 01:06:35,20.78,NGN,purchase,DECLINED,2025-08-22 01:06:35
TXN00042391,ACC000046,MER0114,2025-08-21 21:18:01,52.5,USD,WITHDRAWAL,posted,2025-08-21 21:18:01
TXN00040779,ACC002202,MER0005,2025-08-21 05:52:02,25.36,GBP,PURCHASE,POSTED,2025-08-21 05:52:02
TXN00047502,ACC003830,MER0020,2025-07-16 00:01:44,62.78,EUR,purchase,REVERSED,2025-07-16 00:01:44
TXN00045550,ACC003704,MER0143,2025-09-12 03:49:57,41.12,CAD,PURCHASE,DECLINED,2025-09-12 03:49:57
TXN00046065,ACC001421,MER0080,2025-09-12 12:06:27,21.24,CAD,WITHDRAWAL,DECLINED,2025-09-12 12:06:27
TXN00046988,ACC000428,MER0143,2025-08-08 04:55:56,8.88,INR,DEPOSIT,posted,2025-08-08 04:55:56
TXN00036931,ACC002608,MER0147,2024-12-02 15:14:44,59.14,CAD,DEPOSIT,DECLINED,2025-08-19 19:49:48
TXN00042000,ACC003295,MER0100,2025-07-01 20:19:18,18.18,CAD,TRANSFER,posted,2025-07-01 20:19:18
TXN00042275,ACC000831,MER0074,2025-08-27 08:24:43,5.78,EUR,REFUND,PENDING,2025-08-27 08:24:43
TXN00043973,ACC003636,MER0116,2025-09-11 20:33:47,51.57,INR,TRANSFER,REVERSED,2025-09-11 20:33:47
TXN00047858,ACC002076,MER0006,2025-09-26 18:18:17,18.22,usd,DEPOSIT,REVERSED,2025-09-26 18:18:17
TXN00046292,ACC000313,MER0073,2025-07-17 13:13:59,32.63,GBP,WITHDRAWAL,posted,2025-07-17 13:13:59
TXN00045565,ACC002030,MER0081,2025-08-27 14:47:39,14.9,EUR,purchase,DECLINED,2025-08-27 14:47:39
TXN00043066,ACC000360,MER0142,2025-07-22 08:50:56,3.34,gbp,purchase,POSTED,2025-07-22 08:50:56
TXN00047898,ACC000442,MER0080,2025-07-25 22:54:42,25.16,usd,TRANSFER,REVERSED,2025-07-25 22:54:42
TXN00043992,ACC001337,MER0131,2025-09-09 17:27:43,8.37,INR,PURCHASE,posted,2025-09-09 17:27:43
TXN00044975,ACC001219,MER0086,2025-08-07 14:56:52,17.7,USD,DEPOSIT,PENDING,2025-08-07 14:56:52
TXN00046897,ACC001442,MER0126,2025-07-29 19:23:23,10.52,GBP,purchase,DECLINED,2025-07-29 19:23:23
TXN00040790,ACC000672,MER0111,2025-07-10 08:54:22,17.91,usd,TRANSFER,DECLINED,2025-07-10 08:54:22
TXN00044845,ACC003663,MER0108,2025-08-10 16:01:33,90.22,gbp,REFUND,posted,2025-08-10 16:01:33
TXN00047597,ACC001646,MER0108,2025-08-15 09:30:18,17.36,usd,PURCHASE,POSTED,2025-08-15 09:30:18
TXN00042817,ACC003575,MER0085,2025-09-29 19:39:03,10.23,INR,purchase,PENDING,2025-09-29 19:39:03
TXN00044417,ACC001007,MER0003,2025-07-19 17:27:47,5.0,gbp,purchase,posted,2025-07-19 17:27:47
TXN00044690,ACC000987,MER0107,2025-08-11 18:22:31,26.56,NGN,purchase,DECLINED,2025-08-11 18:22:31
TXN00045464,ACC000204,MER0045,2025-07-21 04:19:28,6.53,CAD,DEPOSIT,POSTED,2025-07-21 04:19:28
TXN00042879,ACC003837,MER0062,2025-09-13 06:35:21,4.42,usd,DEPOSIT,REVERSED,2025-09-13 06:35:21
TXN00041032,ACC001322,MER0018,2025-08-30 13:09:37,42.43,GBP,WITHDRAWAL,POSTED,2025-08-30 13:09:37
TXN00041683,ACC001282,MER0087,2025-09-23 09:24:25,4.35,NGN,TRANSFER,PENDING,2025-09-23 09:24:25
TXN00042370,ACC000125,MER0078,2025-07-11 20:01:19,199.74,INR,PURCHASE,REVERSED,2025-07-11 20:01:19
TXN00046544,ACC002875,MER0013,2025-08-11 02:10:18,15.53,INR,purchase,PENDING,2025-08-11 02:10:18
TXN00043859,ACC003466,MER0022,2025-07-31 08:42:45,46.46,NGN,WITHDRAWAL,REVERSED,2025-07-31 08:42:45
TXN00047311,ACC002756,MER0098,2025-09-09 16:38:47,71.22,usd,DEPOSIT,PENDING,2025-09-09 16:38:47
TXN00045702,ACC003714,MER0033,2025-09-01 14:05:26,3.33,JPY,DEPOSIT,POSTED,2025-09-01 14:05:26
TXN00042279,ACC000363,MER0035,2025-08-31 17:38:47,7.64,EUR,REFUND,PENDING,2025-08-31 17:38:47
TXN00041058,ACC001080,MER0067,2025-08-28 22:10:39,36.73,gbp,purchase,posted,2025-08-28 22:10:39
TXN00043483,ACC001524,MER0146,2025-09-06 10:04:12,15.44,usd,purchase,REVERSED,2025-09-06 10:04:12
TXN00043620,ACC001264,MER0025,2025-07-02 13:45:38,98.82,CAD,DEPOSIT,PENDING,2025-07-02 13:45:38
TXN00047023,ACC003119,MER0012,2025-09-01 08:45:31,25.06,INR,purchase,posted,2025-09-01 08:45:31
TXN00041640,ACC003200,MER0104,2025-09-03 10:23:37,3.83,EUR,WITHDRAWAL,PENDING,2025-09-03 10:23:37
TXN00044435,ACC002577,MER0083,2025-08-20 00:43:28,453.13,JPY,REFUND,PENDING,2025-08-20 00:43:28
TXN00044843,ACC000371,MER0064,2025-08-15 14:11:01,47.81,USD,PURCHASE,REVERSED,2025-08-15 14:11:01
TXN00044772,ACC000988,MER0141,2025-07-01 09:03:08,258.64,CAD,PURCHASE,REVERSED,2025-07-01 09:03:08
TXN00001327,ACC002969,MER0088,2024-08-24 14:16:00,46.31,NGN,PURCHASE,DECLINED,2025-07-26 21:37:29
TXN00041109,ACC001648,MER0090,2025-07-13 07:09:48,6.9,gbp,PURCHASE,PENDING,2025-07-13 07:09:48
TXN00041021,ACC000344,MER0149,2025-09-06 01:25:34,22.02,EUR,DEPOSIT,DECLINED,2025-09-06 01:25:34
TXN00047129,ACC001580,MER0074,2025-08-26 19:58:59,97.8,GBP,DEPOSIT,posted,2025-08-26 19:58:59
TXN00046559,ACC000314,MER0019,2025-08-18 17:54:07,118.32,GBP,TRANSFER,posted,2025-08-18 17:54:07
TXN00047511,ACC000371,MER0038,2025-09-28 04:18:42,41.36,GBP,REFUND,REVERSED,2025-09-28 04:18:42
TXN00024618,ACC002611,MER0080,2024-10-22 16:34:08,278.25,usd,REFUND,DECLINED,2025-09-28 06:59:20
TXN00041597,ACC001237,MER0047,2025-09-08 12:17:47,49.9,NGN,purchase,REVERSED,2025-09-08 12:17:47
TXN00047356,ACC003728,MER0114,2025-09-10 02:28:32,15.27,usd,REFUND,REVERSED,2025-09-10 02:28:32
TXN00047946,ACC001428,MER0022,2025-08-10 12:35:44,9.41,EUR,DEPOSIT,REVERSED,2025-08-10 12:35:44
TXN00041134,ACC001918,MER0036,2025-07-03 10:00:15,5.39,EUR,PURCHASE,DECLINED,2025-07-03 10:00:15
TXN00046462,ACC001130,MER0070,2025-09-01 02:04:41,19.99,USD,DEPOSIT,posted,2025-09-01 02:04:41
TXN00040050,ACC003119,MER0145,2025-08-20 09:15:57,9.72,NGN,TRANSFER,REVERSED,2025-08-20 09:15:57
TXN00046996,ACC001739,MER0107,2025-09-28 15:03:06,42.74,NGN,DEPOSIT,PENDING,2025-09-28 15:03:06
TXN00047103,ACC000972,MER0055,2025-09-22 02:21:21,154.15,CAD,TRANSFER,posted,2025-09-22 02:21:21
TXN00047535,ACC003363,MER0094,2025-08-19 17:22:19,5.26,EUR,purchase,posted,2025-08-19 17:22:19
TXN00047491,ACC001664,MER0011,2025-09-29 13:22:07,24.56,NGN,PURCHASE,posted,2025-09-29 13:22:07
TXN00045105,ACC002810,MER0104,2025-08-30 08:21:14,42.57,usd,purchase,DECLINED,2025-08-30 08:21:14
TXN00013038,ACC001486,MER0009,2024-10-03 13:45:43,1.97,INR,purchase,DECLINED,2025-09-18 13:04:30
TXN00046824,ACC002435,MER0054,2025-09-21 13:28:56,24.26,NGN,WITHDRAWAL,DECLINED,2025-09-21 13:28:56
TXN00047202,ACC002237,MER0010,2025-07-07 22:24:13,58.71,GBP,WITHDRAWAL,REVERSED,2025-07-07 22:24:13
TXN00047598,ACC000721,MER0103,2025-08-26 08:53:10,254.52,EUR,PURCHASE,posted,2025-08-26 08:53:10
TXN00040484,ACC002735,MER0145,2025-07-17 21:28:36,5.9,EUR,WITHDRAWAL,PENDING,2025-07-17 21:28:36
TXN00043783,ACC003656,MER0087,2025-07-18 04:13:37,313.24,CAD,REFUND,POSTED,2025-07-18 04:13:37
TXN00043169,ACC001676,MER0020,2025-09-18 08:02:15,10.9,gbp,REFUND,REVERSED,2025-09-18 08:02:15
TXN00043221,ACC003382,MER0132,2025-09-14 01:36:39,13.0,USD,WITHDRAWAL,posted,2025-09-14 01:36:39
TXN00044968,ACC003021,MER0047,2025-08-08 00:54:10,12.64,gbp,TRANSFER,POSTED,2025-08-08 00:54:10
TXN00045897,ACC002930,MER0043,2025-08-01 10:36:39,13.84,USD,TRANSFER,PENDING,2025-08-01 10:36:39
TXN00041395,ACC000605,MER0135,2025-07-15 03:47:53,1.27,GBP,purchase,PENDING,2025-07-15 03:47:53
TXN00045031,ACC001696,MER0139,2025-08-06 04:20:17,6.49,gbp,WITHDRAWAL,REVERSED,2025-08-06 04:20:17
TXN00046107,ACC000816,MER0094,2025-09-14 22:41:53,19.05,usd,DEPOSIT,posted,2025-09-14 22:41:53
TXN00045285,ACC003021,MER0089,2025-08-01 04:00:08,11.77,JPY,REFUND,REVERSED,2025-08-01 04:00:08
TXN00046931,ACC001541,MER0110,2025-09-06 21:58:28,8.04,NGN,purchase,PENDING,2025-09-06 21:58:28
TXN00044924,ACC002937,MER0029,2025-07-14 16:36:42,1.73,INR,PURCHASE,POSTED,2025-07-14 16:36:42
TXN00044045,ACC003277,MER0070,2025-08-11 00:58:19,95.95,USD,REFUND,DECLINED,2025-08-11 00:58:19
TXN00044982,ACC003836,MER0060,2025-09-12 14:16:02,5.11,INR,purchase,posted,2025-09-12 14:16:02
TXN00047628,ACC001123,MER0027,2025-08-01 18:47:01,36.94,CAD,purchase,REVERSED,2025-08-01 18:47:01
TXN00047888,ACC002056,MER0064,2025-07-18 03:17:20,9.04,CAD,PURCHASE,REVERSED,2025-07-18 03:17:20
TXN00041059,ACC002372,MER0051,2025-09-08 02:18:14,14.98,NGN,WITHDRAWAL,REVERSED,2025-09-08 02:18:14
TXN00041115,ACC001614,MER0125,2025-07-26 09:50:05,56.95,INR,purchase,posted,2025-07-26 09:50:05
TXN00045881,ACC002566,MER0098,2025-07-23 03:06:49,10.49,EUR,WITHDRAWAL,POSTED,2025-07-23 03:06:49
TXN00043577,ACC000393,MER0029,2025-08-01 05:48:53,35.04,CAD,DEPOSIT,POSTED,2025-08-01 05:48:53
TXN00040330,ACC001811,MER0108,2025-07-30 00:14:10,62.65,EUR,DEPOSIT,PENDING,2025-07-30 00:14:10
TXN00047548,ACC000553,MER0020,2025-09-12 17:35:40,161.29,gbp,TRANSFER,posted,2025-09-12 17:35:40
TXN00046956,ACC002246,MER0083,2025-09-11 14:33:03,39.89,JPY,WITHDRAWAL,DECLINED,2025-09-11 14:33:03
TXN00044800,ACC002682,MER0061,2025-07-21 11:13:56,52.8,NGN,PURCHASE,posted,2025-07-21 11:13:56
TXN00041447,ACC002284,MER0142,2025-08-17 17:47:08,22.62,usd,WITHDRAWAL,DECLINED,2025-08-17 17:47:08
TXN00047701,ACC000173,MER0007,2025-08-26 09:20:36,5.49,JPY,TRANSFER,DECLINED,2025-08-26 09:20:36
TXN00047895,ACC001710,MER0069,2025-07-08 00:02:30,7.62,CAD,PURCHASE,posted,2025-07-08 00:02:30
TXN00045044,ACC001367,MER0138,2025-07-11 00:35:11,4.37,EUR,WITHDRAWAL,posted,2025-07-11 00:35:11
TXN00046823,ACC001095,MER0148,2025-07-09 21:36:35,63.19,NGN,purchase,posted,2025-07-09 21:36:35
TXN00040057,ACC003168,MER0099,2025-09-10 19:03:23,123.32,NGN,PURCHASE,REVERSED,2025-09-10 19:03:23
TXN00045808,ACC000014,MER0125,2025-07-25 10:37:41,10.34,CAD,TRANSFER,posted,2025-07-25 10:37:41
TXN00045820,ACC000106,MER0072,2025-07-03 05:15:04,32.43,INR,DEPOSIT,POSTED,2025-07-03 05:15:04
TXN00042250,ACC003568,MER0095,2025-07-20 09:52:04,8.81,USD,purchase,PENDING,2025-07-20 09:52:04
TXN00044723,ACC001525,MER0129,2025-08-16 13:46:30,62.98,USD,REFUND,DECLINED,2025-08-16 13:46:30
TXN00046881,ACC003109,MER0073,2025-09-08 23:32:44,136.97,INR,REFUND,DECLINED,2025-09-08 23:32:44
TXN00040043,ACC002914,MER0108,2025-09-26 11:03:49,17.23,USD,DEPOSIT,posted,2025-09-26 11:03:49
TXN00047766,ACC002686,MER0057,2025-08-21 04:09:01,14.8,usd,WITHDRAWAL,REVERSED,2025-08-21 04:09:01
TXN00031855,ACC003122,MER0104,2025-04-15 04:22:07,11.27,gbp,REFUND,DECLINED,2025-09-02 19:54:08
TXN00045182,ACC003342,MER0030,2025-08-01 20:47:16,36.01,CAD,WITHDRAWAL,PENDING,2025-08-01 20:47:16
TXN00042026,ACC000950,MER0117,2025-08-11 20:35:01,21.56,usd,TRANSFER,PENDING,2025-08-11 20:35:01
TXN00043709,ACC001740,MER0040,2025-07-30 02:46:42,14.3,CAD,WITHDRAWAL,PENDING,2025-07-30 02:46:42
TXN00043351,ACC002626,MER0134,2025-08-26 21:39:26,5.13,NGN,DEPOSIT,POSTED,2025-08-26 21:39:26
TXN00044934,ACC001862,MER0063,2025-09-21 00:15:24,9.37,GBP,REFUND,REVERSED,2025-09-21 00:15:24
TXN00043784,ACC003612,MER0131,2025-07-09 23:51:15,22.95,INR,purchase,DECLINED,2025-07-09 23:51:15
TXN00040021,ACC000463,MER0143,2025-09-07 17:28:54,15.97,gbp,TRANSFER,PENDING,2025-09-07 17:28:54
TXN00044979,ACC001295,MER0047,2025-08-28 06:41:18,10.26,USD,PURCHASE,REVERSED,2025-08-28 06:41:18
TXN00044425,ACC000950,MER0138,2025-09-07 06:39:22,13.31,EUR,TRANSFER,posted,2025-09-07 06:39:22
TXN00014335,ACC000495,MER0030,2024-04-09 02:54:42,61.42,GBP,purchase,REVERSED,2025-09-13 22:11:22
TXN00046714,ACC000080,MER0075,2025-07-05 09:34:57,37.01,usd,TRANSFER,REVERSED,2025-07-05 09:34:57
TXN00040236,ACC002569,MER0013,2025-08-09 05:30:28,18.37,GBP,WITHDRAWAL,PENDING,2025-08-09 05:30:28
TXN00042682,ACC003105,MER0121,2025-08-13 08:05:14,26.3,EUR,purchase,DECLINED,2025-08-13 08:05:14
TXN00047652,ACC002084,MER0073,2025-09-21 04:42:59,159.58,usd,PURCHASE,POSTED,2025-09-21 04:42:59
TXN00040744,ACC002987,MER0120,2025-07-12 08:28:52,32.17,GBP,purchase,PENDING,2025-07-12 08:28:52
TXN00041149,ACC000263,MER0055,2025-09-07 15:23:14,13.73,usd,PURCHASE,REVERSED,2025-09-07 15:23:14
TXN00041728,ACC000456,MER0116,2025-08-16 03:14:58,32.7,INR,PURCHASE,REVERSED,2025-08-16 03:14:58
TXN00041561,ACC003717,MER0137,2025-09-04 10:55:22,49.61,NGN,DEPOSIT,REVERSED,2025-09-04 10:55:22
TXN00043334,ACC000258,MER0079,2025-09-28 03:47:57,5.06,gbp,DEPOSIT,POSTED,2025-09-28 03:47:57
TXN00042432,ACC000539,MER0038,2025-07-20 11:22:50,10.72,CAD,purchase,REVERSED,2025-07-20 11:22:50
TXN00041259,ACC000435,MER0040,2025-08-25 03:15:26,39.52,NGN,PURCHASE,PENDING,2025-08-25 03:15:26
TXN00047637,ACC000636,MER0025,2025-09-24 21:02:33,20.91,usd,WITHDRAWAL,PENDING,2025-09-24 21:02:33
TXN00044753,ACC002234,MER0062,2025-09-13 06:41:05,52.28,NGN,DEPOSIT,PENDING,2025-09-13 06:41:05
TXN00040886,ACC000922,MER0070,2025-08-09 12:04:41,2.38,INR,purchase,posted,2025-08-09 12:04:41
TXN00044303,ACC002596,MER0140,2025-07-09 23:05:25,51.07,GBP,TRANSFER,POSTED,2025-07-09 23:05:25
TXN00042146,ACC003653,MER0115,2025-07-11 05:29:57,67.89,NGN,REFUND,PENDING,2025-07-11 05:29:57
TXN00047056,ACC002754,MER0059,2025-08-03 17:08:10,13.83,JPY,WITHDRAWAL,REVERSED,2025-08-03 17:08:10
TXN00046991,ACC001684,MER0072,2025-07-15 02:24:21,121.31,JPY,purchase,POSTED,2025-07-15 02:24:21
TXN00042100,ACC003245,MER0107,2025-09-26 22:13:38,32.82,CAD,purchase,DECLINED,2025-09-26 22:13:38
TXN00040068,ACC001241,MER0136,2025-09-04 05:51:33,162.63,USD,PURCHASE,PENDING,2025-09-04 05:51:33
TXN00043000,ACC001425,MER0051,2025-09-13 09:49:39,20.2,INR,PURCHASE,POSTED,2025-09-13 09:49:39
TXN00044963,ACC001131,MER0078,2025-09-15 06:48:16,6.49,usd,purchase,posted,2025-09-15 06:48:16
TXN00040094,ACC002124,MER0068,2025-07-11 21:42:47,121.0,EUR,PURCHASE,PENDING,2025-07-11 21:42:47
TXN00011163,ACC000269,MER0086,2024-10-21 13:14:20,26.69,NGN,WITHDRAWAL,POSTED,2025-07-23 16:19:32
TXN00042608,ACC002210,MER0050,2025-09-17 06:06:24,238.66,gbp,DEPOSIT,DECLINED,2025-09-17 06:06:24
TXN00042910,ACC000281,MER0077,2025-07-06 14:44:37,8.21,gbp,DEPOSIT,DECLINED,2025-07-06 14:44:37
TXN00040314,ACC001923,MER0014,2025-07-07 11:12:36,64.75,usd,PURCHASE,POSTED,2025-07-07 11:12:36
TXN00041128,ACC002030,MER0092,2025-09-16 00:47:20,7.9,EUR,purchase,DECLINED,2025-09-16 00:47:20
TXN00044429,ACC000117,MER0037,2025-09-13 16:31:05,6.43,usd,PURCHASE,REVERSED,2025-09-13 16:31:05
TXN00012992,ACC000862,MER0126,2025-03-25 02:27:43,58.42,usd,DEPOSIT,POSTED,2025-09-25 01:44:13
TXN00047577,ACC001299,MER0135,2025-08-26 22:28:28,56.38,JPY,TRANSFER,PENDING,2025-08-26 22:28:28
TXN00045232,ACC003507,MER0101,2025-09-24 08:15:21,22.31,JPY,purchase,posted,2025-09-24 08:15:21
TXN00047520,ACC001987,MER0150,2025-09-26 22:19:14,32.38,NGN,PURCHASE,PENDING,2025-09-26 22:19:14
TXN00045835,ACC002272,MER0138,2025-09-23 03:57:27,3.85,GBP,DEPOSIT,PENDING,2025-09-23 03:57:27
TXN00043695,ACC002601,MER0050,2025-09-30 13:46:18,9.13,USD,DEPOSIT,DECLINED,2025-09-30 13:46:18
TXN00042926,ACC001797,MER0125,2025-07-10 05:37:55,15.98,NGN,purchase,PENDING,2025-07-10 05:37:55
TXN00002354,ACC000953,MER0123,2025-06-03 06:13:13,61.29,USD,WITHDRAWAL,POSTED,2025-09-19 04:08:36
TXN00044631,ACC000894,MER0111,2025-09-03 23:23:47,50.87,JPY,REFUND,REVERSED,2025-09-03 23:23:47
TXN00040289,ACC000416,MER0130,2025-07-09 02:26:10,10.76,usd,REFUND,REVERSED,2025-07-09 02:26:10
TXN00046756,ACC003519,MER0062,2025-07-30 05:45:05,11.2,NGN,REFUND,REVERSED,2025-07-30 05:45:05
TXN00045485,ACC000184,MER0104,2025-08-24 20:54:11,2.96,NGN,purchase,posted,2025-08-24 20:54:11
TXN00044150,ACC002796,MER0067,2025-09-08 13:37:59,11.6,EUR,TRANSFER,REVERSED,2025-09-08 13:37:59
TXN00043073,ACC003672,MER0111,2025-09-18 12:44:37,45.17,gbp,WITHDRAWAL,PENDING,2025-09-18 12:44:37
TXN00044280,ACC001608,MER0146,2025-08-07 17:59:17,13.87,GBP,TRANSFER,REVERSED,2025-08-07 17:59:17
TXN00042254,ACC001433,MER0114,2025-08-01 18:15:54,108.51,GBP,TRANSFER,DECLINED,2025-08-01 18:15:54
TXN00044430,ACC002573,MER0068,2025-08-25 03:56:13,15.52,EUR,WITHDRAWAL,DECLINED,2025-08-25 03:56:13
TXN00047949,ACC002709,MER0148,2025-08-29 20:37:41,89.3,USD,DEPOSIT,REVERSED,2025-08-29 20:37:41
TXN00035042,ACC001386,MER0080,2024-11-01 09:07:03,28.8,gbp,purchase,POSTED,2025-07-04 21:17:54
TXN00047556,ACC002469,MER0062,2025-08-15 22:18:16,98.09,INR,REFUND,PENDING,2025-08-15 22:18:16
TXN00045135,ACC001976,MER0138,2025-08-13 20:19:27,18.88,usd,WITHDRAWAL,posted,2025-08-13 20:19:27
TXN00045998,ACC000884,MER0029,2025-07-16 05:52:11,13.14,JPY,REFUND,POSTED,2025-07-16 05:52:11
TXN00046060,ACC001846,MER0051,2025-07-03 23:52:59,21.69,GBP,TRANSFER,POSTED,2025-07-03 23:52:59
TXN00046923,ACC002098,MER0062,2025-07-23 07:39:59,29.49,USD,DEPOSIT,REVERSED,2025-07-23 07:39:59
TXN00046707,ACC000767,MER0037,2025-07-15 03:00:57,16.57,NGN,purchase,posted,2025-07-15 03:00:57
TXN00046747,ACC002286,MER0047,2025-07-01 20:09:55,175.95,usd,WITHDRAWAL,posted,2025-07-01 20:09:55
TXN00042751,ACC000382,MER0077,2025-09-10 19:11:29,113.44,USD,TRANSFER,REVERSED,2025-09-10 19:11:29
TXN00047494,ACC001192,MER0040,2025-08-25 02:24:58,2.13,EUR,purchase,POSTED,2025-08-25 02:24:58
TXN00041375,ACC001978,MER0134,2025-09-14 11:29:46,76.27,USD,PURCHASE,PENDING,2025-09-14 11:29:46
TXN00040399,ACC002200,MER0091,2025-07-29 21:56:55,2.64,INR,purchase,posted,2025-07-29 21:56:55
TXN00042662,ACC000026,MER0021,2025-07-25 20:58:51,48.05,usd,TRANSFER,PENDING,2025-07-25 20:58:51
TXN00040231,ACC000844,MER0068,2025-09-17 11:54:37,12.88,GBP,purchase,posted,2025-09-17 11:54:37
TXN00047800,ACC003007,MER0118,2025-09-11 06:34:56,9.8,USD,DEPOSIT,DECLINED,2025-09-11 06:34:56
TXN00044625,ACC002292,MER0030,2025-09-07 05:27:54,2.24,gbp,TRANSFER,PENDING,2025-09-07 05:27:54
TXN00043264,ACC001106,MER0061,2025-09-19 05:09:39,70.11,EUR,PURCHASE,REVERSED,2025-09-19 05:09:39
TXN00041970,ACC003478,MER0064,2025-09-28 07:38:54,56.29,INR,PURCHASE,REVERSED,2025-09-28 07:38:54
TXN00043976,ACC000743,MER0033,2025-08-21 11:55:43,27.84,EUR,TRANSFER,PENDING,2025-08-21 11:55:43
TXN00041269,ACC001196,MER0026,2025-08-25 19:18:40,11.67,gbp,TRANSFER,POSTED,2025-08-25 19:18:40
TXN00040099,ACC003072,MER0066,2025-07-22 01:19:59,36.22,gbp,REFUND,PENDING,2025-07-22 01:19:59
TXN00041391,ACC000920,MER0146,2025-09-22 14:07:31,218.4,GBP,TRANSFER,DECLINED,2025-09-22 14:07:31
TXN00047377,ACC003121,MER0133,2025-07-09 03:04:17,117.7,CAD,PURCHASE,posted,2025-07-09 03:04:17
TXN00045204,ACC003342,MER0093,2025-09-24 18:11:44,3.99,INR,WITHDRAWAL,DECLINED,2025-09-24 18:11:44
TXN00046806,ACC000346,MER0108,2025-08-08 01:29:16,77.61,EUR,WITHDRAWAL,POSTED,2025-08-08 01:29:16
TXN00043998,ACC001406,MER0109,2025-09-13 17:33:31,32.35,CAD,REFUND,REVERSED,2025-09-13 17:33:31
TXN00040200,ACC003093,MER0121,2025-09-30 04:14:13,44.36,GBP,PURCHASE,DECLINED,2025-09-30 04:14:13
TXN00046794,ACC002436,MER0004,2025-08-18 06:13:12,9.44,gbp,PURCHASE,posted,2025-08-18 06:13:12
TXN00042915,ACC002270,MER0044,2025-07-17 23:24:14,27.51,EUR,DEPOSIT,DECLINED,2025-07-17 23:24:14
TXN00042106,ACC002613,MER0001,2025-08-26 12:50:30,32.0,gbp,REFUND,REVERSED,2025-08-26 12:50:30
TXN00040292,ACC002101,MER0004,2025-07-11 21:44:39,18.6,CAD,WITHDRAWAL,REVERSED,2025-07-11 21:44:39
TXN00046362,ACC000736,MER0031,2025-09-16 08:08:32,64.29,usd,DEPOSIT,REVERSED,2025-09-16 08:08:32
TXN00047014,ACC001850,MER0062,2025-08-03 14:34:53,23.51,gbp,TRANSFER,posted,2025-08-03 14:34:53
TXN00045018,ACC003369,MER0145,2025-09-23 15:50:48,59.03,INR,PURCHASE,PENDING,2025-09-23 15:50:48
TXN00041273,ACC002457,MER0112,2025-07-13 10:12:09,32.74,EUR,DEPOSIT,POSTED,2025-07-13 10:12:09
TXN00046887,ACC000750,MER0102,2025-09-11 16:03:15,201.84,USD,TRANSFER,DECLINED,2025-09-11 16:03:15
TXN00043927,ACC002070,MER0028,2025-07-21 03:26:37,572.93,USD,purchase,DECLINED,2025-07-21 03:26:37
TXN00040662,ACC003380,MER0118,2025-07-30 18:51:34,34.97,EUR,TRANSFER,PENDING,2025-07-30 18:51:34
TXN00046044,ACC000996,MER0044,2025-07-05 18:01:47,20.4,INR,purchase,PENDING,2025-07-05 18:01:47
TXN00045004,ACC003650,MER0142,2025-07-11 09:11:12,10.23,JPY,REFUND,posted,2025-07-11 09:11:12
TXN00039787,ACC001735,MER0142,2024-11-13 15:44:38,6.1,JPY,REFUND,DECLINED,2025-09-24 02:57:13
TXN00041729,ACC001888,MER0052,2025-09-22 21:32:52,90.84,INR,TRANSFER,DECLINED,2025-09-22 21:32:52
TXN00045479,ACC002893,MER0068,2025-09-10 10:01:58,17.23,JPY,PURCHASE,REVERSED,2025-09-10 10:01:58
TXN00042717,ACC000167,MER0059,2025-09-28 22:21:13,34.17,EUR,PURCHASE,posted,2025-09-28 22:21:13
TXN00041721,ACC000868,MER0055,2025-09-16 17:40:45,12.0,usd,PURCHASE,DECLINED,2025-09-16 17:40:45
TXN00041131,ACC003878,MER0148,2025-09-24 03:35:15,11.56,USD,purchase,DECLINED,2025-09-24 03:35:15
TXN00042884,ACC000952,MER0076,2025-08-08 21:25:02,54.62,CAD,purchase,posted,2025-08-08 21:25:02
TXN00047677,ACC002902,MER0036,2025-08-31 00:27:48,29.64,USD,WITHDRAWAL,DECLINED,2025-08-31 00:27:48
TXN00040362,ACC000680,MER0088,2025-09-06 20:06:24,6.44,CAD,REFUND,DECLINED,2025-09-06 20:06:24
TXN00043398,ACC001425,MER0040,2025-08-14 07:46:05,6.45,GBP,purchase,REVERSED,2025-08-14 07:46:05
TXN00047217,ACC000908,MER0117,2025-07-02 07:06:59,88.39,JPY,TRANSFER,POSTED,2025-07-02 07:06:59
TXN00042178,ACC000365,MER0084,2025-08-02 03:57:10,5.06,CAD,DEPOSIT,REVERSED,2025-08-02 03:57:10
TXN00045715,ACC002640,MER0034,2025-09-12 16:19:24,42.67,gbp,TRANSFER,PENDING,2025-09-12 16:19:24
TXN00047571,ACC003382,MER0149,2025-09-27 13:24:11,30.8,INR,TRANSFER,REVERSED,2025-09-27 13:24:11
TXN00045981,ACC002755,MER0042,2025-08-05 19:01:32,9.1,JPY,TRANSFER,DECLINED,2025-08-05 19:01:32
TXN00045017,ACC003330,MER0026,2025-07-28 15:05:44,26.96,JPY,TRANSFER,DECLINED,2025-07-28 15:05:44
TXN00041840,ACC003708,MER0018,2025-09-11 14:30:05,46.34,INR,purchase,posted,2025-09-11 14:30:05
TXN00041092,ACC003628,MER0104,2025-09-24 23:23:35,166.23,EUR,DEPOSIT,POSTED,2025-09-24 23:23:35
TXN00047772,ACC001539,MER0041,2025-09-21 05:31:43,14.42,USD,PURCHASE,DECLINED,2025-09-21 05:31:43
TXN00041456,ACC003393,MER0028,2025-07-02 08:49:56,0.75,EUR,WITHDRAWAL,DECLINED,2025-07-02 08:49:56
TXN00042340,ACC001890,MER0122,2025-09-24 15:09:50,56.24,GBP,WITHDRAWAL,REVERSED,2025-09-24 15:09:50
TXN00046549,ACC001499,MER0074,2025-08-05 03:48:39,7.71,GBP,DEPOSIT,PENDING,2025-08-05 03:48:39
TXN00040437,ACC002313,MER0043,2025-08-04 22:36:36,63.48,INR,PURCHASE,PENDING,2025-08-04 22:36:36
TXN00044852,ACC002622,MER0118,2025-09-14 23:05:59,128.33,INR,WITHDRAWAL,posted,2025-09-14 23:05:59
TXN00046143,ACC001182,MER0069,2025-08-30 02:34:41,12.52,gbp,purchase,REVERSED,2025-08-30 02:34:41
TXN00045831,ACC000861,MER0062,2025-07-27 09:00:36,15.82,GBP,purchase,DECLINED,2025-07-27 09:00:36
TXN00040064,ACC002985,MER0020,2025-07-01 13:04:09,4.81,INR,purchase,DECLINED,2025-07-01 13:04:09
TXN00046183,ACC000531,MER0101,2025-08-12 18:55:31,3.43,USD,WITHDRAWAL,POSTED,2025-08-12 18:55:31
TXN00040748,ACC002186,MER0016,2025-08-14 11:40:32,26.68,gbp,PURCHASE,POSTED,2025-08-14 11:40:32
TXN00045315,ACC001509,MER0037,2025-07-05 18:39:26,56.73,gbp,WITHDRAWAL,DECLINED,2025-07-05 18:39:26
TXN00046414,ACC003152,MER0150,2025-07-11 02:32:19,30.63,EUR,REFUND,REVERSED,2025-07-11 02:32:19
TXN00040454,ACC002770,MER0145,2025-07-08 07:16:07,61.18,INR,purchase,REVERSED,2025-07-08 07:16:07
TXN00043469,ACC000977,MER0091,2025-08-07 22:18:12,41.77,USD,WITHDRAWAL,DECLINED,2025-08-07 22:18:12
TXN00045618,ACC002171,MER0059,2025-08-20 16:48:57,47.67,EUR,DEPOSIT,DECLINED,2025-08-20 16:48:57
TXN00044935,ACC003381,MER0088,2025-07-02 07:40:49,36.68,GBP,TRANSFER,REVERSED,2025-07-02 07:40:49
TXN00041221,ACC000049,MER0065,2025-09-17 18:39:17,7.55,INR,WITHDRAWAL,posted,2025-09-17 18:39:17
TXN00043244,ACC000192,MER0064,2025-08-07 00:54:07,37.15,INR,purchase,posted,2025-08-07 00:54:07
TXN00043632,ACC001034,MER0027,2025-08-02 19:12:40,99.82,JPY,REFUND,POSTED,2025-08-02 19:12:40
TXN00044244,ACC001158,MER0084,2025-07-01 13:05:57,6.38,EUR,DEPOSIT,POSTED,2025-07-01 13:05:57
TXN00040294,ACC002491,MER0037,2025-09-02 01:59:20,30.42,USD,TRANSFER,REVERSED,2025-09-02 01:59:20
TXN00040401,ACC003112,MER0138,2025-07-21 21:27:52,7.76,JPY,purchase,DECLINED,2025-07-21 21:27:52
TXN00041771,ACC002486,MER0122,2025-07-28 14:29:53,28.44,usd,PURCHASE,POSTED,2025-07-28 14:29:53
TXN00046020,ACC003168,MER0010,2025-08-20 14:33:39,20107.04,GBP,TRANSFER,REVERSED,2025-08-20 14:33:39
TXN00042908,ACC000101,MER0132,2025-07-18 01:08:45,33.99,CAD,DEPOSIT,REVERSED,2025-07-18 01:08:45
TXN00046791,ACC001369,MER0132,2025-07-18 22:42:20,68.78,USD,TRANSFER,posted,2025-07-18 22:42:20
TXN00036150,ACC001941,MER0002,2024-11-30 21:23:50,125.14,EUR,WITHDRAWAL,DECLINED,2025-07-23 21:21:26
TXN00043521,ACC001163,MER0015,2025-07-12 08:28:18,17.98,JPY,PURCHASE,PENDING,2025-07-12 08:28:18
TXN00043194,ACC000155,MER0025,2025-09-08 16:50:30,178.49,CAD,purchase,POSTED,2025-09-08 16:50:30
TXN00042152,ACC000875,MER0053,2025-08-19 02:09:47,12.35,INR,WITHDRAWAL,posted,2025-08-19 02:09:47
TXN00040520,ACC000152,MER0041,2025-07-29 21:20:42,19.75,INR,DEPOSIT,DECLINED,2025-07-29 21:20:42
TXN00044821,ACC003654,MER0015,2025-09-06 03:16:45,11.67,NGN,TRANSFER,POSTED,2025-09-06 03:16:45
TXN00047101,ACC001603,MER0044,2025-09-29 22:23:19,77.19,INR,TRANSFER,PENDING,2025-09-29 22:23:19
TXN00043806,ACC000815,MER0048,2025-07-14 20:45:13,35.47,CAD,PURCHASE,PENDING,2025-07-14 20:45:13
TXN00040622,ACC002978,MER0032,2025-08-04 14:29:30,2.56,NGN,WITHDRAWAL,REVERSED,2025-08-04 14:29:30
TXN00046866,ACC001218,MER0066,2025-07-12 20:41:45,25.19,EUR,purchase,PENDING,2025-07-12 20:41:45
TXN00044397,ACC002865,MER0069,2025-08-29 05:56:33,110.88,JPY,PURCHASE,POSTED,2025-08-29 05:56:33
TXN00041443,ACC003738,MER0121,2025-09-16 04:45:52,21.46,USD,DEPOSIT,PENDING,2025-09-16 04:45:52
TXN00044035,ACC001181,MER0048,2025-08-02 13:58:27,16.81,gbp,TRANSFER,POSTED,2025-08-02 13:58:27
TXN00041218,ACC000819,MER0150,2025-08-30 15:08:47,64.36,USD,DEPOSIT,REVERSED,2025-08-30 15:08:47
TXN00047417,ACC001253,MER0076,2025-07-14 03:34:36,52.0,JPY,purchase,REVERSED,2025-07-14 03:34:36
TXN00045257,ACC003643,MER0094,2025-07-18 02:21:40,5.19,CAD,DEPOSIT,REVERSED,2025-07-18 02:21:40
TXN00045936,ACC000111,MER0087,2025-07-09 23:42:04,65.61,JPY,purchase,posted,2025-07-09 23:42:04
TXN00047473,ACC000224,MER0042,2025-08-12 12:06:46,6.25,CAD,WITHDRAWAL,DECLINED,2025-08-12 12:06:46
TXN00040118,ACC002490,MER0093,2025-07-10 19:47:39,4.76,GBP,purchase,posted,2025-07-10 19:47:39
TXN00039736,ACC000599,MER0132,2024-04-27 16:30:34,77.49,CAD,TRANSFER,POSTED,2025-09-11 04:56:50
TXN00041707,ACC003859,MER0130,2025-09-29 07:25:40,24.24,INR,PURCHASE,posted,2025-09-29 07:25:40
TXN00040197,ACC000491,MER0012,2025-08-09 19:05:46,10.44,NGN,DEPOSIT,REVERSED,2025-08-09 19:05:46
TXN00047913,ACC003911,MER0035,2025-08-19 02:12:19,9.15,INR,WITHDRAWAL,REVERSED,2025-08-19 02:12:19
TXN00015595,ACC003877,MER0072,2024-12-26 02:48:00,8.31,gbp,DEPOSIT,POSTED,2025-08-17 13:33:16
TXN00047732,ACC003315,MER0124,2025-09-19 05:03:30,173.9,CAD,PURCHASE,PENDING,2025-09-19 05:03:30
TXN00032894,ACC003087,MER0123,2025-05-02 19:37:38,41.72,EUR,DEPOSIT,POSTED,2025-07-29 15:09:58
TXN00045375,ACC001898,MER0014,2025-08-27 11:01:46,22.89,GBP,purchase,DECLINED,2025-08-27 11:01:46
TXN00045239,ACC003863,MER0093,2025-09-24 23:59:01,7.56,usd,purchase,REVERSED,2025-09-24 23:59:01
TXN00045855,ACC002193,MER0036,2025-08-11 11:24:59,17.9,usd,REFUND,PENDING,2025-08-11 11:24:59
TXN00042047,ACC001478,MER0081,2025-08-17 09:33:34,12.4,GBP,WITHDRAWAL,posted,2025-08-17 09:33:34
TXN00041373,ACC002881,MER0089,2025-09-12 01:31:30,4.63,gbp,DEPOSIT,POSTED,2025-09-12 01:31:30
TXN00042875,ACC000237,MER0033,2025-07-25 06:25:03,6.67,GBP,DEPOSIT,REVERSED,2025-07-25 06:25:03
TXN00046646,ACC001921,MER0150,2025-09-25 19:38:15,6.64,INR,TRANSFER,PENDING,2025-09-25 19:38:15
TXN00043189,ACC003907,MER0078,2025-09-25 12:25:26,68.12,EUR,purchase,POSTED,2025-09-25 12:25:26
TXN00046289,ACC001759,MER0105,2025-08-04 04:53:46,10.85,usd,REFUND,PENDING,2025-08-04 04:53:46
TXN00042668,ACC001497,MER0149,2025-09-18 19:03:45,8.26,INR,REFUND,DECLINED,2025-09-18 19:03:45
TXN00045910,ACC000136,MER0039,2025-07-28 02:27:16,147.97,NGN,REFUND,POSTED,2025-07-28 02:27:16
TXN00045833,ACC003794,MER0146,2025-07-12 16:27:26,17.1,CAD,purchase,PENDING,2025-07-12 16:27:26
TXN00040481,ACC001136,MER0052,2025-07-17 02:27:43,19.64,INR,WITHDRAWAL,POSTED,2025-07-17 02:27:43
TXN00042779,ACC001825,MER0143,2025-09-24 10:39:51,4.02,GBP,DEPOSIT,PENDING,2025-09-24 10:39:51
TXN00044956,ACC003624,MER0015,2025-07-13 19:22:25,65.7,usd,WITHDRAWAL,POSTED,2025-07-13 19:22:25
TXN00044033,ACC001958,MER0107,2025-08-25 17:19:11,55.29,NGN,DEPOSIT,POSTED,2025-08-25 17:19:11
TXN00041351,ACC002194,MER0056,2025-07-16 13:08:47,5.68,gbp,DEPOSIT,DECLINED,2025-07-16 13:08:47
TXN00040508,ACC000305,MER0048,2025-08-03 21:27:56,35.55,gbp,TRANSFER,DECLINED,2025-08-03 21:27:56
TXN00047397,ACC000937,MER0111,2025-07-27 19:16:18,17.99,CAD,REFUND,REVERSED,2025-07-27 19:16:18
TXN00020041,ACC002871,MER0137,2024-03-07 20:36:41,94.98,CAD,TRANSFER,POSTED,2025-09-08 00:05:54
TXN00041944,ACC001644,MER0104,2025-07-29 19:21:52,21.17,EUR,purchase,DECLINED,2025-07-29 19:21:52
TXN00044037,ACC001237,MER0111,2025-07-30 17:41:27,6.28,usd,WITHDRAWAL,REVERSED,2025-07-30 17:41:27
TXN00003301,ACC000541,MER0120,2024-12-24 20:32:24,13.35,usd,DEPOSIT,REVERSED,2025-08-23 12:11:48
TXN00044077,ACC002938,MER0115,2025-08-28 04:50:03,43.98,NGN,REFUND,REVERSED,2025-08-28 04:50:03
TXN00041204,ACC001220,MER0135,2025-08-14 13:12:20,7.24,EUR,WITHDRAWAL,DECLINED,2025-08-14 13:12:20
TXN00043171,ACC000276,MER0074,2025-07-02 07:45:54,16.06,INR,PURCHASE,posted,2025-07-02 07:45:54
TXN00040278,ACC000593,MER0065,2025-07-25 09:33:18,38.81,CAD,REFUND,posted,2025-07-25 09:33:18
TXN00042760,ACC001773,MER0033,2025-07-05 10:38:56,20.74,JPY,REFUND,REVERSED,2025-07-05 10:38:56
TXN00041733,ACC002982,MER0031,2025-07-06 06:36:28,9.96,CAD,TRANSFER,posted,2025-07-06 06:36:28
TXN00046273,ACC000174,MER0106,2025-08-25 00:55:15,226.39,INR,DEPOSIT,REVERSED,2025-08-25 00:55:15
TXN00045077,ACC000712,MER0074,2025-08-12 23:25:06,26.09,EUR,WITHDRAWAL,PENDING,2025-08-12 23:25:06
TXN00043462,ACC003074,MER0016,2025-09-22 06:49:04,6.61,INR,DEPOSIT,PENDING,2025-09-22 06:49:04
TXN00046205,ACC002202,MER0033,2025-07-14 11:08:40,29.78,CAD,purchase,DECLINED,2025-07-14 11:08:40
TXN00046812,ACC000997,MER0142,2025-08-13 14:38:00,49.09,USD,PURCHASE,DECLINED,2025-08-13 14:38:00
TXN00047774,ACC003687,MER0134,2025-07-23 12:31:49,67.06,usd,REFUND,POSTED,2025-07-23 12:31:49
TXN00034579,ACC002312,MER0064,2024-01-22 15:17:58,3.35,CAD,TRANSFER,REVERSED,2025-07-12 08:50:37
TXN00043758,ACC000932,MER0027,2025-07-11 20:57:29,4.97,EUR,TRANSFER,posted,2025-07-11 20:57:29
TXN00047251,ACC001265,MER0009,2025-09-04 00:26:24,55.96,INR,purchase,POSTED,2025-09-04 00:26:24
TXN00043772,ACC001960,MER0064,2025-08-13 04:03:10,157.8,GBP,PURCHASE,POSTED,2025-08-13 04:03:10
TXN00041791,ACC001499,MER0108,2025-08-18 03:52:58,1.11,GBP,WITHDRAWAL,PENDING,2025-08-18 03:52:58
TXN00042055,ACC003712,MER0002,2025-09-24 23:59:35,18.5,NGN,PURCHASE,DECLINED,2025-09-24 23:59:35
TXN00047144,ACC000187,MER0094,2025-09-18 08:19:08,24.42,EUR,DEPOSIT,POSTED,2025-09-18 08:19:08
TXN00040913,ACC003659,MER0072,2025-08-12 01:22:28,33.88,JPY,DEPOSIT,POSTED,2025-08-12 01:22:28
TXN00041782,ACC002807,MER0093,2025-08-12 00:27:14,33.9,GBP,WITHDRAWAL,REVERSED,2025-08-12 00:27:14
TXN00046493,ACC001987,MER0062,2025-07-05 05:29:49,16.66,JPY,DEPOSIT,POSTED,2025-07-05 05:29:49
TXN00047253,ACC001159,MER0074,2025-09-26 11:32:24,21.89,GBP,DEPOSIT,DECLINED,2025-09-26 11:32:24
TXN00044904,ACC001311,MER0029,2025-07-07 10:14:53,23.61,CAD,TRANSFER,REVERSED,2025-07-07 10:14:53
TXN00040680,ACC001530,MER0136,2025-09-17 04:55:35,19.62,GBP,PURCHASE,DECLINED,2025-09-17 04:55:35
TXN00045398,ACC002734,MER0122,2025-09-27 02:34:15,64.97,INR,DEPOSIT,posted,2025-09-27 02:34:15
TXN00040759,ACC002866,MER0021,2025-09-13 11:17:48,48.7,JPY,REFUND,POSTED,2025-09-13 11:17:48
TXN00047521,ACC003161,MER0068,2025-07-12 11:46:19,10.83,gbp,REFUND,posted,2025-07-12 11:46:19
TXN00046413,ACC001144,MER0005,2025-07-23 23:16:38,110.82,NGN,WITHDRAWAL,POSTED,2025-07-23 23:16:38
TXN00000410,ACC003880,MER0102,2024-03-04 21:36:23,23.82,gbp,REFUND,POSTED,2025-07-28 12:52:32
TXN00041926,ACC000030,MER0077,2025-07-22 12:18:43,16.09,JPY,TRANSFER,PENDING,2025-07-22 12:18:43
TXN00041445,ACC002811,MER0007,2025-09-12 16:40:23,24.82,gbp,PURCHASE,PENDING,2025-09-12 16:40:23
TXN00041508,ACC000242,MER0030,2025-09-16 03:45:43,86.46,usd,REFUND,POSTED,2025-09-16 03:45:43
TXN00047164,ACC002033,MER0015,2025-09-11 02:39:49,12.19,CAD,TRANSFER,PENDING,2025-09-11 02:39:49
TXN00040167,ACC002922,MER0066,2025-09-02 12:34:43,175.06,GBP,purchase,REVERSED,2025-09-02 12:34:43
TXN00043880,ACC000305,MER0030,2025-09-12 23:24:41,2.93,NGN,TRANSFER,REVERSED,2025-09-12 23:24:41
TXN00046946,ACC001993,MER0088,2025-09-11 10:44:56,93.54,EUR,purchase,REVERSED,2025-09-11 10:44:56
TXN00043923,ACC000666,MER0036,2025-07-15 10:04:26,135.37,CAD,DEPOSIT,POSTED,2025-07-15 10:04:26
TXN00042596,ACC000116,MER0079,2025-08-28 02:16:27,34.76,gbp,purchase,posted,2025-08-28 02:16:27
TXN00020294,ACC001450,MER0064,2024-05-28 12:14:01,199.51,gbp,REFUND,POSTED,2025-07-31 04:30:15
TXN00044439,ACC001164,MER0091,2025-09-18 22:42:18,7.39,NGN,WITHDRAWAL,POSTED,2025-09-18 22:42:18
TXN00040993,ACC000686,MER0049,2025-08-11 06:19:20,54.76,JPY,WITHDRAWAL,PENDING,2025-08-11 06:19:20
TXN00042567,ACC002772,MER0008,2025-09-11 00:51:33,71.43,EUR,TRANSFER,DECLINED,2025-09-11 00:51:33
TXN00046076,ACC001287,MER0123,2025-08-27 22:17:14,52.71,NGN,TRANSFER,POSTED,2025-08-27 22:17:14
TXN00040892,ACC003663,MER0071,2025-07-22 06:15:37,2.54,CAD,REFUND,DECLINED,2025-07-22 06:15:37
TXN00043657,ACC000949,MER0040,2025-09-03 03:34:24,2.47,CAD,purchase,REVERSED,2025-09-03 03:34:24
TXN00046642,ACC002080,MER0061,2025-08-21 02:58:51,18.19,INR,DEPOSIT,posted,2025-08-21 02:58:51
TXN00025410,ACC002103,MER0065,2025-06-21 05:43:51,79.09,CAD,DEPOSIT,POSTED,2025-09-12 17:20:48
TXN00045929,ACC001068,MER0031,2025-09-09 07:52:45,155.38,INR,PURCHASE,POSTED,2025-09-09 07:52:45
TXN00046674,ACC001868,MER0073,2025-08-09 14:22:30,10.16,INR,purchase,POSTED,2025-08-09 14:22:30
TXN00042294,ACC002322,MER0013,2025-08-01 09:11:46,34.83,JPY,PURCHASE,PENDING,2025-08-01 09:11:46
TXN00045749,ACC003779,MER0060,2025-07-20 13:23:34,81.53,usd,purchase,REVERSED,2025-07-20 13:23:34
TXN00043527,ACC001144,MER0011,2025-09-25 07:44:04,4.66,usd,WITHDRAWAL,POSTED,2025-09-25 07:44:04
TXN00042996,ACC002859,MER0016,2025-07-31 13:14:02,30.1,GBP,TRANSFER,REVERSED,2025-07-31 13:14:02
TXN00041588,ACC002771,MER0097,2025-08-04 12:09:23,79.97,CAD,purchase,posted,2025-08-04 12:09:23
TXN00042878,ACC001722,MER0057,2025-08-05 20:10:53,15.69,NGN,REFUND,REVERSED,2025-08-05 20:10:53
TXN00043958,ACC000075,MER0102,2025-07-10 06:55:25,61.45,EUR,REFUND,PENDING,2025-07-10 06:55:25
TXN00043977,ACC000447,MER0032,2025-08-07 15:51:49,86.52,CAD,DEPOSIT,PENDING,2025-08-07 15:51:49
TXN00047285,ACC001854,MER0115,2025-07-19 10:02:08,100.06,JPY,REFUND,DECLINED,2025-07-19 10:02:08
TXN00044910,ACC003145,MER0098,2025-09-21 20:48:29,14.91,GBP,TRANSFER,POSTED,2025-09-21 20:48:29
TXN00047968,ACC001320,MER0096,2025-08-12 07:04:02,42.71,INR,WITHDRAWAL,DECLINED,2025-08-12 07:04:02
TXN00045880,ACC000488,MER0023,2025-09-11 09:23:55,12.81,gbp,PURCHASE,POSTED,2025-09-11 09:23:55
TXN00045694,ACC001273,MER0116,2025-08-05 18:35:34,291.76,usd,purchase,posted,2025-08-05 18:35:34
TXN00031706,ACC003286,MER0136,2024-02-01 21:04:19,10.19,EUR,TRANSFER,DECLINED,2025-09-03 00:39:53
TXN00044426,ACC003182,MER0086,2025-08-05 20:43:47,83.98,CAD,WITHDRAWAL,POSTED,2025-08-05 20:43:47
TXN00044499,ACC002288,MER0131,2025-08-27 02:39:38,50.8,gbp,purchase,posted,2025-08-27 02:39:38
TXN00042898,ACC002751,MER0027,2025-08-03 09:35:11,50.01,INR,WITHDRAWAL,POSTED,2025-08-03 09:35:11
TXN00040799,ACC003750,MER0118,2025-07-31 10:33:35,83.5,usd,DEPOSIT,POSTED,2025-07-31 10:33:35
TXN00041467,ACC000817,MER0014,2025-09-24 07:52:28,45.33,NGN,REFUND,REVERSED,2025-09-24 07:52:28
TXN00046997,ACC001609,MER0112,2025-09-27 15:03:04,9.05,gbp,PURCHASE,PENDING,2025-09-27 15:03:04
TXN00043855,ACC001728,MER0076,2025-07-09 20:07:25,92.64,INR,REFUND,posted,2025-07-09 20:07:25
TXN00044221,ACC002300,MER0139,2025-07-25 08:38:59,65.57,NGN,TRANSFER,POSTED,2025-07-25 08:38:59
TXN00042841,ACC003616,MER0020,2025-09-01 12:44:24,26.16,INR,TRANSFER,POSTED,2025-09-01 12:44:24
TXN00044465,ACC003926,MER0150,2025-09-11 16:09:55,4.73,EUR,WITHDRAWAL,POSTED,2025-09-11 16:09:55
TXN00044228,ACC002979,MER0127,2025-09-05 10:46:29,13.14,JPY,PURCHASE,POSTED,2025-09-05 10:46:29
TXN00042112,ACC002580,MER0054,2025-07-11 17:14:31,11.53,CAD,REFUND,PENDING,2025-07-11 17:14:31
TXN00043536,ACC002428,MER0045,2025-09-27 21:55:29,44.27,usd,DEPOSIT,POSTED,2025-09-27 21:55:29
TXN00041158,ACC003921,MER0021,2025-08-24 11:47:47,35.34,usd,REFUND,DECLINED,2025-08-24 11:47:47
TXN00047411,ACC003469,MER0093,2025-08-26 02:24:47,89.74,EUR,DEPOSIT,posted,2025-08-26 02:24:47
TXN00046328,ACC002512,MER0021,2025-09-17 18:59:25,11.97,GBP,DEPOSIT,POSTED,2025-09-17 18:59:25
TXN00040293,ACC000230,MER0146,2025-08-07 14:42:22,29.83,JPY,PURCHASE,PENDING,2025-08-07 14:42:22
TXN00045892,ACC000455,MER0017,2025-09-09 18:33:48,123.36,JPY,REFUND,PENDING,2025-09-09 18:33:48
TXN00043513,ACC002289,MER0003,2025-07-24 06:09:42,31.36,INR,WITHDRAWAL,POSTED,2025-07-24 06:09:42
TXN00045340,ACC002330,MER0107,2025-08-21 18:19:51,47.35,NGN,REFUND,posted,2025-08-21 18:19:51
TXN00046263,ACC003816,MER0089,2025-08-02 09:24:58,7.34,GBP,WITHDRAWAL,DECLINED,2025-08-02 09:24:58
TXN00045151,ACC001217,MER0006,2025-07-31 05:55:15,4.38,usd,REFUND,PENDING,2025-07-31 05:55:15
TXN00042834,ACC001918,MER0145,2025-09-06 19:10:14,49.67,USD,PURCHASE,DECLINED,2025-09-06 19:10:14
TXN00047256,ACC002707,MER0073,2025-07-14 08:54:20,6.37,NGN,purchase,POSTED,2025-07-14 08:54:20
TXN00045759,ACC002653,MER0055,2025-07-03 11:52:09,53.31,CAD,REFUND,POSTED,2025-07-03 11:52:09
TXN00044219,ACC003430,MER0038,2025-07-30 23:07:39,32.68,usd,TRANSFER,POSTED,2025-07-30 23:07:39
TXN00042611,ACC002159,MER0047,2025-09-20 04:52:13,71.12,INR,DEPOSIT,REVERSED,2025-09-20 04:52:13
TXN00045150,ACC002555,MER0056,2025-07-29 03:37:02,3.93,INR,TRANSFER,DECLINED,2025-07-29 03:37:02
TXN00047917,ACC001219,MER0142,2025-09-05 16:50:13,11.4,INR,PURCHASE,PENDING,2025-09-05 16:50:13
TXN00042192,ACC000670,MER0017,2025-09-14 17:09:06,25.41,JPY,TRANSFER,PENDING,2025-09-14 17:09:06
TXN00045935,ACC001897,MER0077,2025-09-27 18:12:31,40.03,NGN,REFUND,POSTED,2025-09-27 18:12:31
TXN00043190,ACC000562,MER0012,2025-08-22 19:08:54,23.39,USD,REFUND,DECLINED,2025-08-22 19:08:54
TXN00044551,ACC000156,MER0130,2025-09-30 14:37:28,3.1,EUR,DEPOSIT,PENDING,2025-09-30 14:37:28
TXN00043511,ACC000423,MER0110,2025-08-17 13:57:41,31.43,EUR,WITHDRAWAL,POSTED,2025-08-17 13:57:41
TXN00046297,ACC002329,MER0050,2025-07-02 14:20:34,23.42,USD,REFUND,REVERSED,2025-07-02 14:20:34
TXN00042787,ACC002721,MER0024,2025-08-21 02:04:45,5.2,CAD,REFUND,POSTED,2025-08-21 02:04:45
TXN00040452,ACC003330,MER0136,2025-09-10 23:55:52,14.27,gbp,DEPOSIT,REVERSED,2025-09-10 23:55:52
TXN00044209,ACC003858,MER0090,2025-07-14 07:36:22,21.02,CAD,PURCHASE,posted,2025-07-14 07:36:22
TXN00041821,ACC002380,MER0132,2025-09-03 08:27:28,10.24,gbp,REFUND,PENDING,2025-09-03 08:27:28
TXN00041893,ACC000393,MER0088,2025-08-17 07:09:33,21.05,GBP,TRANSFER,DECLINED,2025-08-17 07:09:33
TXN00046259,ACC000823,MER0073,2025-07-04 09:08:25,44.53,gbp,PURCHASE,DECLINED,2025-07-04 09:08:25
TXN00042577,ACC003583,MER0057,2025-09-01 09:31:47,11.08,INR,TRANSFER,POSTED,2025-09-01 09:31:47
TXN00047254,ACC001939,MER0104,2025-08-20 16:53:36,14.22,GBP,WITHDRAWAL,REVERSED,2025-08-20 16:53:36
TXN00045117,ACC001694,MER0066,2025-09-01 13:55:14,61.54,GBP,PURCHASE,PENDING,2025-09-01 13:55:14
TXN00043532,ACC000841,MER0146,2025-08-20 18:35:12,97.21,NGN,WITHDRAWAL,REVERSED,2025-08-20 18:35:12
TXN00002074,ACC003540,MER0064,2025-02-24 02:38:26,219.78,gbp,REFUND,DECLINED,2025-08-01 15:44:43
TXN00047808,ACC001010,MER0096,2025-09-03 19:20:50,3.43,INR,TRANSFER,POSTED,2025-09-03 19:20:50
TXN00046755,ACC000369,MER0150,2025-08-05 00:43:10,12.29,USD,WITHDRAWAL,posted,2025-08-05 00:43:10
TXN00045316,ACC002910,MER0106,2025-08-23 23:02:18,21.23,USD,WITHDRAWAL,DECLINED,2025-08-23 23:02:18
TXN00040939,ACC002014,MER0127,2025-08-17 06:35:28,38.06,CAD,REFUND,POSTED,2025-08-17 06:35:28
TXN00045776,ACC003356,MER0020,2025-09-08 23:15:17,23.57,EUR,REFUND,posted,2025-09-08 23:15:17
TXN00040006,ACC003828,MER0047,2025-07-14 02:56:50,38.1,EUR,TRANSFER,posted,2025-07-14 02:56:50
TXN00047962,ACC001219,MER0035,2025-08-10 02:37:08,53.1,JPY,DEPOSIT,POSTED,2025-08-10 02:37:08
TXN00045478,ACC001185,MER0070,2025-09-19 19:58:11,11.84,NGN,REFUND,REVERSED,2025-09-19 19:58:11
TXN00044018,ACC003808,MER0040,2025-08-14 11:42:15,75.37,NGN,purchase,PENDING,2025-08-14 11:42:15
TXN00042562,ACC003094,MER0044,2025-09-05 22:06:35,75.02,NGN,WITHDRAWAL,PENDING,2025-09-05 22:06:35
TXN00043904,ACC001386,MER0020,2025-07-20 23:34:17,23.65,EUR,purchase,DECLINED,2025-07-20 23:34:17
TXN00041864,ACC001154,MER0052,2025-07-14 16:10:17,6.01,NGN,purchase,POSTED,2025-07-14 16:10:17
TXN00042830,ACC001167,MER0011,2025-07-29 08:31:47,22.81,GBP,REFUND,PENDING,2025-07-29 08:31:47
TXN00046364,ACC001141,MER0028,2025-09-29 06:42:46,6.48,usd,PURCHASE,POSTED,2025-09-29 06:42:46
TXN00044043,ACC000866,MER0147,2025-07-22 19:05:59,26.93,USD,purchase,PENDING,2025-07-22 19:05:59
TXN00045604,ACC001637,MER0090,2025-07-26 23:11:04,20.46,JPY,REFUND,PENDING,2025-07-26 23:11:04
TXN00043200,ACC001740,MER0102,2025-07-27 15:56:44,4.84,usd,DEPOSIT,PENDING,2025-07-27 15:56:44
TXN00043267,ACC000624,MER0094,2025-09-19 17:24:39,71.29,gbp,TRANSFER,REVERSED,2025-09-19 17:24:39
TXN00047993,ACC003241,MER0140,2025-07-28 23:56:42,2.14,NGN,WITHDRAWAL,posted,2025-07-28 23:56:42
TXN00044233,ACC001255,MER0027,2025-08-01 14:14:49,49.41,gbp,WITHDRAWAL,REVERSED,2025-08-01 14:14:49
TXN00040632,ACC000509,MER0060,2025-08-08 02:10:35,31.31,CAD,WITHDRAWAL,REVERSED,2025-08-08 02:10:35
TXN00032221,ACC002736,MER0055,2024-02-09 00:57:57,9.36,EUR,DEPOSIT,DECLINED,2025-08-28 19:30:02
TXN00045473,ACC001008,MER0027,2025-07-02 22:43:25,228.86,GBP,TRANSFER,REVERSED,2025-07-02 22:43:25
TXN00016331,ACC002526,MER0014,2024-03-09 18:50:36,6.16,JPY,REFUND,POSTED,2025-08-26 06:38:06
TXN00040474,ACC000004,MER0076,2025-08-26 18:12:44,2.68,EUR,WITHDRAWAL,REVERSED,2025-08-26 18:12:44
TXN00042805,ACC003135,MER0088,2025-07-24 21:53:58,13.6,usd,REFUND,PENDING,2025-07-24 21:53:58
TXN00040837,ACC003430,MER0012,2025-07-28 02:15:18,11.84,EUR,WITHDRAWAL,PENDING,2025-07-28 02:15:18
TXN00044539,ACC002587,MER0126,2025-08-12 16:21:14,33.08,gbp,WITHDRAWAL,posted,2025-08-12 16:21:14
TXN00044680,ACC001122,MER0125,2025-09-24 11:07:52,48.33,INR,DEPOSIT,DECLINED,2025-09-24 11:07:52
TXN00042704,ACC000099,MER0080,2025-09-19 18:43:27,28.62,CAD,DEPOSIT,posted,2025-09-19 18:43:27
TXN00043945,ACC003133,MER0045,2025-07-30 16:35:22,0.99,USD,purchase,DECLINED,2025-07-30 16:35:22
TXN00042296,ACC002594,MER0104,2025-08-12 09:57:01,326.01,usd,TRANSFER,PENDING,2025-08-12 09:57:01
TXN00041622,ACC003000,MER0094,2025-07-02 22:51:08,2.05,CAD,purchase,POSTED,2025-07-02 22:51:08
TXN00044675,ACC000612,MER0116,2025-09-11 17:27:57,51.03,INR,REFUND,REVERSED,2025-09-11 17:27:57
TXN00044155,ACC001176,MER0098,2025-07-13 04:50:36,31.4,USD,WITHDRAWAL,posted,2025-07-13 04:50:36
TXN00047787,ACC003349,MER0080,2025-08-27 23:40:08,3.34,usd,PURCHASE,posted,2025-08-27 23:40:08
TXN00044583,ACC001933,MER0011,2025-08-07 14:21:50,3.34,EUR,REFUND,DECLINED,2025-08-07 14:21:50
TXN00041173,ACC000164,MER0036,2025-08-20 15:49:09,63.42,NGN,PURCHASE,posted,2025-08-20 15:49:09
TXN00047576,ACC000710,MER0027,2025-09-18 13:49:27,332.6,CAD,purchase,posted,2025-09-18 13:49:27
TXN00044764,ACC000965,MER0074,2025-09-19 10:54:31,78.52,EUR,WITHDRAWAL,PENDING,2025-09-19 10:54:31
TXN00044600,ACC003098,MER0009,2025-08-08 00:20:21,68.1,usd,PURCHASE,PENDING,2025-08-08 00:20:21
TXN00042357,ACC000410,MER0074,2025-09-01 10:07:52,31.68,NGN,REFUND,DECLINED,2025-09-01 10:07:52
TXN00042070,ACC000295,MER0080,2025-08-31 08:30:34,322.16,NGN,PURCHASE,REVERSED,2025-08-31 08:30:34
TXN00042971,ACC003162,MER0070,2025-09-28 13:28:05,168.77,usd,REFUND,posted,2025-09-28 13:28:05
TXN00042280,ACC001235,MER0131,2025-08-03 19:36:16,2.7,JPY,REFUND,posted,2025-08-03 19:36:16
TXN00043421,ACC003583,MER0116,2025-08-28 02:42:49,6.52,usd,PURCHASE,POSTED,2025-08-28 02:42:49
TXN00045955,ACC001151,MER0003,2025-08-30 07:50:23,12.02,INR,REFUND,DECLINED,2025-08-30 07:50:23
TXN00043583,ACC000492,MER0049,2025-08-29 04:35:12,6.36,GBP,purchase,DECLINED,2025-08-29 04:35:12
TXN00042475,ACC002377,MER0089,2025-09-15 14:57:09,38.94,usd,WITHDRAWAL,REVERSED,2025-09-15 14:57:09
TXN00040713,ACC000339,MER0061,2025-09-08 13:08:19,36.09,gbp,REFUND,REVERSED,2025-09-08 13:08:19
TXN00043087,ACC003752,MER0140,2025-07-29 15:59:05,8.4,CAD,TRANSFER,POSTED,2025-07-29 15:59:05
TXN00042693,ACC003223,MER0024,2025-07-03 21:40:11,26.4,INR,TRANSFER,REVERSED,2025-07-03 21:40:11
TXN00041246,ACC001596,MER0121,2025-07-16 20:53:49,13.63,CAD,TRANSFER,posted,2025-07-16 20:53:49
TXN00041639,ACC003149,MER0060,2025-07-26 14:53:42,3.43,GBP,purchase,REVERSED,2025-07-26 14:53:42
TXN00047369,ACC001796,MER0128,2025-07-13 20:03:12,30.82,INR,WITHDRAWAL,PENDING,2025-07-13 20:03:12
TXN00047156,ACC002528,MER0088,2025-08-10 22:29:20,10.74,usd,DEPOSIT,DECLINED,2025-08-10 22:29:20
TXN00047412,ACC001283,MER0124,2025-08-29 23:19:07,12.79,CAD,purchase,REVERSED,2025-08-29 23:19:07
TXN00045611,ACC002832,MER0007,2025-07-02 10:11:23,219.4,INR,WITHDRAWAL,DECLINED,2025-07-02 10:11:23
TXN00042030,ACC003060,MER0097,2025-07-20 04:19:56,76.58,INR,PURCHASE,REVERSED,2025-07-20 04:19:56
TXN00044564,ACC001162,MER0020,2025-08-25 09:19:59,37.7,CAD,WITHDRAWAL,REVERSED,2025-08-25 09:19:59
TXN00042087,ACC001366,MER0006,2025-09-30 15:54:51,62.09,GBP,DEPOSIT,PENDING,2025-09-30 15:54:51
TXN00039136,ACC001896,MER0012,2025-02-14 04:18:29,35.68,INR,REFUND,DECLINED,2025-09-01 01:23:58
TXN00043347,ACC001956,MER0116,2025-09-04 10:21:08,51.98,GBP,REFUND,POSTED,2025-09-04 10:21:08
TXN00041794,ACC000351,MER0137,2025-08-25 11:13:57,88.22,CAD,WITHDRAWAL,posted,2025-08-25 11:13:57
TXN00042968,ACC001127,MER0080,2025-07-03 06:08:51,3.67,GBP,WITHDRAWAL,POSTED,2025-07-03 06:08:51
TXN00016240,ACC001882,MER0071,2025-04-07 21:07:51,37.74,gbp,TRANSFER,DECLINED,2025-07-11 04:45:38
TXN00043035,ACC002068,MER0083,2025-07-31 15:16:29,5.99,CAD,PURCHASE,DECLINED,2025-07-31 15:16:29
TXN00046275,ACC000584,MER0050,2025-08-05 21:48:07,21.22,JPY,REFUND,REVERSED,2025-08-05 21:48:07
TXN00041942,ACC002801,MER0100,2025-09-05 04:18:40,21.4,GBP,REFUND,PENDING,2025-09-05 04:18:40
TXN00047780,ACC002874,MER0038,2025-09-01 08:44:56,147.61,JPY,REFUND,DECLINED,2025-09-01 08:44:56
TXN00045842,ACC001632,MER0060,2025-09-08 09:53:09,4.74,USD,REFUND,POSTED,2025-09-08 09:53:09
TXN00042278,ACC001705,MER0028,2025-07-20 21:41:35,12.35,usd,purchase,posted,2025-07-20 21:41:35
TXN00042199,ACC002132,MER0139,2025-07-30 18:48:04,70.26,GBP,WITHDRAWAL,posted,2025-07-30 18:48:04
TXN00046288,ACC002403,MER0020,2025-08-09 11:25:59,14.68,USD,REFUND,posted,2025-08-09 11:25:59
TXN00043472,ACC001898,MER0060,2025-09-15 07:24:05,1.7,NGN,WITHDRAWAL,posted,2025-09-15 07:24:05
TXN00045595,ACC002162,MER0139,2025-08-30 09:57:01,13.17,GBP,WITHDRAWAL,PENDING,2025-08-30 09:57:01
TXN00042757,ACC000420,MER0142,2025-07-25 07:35:38,15.33,usd,DEPOSIT,REVERSED,2025-07-25 07:35:38
TXN00043439,ACC001399,MER0091,2025-09-03 14:24:21,25.91,usd,WITHDRAWAL,POSTED,2025-09-03 14:24:21
TXN00047353,ACC000048,MER0083,2025-08-29 17:10:23,42.82,EUR,PURCHASE,posted,2025-08-29 17:10:23
TXN00040684,ACC003581,MER0099,2025-09-05 02:02:31,23.16,gbp,WITHDRAWAL,DECLINED,2025-09-05 02:02:31
TXN00046849,ACC000014,MER0035,2025-08-18 11:08:27,16.35,CAD,DEPOSIT,DECLINED,2025-08-18 11:08:27
TXN00042826,ACC002745,MER0024,2025-07-03 07:15:38,21.38,JPY,REFUND,REVERSED,2025-07-03 07:15:38
TXN00041691,ACC001857,MER0055,2025-09-24 15:12:23,191.28,NGN,WITHDRAWAL,REVERSED,2025-09-24 15:12:23
TXN00043861,ACC001526,MER0016,2025-09-18 16:57:37,72.2,NGN,TRANSFER,DECLINED,2025-09-18 16:57:37
TXN00042490,ACC000238,MER0037,2025-07-16 16:59:14,40.05,INR,DEPOSIT,DECLINED,2025-07-16 16:59:14
TXN00043174,ACC001622,MER0106,2025-09-07 08:08:21,36.03,usd,PURCHASE,posted,2025-09-07 08:08:21
TXN00044970,ACC002392,MER0125,2025-07-25 06:00:59,25.27,NGN,purchase,REVERSED,2025-07-25 06:00:59
TXN00046248,ACC003859,MER0097,2025-07-02 19:29:11,24.28,EUR,WITHDRAWAL,POSTED,2025-07-02 19:29:11
TXN00040423,ACC000056,MER0072,2025-09-22 06:39:31,14.99,gbp,REFUND,POSTED,2025-09-22 06:39:31
TXN00047756,ACC001463,MER0039,2025-07-07 15:36:17,72.98,usd,REFUND,PENDING,2025-07-07 15:36:17
TXN00042109,ACC003877,MER0003,2025-07-16 11:00:07,6.29,usd,PURCHASE,posted,2025-07-16 11:00:07
TXN00046730,ACC003101,MER0003,2025-08-28 06:28:12,14.42,usd,DEPOSIT,REVERSED,2025-08-28 06:28:12
TXN00044042,ACC001128,MER0066,2025-07-17 16:26:50,10.22,usd,TRANSFER,DECLINED,2025-07-17 16:26:50
TXN00040583,ACC000976,MER0022,2025-08-24 04:24:30,41.65,USD,DEPOSIT,PENDING,2025-08-24 04:24:30
TXN00047425,ACC002334,MER0126,2025-08-21 18:02:28,8.85,gbp,WITHDRAWAL,POSTED,2025-08-21 18:02:28
TXN00045065,ACC003472,MER0118,2025-07-09 05:37:20,61.87,NGN,PURCHASE,PENDING,2025-07-09 05:37:20
TXN00045022,ACC001405,MER0040,2025-07-30 16:13:54,118.8,GBP,REFUND,REVERSED,2025-07-30 16:13:54
TXN00001201,ACC000864,MER0037,2024-05-23 04:45:32,56.06,CAD,TRANSFER,POSTED,2025-07-22 08:22:55
TXN00042798,ACC003946,MER0092,2025-09-09 21:20:30,123.41,USD,TRANSFER,posted,2025-09-09 21:20:30
TXN00043759,ACC001790,MER0052,2025-09-04 15:37:05,24.42,JPY,TRANSFER,DECLINED,2025-09-04 15:37:05
TXN00045792,ACC002200,MER0116,2025-08-08 00:45:15,23.8,EUR,purchase,posted,2025-08-08 00:45:15
TXN00044437,ACC002924,MER0127,2025-08-05 00:03:58,5.06,usd,PURCHASE,DECLINED,2025-08-05 00:03:58
TXN00044832,ACC003304,MER0002,2025-08-11 21:58:28,26.27,GBP,DEPOSIT,posted,2025-08-11 21:58:28
TXN00046055,ACC003267,MER0058,2025-08-22 07:04:05,15.77,EUR,DEPOSIT,POSTED,2025-08-22 07:04:05
TXN00043991,ACC000119,MER0006,2025-09-18 15:11:01,43.44,INR,PURCHASE,posted,2025-09-18 15:11:01
TXN00044622,ACC001057,MER0063,2025-09-08 04:51:32,27.62,NGN,purchase,POSTED,2025-09-08 04:51:32
TXN00046683,ACC002973,MER0008,2025-08-27 18:28:10,23.11,INR,purchase,REVERSED,2025-08-27 18:28:10
TXN00045997,ACC000906,MER0011,2025-07-07 13:49:18,4.26,GBP,DEPOSIT,REVERSED,2025-07-07 13:49:18
TXN00043700,ACC001945,MER0033,2025-09-11 18:27:50,18.47,gbp,DEPOSIT,PENDING,2025-09-11 18:27:50
TXN00045828,ACC002358,MER0024,2025-08-09 10:33:56,7.61,gbp,DEPOSIT,posted,2025-08-09 10:33:56
TXN00041755,ACC002395,MER0094,2025-08-15 12:25:17,8.44,gbp,TRANSFER,posted,2025-08-15 12:25:17
TXN00041374,ACC002384,MER0038,2025-07-24 16:35:24,17.42,GBP,DEPOSIT,POSTED,2025-07-24 16:35:24
TXN00043791,ACC002975,MER0033,2025-08-04 00:33:57,15.8,usd,DEPOSIT,DECLINED,2025-08-04 00:33:57
TXN00044322,ACC000692,MER0068,2025-08-14 22:20:49,24559.98,USD,WITHDRAWAL,PENDING,2025-08-14 22:20:49
TXN00040391,ACC002333,MER0112,2025-09-26 03:27:33,3.86,usd,PURCHASE,REVERSED,2025-09-26 03:27:33
TXN00039490,ACC000830,MER0072,2024-02-24 09:25:47,7.86,gbp,DEPOSIT,POSTED,2025-09-23 03:31:36
TXN00046188,ACC003195,MER0073,2025-09-21 15:04:42,8.41,gbp,PURCHASE,PENDING,2025-09-21 15:04:42
TXN00047749,ACC000443,MER0037,2025-08-14 08:28:04,18.03,EUR,PURCHASE,posted,2025-08-14 08:28:04
TXN00046737,ACC003771,MER0042,2025-08-24 11:13:46,107.64,GBP,purchase,PENDING,2025-08-24 11:13:46
TXN00046952,ACC002803,MER0093,2025-09-01 04:38:14,32.36,INR,PURCHASE,REVERSED,2025-09-01 04:38:14
TXN00045218,ACC001429,MER0142,2025-07-27 02:52:35,21.15,usd,REFUND,PENDING,2025-07-27 02:52:35
TXN00042329,ACC003785,MER0042,2025-08-04 00:28:11,1.87,INR,PURCHASE,POSTED,2025-08-04 00:28:11
TXN00041454,ACC002564,MER0146,2025-07-08 12:57:10,12.24,NGN,REFUND,PENDING,2025-07-08 12:57:10
TXN00043982,ACC001795,MER0096,2025-07-19 13:43:17,10.81,INR,purchase,posted,2025-07-19 13:43:17
TXN00044988,ACC001866,MER0107,2025-08-03 14:13:35,6.24,JPY,REFUND,DECLINED,2025-08-03 14:13:35
TXN00045348,ACC003646,MER0042,2025-08-07 17:18:36,29.84,JPY,DEPOSIT,REVERSED,2025-08-07 17:18:36
TXN00047526,ACC001598,MER0070,2025-07-16 00:28:34,21.1,JPY,purchase,DECLINED,2025-07-16 00:28:34
TXN00044166,ACC002516,MER0108,2025-08-29 01:33:49,6.16,GBP,WITHDRAWAL,DECLINED,2025-08-29 01:33:49
TXN00045370,ACC001480,MER0096,2025-08-07 09:04:03,31.79,CAD,DEPOSIT,posted,2025-08-07 09:04:03
TXN00047149,ACC000704,MER0126,2025-09-29 23:49:25,101.44,NGN,TRANSFER,DECLINED,2025-09-29 23:49:25
TXN00045242,ACC001887,MER0096,2025-08-05 16:12:21,48.31,NGN,purchase,REVERSED,2025-08-05 16:12:21
TXN00041448,ACC001378,MER0119,2025-08-18 12:31:04,135.7,NGN,WITHDRAWAL,PENDING,2025-08-18 12:31:04
TXN00038028,ACC003649,MER0031,2024-09-05 04:57:26,36.26,JPY,WITHDRAWAL,POSTED,2025-08-03 03:56:03
TXN00046226,ACC001149,MER0078,2025-07-12 08:43:21,10.57,GBP,WITHDRAWAL,posted,2025-07-12 08:43:21
TXN00045898,ACC001089,MER0051,2025-07-06 02:50:35,104.31,INR,TRANSFER,PENDING,2025-07-06 02:50:35
TXN00025248,ACC003381,MER0004,2024-05-04 15:22:33,44.42,INR,purchase,DECLINED,2025-09-04 05:04:03
TXN00013514,ACC003870,MER0124,2024-10-24 16:16:29,77.58,USD,PURCHASE,DECLINED,2025-07-16 09:19:32
TXN00038757,ACC002377,MER0087,2025-06-09 14:44:38,136.17,JPY,REFUND,REVERSED,2025-09-24 23:19:04
TXN00042621,ACC001051,MER0041,2025-09-25 08:53:21,19.08,USD,purchase,DECLINED,2025-09-25 08:53:21
TXN00043792,ACC003372,MER0023,2025-08-09 03:54:16,70.82,gbp,REFUND,PENDING,2025-08-09 03:54:16
TXN00042467,ACC000726,MER0104,2025-07-09 08:52:26,101.64,CAD,WITHDRAWAL,posted,2025-07-09 08:52:26
TXN00044394,ACC002042,MER0080,2025-09-12 06:09:31,2.66,gbp,PURCHASE,POSTED,2025-09-12 06:09:31
TXN00042161,ACC000385,MER0071,2025-08-12 08:16:21,136.14,CAD,WITHDRAWAL,DECLINED,2025-08-12 08:16:21
TXN00041904,ACC002816,MER0136,2025-07-02 11:49:48,8.86,gbp,purchase,posted,2025-07-02 11:49:48
TXN00044728,ACC003711,MER0148,2025-08-22 04:02:35,4.06,INR,REFUND,DECLINED,2025-08-22 04:02:35
TXN00044781,ACC003122,MER0077,2025-08-26 06:47:56,67.28,JPY,TRANSFER,REVERSED,2025-08-26 06:47:56
TXN00046917,ACC000679,MER0129,2025-08-28 21:31:59,8.94,USD,TRANSFER,POSTED,2025-08-28 21:31:59
TXN00044380,ACC002583,MER0126,2025-09-17 05:08:34,29.0,EUR,DEPOSIT,PENDING,2025-09-17 05:08:34
TXN00023051,ACC003491,MER0082,2024-05-15 18:49:28,17.89,GBP,DEPOSIT,DECLINED,2025-07-19 23:39:32
TXN00040551,ACC002167,MER0142,2025-07-24 20:06:19,4.14,EUR,REFUND,DECLINED,2025-07-24 20:06:19
TXN00041076,ACC002490,MER0106,2025-08-23 00:11:12,25.83,NGN,REFUND,POSTED,2025-08-23 00:11:12
TXN00043204,ACC003782,MER0105,2025-07-16 16:08:01,80.48,GBP,TRANSFER,REVERSED,2025-07-16 16:08:01
TXN00040226,ACC002262,MER0020,2025-09-01 14:45:57,780.29,CAD,PURCHASE,DECLINED,2025-09-01 14:45:57
TXN00042748,ACC001159,MER0137,2025-07-18 20:13:53,11.33,usd,purchase,PENDING,2025-07-18 20:13:53
TXN00041127,ACC001885,MER0013,2025-08-21 03:32:22,5.62,usd,DEPOSIT,posted,2025-08-21 03:32:22
TXN00045427,ACC002392,MER0127,2025-07-09 05:28:07,24.9,GBP,DEPOSIT,REVERSED,2025-07-09 05:28:07
TXN00047999,ACC003677,MER0096,2025-09-09 06:20:28,28.94,gbp,PURCHASE,posted,2025-09-09 06:20:28
TXN00044385,ACC003746,MER0140,2025-07-09 09:30:08,5.16,CAD,PURCHASE,DECLINED,2025-07-09 09:30:08
TXN00045238,ACC001877,MER0141,2025-08-14 08:26:09,8.28,gbp,DEPOSIT,PENDING,2025-08-14 08:26:09
TXN00046566,ACC000635,MER0067,2025-09-15 07:42:13,6.91,gbp,REFUND,posted,2025-09-15 07:42:13
TXN00040946,ACC001546,MER0093,2025-07-04 02:51:08,19.14,CAD,TRANSFER,DECLINED,2025-07-04 02:51:08
TXN00045724,ACC003547,MER0129,2025-08-23 11:35:24,13.29,usd,DEPOSIT,posted,2025-08-23 11:35:24
TXN00042255,ACC001540,MER0079,2025-07-21 04:45:36,24.89,NGN,WITHDRAWAL,REVERSED,2025-07-21 04:45:36
TXN00044670,ACC000035,MER0033,2025-07-18 08:06:00,11.11,CAD,purchase,posted,2025-07-18 08:06:00
TXN00042799,ACC001427,MER0138,2025-07-03 17:21:16,9.09,JPY,WITHDRAWAL,PENDING,2025-07-03 17:21:16
TXN00046049,ACC002300,MER0065,2025-08-30 10:54:28,6.2,gbp,REFUND,POSTED,2025-08-30 10:54:28
TXN00047289,ACC001923,MER0108,2025-08-19 10:06:04,14.39,NGN,PURCHASE,DECLINED,2025-08-19 10:06:04
TXN00046342,ACC000770,MER0145,2025-08-06 15:43:28,128.32,USD,TRANSFER,POSTED,2025-08-06 15:43:28
TXN00046371,ACC001609,MER0143,2025-09-22 23:17:02,28.48,GBP,WITHDRAWAL,REVERSED,2025-09-22 23:17:02
TXN00046100,ACC003655,MER0012,2025-07-31 21:49:17,61.48,NGN,PURCHASE,REVERSED,2025-07-31 21:49:17
TXN00041036,ACC002330,MER0092,2025-08-24 12:54:04,21.25,CAD,TRANSFER,REVERSED,2025-08-24 12:54:04
TXN00025646,ACC002992,MER0143,2024-01-05 09:39:03,5.43,usd,DEPOSIT,REVERSED,2025-09-04 09:57:33
TXN00042120,ACC003134,MER0041,2025-09-02 10:58:06,8.97,usd,DEPOSIT,POSTED,2025-09-02 10:58:06
TXN00047681,ACC003054,MER0056,2025-08-24 22:04:35,270.74,EUR,purchase,posted,2025-08-24 22:04:35
TXN00044496,ACC002527,MER0086,2025-09-18 04:00:39,18.13,NGN,DEPOSIT,DECLINED,2025-09-18 04:00:39
TXN00042579,ACC000720,MER0011,2025-09-28 05:03:00,28.53,INR,purchase,PENDING,2025-09-28 05:03:00
TXN00044911,ACC002842,MER0037,2025-08-22 11:53:14,10.15,USD,REFUND,POSTED,2025-08-22 11:53:14
TXN00042054,ACC003176,MER0094,2025-09-03 16:43:09,11.17,INR,REFUND,posted,2025-09-03 16:43:09
TXN00041604,ACC001447,MER0117,2025-08-08 16:58:31,24.68,EUR,REFUND,posted,2025-08-08 16:58:31
TXN00043246,ACC001414,MER0060,2025-07-17 20:47:39,14300.07,INR,DEPOSIT,posted,2025-07-17 20:47:39
TXN00047041,ACC003343,MER0053,2025-09-20 20:37:23,13.47,usd,REFUND,PENDING,2025-09-20 20:37:23
TXN00042509,ACC002601,MER0064,2025-09-12 21:07:19,74.48,NGN,DEPOSIT,POSTED,2025-09-12 21:07:19
TXN00043706,ACC002326,MER0035,2025-09-27 17:12:35,34.4,usd,DEPOSIT,posted,2025-09-27 17:12:35
TXN00043975,ACC002585,MER0106,2025-09-20 01:36:34,6.09,usd,REFUND,posted,2025-09-20 01:36:34
TXN00044416,ACC001989,MER0112,2025-09-21 19:38:09,21.06,GBP,WITHDRAWAL,PENDING,2025-09-21 19:38:09
TXN00037856,ACC003024,MER0110,2024-10-21 14:53:18,0.55,usd,WITHDRAWAL,REVERSED,2025-09-20 17:53:36
TXN00040235,ACC000478,MER0121,2025-09-21 00:10:25,14.51,NGN,TRANSFER,posted,2025-09-21 00:10:25
TXN00045890,ACC000454,MER0092,2025-09-02 16:16:16,50.38,usd,WITHDRAWAL,POSTED,2025-09-02 16:16:16
TXN00042062,ACC001822,MER0050,2025-08-30 20:34:52,47.63,usd,TRANSFER,PENDING,2025-08-30 20:34:52
TXN00043702,ACC003308,MER0058,2025-09-12 06:27:28,138.98,USD,PURCHASE,POSTED,2025-09-12 06:27:28
TXN00044958,ACC001589,MER0052,2025-09-25 15:57:59,53.76,INR,PURCHASE,REVERSED,2025-09-25 15:57:59
TXN00041749,ACC003158,MER0021,2025-07-02 13:27:32,27.8,INR,PURCHASE,PENDING,2025-07-02 13:27:32
TXN00046173,ACC003936,MER0106,2025-08-08 23:47:30,91.85,USD,PURCHASE,PENDING,2025-08-08 23:47:30
TXN00047543,ACC003292,MER0052,2025-07-02 03:47:24,22.24,GBP,WITHDRAWAL,POSTED,2025-07-02 03:47:24
TXN00046733,ACC001803,MER0057,2025-08-22 08:08:31,5.84,USD,DEPOSIT,DECLINED,2025-08-22 08:08:31
TXN00020671,ACC001877,MER0093,2024-10-14 14:21:48,70.03,INR,purchase,DECLINED,2025-09-09 07:48:40
TXN00042749,ACC003089,MER0086,2025-08-01 15:57:30,14.46,INR,REFUND,posted,2025-08-01 15:57:30
TXN00044003,ACC000896,MER0092,2025-07-22 09:20:22,6.08,JPY,REFUND,PENDING,2025-07-22 09:20:22
TXN00042249,ACC002339,MER0045,2025-08-07 04:29:55,14.26,GBP,TRANSFER,DECLINED,2025-08-07 04:29:55
TXN00040801,ACC003818,MER0147,2025-08-13 20:56:53,5.71,NGN,TRANSFER,PENDING,2025-08-13 20:56:53
TXN00044050,ACC000914,MER0106,2025-08-26 17:57:44,40.95,NGN,WITHDRAWAL,PENDING,2025-08-26 17:57:44
TXN00043094,ACC000853,MER0030,2025-08-31 19:05:07,12.79,NGN,REFUND,PENDING,2025-08-31 19:05:07
TXN00040687,ACC001251,MER0005,2025-09-24 00:02:40,68.65,USD,TRANSFER,posted,2025-09-24 00:02:40
TXN00045708,ACC003582,MER0078,2025-08-04 11:55:04,16.28,CAD,purchase,posted,2025-08-04 11:55:04
TXN00040302,ACC003145,MER0110,2025-08-07 11:38:19,50.14,EUR,DEPOSIT,posted,2025-08-07 11:38:19
TXN00041089,ACC001040,MER0015,2025-07-31 00:25:04,12.85,GBP,purchase,posted,2025-07-31 00:25:04
TXN00018054,ACC000093,MER0143,2024-01-29 23:53:41,15.04,CAD,WITHDRAWAL,POSTED,2025-09-12 05:00:43
TXN00047053,ACC003393,MER0015,2025-08-21 18:44:33,31.08,CAD,purchase,PENDING,2025-08-21 18:44:33
TXN00043384,ACC002476,MER0141,2025-09-07 19:26:41,20.84,gbp,WITHDRAWAL,REVERSED,2025-09-07 19:26:41
TXN00042653,ACC002963,MER0075,2025-07-11 20:23:34,24.11,INR,DEPOSIT,DECLINED,2025-07-11 20:23:34
TXN00047534,ACC002043,MER0104,2025-08-03 00:39:43,148.51,EUR,PURCHASE,posted,2025-08-03 00:39:43
TXN00045509,ACC003186,MER0107,2025-08-11 18:02:24,107.5,INR,purchase,posted,2025-08-11 18:02:24
TXN00047381,ACC003010,MER0111,2025-08-16 17:33:19,66.16,EUR,purchase,PENDING,2025-08-16 17:33:19
TXN00044855,ACC000139,MER0064,2025-08-12 16:42:33,6.38,gbp,DEPOSIT,posted,2025-08-12 16:42:33
TXN00042022,ACC001015,MER0038,2025-07-28 01:02:01,1.71,INR,DEPOSIT,DECLINED,2025-07-28 01:02:01
TXN00044768,ACC002664,MER0115,2025-07-14 00:58:51,49.77,INR,TRANSFER,POSTED,2025-07-14 00:58:51
TXN00047671,ACC002710,MER0097,2025-08-11 21:25:58,12.21,USD,REFUND,posted,2025-08-11 21:25:58
TXN00042732,ACC002137,MER0123,2025-07-12 12:56:44,191.86,CAD,TRANSFER,posted,2025-07-12 12:56:44
TXN00043570,ACC003011,MER0099,2025-09-19 00:18:24,37.54,JPY,TRANSFER,posted,2025-09-19 00:18:24
TXN00041780,ACC003405,MER0115,2025-08-28 10:22:40,48.46,gbp,TRANSFER,POSTED,2025-08-28 10:22:40
TXN00042347,ACC000950,MER0111,2025-07-28 09:25:04,26.85,INR,DEPOSIT,REVERSED,2025-07-28 09:25:04
TXN00046863,ACC001820,MER0101,2025-09-10 07:08:42,77.46,CAD,TRANSFER,REVERSED,2025-09-10 07:08:42
TXN00047936,ACC002885,MER0144,2025-09-04 00:19:44,8.71,CAD,TRANSFER,DECLINED,2025-09-04 00:19:44
TXN00045190,ACC003623,MER0131,2025-09-05 16:45:27,37.92,INR,REFUND,posted,2025-09-05 16:45:27
TXN00040190,ACC001667,MER0122,2025-09-26 19:45:38,12.42,EUR,PURCHASE,POSTED,2025-09-26 19:45:38
TXN00042350,ACC003724,MER0076,2025-07-08 13:34:13,19.63,INR,purchase,PENDING,2025-07-08 13:34:13
TXN00042486,ACC002166,MER0012,2025-08-07 04:58:10,20.61,INR,purchase,REVERSED,2025-08-07 04:58:10
TXN00040582,ACC001695,MER0122,2025-08-08 15:41:40,45.89,gbp,TRANSFER,posted,2025-08-08 15:41:40
TXN00042088,ACC000129,MER0112,2025-09-02 21:31:09,8.82,usd,REFUND,DECLINED,2025-09-02 21:31:09
TXN00045746,ACC003547,MER0040,2025-08-11 04:27:02,11.41,NGN,REFUND,POSTED,2025-08-11 04:27:02
TXN00041727,ACC002389,MER0013,2025-08-23 16:14:15,11.74,NGN,purchase,PENDING,2025-08-23 16:14:15
TXN00047515,ACC002462,MER0084,2025-08-10 13:36:24,15.21,GBP,REFUND,posted,2025-08-10 13:36:24
TXN00011408,ACC001475,MER0132,2024-04-25 23:38:47,5.12,gbp,WITHDRAWAL,REVERSED,2025-09-26 16:57:40
TXN00041623,ACC000520,MER0135,2025-08-15 22:24:22,113.58,USD,WITHDRAWAL,PENDING,2025-08-15 22:24:22
TXN00044241,ACC000414,MER0146,2025-08-24 12:02:42,9.3,JPY,DEPOSIT,DECLINED,2025-08-24 12:02:42
TXN00043128,ACC002649,MER0134,2025-09-23 14:41:08,44.68,JPY,TRANSFER,REVERSED,2025-09-23 14:41:08
TXN00041040,ACC000281,MER0126,2025-08-08 07:20:05,47.48,GBP,REFUND,REVERSED,2025-08-08 07:20:05
TXN00022195,ACC002288,MER0046,2024-12-31 14:07:19,53.57,USD,PURCHASE,REVERSED,2025-08-28 10:54:31
TXN00041933,ACC002254,MER0005,2025-07-28 04:27:15,2.4,JPY,TRANSFER,DECLINED,2025-07-28 04:27:15
TXN00041067,ACC002058,MER0014,2025-07-20 21:51:33,78.77,gbp,PURCHASE,REVERSED,2025-07-20 21:51:33
TXN00041226,ACC002745,MER0018,2025-08-04 12:17:22,251.14,CAD,REFUND,POSTED,2025-08-04 12:17:22
TXN00040354,ACC000841,MER0024,2025-08-09 01:40:22,84.2,JPY,DEPOSIT,DECLINED,2025-08-09 01:40:22
TXN00040490,ACC000332,MER0132,2025-09-30 11:37:26,21.0,NGN,purchase,POSTED,2025-09-30 11:37:26
TXN00042290,ACC003557,MER0030,2025-09-15 21:58:24,35.42,CAD,REFUND,posted,2025-09-15 21:58:24
TXN00045372,ACC002388,MER0034,2025-09-18 05:20:59,15.82,NGN,purchase,PENDING,2025-09-18 05:20:59
TXN00041996,ACC002585,MER0124,2025-09-27 18:04:35,2.7,NGN,PURCHASE,REVERSED,2025-09-27 18:04:35
TXN00041764,ACC002185,MER0141,2025-07-27 12:23:53,32.18,gbp,REFUND,POSTED,2025-07-27 12:23:53
TXN00046101,ACC001381,MER0133,2025-09-16 06:05:21,44.56,GBP,PURCHASE,POSTED,2025-09-16 06:05:21
TXN00040552,ACC000192,MER0059,2025-07-02 22:11:24,50.88,GBP,purchase,POSTED,2025-07-02 22:11:24
TXN00041740,ACC000944,MER0137,2025-07-16 05:15:52,37708.68,GBP,purchase,PENDING,2025-07-16 05:15:52
TXN00042111,ACC003591,MER0036,2025-07-17 23:48:10,6.64,usd,purchase,posted,2025-07-17 23:48:10
TXN00044215,ACC001183,MER0118,2025-08-24 15:23:51,8.52,EUR,REFUND,posted,2025-08-24 15:23:51
TXN00040405,ACC002605,MER0134,2025-09-26 06:56:02,9.29,INR,REFUND,DECLINED,2025-09-26 06:56:02
TXN00026975,ACC002025,MER0032,2024-08-01 02:14:07,6.02,INR,WITHDRAWAL,REVERSED,2025-09-08 07:18:01
TXN00043944,ACC001140,MER0108,2025-07-23 01:04:48,96.16,JPY,purchase,posted,2025-07-23 01:04:48
TXN00044674,ACC002296,MER0036,2025-07-22 07:40:15,42.75,usd,TRANSFER,PENDING,2025-07-22 07:40:15
TXN00040173,ACC002010,MER0129,2025-07-31 12:26:09,14.62,GBP,REFUND,posted,2025-07-31 12:26:09
TXN00041063,ACC001074,MER0122,2025-08-26 18:00:18,153.59,EUR,DEPOSIT,DECLINED,2025-08-26 18:00:18
TXN00047430,ACC001193,MER0033,2025-07-02 16:48:22,13.75,GBP,PURCHASE,PENDING,2025-07-02 16:48:22
TXN00046450,ACC003299,MER0128,2025-08-19 06:02:18,13394.36,INR,PURCHASE,POSTED,2025-08-19 06:02:18
TXN00027905,ACC000369,MER0082,2025-02-28 23:09:30,8.69,EUR,purchase,DECLINED,2025-08-09 15:26:47
TXN00045288,ACC002084,MER0007,2025-07-09 02:51:28,12.14,JPY,DEPOSIT,PENDING,2025-07-09 02:51:28
TXN00042869,ACC000249,MER0126,2025-09-12 17:06:58,23.36,INR,purchase,PENDING,2025-09-12 17:06:58
TXN00045687,ACC000413,MER0122,2025-07-01 17:28:30,13.68,JPY,REFUND,POSTED,2025-07-01 17:28:30
TXN00044921,ACC002561,MER0090,2025-07-01 20:46:12,16.9,CAD,REFUND,PENDING,2025-07-01 20:46:12
TXN00040137,ACC003808,MER0001,2025-09-06 19:17:38,65.24,gbp,REFUND,POSTED,2025-09-06 19:17:38
TXN00016646,ACC002458,MER0025,2024-02-09 02:53:42,67.07,USD,WITHDRAWAL,POSTED,2025-07-30 22:30:46
TXN00042108,ACC001065,MER0063,2025-07-14 10:12:38,96.33,gbp,TRANSFER,posted,2025-07-14 10:12:38
TXN00011762,ACC001580,MER0073,2024-08-17 20:54:45,54.3,GBP,purchase,DECLINED,2025-07-05 06:00:13
TXN00044859,ACC001445,MER0047,2025-08-10 22:02:15,24.35,INR,TRANSFER,POSTED,2025-08-10 22:02:15
TXN00046938,ACC002748,MER0044,2025-09-13 17:01:48,5.41,CAD,PURCHASE,REVERSED,2025-09-13 17:01:48
TXN00042383,ACC002391,MER0110,2025-08-11 18:33:09,56.73,CAD,DEPOSIT,REVERSED,2025-08-11 18:33:09
TXN00046271,ACC000937,MER0026,2025-08-18 11:47:58,9.48,usd,REFUND,posted,2025-08-18 11:47:58
TXN00040335,ACC003424,MER0094,2025-09-21 18:41:24,9.87,JPY,TRANSFER,REVERSED,2025-09-21 18:41:24
TXN00043113,ACC003269,MER0015,2025-07-31 17:05:09,22.28,EUR,REFUND,DECLINED,2025-07-31 17:05:09
TXN00041412,ACC000661,MER0092,2025-09-16 22:35:23,2.38,gbp,REFUND,PENDING,2025-09-16 22:35:23
TXN00044801,ACC000780,MER0120,2025-08-20 12:03:34,1.72,GBP,purchase,POSTED,2025-08-20 12:03:34
TXN00041013,ACC002753,MER0092,2025-09-24 16:16:01,37.67,gbp,WITHDRAWAL,posted,2025-09-24 16:16:01
TXN00047487,ACC002853,MER0012,2025-09-12 12:29:13,82.34,USD,REFUND,DECLINED,2025-09-12 12:29:13
TXN00040098,ACC001283,MER0102,2025-07-04 21:27:44,1.66,USD,purchase,POSTED,2025-07-04 21:27:44
TXN00043614,ACC000640,MER0075,2025-09-04 08:42:22,163.86,gbp,purchase,POSTED,2025-09-04 08:42:22
TXN00045874,ACC002511,MER0067,2025-08-13 09:31:27,9.52,JPY,REFUND,PENDING,2025-08-13 09:31:27
TXN00043785,ACC001921,MER0055,2025-07-21 14:47:36,13.46,EUR,PURCHASE,REVERSED,2025-07-21 14:47:36
TXN00044230,ACC002351,MER0105,2025-09-11 11:49:03,59.26,INR,REFUND,DECLINED,2025-09-11 11:49:03
TXN00040569,ACC002109,MER0011,2025-09-12 13:40:51,19.43,CAD,PURCHASE,PENDING,2025-09-12 13:40:51
TXN00045186,ACC002852,MER0111,2025-07-08 12:06:23,22.79,gbp,purchase,DECLINED,2025-07-08 12:06:23
TXN00040242,ACC002381,MER0028,2025-09-19 07:33:35,7.16,JPY,DEPOSIT,POSTED,2025-09-19 07:33:35
TXN00040958,ACC001304,MER0064,2025-08-12 14:18:12,52.67,gbp,PURCHASE,POSTED,2025-08-12 14:18:12
TXN00041667,ACC003289,MER0023,2025-07-06 00:11:38,10.4,GBP,TRANSFER,posted,2025-07-06 00:11:38
TXN00043237,ACC002804,MER0147,2025-09-12 19:04:51,11.1,USD,WITHDRAWAL,posted,2025-09-12 19:04:51
TXN00040487,ACC000661,MER0021,2025-09-07 09:42:23,187.97,NGN,PURCHASE,posted,2025-09-07 09:42:23
TXN00047132,ACC000327,MER0075,2025-08-08 07:46:41,26.08,NGN,PURCHASE,DECLINED,2025-08-08 07:46:41
TXN00043679,ACC002429,MER0079,2025-07-01 18:51:33,25.27,USD,WITHDRAWAL,REVERSED,2025-07-01 18:51:33
TXN00043259,ACC000140,MER0136,2025-07-11 10:40:22,55.04,usd,PURCHASE,POSTED,2025-07-11 10:40:22
TXN00041750,ACC001924,MER0111,2025-07-11 07:05:16,93.37,CAD,purchase,posted,2025-07-11 07:05:16
TXN00044588,ACC002949,MER0135,2025-07-21 00:36:27,43.04,NGN,TRANSFER,REVERSED,2025-07-21 00:36:27
TXN00044586,ACC002020,MER0054,2025-08-21 18:00:22,27.25,GBP,PURCHASE,POSTED,2025-08-21 18:00:22
TXN00040077,ACC000643,MER0121,2025-07-14 06:50:57,19.45,gbp,DEPOSIT,posted,2025-07-14 06:50:57
TXN00041974,ACC002374,MER0122,2025-09-10 08:42:53,217.34,usd,purchase,POSTED,2025-09-10 08:42:53
TXN00036585,ACC001842,MER0062,2024-07-20 19:30:22,7.77,usd,REFUND,POSTED,2025-07-12 16:33:16
TXN00046713,ACC001838,MER0051,2025-07-31 14:32:26,21.26,USD,PURCHASE,DECLINED,2025-07-31 14:32:26
TXN00047046,ACC000772,MER0121,2025-07-15 07:50:03,22.24,gbp,TRANSFER,DECLINED,2025-07-15 07:50:03
TXN00043941,ACC003035,MER0091,2025-07-27 18:37:14,36.9,EUR,TRANSFER,posted,2025-07-27 18:37:14
TXN00028664,ACC002745,MER0031,2024-05-13 16:09:33,151.16,INR,REFUND,DECLINED,2025-07-27 00:33:20
TXN00042129,ACC003937,MER0117,2025-07-22 09:52:09,20457.71,usd,PURCHASE,POSTED,2025-07-22 09:52:09
TXN00046624,ACC002564,MER0092,2025-09-21 10:50:07,32.83,gbp,PURCHASE,DECLINED,2025-09-21 10:50:07
TXN00047545,ACC001235,MER0005,2025-07-13 09:18:53,20.98,EUR,TRANSFER,REVERSED,2025-07-13 09:18:53
TXN00046506,ACC002058,MER0124,2025-07-03 17:51:42,51.04,usd,PURCHASE,POSTED,2025-07-03 17:51:42
TXN00043557,ACC002864,MER0088,2025-07-09 06:11:49,18.84,EUR,DEPOSIT,DECLINED,2025-07-09 06:11:49
TXN00047004,ACC003541,MER0064,2025-09-17 07:09:46,66.72,INR,REFUND,POSTED,2025-09-17 07:09:46
TXN00044054,ACC000222,MER0138,2025-08-16 03:10:11,32.09,USD,purchase,POSTED,2025-08-16 03:10:11
TXN00044100,ACC001015,MER0035,2025-09-08 11:11:43,20.2,JPY,DEPOSIT,PENDING,2025-09-08 11:11:43
TXN00045057,ACC003657,MER0060,2025-08-29 19:31:19,5.37,INR,TRANSFER,DECLINED,2025-08-29 19:31:19
TXN00002364,ACC000973,MER0008,2025-03-10 00:59:38,19.72,USD,WITHDRAWAL,POSTED,2025-09-30 22:59:26
TXN00046343,ACC000654,MER0046,2025-08-25 07:29:54,28.9,INR,TRANSFER,posted,2025-08-25 07:29:54
TXN00041007,ACC000777,MER0104,2025-07-09 01:52:23,8.64,EUR,TRANSFER,POSTED,2025-07-09 01:52:23
TXN00044258,ACC002066,MER0118,2025-07-29 00:35:14,17.21,JPY,TRANSFER,POSTED,2025-07-29 00:35:14
TXN00040023,ACC001194,MER0085,2025-08-12 20:27:59,3.08,NGN,WITHDRAWAL,REVERSED,2025-08-12 20:27:59
TXN00044502,ACC000265,MER0101,2025-07-04 20:42:49,38.96,EUR,PURCHASE,REVERSED,2025-07-04 20:42:49
TXN00042840,ACC000672,MER0029,2025-09-25 02:21:11,120.02,GBP,REFUND,REVERSED,2025-09-25 02:21:11
TXN00044886,ACC001390,MER0093,2025-09-24 03:26:03,5.38,CAD,PURCHASE,POSTED,2025-09-24 03:26:03
TXN00040926,ACC002270,MER0014,2025-07-21 23:18:25,16.07,INR,PURCHASE,DECLINED,2025-07-21 23:18:25
TXN00047789,ACC001656,MER0093,2025-08-25 19:41:26,20.12,CAD,PURCHASE,REVERSED,2025-08-25 19:41:26
TXN00042638,ACC001232,MER0115,2025-09-21 20:52:48,42.17,usd,PURCHASE,POSTED,2025-09-21 20:52:48
TXN00046017,ACC002453,MER0026,2025-08-30 21:48:59,3.79,NGN,TRANSFER,DECLINED,2025-08-30 21:48:59
TXN00044854,ACC002163,MER0017,2025-07-30 14:59:59,25.34,gbp,WITHDRAWAL,REVERSED,2025-07-30 14:59:59
TXN00041294,ACC003423,MER0132,2025-07-05 00:39:28,19.16,INR,REFUND,posted,2025-07-05 00:39:28
TXN00010117,ACC000620,MER0051,2024-02-15 16:44:00,4.24,USD,TRANSFER,DECLINED,2025-07-05 09:12:52
TXN00024799,ACC002174,MER0078,2024-07-10 05:11:22,14.78,INR,PURCHASE,DECLINED,2025-07-19 18:25:06
TXN00042262,ACC002379,MER0044,2025-08-06 10:47:44,20.9,usd,REFUND,POSTED,2025-08-06 10:47:44
TXN00046062,ACC001061,MER0093,2025-08-31 19:43:52,35.19,JPY,DEPOSIT,posted,2025-08-31 19:43:52
TXN00043899,ACC003176,MER0049,2025-09-27 18:04:00,4.58,NGN,REFUND,POSTED,2025-09-27 18:04:00
TXN00041235,ACC000162,MER0030,2025-07-03 14:37:13,52.05,USD,purchase,posted,2025-07-03 14:37:13
TXN00040714,ACC000945,MER0072,2025-08-01 16:03:10,116.31,gbp,purchase,REVERSED,2025-08-01 16:03:10
TXN00046985,ACC000649,MER0052,2025-08-12 04:52:40,75.97,USD,WITHDRAWAL,REVERSED,2025-08-12 04:52:40
TXN00042452,ACC002384,MER0127,2025-07-29 17:45:18,45.49,USD,purchase,REVERSED,2025-07-29 17:45:18
TXN00024088,ACC003688,MER9999,2024-03-06 13:58:33,83.55,CAD,TRANSFER,REVERSED,2025-09-12 06:33:24
TXN00043834,ACC003110,MER0122,2025-07-01 11:03:34,8.09,EUR,WITHDRAWAL,POSTED,2025-07-01 11:03:34
TXN00043262,ACC003510,MER0002,2025-09-28 17:40:24,79.87,INR,PURCHASE,PENDING,2025-09-28 17:40:24
TXN00042366,ACC002699,MER0147,2025-07-22 14:04:11,4.11,GBP,purchase,REVERSED,2025-07-22 14:04:11
TXN00042804,ACC001809,MER0062,2025-08-29 22:25:46,534.07,GBP,purchase,DECLINED,2025-08-29 22:25:46
TXN00021740,ACC000714,MER0111,2024-12-20 19:29:43,53.14,GBP,REFUND,POSTED,2025-07-18 09:13:29
TXN00047612,ACC001057,MER0105,2025-07-02 08:58:45,7.18,usd,purchase,POSTED,2025-07-02 08:58:45
TXN00044734,ACC002592,MER0123,2025-07-09 04:00:51,3.05,NGN,PURCHASE,DECLINED,2025-07-09 04:00:51
TXN00042352,ACC001250,MER0044,2025-08-12 07:22:56,19.56,CAD,WITHDRAWAL,PENDING,2025-08-12 07:22:56
TXN00045878,ACC002392,MER0028,2025-09-18 15:58:50,7.0,USD,PURCHASE,posted,2025-09-18 15:58:50
TXN00041381,ACC003942,MER0091,2025-07-26 20:16:03,10.93,USD,DEPOSIT,DECLINED,2025-07-26 20:16:03
TXN00040352,ACC001207,MER0108,2025-09-29 09:11:30,11.02,EUR,purchase,DECLINED,2025-09-29 09:11:30
TXN00040573,ACC000697,MER0131,2025-07-28 16:25:01,15.35,NGN,purchase,POSTED,2025-07-28 16:25:01
TXN00041449,ACC002233,MER0133,2025-07-19 18:47:45,13.37,GBP,WITHDRAWAL,PENDING,2025-07-19 18:47:45
TXN00046993,ACC001472,MER0066,2025-09-05 00:39:50,125.63,INR,WITHDRAWAL,PENDING,2025-09-05 00:39:50
TXN00040145,ACC003010,MER0068,2025-08-31 13:38:00,30.88,gbp,WITHDRAWAL,DECLINED,2025-08-31 13:38:00
TXN00047926,ACC000782,MER0042,2025-08-14 22:18:05,6.22,usd,PURCHASE,REVERSED,2025-08-14 22:18:05
TXN00042104,ACC000225,MER0022,2025-08-24 01:40:45,113.14,EUR,DEPOSIT,PENDING,2025-08-24 01:40:45
TXN00047248,ACC003010,MER0056,2025-09-27 01:11:32,18.22,INR,REFUND,PENDING,2025-09-27 01:11:32
TXN00042376,ACC002819,MER0061,2025-08-11 15:17:32,3.99,EUR,PURCHASE,REVERSED,2025-08-11 15:17:32
TXN00041936,ACC001163,MER0021,2025-07-22 04:15:03,14.02,NGN,purchase,PENDING,2025-07-22 04:15:03
TXN00027644,ACC003694,MER0091,2025-06-23 20:51:28,9.47,gbp,DEPOSIT,DECLINED,2025-09-13 17:44:41
TXN00046653,ACC002168,MER0130,2025-08-15 16:09:57,19.65,gbp,WITHDRAWAL,posted,2025-08-15 16:09:57
TXN00043386,ACC003215,MER0048,2025-09-12 09:43:03,0.98,INR,REFUND,POSTED,2025-09-12 09:43:03
TXN00047400,ACC002842,MER0092,2025-08-22 13:36:32,253.34,gbp,DEPOSIT,posted,2025-08-22 13:36:32
TXN00041713,ACC001108,MER0005,2025-09-16 02:04:44,54.26,CAD,REFUND,REVERSED,2025-09-16 02:04:44
TXN00040052,ACC000194,MER0030,2025-08-14 00:52:42,18.66,INR,TRANSFER,DECLINED,2025-08-14 00:52:42
TXN00041567,ACC001672,MER0083,2025-07-29 07:23:20,28.47,EUR,WITHDRAWAL,POSTED,2025-07-29 07:23:20
TXN00046640,ACC000319,MER0129,2025-07-25 12:26:50,54.59,usd,TRANSFER,PENDING,2025-07-25 12:26:50
TXN00041828,ACC002382,MER0083,2025-08-30 13:26:39,6.6,CAD,REFUND,POSTED,2025-08-30 13:26:39
TXN00008461,ACC000356,MER0148,2025-04-16 22:57:49,1.12,JPY,purchase,DECLINED,2025-08-11 20:37:36
TXN00043677,ACC003398,MER0094,2025-09-23 14:22:30,32.91,GBP,WITHDRAWAL,REVERSED,2025-09-23 14:22:30
TXN00046583,ACC001377,MER0020,2025-07-09 04:38:38,39.99,INR,WITHDRAWAL,REVERSED,2025-07-09 04:38:38
TXN00046636,ACC002415,MER0122,2025-07-10 22:01:32,18.7,EUR,WITHDRAWAL,DECLINED,2025-07-10 22:01:32
TXN00041104,ACC002687,MER0137,2025-07-08 08:23:29,10.84,NGN,WITHDRAWAL,REVERSED,2025-07-08 08:23:29
TXN00044669,ACC003680,MER0047,2025-07-10 02:56:27,15.68,USD,PURCHASE,PENDING,2025-07-10 02:56:27
TXN00045661,ACC001785,MER0093,2025-08-01 12:28:48,6.85,JPY,TRANSFER,POSTED,2025-08-01 12:28:48
TXN00047747,ACC003245,MER0103,2025-07-30 21:47:21,9.57,NGN,purchase,posted,2025-07-30 21:47:21
TXN00044547,ACC003192,MER0069,2025-07-02 00:00:16,31494.09,EUR,DEPOSIT,REVERSED,2025-07-02 00:00:16
TXN00047444,ACC002853,MER0013,2025-07-09 12:23:25,69.08,CAD,REFUND,POSTED,2025-07-09 12:23:25
TXN00042481,ACC002164,MER0148,2025-07-21 11:05:42,19.3,GBP,PURCHASE,DECLINED,2025-07-21 11:05:42
TXN00024329,ACC002717,MER0080,2024-09-15 14:47:51,68.61,GBP,WITHDRAWAL,REVERSED,2025-07-22 23:58:38
TXN00046975,ACC002026,MER0054,2025-08-10 12:14:30,14.87,usd,purchase,PENDING,2025-08-10 12:14:30
TXN00021836,ACC001222,MER0074,2024-04-10 22:50:12,13.16,gbp,purchase,POSTED,2025-09-04 00:34:23
TXN00043081,ACC003728,MER0003,2025-07-27 01:24:08,4.33,CAD,DEPOSIT,posted,2025-07-27 01:24:08
TXN00042942,ACC000976,MER0100,2025-08-24 12:11:27,66.53,CAD,REFUND,REVERSED,2025-08-24 12:11:27
TXN00045958,ACC000204,MER0138,2025-08-05 23:42:45,28.59,GBP,PURCHASE,DECLINED,2025-08-05 23:42:45
TXN00041590,ACC002314,MER0134,2025-08-12 13:20:15,14.05,NGN,WITHDRAWAL,DECLINED,2025-08-12 13:20:15
TXN00029638,ACC000966,MER0125,2024-02-02 11:59:10,9.61,gbp,REFUND,POSTED,2025-09-03 08:31:10
TXN00042513,ACC001602,MER0086,2025-08-26 14:38:09,165.77,NGN,PURCHASE,posted,2025-08-26 14:38:09
TXN00040648,ACC003547,MER0122,2025-07-03 09:34:17,26.06,EUR,purchase,REVERSED,2025-07-03 09:34:17
TXN00025162,ACC002012,MER0078,2025-04-22 15:10:23,112.61,gbp,WITHDRAWAL,DECLINED,2025-07-08 20:01:15
TXN00044183,ACC002595,MER0080,2025-08-30 03:47:22,78.17,INR,TRANSFER,PENDING,2025-08-30 03:47:22
TXN00030594,ACC003918,MER0104,2024-07-20 22:46:10,4.62,gbp,WITHDRAWAL,POSTED,2025-08-30 20:57:33
TXN00042043,ACC003274,MER0030,2025-09-25 00:32:30,24.16,EUR,WITHDRAWAL,REVERSED,2025-09-25 00:32:30
TXN00046031,ACC001352,MER0064,2025-07-08 13:36:48,40.38,gbp,TRANSFER,REVERSED,2025-07-08 13:36:48
TXN00044824,ACC001008,MER0086,2025-07-29 09:36:46,29.04,gbp,DEPOSIT,REVERSED,2025-07-29 09:36:46
TXN00044197,ACC002825,MER0050,2025-07-03 19:32:16,7.75,GBP,REFUND,REVERSED,2025-07-03 19:32:16
TXN00047100,ACC002794,MER0003,2025-08-28 23:09:53,33.06,GBP,REFUND,POSTED,2025-08-28 23:09:53
TXN00044418,ACC001964,MER0103,2025-09-03 01:59:37,3.8,JPY,purchase,PENDING,2025-09-03 01:59:37
TXN00040901,ACC000069,MER0091,2025-07-22 05:35:28,18.63,CAD,REFUND,PENDING,2025-07-22 05:35:28
TXN00008833,ACC001540,MER0138,2024-10-02 09:52:21,13.18,usd,PURCHASE,REVERSED,2025-09-14 23:54:55
TXN00043299,ACC001661,MER0149,2025-09-04 17:17:27,303.88,INR,WITHDRAWAL,posted,2025-09-04 17:17:27
TXN00040332,ACC003582,MER0144,2025-07-03 15:01:22,15.59,usd,WITHDRAWAL,posted,2025-07-03 15:01:22
TXN00040091,ACC001012,MER0014,2025-08-10 09:19:40,62.85,USD,WITHDRAWAL,POSTED,2025-08-10 09:19:40
TXN00042627,ACC002467,MER0145,2025-09-25 19:59:15,117.61,USD,TRANSFER,DECLINED,2025-09-25 19:59:15
TXN00046558,ACC001911,MER0144,2025-09-21 00:23:18,7.36,USD,DEPOSIT,posted,2025-09-21 00:23:18
TXN00045050,ACC003361,MER0102,2025-08-15 15:50:54,5.72,EUR,WITHDRAWAL,DECLINED,2025-08-15 15:50:54
TXN00041876,ACC002222,MER0051,2025-09-09 03:07:09,46.38,usd,PURCHASE,REVERSED,2025-09-09 03:07:09
TXN00043727,ACC001743,MER0072,2025-08-03 15:16:24,55.44,gbp,WITHDRAWAL,PENDING,2025-08-03 15:16:24
TXN00044449,ACC001005,MER0130,2025-09-30 06:15:54,66.81,CAD,DEPOSIT,POSTED,2025-09-30 06:15:54
TXN00047910,ACC003289,MER0030,2025-08-23 09:17:10,39.24,INR,WITHDRAWAL,POSTED,2025-08-23 09:17:10
TXN00046047,ACC003705,MER0121,2025-09-13 05:23:07,183.15,gbp,WITHDRAWAL,REVERSED,2025-09-13 05:23:07
TXN00046502,ACC003673,MER0073,2025-08-10 21:36:57,62.36,INR,WITHDRAWAL,REVERSED,2025-08-10 21:36:57
TXN00029116,ACC003374,MER0007,2024-01-06 11:39:50,45.8,NGN,purchase,DECLINED,2025-08-23 16:24:45
TXN00040392,ACC001782,MER0074,2025-07-07 21:31:16,25.88,GBP,purchase,posted,2025-07-07 21:31:16
TXN00044873,ACC003459,MER0026,2025-08-12 15:42:44,61.56,usd,TRANSFER,DECLINED,2025-08-12 15:42:44
TXN00041830,ACC003286,MER0141,2025-08-18 16:00:33,3.31,INR,TRANSFER,POSTED,2025-08-18 16:00:33
TXN00043768,ACC003400,MER0052,2025-09-03 01:25:01,19.69,EUR,TRANSFER,POSTED,2025-09-03 01:25:01
TXN00018535,ACC002206,MER0020,2024-03-30 08:17:23,44.08,JPY,REFUND,POSTED,2025-09-07 19:32:28
TXN00042965,ACC000526,MER0065,2025-08-27 09:04:16,3.24,USD,DEPOSIT,REVERSED,2025-08-27 09:04:16
TXN00044031,ACC001611,MER0102,2025-07-14 22:32:46,45.48,USD,WITHDRAWAL,PENDING,2025-07-14 22:32:46
TXN00040261,ACC002640,MER0121,2025-08-07 17:14:37,5.69,EUR,PURCHASE,POSTED,2025-08-07 17:14:37
TXN00046746,ACC000923,MER0097,2025-07-13 14:57:27,99.29,INR,REFUND,posted,2025-07-13 14:57:27
TXN00040180,ACC002924,MER0127,2025-09-18 14:02:10,75.53,gbp,DEPOSIT,DECLINED,2025-09-18 14:02:10
TXN00041276,ACC002539,MER0122,2025-08-23 14:04:52,56.78,CAD,PURCHASE,posted,2025-08-23 14:04:52
TXN00046645,ACC002568,MER0069,2025-08-01 13:09:28,45.23,CAD,REFUND,DECLINED,2025-08-01 13:09:28
TXN00043371,ACC000777,MER0137,2025-07-18 16:52:42,85.77,INR,DEPOSIT,POSTED,2025-07-18 16:52:42
TXN00045992,ACC000835,MER0003,2025-07-31 09:11:31,49.67,USD,REFUND,PENDING,2025-07-31 09:11:31
TXN00047370,ACC001370,MER0053,2025-07-27 09:14:28,23.4,CAD,WITHDRAWAL,REVERSED,2025-07-27 09:14:28
TXN00045529,ACC002029,MER0065,2025-07-28 16:15:59,9.81,JPY,PURCHASE,PENDING,2025-07-28 16:15:59
TXN00040679,ACC003750,MER0065,2025-09-02 00:54:08,3.62,NGN,TRANSFER,REVERSED,2025-09-02 00:54:08
TXN00045596,ACC002007,MER0036,2025-08-28 03:09:27,65.15,GBP,WITHDRAWAL,PENDING,2025-08-28 03:09:27
TXN00040544,ACC001155,MER0104,2025-08-14 02:53:03,7.92,GBP,PURCHASE,REVERSED,2025-08-14 02:53:03
TXN00045612,ACC003544,MER0023,2025-07-21 20:06:32,134.37,GBP,purchase,DECLINED,2025-07-21 20:06:32
TXN00045483,ACC001114,MER0071,2025-09-23 16:26:06,32759.65,INR,purchase,DECLINED,2025-09-23 16:26:06
TXN00044490,ACC001604,MER0063,2025-09-29 11:58:14,66.47,GBP,DEPOSIT,REVERSED,2025-09-29 11:58:14
TXN00041492,ACC003158,MER0062,2025-09-21 07:39:17,15.65,JPY,PURCHASE,PENDING,2025-09-21 07:39:17
TXN00045770,ACC003763,MER0032,2025-07-16 05:55:32,15138.71,CAD,PURCHASE,DECLINED,2025-07-16 05:55:32
TXN00047045,ACC000433,MER0004,2025-09-04 16:28:14,20.81,EUR,TRANSFER,DECLINED,2025-09-04 16:28:14
TXN00047884,ACC002095,MER0078,2025-08-07 00:58:51,20.11,GBP,DEPOSIT,REVERSED,2025-08-07 00:58:51
TXN00044647,ACC002143,MER0014,2025-07-14 17:40:48,33.45,EUR,PURCHASE,posted,2025-07-14 17:40:48
TXN00043605,ACC002425,MER0053,2025-09-18 02:40:34,17.1,NGN,WITHDRAWAL,posted,2025-09-18 02:40:34
TXN00041098,ACC001915,MER0082,2025-09-18 05:33:48,27.17,gbp,PURCHASE,POSTED,2025-09-18 05:33:48
TXN00045253,ACC000811,MER0141,2025-07-28 21:04:54,82.27,usd,TRANSFER,DECLINED,2025-07-28 21:04:54
TXN00045677,ACC000854,MER0128,2025-08-06 10:01:59,16.55,GBP,REFUND,posted,2025-08-06 10:01:59
TXN00047399,ACC001629,MER0124,2025-07-01 16:52:06,64.51,JPY,WITHDRAWAL,PENDING,2025-07-01 16:52:06
TXN00044806,ACC001285,MER0134,2025-09-17 05:48:46,2.27,JPY,REFUND,posted,2025-09-17 05:48:46
TXN00046283,ACC000046,MER0072,2025-09-14 03:13:05,31265.59,INR,PURCHASE,POSTED,2025-09-14 03:13:05
TXN00043450,ACC000842,MER0032,2025-07-21 01:01:21,87.84,CAD,PURCHASE,DECLINED,2025-07-21 01:01:21
TXN00043397,ACC003599,MER0051,2025-08-29 23:41:24,28.4,USD,DEPOSIT,REVERSED,2025-08-29 23:41:24
TXN00040011,ACC003361,MER0061,2025-08-23 13:23:17,32.26,EUR,PURCHASE,DECLINED,2025-08-23 13:23:17
TXN00046889,ACC001763,MER0075,2025-08-21 13:21:26,16.87,usd,WITHDRAWAL,POSTED,2025-08-21 13:21:26
TXN00045489,ACC001271,MER0050,2025-07-02 13:06:31,8.47,INR,purchase,DECLINED,2025-07-02 13:06:31
TXN00045829,ACC001626,MER0024,2025-09-11 07:47:31,17.47,INR,purchase,DECLINED,2025-09-11 07:47:31
TXN00047779,ACC000184,MER0059,2025-08-15 19:32:27,11.42,USD,PURCHASE,posted,2025-08-15 19:32:27
TXN00041633,ACC000673,MER0101,2025-07-06 21:24:32,50.22,EUR,DEPOSIT,posted,2025-07-06 21:24:32
TXN00041879,ACC002886,MER0025,2025-08-28 09:36:05,23.56,USD,PURCHASE,PENDING,2025-08-28 09:36:05
TXN00042367,ACC001407,MER0103,2025-07-19 16:15:53,13.6,INR,PURCHASE,PENDING,2025-07-19 16:15:53
TXN00044106,ACC000824,MER0009,2025-08-05 13:37:07,24.74,NGN,DEPOSIT,posted,2025-08-05 13:37:07
TXN00040192,ACC001773,MER0066,2025-08-31 14:09:02,79.5,USD,purchase,REVERSED,2025-08-31 14:09:02
TXN00041241,ACC002431,MER0093,2025-07-09 05:04:15,11.71,usd,WITHDRAWAL,POSTED,2025-07-09 05:04:15
TXN00042890,ACC002227,MER0007,2025-08-31 11:27:01,21.39,USD,TRANSFER,DECLINED,2025-08-31 11:27:01
TXN00041078,ACC001047,MER0042,2025-09-05 13:29:43,216.64,GBP,purchase,DECLINED,2025-09-05 13:29:43
TXN00044184,ACC001880,MER0026,2025-07-28 12:13:23,14.49,USD,PURCHASE,DECLINED,2025-07-28 12:13:23
TXN00042535,ACC000343,MER0069,2025-07-05 13:06:32,67.69,USD,PURCHASE,posted,2025-07-05 13:06:32
TXN00045481,ACC001716,MER0039,2025-07-08 23:47:55,8.98,NGN,PURCHASE,REVERSED,2025-07-08 23:47:55
TXN00046481,ACC002280,MER0054,2025-07-21 09:05:21,65.51,EUR,REFUND,PENDING,2025-07-21 09:05:21
TXN00040631,ACC000951,MER0007,2025-08-30 06:44:30,4.53,USD,TRANSFER,REVERSED,2025-08-30 06:44:30
TXN00044105,ACC001568,MER0031,2025-09-28 01:23:15,4.93,GBP,purchase,POSTED,2025-09-28 01:23:15
TXN00044946,ACC000827,MER0097,2025-08-22 03:28:39,84.43,JPY,purchase,DECLINED,2025-08-22 03:28:39
TXN00036890,ACC002136,MER0043,2025-03-09 22:51:29,164.86,USD,PURCHASE,DECLINED,2025-07-13 15:46:26
TXN00040514,ACC003838,MER0124,2025-07-17 23:55:21,9.25,INR,PURCHASE,posted,2025-07-17 23:55:21
TXN00044508,ACC002882,MER0038,2025-07-31 11:38:41,33.71,INR,REFUND,posted,2025-07-31 11:38:41
TXN00042635,ACC002757,MER0083,2025-08-22 05:37:51,34.24,NGN,TRANSFER,PENDING,2025-08-22 05:37:51
TXN00042416,ACC003178,MER0148,2025-09-05 18:26:15,6.45,gbp,purchase,REVERSED,2025-09-05 18:26:15
TXN00046638,ACC003033,MER0140,2025-07-08 07:32:57,11.3,usd,WITHDRAWAL,posted,2025-07-08 07:32:57
TXN00040063,ACC000763,MER0150,2025-09-19 18:56:49,11.69,INR,TRANSFER,PENDING,2025-09-19 18:56:49
TXN00045934,ACC002843,MER0098,2025-08-09 07:50:16,48.62,gbp,purchase,PENDING,2025-08-09 07:50:16
TXN00042534,ACC000278,MER0102,2025-08-29 21:34:56,2.33,USD,purchase,POSTED,2025-08-29 21:34:56
TXN00030889,ACC000473,MER0032,2024-12-15 10:25:14,93.83,NGN,DEPOSIT,DECLINED,2025-09-10 12:49:23
TXN00041856,ACC000182,MER0078,2025-08-17 20:28:48,29.49,INR,PURCHASE,DECLINED,2025-08-17 20:28:48
TXN00045374,ACC003615,MER0005,2025-09-13 20:33:46,46.91,GBP,REFUND,POSTED,2025-09-13 20:33:46
TXN00042769,ACC003752,MER0036,2025-07-23 11:29:40,28.82,USD,PURCHASE,REVERSED,2025-07-23 11:29:40
TXN00043320,ACC000639,MER0017,2025-07-29 20:20:55,12.06,EUR,purchase,PENDING,2025-07-29 20:20:55
TXN00040881,ACC001988,MER0149,2025-09-17 11:38:14,80.46,GBP,DEPOSIT,POSTED,2025-09-17 11:38:14
TXN00047914,ACC002173,MER0094,2025-07-25 02:34:16,9.59,CAD,WITHDRAWAL,POSTED,2025-07-25 02:34:16
TXN00040701,ACC002978,MER0128,2025-07-24 08:56:37,4.98,EUR,WITHDRAWAL,REVERSED,2025-07-24 08:56:37
TXN00041080,ACC002433,MER0107,2025-08-27 15:48:49,75.6,GBP,REFUND,posted,2025-08-27 15:48:49
TXN00014596,ACC003053,MER0130,2025-04-25 06:15:11,36.44,INR,WITHDRAWAL,POSTED,2025-09-06 02:07:51
TXN00043304,ACC001003,MER0051,2025-07-22 03:17:04,13.97,CAD,REFUND,REVERSED,2025-07-22 03:17:04
TXN00040997,ACC003718,MER0043,2025-07-24 09:11:13,6.48,CAD,PURCHASE,DECLINED,2025-07-24 09:11:13
TXN00041113,ACC003641,MER0069,2025-08-19 23:31:35,15.93,gbp,DEPOSIT,DECLINED,2025-08-19 23:31:35
TXN00043765,ACC002968,MER0076,2025-07-20 09:05:30,2.86,INR,PURCHASE,POSTED,2025-07-20 09:05:30
TXN00044334,ACC001912,MER0029,2025-07-25 00:59:43,766.78,GBP,DEPOSIT,posted,2025-07-25 00:59:43
TXN00040351,ACC000507,MER0055,2025-09-23 04:46:36,80.51,USD,REFUND,posted,2025-09-23 04:46:36
TXN00046491,ACC003575,MER0119,2025-09-24 15:52:25,75.9,GBP,REFUND,posted,2025-09-24 15:52:25
TXN00042928,ACC000606,MER0134,2025-08-08 20:08:55,10.01,gbp,purchase,REVERSED,2025-08-08 20:08:55
TXN00043997,ACC002009,MER0057,2025-07-24 01:16:42,106.43,NGN,TRANSFER,PENDING,2025-07-24 01:16:42
TXN00012435,ACC002259,MER0146,2024-05-10 09:16:17,8.53,JPY,PURCHASE,DECLINED,2025-09-15 17:51:37
TXN00047242,ACC002682,MER0037,2025-08-19 10:42:39,8.7,EUR,DEPOSIT,REVERSED,2025-08-19 10:42:39
TXN00043697,ACC003559,MER0120,2025-08-16 10:43:36,59.72,gbp,PURCHASE,PENDING,2025-08-16 10:43:36
TXN00046341,ACC001687,MER0127,2025-07-20 23:17:41,436.58,GBP,WITHDRAWAL,PENDING,2025-07-20 23:17:41
TXN00045096,ACC003636,MER0014,2025-08-05 20:07:59,9.31,usd,purchase,DECLINED,2025-08-05 20:07:59
TXN00045949,ACC002687,MER0001,2025-09-15 09:27:53,4.57,gbp,DEPOSIT,posted,2025-09-15 09:27:53
TXN00046851,ACC002486,MER0146,2025-07-12 12:22:09,84.16,NGN,TRANSFER,PENDING,2025-07-12 12:22:09
TXN00016113,ACC002418,MER0120,2024-06-14 13:36:09,22.57,GBP,WITHDRAWAL,POSTED,2025-07-16 15:14:55
TXN00041148,ACC001008,MER0091,2025-08-09 00:57:38,40.88,NGN,DEPOSIT,PENDING,2025-08-09 00:57:38
TXN00045575,ACC001791,MER0117,2025-09-03 22:31:36,24.48,USD,purchase,REVERSED,2025-09-03 22:31:36
TXN00041285,ACC001648,MER0144,2025-07-13 11:59:58,31.19,CAD,DEPOSIT,posted,2025-07-13 11:59:58
TXN00022119,ACC003822,MER0080,2024-09-26 10:10:01,131.93,CAD,purchase,POSTED,2025-07-20 01:57:07
TXN00047415,ACC000454,MER0082,2025-08-05 04:52:59,147.66,GBP,DEPOSIT,PENDING,2025-08-05 04:52:59
TXN00041787,ACC001888,MER0051,2025-09-04 10:19:30,21.72,NGN,WITHDRAWAL,posted,2025-09-04 10:19:30
TXN00047197,ACC001589,MER0030,2025-09-29 15:10:43,5.25,EUR,WITHDRAWAL,REVERSED,2025-09-29 15:10:43
TXN00042096,ACC001859,MER0072,2025-08-01 21:31:15,57.08,usd,DEPOSIT,REVERSED,2025-08-01 21:31:15
TXN00041592,ACC001723,MER0134,2025-08-01 05:05:21,11.17,GBP,WITHDRAWAL,DECLINED,2025-08-01 05:05:21
TXN00044289,ACC001253,MER0004,2025-09-15 23:54:46,16.85,gbp,REFUND,PENDING,2025-09-15 23:54:46
TXN00045580,ACC000085,MER0109,2025-08-06 15:07:03,336.34,EUR,TRANSFER,PENDING,2025-08-06 15:07:03
TXN00043782,ACC002610,MER0148,2025-09-26 11:20:58,38.85,JPY,TRANSFER,DECLINED,2025-09-26 11:20:58
TXN00046319,ACC003745,MER0069,2025-09-01 03:36:11,5.17,GBP,REFUND,POSTED,2025-09-01 03:36:11
TXN00047669,ACC001143,MER0113,2025-07-03 05:25:28,115.75,GBP,purchase,POSTED,2025-07-03 05:25:28
TXN00046303,ACC001137,MER0019,2025-09-21 05:17:32,11.57,usd,purchase,posted,2025-09-21 05:17:32
TXN00042899,ACC003340,MER0085,2025-09-08 11:00:39,40.51,CAD,PURCHASE,REVERSED,2025-09-08 11:00:39
TXN00010017,ACC000523,MER0033,2024-10-31 22:09:50,18.08,JPY,REFUND,DECLINED,2025-07-26 20:46:35
TXN00046519,ACC000119,MER0066,2025-08-14 16:21:23,9.91,EUR,DEPOSIT,posted,2025-08-14 16:21:23
TXN00045666,ACC000775,MER0004,2025-09-06 17:27:05,92.81,CAD,TRANSFER,PENDING,2025-09-06 17:27:05
TXN00042158,ACC003012,MER0016,2025-07-27 17:45:33,17.72,EUR,PURCHASE,REVERSED,2025-07-27 17:45:33
TXN00024335,ACC000214,MER0003,2024-12-28 05:38:41,185.37,USD,REFUND,REVERSED,2025-07-28 09:39:20
TXN00041943,ACC001964,MER0123,2025-09-15 05:25:35,74.0,gbp,REFUND,DECLINED,2025-09-15 05:25:35
TXN00047845,ACC000472,MER0109,2025-07-13 00:16:34,14.24,CAD,DEPOSIT,posted,2025-07-13 00:16:34
TXN00042091,ACC000746,MER0029,2025-08-27 13:45:20,11.79,EUR,purchase,PENDING,2025-08-27 13:45:20
TXN00040840,ACC003313,MER0023,2025-08-21 12:06:01,363.76,JPY,purchase,POSTED,2025-08-21 12:06:01
TXN00046249,ACC000867,MER0020,2025-08-07 23:33:55,50.59,USD,DEPOSIT,posted,2025-08-07 23:33:55
TXN00047451,ACC001016,MER0088,2025-07-05 19:00:02,31.41,JPY,TRANSFER,PENDING,2025-07-05 19:00:02
TXN00046880,ACC003132,MER0085,2025-08-02 18:26:05,56.81,GBP,PURCHASE,REVERSED,2025-08-02 18:26:05
TXN00045607,ACC000543,MER0081,2025-07-21 09:24:50,13.39,NGN,DEPOSIT,PENDING,2025-07-21 09:24:50
TXN00039731,ACC000688,MER0036,2024-06-20 20:42:39,249.25,EUR,REFUND,POSTED,2025-08-08 10:20:34
TXN00044720,ACC001886,MER0045,2025-07-26 08:04:57,30.55,gbp,TRANSFER,posted,2025-07-26 08:04:57
TXN00046535,ACC003505,MER0129,2025-07-10 20:34:49,149.42,INR,DEPOSIT,REVERSED,2025-07-10 20:34:49
TXN00042132,ACC001510,MER0129,2025-07-09 17:44:10,10.31,JPY,DEPOSIT,REVERSED,2025-07-09 17:44:10
TXN00044857,ACC000432,MER0010,2025-08-04 19:04:18,9.03,USD,purchase,PENDING,2025-08-04 19:04:18
TXN00043332,ACC002835,MER0056,2025-09-21 05:19:43,37.41,CAD,WITHDRAWAL,REVERSED,2025-09-21 05:19:43
TXN00044378,ACC001635,MER0088,2025-07-24 23:50:53,36.98,gbp,PURCHASE,REVERSED,2025-07-24 23:50:53
TXN00043874,ACC003777,MER0006,2025-08-04 10:59:51,284.87,NGN,WITHDRAWAL,POSTED,2025-08-04 10:59:51
TXN00043810,ACC003390,MER0119,2025-09-01 15:28:05,12.64,INR,TRANSFER,POSTED,2025-09-01 15:28:05
TXN00047818,ACC000553,MER0072,2025-08-22 10:04:26,219.31,GBP,PURCHASE,POSTED,2025-08-22 10:04:26
TXN00041655,ACC003585,MER0147,2025-09-01 05:33:17,93.66,usd,purchase,REVERSED,2025-09-01 05:33:17
TXN00041861,ACC003669,MER0045,2025-08-04 23:03:12,7.85,GBP,PURCHASE,REVERSED,2025-08-04 23:03:12
TXN00042194,ACC003498,MER0095,2025-07-21 02:52:55,26.41,USD,REFUND,REVERSED,2025-07-21 02:52:55
TXN00046336,ACC000231,MER0036,2025-07-28 18:13:45,174.15,usd,PURCHASE,DECLINED,2025-07-28 18:13:45
TXN00047752,ACC000366,MER0098,2025-07-09 13:17:38,360.19,gbp,REFUND,posted,2025-07-09 13:17:38
TXN00042754,ACC001666,MER0144,2025-09-29 09:36:40,5.17,NGN,DEPOSIT,DECLINED,2025-09-29 09:36:40
TXN00044580,ACC001173,MER0060,2025-09-23 16:05:39,16.42,USD,purchase,posted,2025-09-23 16:05:39
TXN00040348,ACC003343,MER0069,2025-07-07 05:32:06,20.95,CAD,DEPOSIT,DECLINED,2025-07-07 05:32:06
TXN00041074,ACC002280,MER0101,2025-07-22 11:23:48,11.75,GBP,REFUND,DECLINED,2025-07-22 11:23:48
TXN00040039,ACC003816,MER0030,2025-07-29 08:05:59,45.51,INR,purchase,REVERSED,2025-07-29 08:05:59
TXN00045377,ACC002300,MER0044,2025-08-20 19:37:49,28.03,CAD,REFUND,REVERSED,2025-08-20 19:37:49
TXN00047408,ACC001317,MER0136,2025-07-03 10:36:24,41.81,gbp,PURCHASE,DECLINED,2025-07-03 10:36:24
TXN00041061,ACC000220,MER0036,2025-09-09 22:52:27,29.69,NGN,purchase,POSTED,2025-09-09 22:52:27
TXN00043269,ACC000631,MER0121,2025-09-02 07:14:03,30287.28,INR,purchase,PENDING,2025-09-02 07:14:03
TXN00043253,ACC003858,MER0125,2025-09-19 11:14:55,24.89,USD,PURCHASE,PENDING,2025-09-19 11:14:55
TXN00047094,ACC001548,MER0121,2025-09-02 14:21:35,3.06,gbp,PURCHASE,REVERSED,2025-09-02 14:21:35
TXN00040214,ACC003031,MER0012,2025-09-20 09:25:04,38.7,usd,PURCHASE,PENDING,2025-09-20 09:25:04
TXN00040008,ACC002824,MER0089,2025-08-13 19:57:30,15.33,gbp,TRANSFER,posted,2025-08-13 19:57:30
TXN00045769,ACC003043,MER0103,2025-09-22 10:32:00,34.35,CAD,purchase,POSTED,2025-09-22 10:32:00
TXN00047512,ACC003166,MER0005,2025-07-12 15:25:53,12.26,USD,purchase,REVERSED,2025-07-12 15:25:53
TXN00040308,ACC002863,MER0001,2025-08-30 18:56:54,22.1,gbp,REFUND,POSTED,2025-08-30 18:56:54
TXN00045555,ACC002791,MER0063,2025-09-06 20:46:22,6.79,INR,WITHDRAWAL,POSTED,2025-09-06 20:46:22
TXN00040283,ACC000830,MER0037,2025-08-06 08:15:51,3.28,usd,purchase,POSTED,2025-08-06 08:15:51
TXN00028811,ACC002789,MER0062,2024-08-25 14:26:27,34.23,JPY,purchase,DECLINED,2025-07-09 04:52:11
TXN00021907,ACC002531,MER0072,2024-09-18 02:51:20,7.51,CAD,WITHDRAWAL,REVERSED,2025-08-07 06:57:27
TXN00041584,ACC000272,MER0099,2025-08-27 15:09:33,11.41,JPY,PURCHASE,REVERSED,2025-08-27 15:09:33
TXN00041006,ACC002137,MER0032,2025-09-03 16:19:13,35.87,GBP,REFUND,posted,2025-09-03 16:19:13
TXN00043355,ACC000234,MER0136,2025-07-24 15:34:18,29.36,EUR,WITHDRAWAL,PENDING,2025-07-24 15:34:18
TXN00044370,ACC001661,MER0121,2025-08-22 19:27:07,30.6,GBP,TRANSFER,POSTED,2025-08-22 19:27:07
TXN00046162,ACC001591,MER0108,2025-07-09 23:09:24,15.92,gbp,REFUND,REVERSED,2025-07-09 23:09:24
TXN00041065,ACC003941,MER0059,2025-09-17 18:14:23,6.99,USD,TRANSFER,posted,2025-09-17 18:14:23
TXN00045329,ACC001527,MER0131,2025-08-31 00:47:23,13.85,gbp,PURCHASE,posted,2025-08-31 00:47:23
TXN00044157,ACC001951,MER0096,2025-07-15 14:28:31,39274.14,CAD,WITHDRAWAL,PENDING,2025-07-15 14:28:31
TXN00047068,ACC002083,MER0086,2025-08-24 06:57:17,50.73,CAD,PURCHASE,PENDING,2025-08-24 06:57:17
TXN00040605,ACC003073,MER0088,2025-09-24 20:00:47,62.31,INR,REFUND,DECLINED,2025-09-24 20:00:47
TXN00047296,ACC000900,MER0147,2025-07-08 22:12:29,70.12,gbp,PURCHASE,PENDING,2025-07-08 22:12:29
TXN00042348,ACC001417,MER0096,2025-07-15 10:28:49,25.3,GBP,TRANSFER,DECLINED,2025-07-15 10:28:49
TXN00041949,ACC000552,MER0053,2025-09-09 21:55:49,23.95,CAD,REFUND,posted,2025-09-09 21:55:49
TXN00044858,ACC000615,MER0103,2025-08-07 19:22:10,24.75,GBP,DEPOSIT,DECLINED,2025-08-07 19:22:10
TXN00042672,ACC002097,MER0090,2025-08-22 16:42:47,416.41,NGN,purchase,REVERSED,2025-08-22 16:42:47
TXN00040531,ACC000860,MER0010,2025-08-11 13:33:31,10.49,usd,TRANSFER,REVERSED,2025-08-11 13:33:31
TXN00046722,ACC003726,MER0097,2025-08-27 02:03:46,5.24,USD,REFUND,PENDING,2025-08-27 02:03:46
TXN00046783,ACC003633,MER0141,2025-08-23 06:21:37,158.7,NGN,PURCHASE,DECLINED,2025-08-23 06:21:37
TXN00046912,ACC001969,MER0112,2025-07-30 18:48:45,42.05,gbp,DEPOSIT,PENDING,2025-07-30 18:48:45
TXN00041320,ACC000742,MER0141,2025-09-10 13:59:17,21.0,gbp,TRANSFER,REVERSED,2025-09-10 13:59:17
TXN00040258,ACC000999,MER0085,2025-09-27 13:02:38,696.69,GBP,TRANSFER,PENDING,2025-09-27 13:02:38
TXN00046914,ACC000790,MER0061,2025-08-25 03:19:08,26.27,INR,TRANSFER,posted,2025-08-25 03:19:08
TXN00045508,ACC003923,MER0045,2025-07-17 06:16:29,18.68,GBP,WITHDRAWAL,POSTED,2025-07-17 06:16:29
TXN00042986,ACC001304,MER0141,2025-09-06 03:00:22,110.88,JPY,PURCHASE,PENDING,2025-09-06 03:00:22
TXN00046994,ACC002924,MER0106,2025-08-16 10:23:32,112.21,GBP,REFUND,posted,2025-08-16 10:23:32
TXN00041390,ACC000713,MER0121,2025-09-20 00:35:34,21959.62,CAD,PURCHASE,REVERSED,2025-09-20 00:35:34
TXN00047991,ACC002007,MER0104,2025-09-04 15:55:16,6.85,JPY,purchase,REVERSED,2025-09-04 15:55:16
TXN00041814,ACC000315,MER0066,2025-08-19 11:43:47,1.38,GBP,WITHDRAWAL,PENDING,2025-08-19 11:43:47
TXN00042768,ACC003077,MER0105,2025-09-10 10:17:11,51.99,INR,purchase,posted,2025-09-10 10:17:11
TXN00021385,ACC001157,MER0058,2024-06-01 15:23:33,37.67,gbp,WITHDRAWAL,POSTED,2025-08-01 02:01:13
TXN00041383,ACC000061,MER0051,2025-07-11 00:48:51,6.28,INR,purchase,DECLINED,2025-07-11 00:48:51
TXN00042900,ACC002370,MER0131,2025-08-02 03:12:57,53.33,JPY,REFUND,PENDING,2025-08-02 03:12:57
TXN00047063,ACC003577,MER0085,2025-09-11 18:17:39,34.9,CAD,PURCHASE,posted,2025-09-11 18:17:39
TXN00046655,ACC002257,MER0132,2025-08-24 06:47:09,16.2,CAD,purchase,DECLINED,2025-08-24 06:47:09
TXN00041047,ACC000503,MER0084,2025-08-01 02:35:50,20.74,JPY,purchase,REVERSED,2025-08-01 02:35:50
TXN00005026,ACC002525,MER0134,2024-08-23 03:21:50,15.39,INR,PURCHASE,POSTED,2025-09-22 03:49:09
TXN00043222,ACC000569,MER0018,2025-09-09 03:49:48,48.94,USD,DEPOSIT,POSTED,2025-09-09 03:49:48
TXN00039909,ACC000159,MER0068,2024-08-18 11:30:16,16.72,NGN,DEPOSIT,POSTED,2025-07-29 18:34:33
TXN00042989,ACC002004,MER0021,2025-07-20 03:19:28,89.23,NGN,REFUND,PENDING,2025-07-20 03:19:28
TXN00007805,ACC002508,MER0117,2025-06-24 11:08:09,59.41,JPY,purchase,DECLINED,2025-08-04 08:19:27
TXN00044306,ACC003742,MER0041,2025-07-21 21:35:54,91.46,GBP,WITHDRAWAL,DECLINED,2025-07-21 21:35:54
TXN00042431,ACC002021,MER0069,2025-09-14 04:32:02,7.21,gbp,DEPOSIT,POSTED,2025-09-14 04:32:02
TXN00047474,ACC000508,MER0103,2025-08-21 13:56:38,29.69,EUR,REFUND,POSTED,2025-08-21 13:56:38
TXN00046949,ACC001606,MER0039,2025-07-21 22:35:05,5.38,USD,PURCHASE,posted,2025-07-21 22:35:05
TXN00041164,ACC003214,MER0037,2025-09-19 20:23:12,32.35,gbp,DEPOSIT,REVERSED,2025-09-19 20:23:12
TXN00041068,ACC003154,MER0065,2025-07-12 18:27:42,58.11,GBP,DEPOSIT,POSTED,2025-07-12 18:27:42
TXN00047517,ACC000461,MER0028,2025-09-09 22:48:23,15.22,JPY,DEPOSIT,REVERSED,2025-09-09 22:48:23
TXN00047918,ACC002379,MER0037,2025-09-28 01:16:43,23.43,GBP,WITHDRAWAL,posted,2025-09-28 01:16:43
TXN00045312,ACC003367,MER0015,2025-07-26 22:06:32,88.63,USD,DEPOSIT,PENDING,2025-07-26 22:06:32
TXN00045164,ACC002394,MER0112,2025-07-23 06:21:46,21.63,usd,WITHDRAWAL,DECLINED,2025-07-23 06:21:46
TXN00046221,ACC000744,MER0071,2025-08-08 10:43:15,125.29,CAD,REFUND,posted,2025-08-08 10:43:15
TXN00047266,ACC001077,MER0062,2025-08-08 17:51:36,91.65,EUR,WITHDRAWAL,PENDING,2025-08-08 17:51:36
TXN00041446,ACC003627,MER0021,2025-09-13 08:05:55,81.06,EUR,REFUND,REVERSED,2025-09-13 08:05:55
TXN00047216,ACC003452,MER0045,2025-09-01 06:28:35,39.27,usd,WITHDRAWAL,POSTED,2025-09-01 06:28:35
TXN00044572,ACC000739,MER0011,2025-08-26 14:11:31,20.57,USD,REFUND,posted,2025-08-26 14:11:31
TXN00043916,ACC003165,MER0023,2025-09-12 19:33:18,47.62,USD,purchase,posted,2025-09-12 19:33:18
TXN00041700,ACC000447,MER0091,2025-09-07 23:34:55,5.66,INR,REFUND,DECLINED,2025-09-07 23:34:55
TXN00047382,ACC001263,MER0050,2025-09-23 15:25:36,36.1,usd,TRANSFER,REVERSED,2025-09-23 15:25:36
TXN00041806,ACC000937,MER0003,2025-07-14 23:47:40,20.38,gbp,WITHDRAWAL,PENDING,2025-07-14 23:47:40
TXN00019281,ACC000807,MER0086,2024-09-26 03:28:09,4.75,INR,PURCHASE,POSTED,2025-08-08 22:47:27
TXN00042991,ACC001433,MER0045,2025-09-17 16:22:52,7.54,gbp,TRANSFER,posted,2025-09-17 16:22:52
TXN00041160,ACC000865,MER0036,2025-07-01 09:09:01,35.28,USD,purchase,POSTED,2025-07-01 09:09:01
TXN00044566,ACC003734,MER0133,2025-09-29 14:19:42,5.8,usd,TRANSFER,POSTED,2025-09-29 14:19:42
TXN00042003,ACC002082,MER0025,2025-08-16 03:55:26,72.36,GBP,purchase,PENDING,2025-08-16 03:55:26
TXN00041499,ACC001958,MER0048,2025-07-17 04:03:25,51.86,GBP,TRANSFER,PENDING,2025-07-17 04:03:25
TXN00008536,ACC000905,MER0009,2024-07-29 18:35:55,88.76,GBP,REFUND,REVERSED,2025-09-28 17:11:06
TXN00044758,ACC001329,MER0077,2025-07-26 19:01:16,4.0,JPY,DEPOSIT,POSTED,2025-07-26 19:01:16
TXN00041329,ACC000844,MER0077,2025-09-02 00:11:01,23.01,usd,PURCHASE,DECLINED,2025-09-02 00:11:01
TXN00041231,ACC000753,MER0115,2025-09-09 17:16:28,9.43,GBP,REFUND,posted,2025-09-09 17:16:28
TXN00043311,ACC001342,MER0122,2025-08-12 03:18:29,186.62,NGN,WITHDRAWAL,POSTED,2025-08-12 03:18:29
TXN00044699,ACC002498,MER0033,2025-09-15 02:53:45,29.29,GBP,REFUND,POSTED,2025-09-15 02:53:45
TXN00046092,ACC000332,MER0133,2025-08-12 06:42:53,44.62,CAD,REFUND,POSTED,2025-08-12 06:42:53
TXN00045251,ACC000393,MER0061,2025-09-11 18:51:13,77.49,GBP,TRANSFER,PENDING,2025-09-11 18:51:13
TXN00042185,ACC003425,MER0112,2025-07-07 20:41:51,13.81,usd,PURCHASE,DECLINED,2025-07-07 20:41:51
TXN00009693,ACC002546,MER0084,2025-02-21 23:04:40,227.96,CAD,DEPOSIT,REVERSED,2025-08-07 19:44:59
TXN00000757,ACC002613,MER0010,2024-12-03 09:49:53,62.64,NGN,DEPOSIT,DECLINED,2025-09-02 17:52:34
TXN00044243,ACC000861,MER0148,2025-09-02 23:09:54,55.21,USD,purchase,PENDING,2025-09-02 23:09:54
TXN00046728,ACC001451,MER0103,2025-07-27 09:02:56,5.1,JPY,TRANSFER,REVERSED,2025-07-27 09:02:56
TXN00044685,ACC003575,MER0100,2025-09-09 22:03:34,125.35,CAD,DEPOSIT,REVERSED,2025-09-09 22:03:34
TXN00045295,ACC002774,MER0049,2025-08-16 14:07:44,40.66,EUR,PURCHASE,posted,2025-08-16 14:07:44
TXN00047157,ACC001862,MER0005,2025-07-07 15:26:02,61.26,JPY,PURCHASE,POSTED,2025-07-07 15:26:02
TXN00045139,ACC002939,MER0079,2025-08-24 01:09:03,18.03,USD,PURCHASE,PENDING,2025-08-24 01:09:03
TXN00046144,ACC002345,MER0069,2025-08-29 05:31:27,64.01,INR,PURCHASE,POSTED,2025-08-29 05:31:27
TXN00046465,ACC003205,MER0080,2025-08-15 20:46:55,13.06,gbp,REFUND,POSTED,2025-08-15 20:46:55
TXN00043315,ACC000951,MER0033,2025-07-11 10:23:57,25.36,JPY,TRANSFER,REVERSED,2025-07-11 10:23:57
TXN00041296,ACC002402,MER0113,2025-09-15 02:11:59,15.21,EUR,REFUND,REVERSED,2025-09-15 02:11:59
TXN00045488,ACC000458,MER0060,2025-09-03 00:43:05,15.35,CAD,purchase,PENDING,2025-09-03 00:43:05
TXN00042923,ACC001303,MER0043,2025-08-21 19:20:24,7.15,EUR,TRANSFER,REVERSED,2025-08-21 19:20:24
TXN00040032,ACC000618,MER0001,2025-08-11 21:30:06,37.16,usd,WITHDRAWAL,PENDING,2025-08-11 21:30:06
TXN00042546,ACC001604,MER0116,2025-09-16 11:51:00,10.78,gbp,REFUND,posted,2025-09-16 11:51:00
TXN00046781,ACC002051,MER0042,2025-07-16 03:15:54,16.49,CAD,WITHDRAWAL,DECLINED,2025-07-16 03:15:54
TXN00044002,ACC000274,MER0100,2025-09-21 10:29:55,18.54,GBP,PURCHASE,REVERSED,2025-09-21 10:29:55
TXN00041822,ACC000123,MER0016,2025-07-15 09:21:05,153.91,EUR,WITHDRAWAL,PENDING,2025-07-15 09:21:05
TXN00042355,ACC003279,MER0043,2025-08-30 04:07:22,36.14,NGN,DEPOSIT,REVERSED,2025-08-30 04:07:22
TXN00047634,ACC003892,MER0012,2025-09-12 21:03:25,77.89,USD,DEPOSIT,POSTED,2025-09-12 21:03:25
TXN00001290,ACC001719,MER0111,2024-08-14 16:57:11,26.54,USD,DEPOSIT,REVERSED,2025-07-16 17:02:21
TXN00027638,ACC001239,MER0068,2024-02-07 01:38:36,14.42,GBP,purchase,POSTED,2025-08-20 19:23:58
TXN00047172,ACC002401,MER0129,2025-09-13 15:19:09,14.2,INR,PURCHASE,REVERSED,2025-09-13 15:19:09
TXN00040867,ACC002467,MER0039,2025-07-22 11:30:11,23.39,JPY,REFUND,REVERSED,2025-07-22 11:30:11
TXN00040489,ACC002016,MER0043,2025-09-16 00:11:09,184.85,GBP,WITHDRAWAL,POSTED,2025-09-16 00:11:09
TXN00041455,ACC001109,MER0079,2025-09-29 10:51:44,1.59,EUR,TRANSFER,PENDING,2025-09-29 10:51:44
TXN00046853,ACC000496,MER0143,2025-09-21 02:55:39,37.8,gbp,WITHDRAWAL,REVERSED,2025-09-21 02:55:39
TXN00047876,ACC000750,MER0099,2025-07-24 02:27:15,11.7,CAD,WITHDRAWAL,DECLINED,2025-07-24 02:27:15
TXN00043887,ACC002337,MER0019,2025-08-03 04:00:41,14.05,GBP,DEPOSIT,posted,2025-08-03 04:00:41
TXN00047317,ACC002059,MER0090,2025-09-13 04:34:35,15.48,USD,purchase,posted,2025-09-13 04:34:35
TXN00047281,ACC000708,MER0037,2025-07-30 23:56:30,5.02,INR,purchase,POSTED,2025-07-30 23:56:30
TXN00043187,ACC002434,MER0055,2025-09-22 11:06:03,3.54,CAD,WITHDRAWAL,REVERSED,2025-09-22 11:06:03
TXN00042707,ACC003377,MER0145,2025-09-03 13:18:04,53.74,gbp,purchase,posted,2025-09-03 13:18:04
TXN00047617,ACC003413,MER0089,2025-08-07 00:06:45,4.86,gbp,TRANSFER,PENDING,2025-08-07 00:06:45
TXN00040148,ACC001293,MER0088,2025-09-13 18:06:04,15.88,gbp,PURCHASE,DECLINED,2025-09-13 18:06:04
TXN00046305,ACC002971,MER0125,2025-09-05 22:03:33,99.32,JPY,TRANSFER,PENDING,2025-09-05 22:03:33
TXN00047964,ACC002265,MER0099,2025-09-23 13:33:41,3.78,NGN,purchase,PENDING,2025-09-23 13:33:41
TXN00043875,ACC003608,MER0118,2025-07-21 02:54:30,9.53,NGN,DEPOSIT,POSTED,2025-07-21 02:54:30
TXN00047950,ACC001776,MER0135,2025-07-22 20:50:47,37.13,EUR,PURCHASE,REVERSED,2025-07-22 20:50:47
TXN00041482,ACC001442,MER0099,2025-09-03 00:21:39,105.02,NGN,PURCHASE,DECLINED,2025-09-03 00:21:39
TXN00033436,ACC002494,MER0104,2024-05-21 20:53:12,8.84,USD,PURCHASE,DECLINED,2025-07-15 17:48:29
TXN00043643,ACC000439,MER0112,2025-08-04 15:04:49,37.16,usd,PURCHASE,REVERSED,2025-08-04 15:04:49
TXN00040884,ACC002369,MER0034,2025-09-24 09:42:32,9.39,gbp,REFUND,REVERSED,2025-09-24 09:42:32
TXN00043265,ACC002787,MER0053,2025-08-25 19:58:19,6.39,EUR,WITHDRAWAL,posted,2025-08-25 19:58:19
TXN00042797,ACC001311,MER0134,2025-07-25 17:25:47,18453.65,GBP,REFUND,DECLINED,2025-07-25 17:25:47
TXN00041867,ACC002138,MER0069,2025-08-11 03:09:33,8.94,INR,purchase,DECLINED,2025-08-11 03:09:33
TXN00044484,ACC001348,MER0010,2025-09-23 15:52:59,68.33,CAD,TRANSFER,DECLINED,2025-09-23 15:52:59
TXN00044730,ACC002887,MER0146,2025-09-18 06:36:14,110.26,gbp,WITHDRAWAL,posted,2025-09-18 06:36:14
TXN00026293,ACC001821,MER0024,2024-09-19 02:10:07,8.97,CAD,TRANSFER,POSTED,2025-07-07 10:10:54
TXN00045284,ACC002270,MER0024,2025-09-18 20:51:33,14.69,gbp,REFUND,REVERSED,2025-09-18 20:51:33
TXN00041156,ACC000810,MER0034,2025-09-29 03:46:22,14.26,INR,PURCHASE,PENDING,2025-09-29 03:46:22
TXN00042654,ACC003482,MER0123,2025-08-03 06:10:45,221.79,INR,PURCHASE,POSTED,2025-08-03 06:10:45
TXN00044711,ACC003854,MER9999,2025-08-02 16:04:07,15.24,GBP,purchase,REVERSED,2025-08-02 16:04:07
TXN00040809,ACC003099,MER0100,2025-09-28 15:54:27,15.34,EUR,purchase,posted,2025-09-28 15:54:27
TXN00047261,ACC003357,MER0054,2025-07-28 14:39:15,5.81,NGN,PURCHASE,DECLINED,2025-07-28 14:39:15
TXN00042214,ACC002681,MER0035,2025-09-14 14:49:03,20.29,JPY,WITHDRAWAL,PENDING,2025-09-14 14:49:03
TXN00046959,ACC001524,MER0011,2025-08-30 17:00:16,31.97,JPY,DEPOSIT,DECLINED,2025-08-30 17:00:16
TXN00036986,ACC003813,MER0148,2025-01-22 09:28:28,139.23,NGN,REFUND,POSTED,2025-08-15 17:18:22
TXN00044194,ACC000096,MER0076,2025-08-28 00:23:17,25.92,INR,PURCHASE,POSTED,2025-08-28 00:23:17
TXN00042164,ACC000155,MER0091,2025-08-10 12:10:24,71.79,gbp,DEPOSIT,PENDING,2025-08-10 12:10:24
TXN00042735,ACC001783,MER0058,2025-07-02 10:55:26,3.51,gbp,purchase,PENDING,2025-07-02 10:55:26
TXN00045630,ACC000179,MER0115,2025-07-31 10:19:27,19.97,INR,purchase,POSTED,2025-07-31 10:19:27
TXN00032855,ACC003361,MER0006,2024-03-16 15:06:06,22163.39,EUR,REFUND,POSTED,2025-08-22 04:49:52
TXN00041125,ACC000034,MER0013,2025-09-11 09:34:24,46.66,NGN,DEPOSIT,REVERSED,2025-09-11 09:34:24
TXN00045781,ACC003431,MER0090,2025-09-12 20:27:54,65.26,USD,purchase,PENDING,2025-09-12 20:27:54
TXN00042422,ACC001248,MER0068,2025-07-20 14:39:35,5.45,gbp,REFUND,posted,2025-07-20 14:39:35
TXN00042238,ACC001325,MER0026,2025-09-25 12:33:44,39.2,CAD,WITHDRAWAL,REVERSED,2025-09-25 12:33:44
TXN00043475,ACC002572,MER0120,2025-08-10 03:42:54,31.89,JPY,DEPOSIT,posted,2025-08-10 03:42:54
TXN00046132,ACC003678,MER0097,2025-08-27 14:59:03,82.08,JPY,purchase,POSTED,2025-08-27 14:59:03
TXN00040822,ACC000801,MER0041,2025-08-26 22:02:02,31.48,usd,WITHDRAWAL,posted,2025-08-26 22:02:02
TXN00044107,ACC001828,MER0038,2025-09-12 03:07:31,52.42,JPY,DEPOSIT,REVERSED,2025-09-12 03:07:31
TXN00047881,ACC002872,MER0066,2025-09-27 03:41:11,15.65,INR,TRANSFER,DECLINED,2025-09-27 03:41:11
TXN00042148,ACC001084,MER0044,2025-08-20 05:19:20,27.01,usd,TRANSFER,DECLINED,2025-08-20 05:19:20
TXN00043325,ACC001776,MER0114,2025-08-15 13:18:50,9.34,usd,PURCHASE,posted,2025-08-15 13:18:50
TXN00040910,ACC001036,MER0110,2025-09-24 03:09:33,13.77,CAD,PURCHASE,REVERSED,2025-09-24 03:09:33
TXN00044351,ACC002378,MER0138,2025-07-11 21:51:20,15.38,usd,DEPOSIT,posted,2025-07-11 21:51:20
TXN00042187,ACC001938,MER0081,2025-07-03 20:11:43,3.92,EUR,DEPOSIT,PENDING,2025-07-03 20:11:43
TXN00046688,ACC003034,MER0145,2025-07-02 00:37:13,60.36,JPY,REFUND,POSTED,2025-07-02 00:37:13
TXN00015994,ACC002410,MER0147,2024-10-31 03:37:16,12.14,gbp,WITHDRAWAL,POSTED,2025-07-01 19:10:25
TXN00043902,ACC003185,MER0046,2025-08-05 01:50:29,6.76,gbp,TRANSFER,DECLINED,2025-08-05 01:50:29
TXN00047114,ACC003628,MER0066,2025-09-03 12:15:57,27.1,INR,REFUND,REVERSED,2025-09-03 12:15:57
TXN00044090,ACC003337,MER0066,2025-07-01 20:26:22,1.12,usd,TRANSFER,POSTED,2025-07-01 20:26:22
TXN00047257,ACC001109,MER0046,2025-07-31 14:52:30,12.52,CAD,purchase,REVERSED,2025-07-31 14:52:30
TXN00044004,ACC001877,MER0087,2025-08-14 08:38:02,7.77,GBP,WITHDRAWAL,POSTED,2025-08-14 08:38:02
TXN00046459,ACC000064,MER0046,2025-09-11 14:05:27,15.89,GBP,PURCHASE,posted,2025-09-11 14:05:27
TXN00041823,ACC003396,MER0003,2025-07-12 15:10:05,67.88,JPY,REFUND,DECLINED,2025-07-12 15:10:05
TXN00047861,ACC001905,MER0099,2025-07-01 05:34:31,25.95,gbp,purchase,posted,2025-07-01 05:34:31
TXN00042393,ACC003024,MER0035,2025-09-10 17:54:47,15.39,EUR,TRANSFER,POSTED,2025-09-10 17:54:47
TXN00047407,ACC000149,MER0043,2025-08-23 05:26:50,22.38,NGN,TRANSFER,DECLINED,2025-08-23 05:26:50
TXN00040742,ACC000372,MER0005,2025-09-14 12:45:28,5.49,USD,PURCHASE,REVERSED,2025-09-14 12:45:28
TXN00044552,ACC001985,MER0049,2025-08-24 16:05:58,11.01,gbp,REFUND,DECLINED,2025-08-24 16:05:58
TXN00041102,ACC002762,MER0049,2025-08-02 21:37:50,76.83,EUR,PURCHASE,DECLINED,2025-08-02 21:37:50
TXN00047310,ACC001064,MER0035,2025-07-20 18:34:40,484.1,JPY,WITHDRAWAL,DECLINED,2025-07-20 18:34:40
TXN00046400,ACC002227,MER0044,2025-09-12 23:22:53,35.46,NGN,PURCHASE,REVERSED,2025-09-12 23:22:53
TXN00040578,ACC002553,MER0040,2025-07-08 08:30:16,8.24,JPY,DEPOSIT,DECLINED,2025-07-08 08:30:16
TXN00041886,ACC002387,MER0130,2025-07-16 07:53:53,21.83,usd,REFUND,REVERSED,2025-07-16 07:53:53
TXN00039176,ACC000133,MER0065,2024-06-25 02:16:10,4.13,GBP,PURCHASE,DECLINED,2025-08-24 10:15:54
TXN00040516,ACC000175,MER0119,2025-08-19 18:47:55,102.18,CAD,DEPOSIT,PENDING,2025-08-19 18:47:55
TXN00045341,ACC001101,MER0044,2025-08-19 10:41:04,37.4,usd,purchase,POSTED,2025-08-19 10:41:04
TXN00025852,ACC001409,MER0003,2024-04-01 04:46:31,2.53,gbp,DEPOSIT,DECLINED,2025-07-25 07:17:58
TXN00025407,ACC001225,MER0112,2024-05-23 18:02:26,13.7,JPY,TRANSFER,POSTED,2025-09-10 12:20:53
TXN00040165,ACC003645,MER0070,2025-09-06 18:40:37,24.23,JPY,WITHDRAWAL,POSTED,2025-09-06 18:40:37
TXN00043560,ACC000917,MER0004,2025-08-18 03:29:14,4.91,gbp,DEPOSIT,POSTED,2025-08-18 03:29:14
TXN00040690,ACC003809,MER0077,2025-07-02 08:10:50,25760.97,gbp,REFUND,PENDING,2025-07-02 08:10:50
TXN00046492,ACC002428,MER0143,2025-09-07 19:55:23,18.6,NGN,TRANSFER,POSTED,2025-09-07 19:55:23
TXN00042510,ACC000840,MER0040,2025-09-29 18:41:59,26.94,NGN,PURCHASE,POSTED,2025-09-29 18:41:59
TXN00046373,ACC002288,MER0091,2025-08-18 10:39:47,31.05,usd,purchase,REVERSED,2025-08-18 10:39:47
TXN00043291,ACC000686,MER0017,2025-08-07 05:31:10,3.81,usd,DEPOSIT,DECLINED,2025-08-07 05:31:10
TXN00042692,ACC002165,MER0071,2025-07-26 16:57:41,3.59,NGN,PURCHASE,posted,2025-07-26 16:57:41
TXN00047715,ACC002376,MER0147,2025-07-08 05:18:17,27.48,NGN,TRANSFER,POSTED,2025-07-08 05:18:17
TXN00044961,ACC001016,MER0109,2025-09-18 00:33:36,17.35,JPY,DEPOSIT,DECLINED,2025-09-18 00:33:36
TXN00045455,ACC001900,MER0044,2025-08-15 04:33:54,158.6,NGN,purchase,PENDING,2025-08-15 04:33:54
TXN00040317,ACC000366,MER0086,2025-09-11 16:20:50,36.05,JPY,REFUND,PENDING,2025-09-11 16:20:50
TXN00041298,ACC001819,MER0128,2025-08-07 19:11:44,23.85,INR,WITHDRAWAL,REVERSED,2025-08-07 19:11:44
TXN00040311,ACC002703,MER0044,2025-07-08 06:19:48,109.56,INR,DEPOSIT,PENDING,2025-07-08 06:19:48
TXN00044046,ACC003467,MER0003,2025-08-16 23:55:27,36.15,GBP,WITHDRAWAL,posted,2025-08-16 23:55:27
TXN00043970,ACC003110,MER0116,2025-09-09 14:54:56,147.78,usd,DEPOSIT,posted,2025-09-09 14:54:56
TXN00047035,ACC003897,MER0148,2025-09-23 17:54:50,100.72,USD,PURCHASE,PENDING,2025-09-23 17:54:50
TXN00021116,ACC002420,MER0019,2024-11-02 22:53:32,19.29,EUR,purchase,REVERSED,2025-08-27 16:41:15
TXN00042721,ACC002162,MER0056,2025-07-10 05:51:42,79.29,JPY,WITHDRAWAL,DECLINED,2025-07-10 05:51:42
TXN00042983,ACC000148,MER0049,2025-07-27 22:16:30,47.85,NGN,REFUND,POSTED,2025-07-27 22:16:30
TXN00042286,ACC001760,MER0120,2025-07-24 07:10:38,20.46,gbp,TRANSFER,DECLINED,2025-07-24 07:10:38
TXN00045271,ACC000600,MER0114,2025-09-22 08:48:43,14.59,usd,DEPOSIT,PENDING,2025-09-22 08:48:43
TXN00041026,ACC001954,MER0003,2025-07-26 01:15:56,40.15,gbp,PURCHASE,REVERSED,2025-07-26 01:15:56
TXN00047585,ACC002062,MER0038,2025-09-13 20:51:20,19.5,GBP,purchase,posted,2025-09-13 20:51:20
TXN00040080,ACC003053,MER0085,2025-08-22 21:18:18,191.54,gbp,TRANSFER,posted,2025-08-22 21:18:18
TXN00045368,ACC003615,MER0115,2025-08-25 20:57:41,8.15,CAD,WITHDRAWAL,POSTED,2025-08-25 20:57:41
TXN00042549,ACC000605,MER0086,2025-08-12 06:04:17,11.84,CAD,purchase,REVERSED,2025-08-12 06:04:17
TXN00041988,ACC001804,MER0143,2025-09-24 21:44:14,53.11,CAD,PURCHASE,POSTED,2025-09-24 21:44:14
TXN00040172,ACC000792,MER0092,2025-07-27 04:53:02,101.88,usd,purchase,DECLINED,2025-07-27 04:53:02
TXN00043867,ACC002711,MER0124,2025-07-26 09:13:52,33.58,USD,TRANSFER,DECLINED,2025-07-26 09:13:52
TXN00002507,ACC003581,MER0103,2024-02-25 07:46:56,1.45,INR,TRANSFER,REVERSED,2025-09-20 06:00:16
TXN00040299,ACC002765,MER0078,2025-09-15 05:27:28,71.47,INR,WITHDRAWAL,DECLINED,2025-09-15 05:27:28
TXN00046729,ACC002962,MER0142,2025-07-25 09:07:29,181.57,GBP,DEPOSIT,PENDING,2025-07-25 09:07:29
TXN00043470,ACC002303,MER0124,2025-08-15 23:17:47,27.95,USD,TRANSFER,posted,2025-08-15 23:17:47
TXN00045598,ACC000942,MER0017,2025-07-23 14:21:02,118.9,NGN,DEPOSIT,REVERSED,2025-07-23 14:21:02
TXN00042794,ACC000623,MER0052,2025-08-03 09:35:22,453.79,INR,TRANSFER,REVERSED,2025-08-03 09:35:22
TXN00044255,ACC001900,MER0062,2025-08-07 20:50:22,9.16,JPY,REFUND,POSTED,2025-08-07 20:50:22
TXN00043411,ACC002843,MER0078,2025-08-27 23:02:07,23.11,CAD,TRANSFER,posted,2025-08-27 23:02:07
TXN00047061,ACC003723,MER0055,2025-08-25 20:28:06,14.17,JPY,REFUND,DECLINED,2025-08-25 20:28:06
TXN00043564,ACC001180,MER0126,2025-09-14 04:05:21,78.16,INR,TRANSFER,DECLINED,2025-09-14 04:05:21
TXN00045024,ACC000898,MER0015,2025-09-19 02:04:16,132.15,NGN,DEPOSIT,posted,2025-09-19 02:04:16
TXN00046250,ACC002141,MER0096,2025-07-18 11:40:09,15.19,USD,PURCHASE,PENDING,2025-07-18 11:40:09
TXN00044133,ACC003792,MER0090,2025-09-22 08:36:14,6.85,GBP,REFUND,posted,2025-09-22 08:36:14
TXN00042852,ACC003007,MER0074,2025-08-09 10:57:06,2.87,NGN,TRANSFER,POSTED,2025-08-09 10:57:06
TXN00044933,ACC002969,MER0025,2025-07-13 06:25:36,53.41,INR,PURCHASE,REVERSED,2025-07-13 06:25:36
TXN00045703,ACC003087,MER0007,2025-08-07 00:50:11,37.49,CAD,WITHDRAWAL,DECLINED,2025-08-07 00:50:11
TXN00044305,ACC000184,MER0142,2025-09-18 07:12:07,22.0,JPY,DEPOSIT,POSTED,2025-09-18 07:12:07
TXN00043928,ACC000868,MER0115,2025-07-14 01:47:14,7.16,INR,DEPOSIT,PENDING,2025-07-14 01:47:14
TXN00042666,ACC003899,MER0030,2025-08-07 00:25:50,50.33,JPY,purchase,DECLINED,2025-08-07 00:25:50
TXN00045007,ACC002164,MER0085,2025-07-01 12:12:32,49.63,EUR,TRANSFER,REVERSED,2025-07-01 12:12:32
TXN00042039,ACC001538,MER0061,2025-09-24 01:09:52,38850.53,USD,REFUND,PENDING,2025-09-24 01:09:52
TXN00040209,ACC000648,MER0121,2025-09-08 23:21:00,38.21,NGN,purchase,POSTED,2025-09-08 23:21:00
TXN00046011,ACC003457,MER0117,2025-07-21 07:42:56,31.16,gbp,REFUND,posted,2025-07-21 07:42:56
TXN00047987,ACC003352,MER0016,2025-07-08 02:06:03,103.51,usd,REFUND,PENDING,2025-07-08 02:06:03
TXN00040445,ACC000173,MER0075,2025-07-22 00:13:10,22.63,NGN,WITHDRAWAL,DECLINED,2025-07-22 00:13:10
TXN00045179,ACC001480,MER0067,2025-09-24 15:08:41,10.88,gbp,TRANSFER,PENDING,2025-09-24 15:08:41
TXN00044311,ACC000331,MER0005,2025-08-03 17:20:58,2.95,EUR,PURCHASE,PENDING,2025-08-03 17:20:58
TXN00040028,ACC000247,MER0144,2025-09-13 03:08:55,67.77,CAD,WITHDRAWAL,PENDING,2025-09-13 03:08:55
TXN00041905,ACC003145,MER0091,2025-07-30 04:23:34,22.1,CAD,PURCHASE,PENDING,2025-07-30 04:23:34
TXN00043093,ACC002209,MER0084,2025-09-26 21:28:03,14.09,CAD,PURCHASE,REVERSED,2025-09-26 21:28:03
TXN00020935,ACC003207,MER0088,2024-02-18 11:34:43,65.78,EUR,purchase,POSTED,2025-08-05 10:45:00
TXN00010592,ACC001073,MER0016,2025-05-06 12:03:15,46.9,NGN,PURCHASE,DECLINED,2025-08-30 06:55:31
TXN00042287,ACC000360,MER0038,2025-07-19 21:09:00,34.78,NGN,DEPOSIT,PENDING,2025-07-19 21:09:00
TXN00044493,ACC001969,MER0133,2025-09-10 23:51:41,11.97,GBP,PURCHASE,PENDING,2025-09-10 23:51:41
TXN00042165,ACC000302,MER0039,2025-08-30 22:31:46,59.86,CAD,REFUND,POSTED,2025-08-30 22:31:46
TXN00044926,ACC002180,MER0115,2025-09-22 13:21:45,7.76,usd,REFUND,PENDING,2025-09-22 13:21:45
TXN00046614,ACC001627,MER0047,2025-08-14 09:12:38,67.13,EUR,TRANSFER,posted,2025-08-14 09:12:38
TXN00044575,ACC001832,MER0011,2025-09-14 08:08:15,36.15,USD,REFUND,REVERSED,2025-09-14 08:08:15
TXN00040956,ACC000669,MER0096,2025-09-10 09:45:21,8.57,gbp,purchase,POSTED,2025-09-10 09:45:21
TXN00047575,ACC002816,MER0110,2025-08-01 17:42:26,6.39,usd,WITHDRAWAL,POSTED,2025-08-01 17:42:26
TXN00014325,ACC001181,MER0055,2025-05-06 01:07:12,40.82,USD,TRANSFER,DECLINED,2025-09-24 15:22:56
TXN00001170,ACC000713,MER0085,2024-06-06 01:29:56,22.42,GBP,purchase,REVERSED,2025-07-15 16:25:31
TXN00044354,ACC003678,MER0069,2025-08-02 18:17:45,13.85,EUR,DEPOSIT,posted,2025-08-02 18:17:45
TXN00044069,ACC003582,MER0016,2025-09-03 12:16:29,20.71,NGN,REFUND,posted,2025-09-03 12:16:29
TXN00043125,ACC003232,MER0092,2025-09-22 16:20:46,6.03,gbp,WITHDRAWAL,DECLINED,2025-09-22 16:20:46
TXN00042247,ACC001388,MER0139,2025-07-07 16:52:39,96.92,NGN,TRANSFER,POSTED,2025-07-07 16:52:39
TXN00045747,ACC002297,MER0008,2025-08-15 18:40:56,21.67,INR,PURCHASE,DECLINED,2025-08-15 18:40:56
TXN00040199,ACC002050,MER0053,2025-07-13 12:13:49,6.16,INR,DEPOSIT,posted,2025-07-13 12:13:49
TXN00045402,ACC003474,MER0001,2025-09-15 19:08:48,39.21,INR,REFUND,DECLINED,2025-09-15 19:08:48
TXN00040647,ACC000426,MER0020,2025-09-13 17:39:01,30.41,usd,REFUND,posted,2025-09-13 17:39:01
TXN00042394,ACC002164,MER0061,2025-08-27 06:50:23,24.07,NGN,PURCHASE,posted,2025-08-27 06:50:23
TXN00047019,ACC000621,MER0133,2025-09-14 06:05:42,10.95,USD,purchase,POSTED,2025-09-14 06:05:42
TXN00041281,ACC000555,MER0035,2025-08-11 18:49:02,10.41,usd,REFUND,posted,2025-08-11 18:49:02
TXN00045429,ACC000592,MER0035,2025-08-13 02:06:29,37.98,CAD,DEPOSIT,REVERSED,2025-08-13 02:06:29
TXN00040357,ACC002403,MER0014,2025-09-28 11:06:58,156.99,gbp,REFUND,POSTED,2025-09-28 11:06:58
TXN00044284,ACC000777,MER0044,2025-08-03 08:30:20,41.28,USD,TRANSFER,POSTED,2025-08-03 08:30:20
TXN00046798,ACC003611,MER0009,2025-08-06 11:37:17,9.58,USD,PURCHASE,PENDING,2025-08-06 11:37:17
TXN00041715,ACC002637,MER0118,2025-09-12 11:12:27,75.28,INR,WITHDRAWAL,POSTED,2025-09-12 11:12:27
TXN00047122,ACC001140,MER0041,2025-08-21 15:47:40,6.12,INR,WITHDRAWAL,posted,2025-08-21 15:47:40
TXN00046953,ACC002269,MER0135,2025-08-21 09:03:03,63.62,gbp,PURCHASE,REVERSED,2025-08-21 09:03:03
TXN00019641,ACC000676,MER0086,2024-04-22 12:31:38,36.98,USD,DEPOSIT,DECLINED,2025-07-23 16:31:05
TXN00041837,ACC003676,MER0048,2025-09-16 22:24:08,104.16,CAD,purchase,PENDING,2025-09-16 22:24:08
TXN00043615,ACC001991,MER0150,2025-07-31 16:36:36,6.28,INR,PURCHASE,REVERSED,2025-07-31 16:36:36
TXN00047252,ACC003680,MER0039,2025-08-01 04:05:00,20.34,gbp,PURCHASE,POSTED,2025-08-01 04:05:00
TXN00042771,ACC000761,MER0016,2025-08-25 20:49:14,1.33,NGN,purchase,REVERSED,2025-08-25 20:49:14
TXN00027608,ACC000276,MER0124,2024-06-22 18:05:35,8.62,CAD,REFUND,REVERSED,2025-09-25 18:31:41
TXN00040390,ACC003940,MER0123,2025-07-07 09:08:12,19.98,EUR,REFUND,DECLINED,2025-07-07 09:08:12
TXN00044813,ACC002718,MER0040,2025-09-12 18:12:40,11.93,CAD,WITHDRAWAL,DECLINED,2025-09-12 18:12:40
TXN00040848,ACC002159,MER0073,2025-07-21 20:21:34,24.71,EUR,purchase,POSTED,2025-07-21 20:21:34
TXN00041457,ACC001364,MER0118,2025-08-31 19:18:47,13892.93,CAD,purchase,REVERSED,2025-08-31 19:18:47
TXN00040984,ACC002260,MER0148,2025-08-08 17:42:31,24.76,gbp,WITHDRAWAL,PENDING,2025-08-08 17:42:31
TXN00045354,ACC003067,MER0038,2025-08-21 20:38:53,19.22,gbp,DEPOSIT,REVERSED,2025-08-21 20:38:53
TXN00043147,ACC003658,MER0099,2025-08-31 06:17:44,72.63,gbp,DEPOSIT,PENDING,2025-08-31 06:17:44
TXN00040479,ACC001495,MER0145,2025-08-08 11:55:35,12.06,usd,WITHDRAWAL,POSTED,2025-08-08 11:55:35
TXN00009104,ACC001637,MER0075,2024-07-07 09:23:28,35.34,GBP,purchase,POSTED,2025-09-08 06:03:22
TXN00042037,ACC003864,MER0138,2025-07-14 14:41:00,6.91,JPY,DEPOSIT,DECLINED,2025-07-14 14:41:00
TXN00043360,ACC002093,MER0009,2025-07-06 06:36:21,105.37,gbp,DEPOSIT,REVERSED,2025-07-06 06:36:21
TXN00047816,ACC000549,MER0120,2025-09-02 21:16:04,8.99,gbp,PURCHASE,posted,2025-09-02 21:16:04
TXN00047348,ACC001277,MER0081,2025-07-13 05:07:35,6.35,NGN,REFUND,POSTED,2025-07-13 05:07:35
TXN00046848,ACC000824,MER0012,2025-09-25 02:49:37,35.71,EUR,WITHDRAWAL,REVERSED,2025-09-25 02:49:37
TXN00043408,ACC001145,MER0012,2025-08-09 03:29:59,41.31,GBP,DEPOSIT,posted,2025-08-09 03:29:59
TXN00040610,ACC002607,MER0017,2025-09-17 23:53:22,43.92,CAD,PURCHASE,POSTED,2025-09-17 23:53:22
TXN00040215,ACC001583,MER0100,2025-09-22 23:27:08,11.67,EUR,DEPOSIT,REVERSED,2025-09-22 23:27:08
TXN00042645,ACC002412,MER0112,2025-08-06 20:25:14,76.07,CAD,DEPOSIT,PENDING,2025-08-06 20:25:14
TXN00046401,ACC003135,MER0126,2025-08-23 00:17:32,28.68,INR,PURCHASE,posted,2025-08-23 00:17:32
TXN00041436,ACC003065,MER0147,2025-08-01 02:11:02,83.15,usd,DEPOSIT,REVERSED,2025-08-01 02:11:02
TXN00047279,ACC001954,MER0043,2025-08-23 16:31:20,6.76,EUR,purchase,posted,2025-08-23 16:31:20
TXN00043161,ACC001437,MER0069,2025-09-29 04:50:37,4.18,EUR,REFUND,DECLINED,2025-09-29 04:50:37
TXN00044267,ACC003210,MER0004,2025-07-19 21:18:33,19.23,EUR,purchase,posted,2025-07-19 21:18:33
TXN00041495,ACC001169,MER0112,2025-07-31 20:08:56,38.09,USD,REFUND,POSTED,2025-07-31 20:08:56
TXN00042917,ACC002010,MER0023,2025-07-07 08:57:47,62.92,EUR,DEPOSIT,posted,2025-07-07 08:57:47
TXN00043693,ACC001214,MER0081,2025-07-18 08:27:02,25.17,USD,DEPOSIT,PENDING,2025-07-18 08:27:02
TXN00040290,ACC003426,MER0086,2025-08-21 20:19:16,23.1,GBP,WITHDRAWAL,PENDING,2025-08-21 20:19:16
TXN00045696,ACC002518,MER0037,2025-08-18 23:36:01,39.43,gbp,DEPOSIT,POSTED,2025-08-18 23:36:01
TXN00041774,ACC003641,MER0009,2025-07-10 08:49:19,126.67,usd,WITHDRAWAL,DECLINED,2025-07-10 08:49:19
TXN00042382,ACC003787,MER0060,2025-07-06 15:18:04,7.6,USD,TRANSFER,posted,2025-07-06 15:18:04
TXN00041819,ACC002217,MER0132,2025-07-20 10:26:28,51.77,EUR,DEPOSIT,REVERSED,2025-07-20 10:26:28
TXN00041242,ACC002202,MER0037,2025-09-10 14:30:38,38.6,gbp,TRANSFER,POSTED,2025-09-10 14:30:38
TXN00044009,ACC002268,MER0015,2025-09-22 01:02:19,75.07,gbp,purchase,POSTED,2025-09-22 01:02:19
TXN00046750,ACC003594,MER0099,2025-07-10 11:20:04,78.97,usd,WITHDRAWAL,REVERSED,2025-07-10 11:20:04
TXN00043068,ACC001097,MER0016,2025-09-25 07:53:46,9.28,CAD,DEPOSIT,DECLINED,2025-09-25 07:53:46
TXN00043518,ACC002447,MER0016,2025-08-14 20:04:21,12.38,JPY,purchase,POSTED,2025-08-14 20:04:21
TXN00047916,ACC000231,MER0019,2025-07-23 15:54:24,11.15,gbp,PURCHASE,DECLINED,2025-07-23 15:54:24
TXN00043856,ACC002628,MER0128,2025-09-05 21:33:40,9.8,USD,WITHDRAWAL,PENDING,2025-09-05 21:33:40
TXN00040016,ACC001196,MER0083,2025-09-24 13:42:21,14.77,gbp,DEPOSIT,POSTED,2025-09-24 13:42:21
TXN00040249,ACC000203,MER0073,2025-07-24 13:44:03,91.82,usd,PURCHASE,PENDING,2025-07-24 13:44:03
TXN00044936,ACC003086,MER0133,2025-08-30 05:19:54,4.02,EUR,purchase,PENDING,2025-08-30 05:19:54
TXN00044954,ACC001179,MER0020,2025-09-28 12:06:22,31.16,USD,DEPOSIT,REVERSED,2025-09-28 12:06:22
TXN00041389,ACC001202,MER0027,2025-07-30 02:09:29,7.32,EUR,WITHDRAWAL,PENDING,2025-07-30 02:09:29
TXN00042573,ACC000326,MER0086,2025-09-05 07:07:27,15.46,usd,TRANSFER,posted,2025-09-05 07:07:27
TXN00044527,ACC000166,MER0003,2025-09-10 09:36:20,36.21,INR,WITHDRAWAL,REVERSED,2025-09-10 09:36:20
TXN00045486,ACC003868,MER0018,2025-07-16 05:40:06,55.9,INR,TRANSFER,REVERSED,2025-07-16 05:40:06
TXN00042891,ACC002981,MER0077,2025-07-11 09:26:49,17.62,EUR,DEPOSIT,POSTED,2025-07-11 09:26:49
TXN00041608,ACC001074,MER0050,2025-09-20 23:57:15,15.35,JPY,REFUND,DECLINED,2025-09-20 23:57:15
TXN00043815,ACC002059,MER0119,2025-08-10 23:31:09,64.6,JPY,REFUND,posted,2025-08-10 23:31:09
TXN00047784,ACC003421,MER0110,2025-08-09 21:07:54,36.48,INR,WITHDRAWAL,DECLINED,2025-08-09 21:07:54
TXN00039507,ACC001950,MER0033,2024-09-04 21:11:22,2.99,usd,WITHDRAWAL,POSTED,2025-08-08 22:04:47
TXN00047210,ACC003711,MER0024,2025-07-05 04:38:40,60.7,gbp,PURCHASE,DECLINED,2025-07-05 04:38:40
TXN00043270,ACC000445,MER0087,2025-08-20 05:02:29,84.08,JPY,WITHDRAWAL,PENDING,2025-08-20 05:02:29
TXN00040710,ACC002737,MER0004,2025-08-23 04:33:51,13.47,JPY,PURCHASE,DECLINED,2025-08-23 04:33:51
TXN00043910,ACC001629,MER0057,2025-09-11 17:37:47,21.69,USD,TRANSFER,REVERSED,2025-09-11 17:37:47
TXN00043814,ACC002828,MER0145,2025-08-19 05:36:03,13.74,NGN,PURCHASE,DECLINED,2025-08-19 05:36:03
TXN00047697,ACC001782,MER0088,2025-08-11 06:26:12,26.32,JPY,PURCHASE,posted,2025-08-11 06:26:12
TXN00033066,ACC003242,MER0115,2025-01-28 22:21:54,7.49,NGN,WITHDRAWAL,REVERSED,2025-09-28 18:53:08
TXN00047268,ACC001549,MER0109,2025-08-02 00:53:21,93.32,NGN,TRANSFER,POSTED,2025-08-02 00:53:21
TXN00040835,ACC000571,MER0136,2025-07-03 12:39:32,36.32,usd,purchase,DECLINED,2025-07-03 12:39:32
TXN00044268,ACC000541,MER0148,2025-08-05 01:37:29,6.14,INR,purchase,POSTED,2025-08-05 01:37:29
TXN00041630,ACC000414,MER0078,2025-09-01 17:54:41,15.09,gbp,TRANSFER,REVERSED,2025-09-01 17:54:41
TXN00042684,ACC000311,MER0113,2025-07-21 23:01:07,45.27,usd,WITHDRAWAL,DECLINED,2025-07-21 23:01:07
TXN00004163,ACC002737,MER0066,2024-03-25 18:41:10,8.79,gbp,DEPOSIT,REVERSED,2025-08-20 05:46:01
TXN00045628,ACC003684,MER0035,2025-09-29 23:25:30,43.85,CAD,DEPOSIT,PENDING,2025-09-29 23:25:30
TXN00047822,ACC000179,MER0067,2025-08-03 10:59:39,68.44,USD,PURCHASE,DECLINED,2025-08-03 10:59:39
TXN00041965,ACC003090,MER0040,2025-07-17 22:20:22,52.89,EUR,DEPOSIT,POSTED,2025-07-17 22:20:22
TXN00041802,ACC001543,MER0082,2025-09-18 20:19:32,2.89,EUR,purchase,POSTED,2025-09-18 20:19:32
TXN00043843,ACC003079,MER0109,2025-08-27 23:07:29,13.86,usd,PURCHASE,PENDING,2025-08-27 23:07:29
TXN00044948,ACC002154,MER0122,2025-07-06 18:12:25,48.45,JPY,TRANSFER,posted,2025-07-06 18:12:25
TXN00043466,ACC003685,MER0084,2025-09-29 18:33:13,2.68,CAD,DEPOSIT,REVERSED,2025-09-29 18:33:13
TXN00041029,ACC001968,MER0064,2025-07-18 15:05:46,15.59,INR,PURCHASE,POSTED,2025-07-18 15:05:46
TXN00042736,ACC003471,MER0087,2025-09-04 20:56:01,64.31,CAD,PURCHASE,POSTED,2025-09-04 20:56:01
TXN00041503,ACC002851,MER0054,2025-07-05 12:58:14,38.55,INR,DEPOSIT,DECLINED,2025-07-05 12:58:14
TXN00047664,ACC002959,MER0073,2025-08-15 22:20:23,7.46,JPY,DEPOSIT,PENDING,2025-08-15 22:20:23
TXN00047578,ACC000779,MER0120,2025-07-05 19:32:00,9.76,gbp,REFUND,posted,2025-07-05 19:32:00
TXN00031896,ACC003937,MER0014,2024-09-25 08:18:00,10.7,NGN,TRANSFER,DECLINED,2025-09-06 06:13:21
TXN00045247,ACC001222,MER0027,2025-08-02 03:34:24,20.86,gbp,WITHDRAWAL,posted,2025-08-02 03:34:24
TXN00047469,ACC003640,MER0084,2025-07-04 04:07:45,7.56,usd,DEPOSIT,PENDING,2025-07-04 04:07:45
TXN00045627,ACC003858,MER0142,2025-09-17 14:52:26,53.44,INR,PURCHASE,POSTED,2025-09-17 14:52:26
TXN00044466,ACC002794,MER0133,2025-08-23 08:30:40,2.54,usd,purchase,DECLINED,2025-08-23 08:30:40
TXN00040307,ACC003229,MER0109,2025-09-06 06:39:30,43.43,EUR,DEPOSIT,DECLINED,2025-09-06 06:39:30
TXN00042006,ACC001963,MER0012,2025-08-23 07:14:59,18.98,NGN,PURCHASE,PENDING,2025-08-23 07:14:59
TXN00047619,ACC003695,MER0123,2025-07-22 12:02:03,138.28,usd,TRANSFER,POSTED,2025-07-22 12:02:03
TXN00047532,ACC001160,MER0059,2025-07-28 19:26:42,37743.8,CAD,TRANSFER,DECLINED,2025-07-28 19:26:42
TXN00043434,ACC000060,MER0015,2025-09-10 17:45:08,14.77,CAD,TRANSFER,PENDING,2025-09-10 17:45:08
TXN00040263,ACC000911,MER0039,2025-08-09 17:38:58,52.03,CAD,purchase,DECLINED,2025-08-09 17:38:58
TXN00047759,ACC000405,MER0048,2025-07-17 03:35:08,118.27,INR,TRANSFER,posted,2025-07-17 03:35:08
TXN00043733,ACC001523,MER0101,2025-09-23 17:22:40,15.67,GBP,PURCHASE,PENDING,2025-09-23 17:22:40
TXN00047630,ACC001724,MER0072,2025-09-16 00:30:32,100.06,INR,WITHDRAWAL,DECLINED,2025-09-16 00:30:32
TXN00040843,ACC000599,MER0053,2025-07-15 16:38:54,31.39,USD,DEPOSIT,REVERSED,2025-07-15 16:38:54
TXN00042598,ACC000456,MER0040,2025-09-29 02:21:43,68.93,INR,purchase,posted,2025-09-29 02:21:43
TXN00040999,ACC000191,MER0135,2025-08-20 02:07:46,14.53,CAD,WITHDRAWAL,POSTED,2025-08-20 02:07:46
TXN00020942,ACC003057,MER0051,2024-03-12 17:48:29,17.39,usd,PURCHASE,DECLINED,2025-08-12 05:26:12
TXN00042945,ACC001855,MER0143,2025-08-15 09:59:29,9.41,CAD,TRANSFER,REVERSED,2025-08-15 09:59:29
TXN00047911,ACC001963,MER0093,2025-07-16 10:28:00,12.73,CAD,REFUND,PENDING,2025-07-16 10:28:00
TXN00045458,ACC003079,MER0031,2025-09-29 14:50:07,25503.21,USD,purchase,REVERSED,2025-09-29 14:50:07
TXN00045722,ACC003106,MER0119,2025-08-02 09:13:07,54.76,JPY,DEPOSIT,POSTED,2025-08-02 09:13:07
TXN00045020,ACC001392,MER0086,2025-07-15 15:28:02,12.34,EUR,purchase,REVERSED,2025-07-15 15:28:02
TXN00042800,ACC002613,MER0146,2025-07-30 14:38:26,4.2,gbp,PURCHASE,POSTED,2025-07-30 14:38:26
TXN00040426,ACC000552,MER0025,2025-08-20 10:55:32,153.6,USD,PURCHASE,POSTED,2025-08-20 10:55:32
TXN00044182,ACC003856,MER0002,2025-07-22 18:34:21,37.82,EUR,purchase,posted,2025-07-22 18:34:21
TXN00040654,ACC002953,MER0089,2025-09-14 23:40:02,50.88,usd,REFUND,DECLINED,2025-09-14 23:40:02
TXN00042445,ACC003650,MER0099,2025-08-11 23:15:19,128.63,EUR,TRANSFER,POSTED,2025-08-11 23:15:19
TXN00040625,ACC000008,MER0085,2025-07-17 03:55:54,3.85,usd,REFUND,DECLINED,2025-07-17 03:55:54
TXN00045541,ACC002116,MER0022,2025-07-11 12:23:37,22.04,NGN,WITHDRAWAL,DECLINED,2025-07-11 12:23:37
TXN00001866,ACC003822,MER0069,2025-04-03 23:34:10,35.45,CAD,REFUND,DECLINED,2025-07-28 16:00:35
TXN00046974,ACC000179,MER0045,2025-09-02 09:33:55,27.79,USD,WITHDRAWAL,PENDING,2025-09-02 09:33:55
TXN00042436,ACC001956,MER0019,2025-08-21 09:02:42,8.41,EUR,DEPOSIT,DECLINED,2025-08-21 09:02:42
TXN00044177,ACC002798,MER0144,2025-08-14 08:25:11,41.09,USD,purchase,DECLINED,2025-08-14 08:25:11
TXN00042626,ACC002012,MER0109,2025-08-08 06:08:08,12.03,USD,WITHDRAWAL,REVERSED,2025-08-08 06:08:08
TXN00040329,ACC000081,MER0071,2025-07-07 06:26:57,5.72,CAD,TRANSFER,PENDING,2025-07-07 06:26:57
TXN00043025,ACC001161,MER0061,2025-07-03 18:14:10,26.35,CAD,REFUND,posted,2025-07-03 18:14:10
TXN00047667,ACC001859,MER0079,2025-08-29 11:08:15,47.18,EUR,TRANSFER,POSTED,2025-08-29 11:08:15
TXN00044839,ACC000845,MER0123,2025-07-06 14:56:06,10.51,INR,DEPOSIT,PENDING,2025-07-06 14:56:06
TXN00042557,ACC002164,MER0023,2025-08-18 15:56:18,15.69,CAD,TRANSFER,POSTED,2025-08-18 15:56:18
TXN00044434,ACC002564,MER0079,2025-09-22 00:14:49,17.07,GBP,WITHDRAWAL,posted,2025-09-22 00:14:49
TXN00016767,ACC000253,MER0098,2024-03-27 10:03:14,291.77,gbp,PURCHASE,REVERSED,2025-08-03 20:07:29
TXN00040743,ACC003055,MER0125,2025-07-15 16:39:34,91.52,gbp,PURCHASE,posted,2025-07-15 16:39:34
TXN00041568,ACC000281,MER0016,2025-09-01 15:46:39,20.89,INR,DEPOSIT,posted,2025-09-01 15:46:39
TXN00046601,ACC001086,MER0048,2025-09-28 12:03:23,6.05,USD,WITHDRAWAL,posted,2025-09-28 12:03:23
TXN00017833,ACC001942,MER0140,2024-04-04 18:01:45,5.17,INR,TRANSFER,DECLINED,2025-09-02 20:24:32
TXN00044749,ACC001845,MER0148,2025-08-23 09:40:46,48.92,EUR,PURCHASE,posted,2025-08-23 09:40:46
TXN00042851,ACC003685,MER0047,2025-08-02 22:08:26,8.64,EUR,WITHDRAWAL,REVERSED,2025-08-02 22:08:26
TXN00041977,ACC001555,MER0090,2025-07-11 07:40:46,28.38,CAD,WITHDRAWAL,REVERSED,2025-07-11 07:40:46
TXN00042184,ACC002431,MER0113,2025-07-31 18:50:16,15543.66,EUR,purchase,PENDING,2025-07-31 18:50:16
TXN00043420,ACC003426,MER0075,2025-08-08 05:30:01,17.84,GBP,WITHDRAWAL,REVERSED,2025-08-08 05:30:01
TXN00043595,ACC003459,MER0053,2025-09-08 08:33:01,11.28,NGN,WITHDRAWAL,PENDING,2025-09-08 08:33:01
TXN00041282,ACC000681,MER0069,2025-07-15 19:28:20,25.74,usd,REFUND,DECLINED,2025-07-15 19:28:20
TXN00041132,ACC003001,MER0126,2025-09-08 17:53:25,10.1,INR,REFUND,posted,2025-09-08 17:53:25
TXN00046375,ACC001421,MER0059,2025-09-28 16:41:24,4.21,EUR,DEPOSIT,PENDING,2025-09-28 16:41:24
TXN00044829,ACC001582,MER0008,2025-08-23 03:40:42,26.05,JPY,DEPOSIT,posted,2025-08-23 03:40:42
TXN00042159,ACC002123,MER0084,2025-08-13 03:52:50,21.56,gbp,WITHDRAWAL,POSTED,2025-08-13 03:52:50
TXN00042647,ACC003451,MER0104,2025-09-21 17:20:32,11.12,NGN,WITHDRAWAL,PENDING,2025-09-21 17:20:32
TXN00041406,ACC002585,MER0016,2025-08-24 22:31:03,42.91,NGN,PURCHASE,posted,2025-08-24 22:31:03
TXN00041119,ACC002607,MER0083,2025-09-29 18:11:45,33.93,EUR,purchase,POSTED,2025-09-29 18:11:45
TXN00043961,ACC003066,MER0116,2025-09-03 16:34:53,23.37,USD,PURCHASE,PENDING,2025-09-03 16:34:53
TXN00046187,ACC000855,MER0070,2025-08-27 05:14:42,53.86,gbp,DEPOSIT,POSTED,2025-08-27 05:14:42
TXN00045344,ACC000513,MER0031,2025-07-15 22:32:07,5.37,usd,TRANSFER,posted,2025-07-15 22:32:07
TXN00040154,ACC003792,MER0142,2025-07-22 04:09:55,19.54,CAD,purchase,posted,2025-07-22 04:09:55
TXN00046836,ACC002253,MER0148,2025-09-10 00:27:04,60.21,gbp,DEPOSIT,DECLINED,2025-09-10 00:27:04
TXN00043734,ACC001566,MER0008,2025-08-17 17:32:57,194.66,JPY,REFUND,REVERSED,2025-08-17 17:32:57
TXN00042011,ACC001431,MER0092,2025-07-03 08:57:30,17.01,INR,DEPOSIT,posted,2025-07-03 08:57:30
TXN00045289,ACC002410,MER0100,2025-08-19 11:27:29,150.23,usd,WITHDRAWAL,DECLINED,2025-08-19 11:27:29
TXN00047698,ACC002133,MER0090,2025-08-18 05:56:30,9.75,usd,DEPOSIT,REVERSED,2025-08-18 05:56:30
TXN00043344,ACC002622,MER0059,2025-07-06 23:04:40,62.56,CAD,PURCHASE,posted,2025-07-06 23:04:40
TXN00043690,ACC002635,MER0048,2025-09-08 14:00:58,1.68,GBP,REFUND,POSTED,2025-09-08 14:00:58
TXN00047492,ACC002352,MER0022,2025-08-27 15:15:47,6.18,JPY,WITHDRAWAL,PENDING,2025-08-27 15:15:47
TXN00046372,ACC002595,MER0071,2025-07-15 12:43:57,12.47,NGN,DEPOSIT,REVERSED,2025-07-15 12:43:57
TXN00043063,ACC001195,MER0123,2025-08-25 05:23:52,6.96,CAD,REFUND,REVERSED,2025-08-25 05:23:52
TXN00046037,ACC000096,MER0110,2025-08-19 18:39:07,8.01,EUR,purchase,posted,2025-08-19 18:39:07
TXN00046785,ACC002356,MER0025,2025-09-26 07:22:45,7.55,USD,PURCHASE,posted,2025-09-26 07:22:45
TXN00047665,ACC001636,MER0088,2025-08-12 13:10:38,496.68,JPY,TRANSFER,POSTED,2025-08-12 13:10:38
TXN00041167,ACC001888,MER0014,2025-09-01 17:49:07,10.75,usd,TRANSFER,POSTED,2025-09-01 17:49:07
TXN00038894,ACC003242,MER0088,2025-05-21 16:39:27,6.8,gbp,WITHDRAWAL,DECLINED,2025-08-01 13:59:39
TXN00044713,ACC003617,MER0094,2025-07-06 08:16:53,23.92,EUR,REFUND,PENDING,2025-07-06 08:16:53
TXN00044676,ACC003062,MER0015,2025-08-04 08:56:50,13.18,NGN,WITHDRAWAL,REVERSED,2025-08-04 08:56:50
TXN00043882,ACC001889,MER0078,2025-08-18 14:48:27,19.25,NGN,purchase,POSTED,2025-08-18 14:48:27
TXN00045939,ACC000950,MER0140,2025-09-17 13:36:05,15.29,GBP,REFUND,POSTED,2025-09-17 13:36:05
TXN00045640,ACC002325,MER0088,2025-09-18 06:43:55,18.88,usd,purchase,PENDING,2025-09-18 06:43:55
TXN00039265,ACC003464,MER0147,2024-08-12 13:33:17,112.7,gbp,purchase,REVERSED,2025-09-07 21:47:37
TXN00022269,ACC001285,MER0058,2024-10-29 18:29:52,89.2,CAD,DEPOSIT,DECLINED,2025-07-10 05:47:41
TXN00040233,ACC002796,MER0017,2025-07-07 04:10:01,55.99,EUR,DEPOSIT,posted,2025-07-07 04:10:01
TXN00047244,ACC001579,MER0143,2025-08-18 03:58:45,80.97,INR,TRANSFER,PENDING,2025-08-18 03:58:45
TXN00045971,ACC002040,MER0074,2025-08-15 22:14:01,17.99,GBP,REFUND,posted,2025-08-15 22:14:01
TXN00045296,ACC002121,MER0080,2025-09-23 03:27:22,29.29,gbp,PURCHASE,DECLINED,2025-09-23 03:27:22
TXN00046074,ACC002043,MER0015,2025-08-25 07:10:41,72.89,EUR,WITHDRAWAL,posted,2025-08-25 07:10:41
TXN00047797,ACC000248,MER0059,2025-07-30 09:25:52,29.22,gbp,DEPOSIT,posted,2025-07-30 09:25:52
TXN00046495,ACC000670,MER0034,2025-07-28 04:40:43,20.28,CAD,PURCHASE,POSTED,2025-07-28 04:40:43
TXN00033931,ACC003240,MER0026,2024-10-08 00:23:30,20.81,USD,PURCHASE,REVERSED,2025-07-18 01:03:26
TXN00045446,ACC001899,MER0130,2025-08-22 12:20:07,40.96,usd,TRANSFER,PENDING,2025-08-22 12:20:07
TXN00047565,ACC002416,MER0079,2025-09-02 03:52:35,135.59,USD,TRANSFER,DECLINED,2025-09-02 03:52:35
TXN00044725,ACC003254,MER0094,2025-08-12 22:09:36,16.38,NGN,REFUND,PENDING,2025-08-12 22:09:36
TXN00040981,ACC002039,MER0074,2025-08-21 19:49:32,14.89,GBP,WITHDRAWAL,posted,2025-08-21 19:49:32
TXN00040529,ACC003370,MER0077,2025-09-25 06:33:46,7.45,NGN,purchase,posted,2025-09-25 06:33:46
TXN00047541,ACC000305,MER0031,2025-09-23 10:18:10,129.71,INR,PURCHASE,POSTED,2025-09-23 10:18:10
TXN00042847,ACC003317,MER0026,2025-07-12 13:58:37,8498.23,usd,DEPOSIT,posted,2025-07-12 13:58:37
TXN00040675,ACC002555,MER0113,2025-08-12 10:32:46,10.1,NGN,TRANSFER,DECLINED,2025-08-12 10:32:46
TXN00044898,ACC002439,MER0064,2025-08-23 06:33:55,91.33,NGN,TRANSFER,POSTED,2025-08-23 06:33:55
TXN00041675,ACC000243,MER0126,2025-08-30 03:23:18,31311.66,CAD,REFUND,POSTED,2025-08-30 03:23:18
TXN00042435,ACC001929,MER0036,2025-07-16 19:03:57,6.54,CAD,REFUND,DECLINED,2025-07-16 19:03:57
TXN00046656,ACC003269,MER0137,2025-08-31 14:49:37,45.82,EUR,TRANSFER,PENDING,2025-08-31 14:49:37
TXN00033623,ACC001651,MER0060,2024-03-29 19:01:02,71.26,NGN,WITHDRAWAL,POSTED,2025-07-11 23:54:16
TXN00043098,ACC003735,MER0005,2025-07-18 13:56:53,19.6,INR,TRANSFER,posted,2025-07-18 13:56:53
TXN00025070,ACC001954,MER0067,2024-04-17 02:20:23,83.73,gbp,WITHDRAWAL,REVERSED,2025-08-26 17:02:51
TXN00044542,ACC000447,MER0053,2025-07-29 01:41:17,37.61,NGN,PURCHASE,REVERSED,2025-07-29 01:41:17
TXN00047373,ACC000756,MER0065,2025-09-03 19:40:44,7.81,usd,PURCHASE,REVERSED,2025-09-03 19:40:44
TXN00041458,ACC003862,MER0062,2025-08-31 00:42:03,11.82,NGN,REFUND,DECLINED,2025-08-31 00:42:03
TXN00047133,ACC002197,MER0018,2025-08-30 18:54:17,385.58,GBP,DEPOSIT,REVERSED,2025-08-30 18:54:17
TXN00047098,ACC000272,MER0069,2025-09-24 08:53:37,29.94,CAD,TRANSFER,DECLINED,2025-09-24 08:53:37
TXN00040203,ACC001366,MER0065,2025-09-04 14:22:39,9.88,NGN,PURCHASE,REVERSED,2025-09-04 14:22:39
TXN00045463,ACC001258,MER0097,2025-08-24 14:31:07,26.76,USD,purchase,REVERSED,2025-08-24 14:31:07
TXN00044628,ACC000529,MER0068,2025-07-22 13:56:25,53.71,GBP,PURCHASE,DECLINED,2025-07-22 13:56:25
TXN00042999,ACC000766,MER0089,2025-09-24 09:07:58,4.44,JPY,PURCHASE,posted,2025-09-24 09:07:58
TXN00040074,ACC001294,MER0110,2025-07-16 17:14:34,21.29,CAD,WITHDRAWAL,posted,2025-07-16 17:14:34
TXN00045010,ACC002482,MER0085,2025-09-07 07:49:49,18.01,EUR,PURCHASE,posted,2025-09-07 07:49:49
TXN00043645,ACC003671,MER0018,2025-08-15 19:03:57,8.44,CAD,WITHDRAWAL,posted,2025-08-15 19:03:57
TXN00047594,ACC001321,MER0019,2025-07-15 22:45:49,44.69,usd,TRANSFER,REVERSED,2025-07-15 22:45:49
TXN00043705,ACC003751,MER0121,2025-09-09 06:17:14,19.09,usd,purchase,posted,2025-09-09 06:17:14
TXN00044879,ACC001319,MER0138,2025-09-26 02:13:04,20.56,CAD,WITHDRAWAL,REVERSED,2025-09-26 02:13:04
TXN00046504,ACC002480,MER0003,2025-08-06 02:32:16,11.51,USD,DEPOSIT,PENDING,2025-08-06 02:32:16
TXN00040729,ACC002206,MER0098,2025-09-03 10:32:44,16.72,usd,WITHDRAWAL,posted,2025-09-03 10:32:44
TXN00033293,ACC002820,MER0057,2025-01-24 20:07:40,17.31,JPY,DEPOSIT,DECLINED,2025-08-14 08:58:43
TXN00046245,ACC002509,MER0095,2025-08-15 17:21:54,29.01,gbp,purchase,posted,2025-08-15 17:21:54
TXN00046126,ACC000582,MER0089,2025-08-28 08:05:46,88.99,EUR,DEPOSIT,posted,2025-08-28 08:05:46
TXN00045547,ACC003926,MER0128,2025-08-10 13:50:08,4.79,JPY,REFUND,posted,2025-08-10 13:50:08
TXN00046217,ACC002709,MER0129,2025-09-18 17:29:50,19.96,CAD,TRANSFER,DECLINED,2025-09-18 17:29:50
TXN00045665,ACC002563,MER0030,2025-07-30 12:21:07,108.89,gbp,DEPOSIT,posted,2025-07-30 12:21:07
TXN00042775,ACC000050,MER0089,2025-09-11 07:59:58,48.46,CAD,WITHDRAWAL,posted,2025-09-11 07:59:58
TXN00042396,ACC001218,MER0103,2025-09-09 05:19:12,253.08,NGN,DEPOSIT,DECLINED,2025-09-09 05:19:12
TXN00045905,ACC001533,MER0073,2025-07-22 13:45:39,33052.1,EUR,REFUND,posted,2025-07-22 13:45:39
TXN00003175,ACC003507,MER0044,2024-01-17 16:12:10,78.46,CAD,purchase,POSTED,2025-09-26 07:13:59
TXN00044594,ACC003415,MER0124,2025-07-18 04:34:15,52.72,GBP,purchase,POSTED,2025-07-18 04:34:15
TXN00043231,ACC000103,MER0068,2025-09-15 00:56:32,6.53,GBP,DEPOSIT,posted,2025-09-15 00:56:32
TXN00044774,ACC002575,MER0113,2025-07-09 06:17:02,22.93,JPY,purchase,DECLINED,2025-07-09 06:17:02
TXN00042885,ACC003033,MER0061,2025-08-15 07:30:44,27.36,gbp,REFUND,POSTED,2025-08-15 07:30:44
TXN00041888,ACC003483,MER0053,2025-08-04 09:12:32,9.95,gbp,REFUND,POSTED,2025-08-04 09:12:32
TXN00042974,ACC003462,MER0006,2025-07-13 19:49:10,32.96,JPY,DEPOSIT,PENDING,2025-07-13 19:49:10
TXN00038594,ACC003596,MER0104,2024-09-02 19:03:52,10.41,CAD,TRANSFER,DECLINED,2025-09-20 06:34:34
TXN00040645,ACC003710,MER0028,2025-08-13 21:42:21,68.49,NGN,DEPOSIT,POSTED,2025-08-13 21:42:21
TXN00041594,ACC002437,MER0027,2025-07-07 05:10:46,75.65,EUR,DEPOSIT,PENDING,2025-07-07 05:10:46
TXN00042071,ACC000047,MER0007,2025-08-27 02:39:59,1.98,NGN,REFUND,REVERSED,2025-08-27 02:39:59
TXN00041064,ACC001089,MER0093,2025-09-13 12:51:40,75.79,NGN,purchase,DECLINED,2025-09-13 12:51:40
TXN00040469,ACC003439,MER0038,2025-07-28 17:39:38,13.84,INR,TRANSFER,POSTED,2025-07-28 17:39:38
TXN00040336,ACC001755,MER0127,2025-08-09 05:15:35,38.84,CAD,DEPOSIT,POSTED,2025-08-09 05:15:35
TXN00043837,ACC000979,MER0077,2025-08-17 09:26:58,48.0,JPY,DEPOSIT,PENDING,2025-08-17 09:26:58
TXN00043515,ACC000117,MER0025,2025-09-12 14:16:26,59.4,USD,WITHDRAWAL,PENDING,2025-09-12 14:16:26
TXN00012695,ACC000817,MER0076,2025-01-09 16:50:52,42.11,EUR,REFUND,REVERSED,2025-09-20 04:01:02
TXN00043574,ACC003537,MER0038,2025-07-12 09:10:31,121.03,EUR,DEPOSIT,posted,2025-07-12 09:10:31
TXN00043805,ACC002662,MER0101,2025-09-09 02:27:38,61.94,EUR,REFUND,REVERSED,2025-09-09 02:27:38
TXN00040592,ACC002621,MER0016,2025-07-19 16:50:01,4.68,CAD,WITHDRAWAL,DECLINED,2025-07-19 16:50:01
TXN00041345,ACC001110,MER0021,2025-07-15 22:41:04,13599.01,JPY,PURCHASE,posted,2025-07-15 22:41:04
TXN00047891,ACC002980,MER0145,2025-07-22 02:56:17,41.79,GBP,purchase,REVERSED,2025-07-22 02:56:17
TXN00047945,ACC002920,MER0030,2025-08-30 07:06:16,79.1,JPY,DEPOSIT,POSTED,2025-08-30 07:06:16
TXN00041318,ACC000777,MER0068,2025-07-26 12:34:32,13.1,EUR,TRANSFER,POSTED,2025-07-26 12:34:32
TXN00041055,ACC003638,MER0047,2025-09-30 22:08:57,7.58,USD,WITHDRAWAL,DECLINED,2025-09-30 22:08:57
TXN00044784,ACC000092,MER0103,2025-07-02 04:34:51,135.59,USD,TRANSFER,posted,2025-07-02 04:34:51
TXN00044129,ACC003395,MER0020,2025-08-29 10:45:59,25890.16,CAD,TRANSFER,POSTED,2025-08-29 10:45:59
TXN00045347,ACC002269,MER0035,2025-07-24 13:24:32,27.22,EUR,REFUND,PENDING,2025-07-24 13:24:32
TXN00041297,ACC000737,MER0150,2025-07-16 17:02:16,36.16,EUR,WITHDRAWAL,posted,2025-07-16 17:02:16
TXN00040411,ACC003834,MER0089,2025-08-14 16:18:36,11.89,GBP,purchase,REVERSED,2025-08-14 16:18:36
TXN00046705,ACC003751,MER0138,2025-09-02 00:00:24,18.01,JPY,purchase,POSTED,2025-09-02 00:00:24
TXN00042086,ACC001374,MER0095,2025-09-29 04:56:42,20.21,JPY,WITHDRAWAL,POSTED,2025-09-29 04:56:42
TXN00042471,ACC003430,MER0022,2025-07-31 03:48:21,13.14,CAD,REFUND,REVERSED,2025-07-31 03:48:21
TXN00045875,ACC003766,MER0040,2025-09-21 10:22:46,18.17,NGN,TRANSFER,PENDING,2025-09-21 10:22:46
TXN00029335,ACC001264,MER0020,2025-03-14 07:34:30,124.51,GBP,purchase,DECLINED,2025-09-18 10:21:18
TXN00046977,ACC001264,MER0064,2025-07-05 10:59:53,42.83,JPY,DEPOSIT,PENDING,2025-07-05 10:59:53
TXN00044206,ACC003097,MER0140,2025-07-02 23:16:36,23.83,usd,DEPOSIT,REVERSED,2025-07-02 23:16:36
TXN00047393,ACC001751,MER0143,2025-07-02 10:21:55,18.5,INR,TRANSFER,DECLINED,2025-07-02 10:21:55
TXN00044276,ACC001841,MER0080,2025-07-02 00:31:05,49.05,JPY,DEPOSIT,posted,2025-07-02 00:31:05
TXN00045447,ACC002635,MER0127,2025-07-28 13:57:02,13.6,GBP,PURCHASE,posted,2025-07-28 13:57:02
TXN00044468,ACC001292,MER0124,2025-09-15 05:00:01,13.65,INR,REFUND,posted,2025-09-15 05:00:01
TXN00044130,ACC000205,MER0075,2025-09-29 02:25:35,15.67,EUR,WITHDRAWAL,POSTED,2025-09-29 02:25:35
TXN00045026,ACC002447,MER0015,2025-07-07 15:25:07,10.19,USD,DEPOSIT,REVERSED,2025-07-07 15:25:07
TXN00044822,ACC001277,MER0124,2025-07-27 12:46:50,12.51,CAD,TRANSFER,posted,2025-07-27 12:46:50
TXN00045189,ACC002799,MER0137,2025-09-11 21:14:49,12912.95,USD,PURCHASE,posted,2025-09-11 21:14:49
TXN00047624,ACC000458,MER0018,2025-09-11 02:21:32,32.61,usd,PURCHASE,DECLINED,2025-09-11 02:21:32
TXN00045510,ACC000245,MER0054,2025-09-16 15:10:53,16.7,INR,DEPOSIT,REVERSED,2025-09-16 15:10:53
TXN00040241,ACC000991,MER0085,2025-09-12 02:33:11,7.88,NGN,DEPOSIT,POSTED,2025-09-12 02:33:11
TXN00047109,ACC000972,MER0087,2025-09-08 07:17:17,67.07,INR,WITHDRAWAL,PENDING,2025-09-08 07:17:17
TXN00040169,ACC002506,MER0019,2025-08-23 05:31:21,101.18,JPY,REFUND,posted,2025-08-23 05:31:21
TXN00045993,ACC001242,MER0066,2025-07-22 12:31:47,83.07,USD,DEPOSIT,posted,2025-07-22 12:31:47
TXN00043212,ACC003513,MER0092,2025-08-22 06:53:28,21.56,usd,DEPOSIT,PENDING,2025-08-22 06:53:28
TXN00045940,ACC000187,MER0022,2025-08-26 11:48:58,6.97,usd,PURCHASE,POSTED,2025-08-26 11:48:58
TXN00041515,ACC000853,MER0015,2025-08-12 11:12:32,57.07,JPY,TRANSFER,POSTED,2025-08-12 11:12:32
TXN00044438,ACC002608,MER0143,2025-09-26 13:34:52,29.07,INR,REFUND,REVERSED,2025-09-26 13:34:52
TXN00016834,ACC002998,MER0115,2025-02-16 05:13:11,8023.56,CAD,PURCHASE,REVERSED,2025-08-11 19:44:43
TXN00046637,ACC003786,MER0124,2025-07-07 15:54:55,2.23,INR,WITHDRAWAL,PENDING,2025-07-07 15:54:55
TXN00047039,ACC000695,MER0023,2025-09-11 11:52:43,129.74,NGN,DEPOSIT,REVERSED,2025-09-11 11:52:43
TXN00040844,ACC001754,MER0012,2025-08-27 01:59:51,131.85,NGN,WITHDRAWAL,posted,2025-08-27 01:59:51
TXN00043718,ACC002170,MER0120,2025-07-04 00:36:32,11.4,USD,WITHDRAWAL,POSTED,2025-07-04 00:36:32
TXN00047915,ACC001171,MER0006,2025-07-25 20:21:22,7.84,INR,REFUND,POSTED,2025-07-25 20:21:22
TXN00043491,ACC001308,MER0122,2025-09-28 08:05:22,319.5,USD,REFUND,posted,2025-09-28 08:05:22
TXN00044368,ACC001958,MER0008,2025-08-02 15:11:51,395.56,usd,PURCHASE,PENDING,2025-08-02 15:11:51
TXN00040820,ACC001784,MER0008,2025-08-26 08:43:43,70.9,JPY,TRANSFER,DECLINED,2025-08-26 08:43:43
TXN00046915,ACC001914,MER0002,2025-08-03 20:02:25,48.62,gbp,purchase,POSTED,2025-08-03 20:02:25
TXN00043138,ACC002755,MER0085,2025-08-30 16:13:26,58.29,usd,PURCHASE,POSTED,2025-08-30 16:13:26
TXN00045132,ACC003113,MER0030,2025-09-09 17:17:50,1.38,gbp,purchase,REVERSED,2025-09-09 17:17:50
TXN00029777,ACC003720,MER0095,2025-05-29 08:11:14,84.0,CAD,DEPOSIT,POSTED,2025-07-14 08:08:18
TXN00047626,ACC001067,MER0141,2025-09-03 10:19:37,8032.56,gbp,REFUND,PENDING,2025-09-03 10:19:37
TXN00040046,ACC001111,MER0129,2025-09-09 05:31:04,3.68,gbp,PURCHASE,REVERSED,2025-09-09 05:31:04
TXN00046782,ACC000459,MER0079,2025-09-08 01:10:09,15.03,INR,PURCHASE,POSTED,2025-09-08 01:10:09
TXN00045894,ACC001290,MER0078,2025-09-06 23:51:46,54.44,GBP,DEPOSIT,posted,2025-09-06 23:51:46
TXN00037741,ACC001770,MER0083,2024-11-13 15:54:28,25.34,CAD,REFUND,DECLINED,2025-07-29 20:00:38
TXN00046220,ACC001372,MER0023,2025-08-27 04:50:39,20.65,JPY,purchase,posted,2025-08-27 04:50:39
TXN00044907,ACC003369,MER0087,2025-07-04 06:15:39,13.79,NGN,TRANSFER,REVERSED,2025-07-04 06:15:39
TXN00041684,ACC002874,MER0135,2025-09-08 11:44:05,26.55,INR,purchase,posted,2025-09-08 11:44:05
TXN00047820,ACC001869,MER0015,2025-08-15 00:45:20,3.63,EUR,REFUND,DECLINED,2025-08-15 00:45:20
TXN00040536,ACC002008,MER0046,2025-09-17 15:21:26,114.1,gbp,DEPOSIT,DECLINED,2025-09-17 15:21:26
TXN00042426,ACC001205,MER0056,2025-08-17 17:41:42,8.84,NGN,DEPOSIT,POSTED,2025-08-17 17:41:42
TXN00044242,ACC001253,MER0099,2025-08-31 20:41:37,117.9,GBP,DEPOSIT,DECLINED,2025-08-31 20:41:37
TXN00046117,ACC003264,MER0039,2025-08-22 03:23:47,3.36,USD,PURCHASE,POSTED,2025-08-22 03:23:47
TXN00041901,ACC002741,MER0001,2025-07-13 08:27:57,31.17,usd,TRANSFER,REVERSED,2025-07-13 08:27:57
TXN00044172,ACC003251,MER0138,2025-08-01 03:27:31,24.95,JPY,DEPOSIT,REVERSED,2025-08-01 03:27:31
TXN00041807,ACC000719,MER0037,2025-09-20 13:47:20,2.64,CAD,REFUND,posted,2025-09-20 13:47:20
TXN00047363,ACC003648,MER0100,2025-08-08 09:49:35,45.9,INR,purchase,POSTED,2025-08-08 09:49:35
TXN00040878,ACC002198,MER0061,2025-09-16 09:39:04,70.91,CAD,REFUND,DECLINED,2025-09-16 09:39:04
TXN00041743,ACC001254,MER0079,2025-07-12 18:40:03,7.64,CAD,REFUND,REVERSED,2025-07-12 18:40:03
TXN00040745,ACC000603,MER0008,2025-07-12 04:07:05,20.14,INR,TRANSFER,POSTED,2025-07-12 04:07:05
TXN00041872,ACC000060,MER0027,2025-08-18 17:59:47,34.6,INR,PURCHASE,REVERSED,2025-08-18 17:59:47
TXN00044660,ACC003608,MER0090,2025-07-26 03:49:12,16.87,INR,TRANSFER,REVERSED,2025-07-26 03:49:12
TXN00043865,ACC002354,MER0111,2025-08-02 14:47:04,59.7,gbp,REFUND,DECLINED,2025-08-02 14:47:04
TXN00045797,ACC001153,MER0040,2025-09-23 23:32:58,30.53,gbp,WITHDRAWAL,DECLINED,2025-09-23 23:32:58
TXN00047357,ACC002834,MER0107,2025-09-13 11:17:10,14.72,NGN,PURCHASE,POSTED,2025-09-13 11:17:10
TXN00002731,ACC001502,MER0041,2024-01-20 19:33:52,12.96,USD,TRANSFER,POSTED,2025-09-15 23:02:01
TXN00042861,ACC001711,MER0147,2025-07-29 02:14:43,63.66,EUR,DEPOSIT,POSTED,2025-07-29 02:14:43
TXN00041730,ACC003874,MER0085,2025-09-08 23:24:38,40.2,NGN,WITHDRAWAL,DECLINED,2025-09-08 23:24:38
TXN00041909,ACC003462,MER0068,2025-07-26 05:27:36,36.76,USD,WITHDRAWAL,DECLINED,2025-07-26 05:27:36
TXN00040617,ACC003507,MER0131,2025-09-22 00:40:09,26.78,usd,REFUND,PENDING,2025-09-22 00:40:09
TXN00042326,ACC001584,MER0036,2025-09-02 04:05:35,5.18,JPY,DEPOSIT,posted,2025-09-02 04:05:35
TXN00045153,ACC003854,MER0041,2025-08-13 09:42:23,94.99,NGN,DEPOSIT,DECLINED,2025-08-13 09:42:23
TXN00031163,ACC001539,MER0063,2024-11-08 17:38:18,50.24,usd,REFUND,DECLINED,2025-09-13 09:57:37
TXN00043687,ACC000287,MER0093,2025-09-24 08:50:46,1.7,gbp,purchase,posted,2025-09-24 08:50:46
TXN00041397,ACC000348,MER0055,2025-08-16 08:51:21,53.41,USD,WITHDRAWAL,PENDING,2025-08-16 08:51:21
TXN00043884,ACC000807,MER0110,2025-08-28 02:06:31,5.12,GBP,REFUND,PENDING,2025-08-28 02:06:31
TXN00043040,ACC003698,MER0025,2025-09-10 22:31:21,11.46,GBP,DEPOSIT,DECLINED,2025-09-10 22:31:21
TXN00047661,ACC000742,MER0037,2025-08-27 08:54:39,36.87,gbp,WITHDRAWAL,posted,2025-08-27 08:54:39
TXN00046662,ACC000657,MER0090,2025-08-08 08:38:29,118.23,GBP,DEPOSIT,REVERSED,2025-08-08 08:38:29
TXN00044626,ACC002505,MER0089,2025-08-04 00:26:37,2.66,usd,DEPOSIT,PENDING,2025-08-04 00:26:37
TXN00042331,ACC003756,MER0060,2025-08-04 11:11:48,10.71,usd,purchase,REVERSED,2025-08-04 11:11:48
TXN00044075,ACC001678,MER0083,2025-08-11 17:34:44,66.74,gbp,PURCHASE,PENDING,2025-08-11 17:34:44
TXN00045317,ACC002583,MER0139,2025-09-21 06:26:03,84.59,gbp,TRANSFER,DECLINED,2025-09-21 06:26:03
TXN00043481,ACC002929,MER0125,2025-09-27 21:07:40,21.27,CAD,purchase,posted,2025-09-27 21:07:40
TXN00046451,ACC001859,MER0039,2025-09-09 05:42:49,18.65,CAD,DEPOSIT,POSTED,2025-09-09 05:42:49
TXN00047538,ACC001031,MER0112,2025-08-30 01:33:06,8.69,CAD,DEPOSIT,REVERSED,2025-08-30 01:33:06
TXN00047290,ACC001722,MER0081,2025-09-15 05:01:19,68.47,USD,TRANSFER,REVERSED,2025-09-15 05:01:19
TXN00045676,ACC001447,MER0077,2025-09-11 22:20:39,36.08,NGN,purchase,DECLINED,2025-09-11 22:20:39
TXN00042128,ACC002177,MER0056,2025-08-27 01:45:10,44.1,gbp,REFUND,REVERSED,2025-08-27 01:45:10
TXN00046529,ACC002075,MER0082,2025-08-01 06:38:03,6.83,USD,WITHDRAWAL,DECLINED,2025-08-01 06:38:03
TXN00041271,ACC000054,MER0001,2025-07-12 09:18:50,7.62,CAD,REFUND,DECLINED,2025-07-12 09:18:50
TXN00044523,ACC002865,MER0040,2025-09-13 23:49:37,12672.88,NGN,purchase,POSTED,2025-09-13 23:49:37
TXN00042640,ACC000263,MER0015,2025-07-01 04:06:34,23.96,usd,TRANSFER,PENDING,2025-07-01 04:06:34
TXN00045706,ACC002869,MER0085,2025-08-07 00:10:41,19.3,NGN,REFUND,REVERSED,2025-08-07 00:10:41
TXN00040471,ACC001909,MER0040,2025-09-08 08:31:28,41.68,USD,TRANSFER,DECLINED,2025-09-08 08:31:28
TXN00042905,ACC001846,MER0102,2025-08-08 16:31:09,16.84,GBP,REFUND,REVERSED,2025-08-08 16:31:09
TXN00032569,ACC002420,MER0146,2024-06-10 00:02:26,38.04,EUR,TRANSFER,POSTED,2025-09-25 20:29:56
TXN00044995,ACC002517,MER0003,2025-08-27 23:33:07,74.89,NGN,TRANSFER,POSTED,2025-08-27 23:33:07
TXN00046526,ACC001916,MER0125,2025-09-20 08:28:53,10.16,CAD,REFUND,DECLINED,2025-09-20 08:28:53
TXN00043500,ACC000253,MER0004,2025-08-19 17:05:38,1.69,GBP,WITHDRAWAL,posted,2025-08-19 17:05:38
TXN00042170,ACC000857,MER0095,2025-07-17 01:16:26,34.49,usd,DEPOSIT,REVERSED,2025-07-17 01:16:26
TXN00043458,ACC003500,MER0056,2025-09-11 18:21:48,36.21,GBP,DEPOSIT,PENDING,2025-09-11 18:21:48
TXN00043041,ACC003095,MER0055,2025-08-24 03:14:38,8.31,USD,WITHDRAWAL,REVERSED,2025-08-24 03:14:38
TXN00043569,ACC001158,MER0140,2025-07-14 07:39:04,11.34,INR,REFUND,REVERSED,2025-07-14 07:39:04
TXN00046136,ACC003602,MER0069,2025-09-01 20:08:18,53.32,gbp,PURCHASE,REVERSED,2025-09-01 20:08:18
TXN00041817,ACC001789,MER0120,2025-08-05 18:17:11,74.24,JPY,WITHDRAWAL,POSTED,2025-08-05 18:17:11
TXN00043184,ACC003758,MER0130,2025-09-13 10:04:28,19.38,INR,purchase,PENDING,2025-09-13 10:04:28
TXN00042532,ACC002289,MER0054,2025-09-09 13:01:35,8.64,CAD,purchase,PENDING,2025-09-09 13:01:35
TXN00040135,ACC002915,MER0033,2025-07-15 13:11:48,9.97,GBP,REFUND,DECLINED,2025-07-15 13:11:48
TXN00041711,ACC002596,MER0086,2025-09-27 20:09:02,6.73,EUR,TRANSFER,DECLINED,2025-09-27 20:09:02
TXN00043848,ACC002611,MER0104,2025-07-08 00:01:00,22.41,CAD,WITHDRAWAL,PENDING,2025-07-08 00:01:00
TXN00008683,ACC002758,MER0112,2024-11-04 06:54:50,23.39,JPY,REFUND,POSTED,2025-08-22 10:01:23
TXN00040936,ACC003861,MER0042,2025-09-24 15:19:27,6.37,INR,DEPOSIT,posted,2025-09-24 15:19:27
TXN00041797,ACC003177,MER0031,2025-09-27 09:55:30,49.59,usd,REFUND,DECLINED,2025-09-27 09:55:30
TXN00046330,ACC003563,MER0008,2025-09-05 10:33:31,49.77,CAD,PURCHASE,REVERSED,2025-09-05 10:33:31
TXN00040305,ACC003636,MER0008,2025-09-28 01:17:45,3.31,usd,PURCHASE,posted,2025-09-28 01:17:45
TXN00042525,ACC001196,MER0095,2025-07-12 01:29:32,11.91,JPY,PURCHASE,posted,2025-07-12 01:29:32
TXN00040947,ACC003756,MER0073,2025-07-10 16:13:14,57.16,NGN,REFUND,POSTED,2025-07-10 16:13:14
TXN00044656,ACC002018,MER0123,2025-09-04 01:16:05,41.87,GBP,TRANSFER,posted,2025-09-04 01:16:05
TXN00040320,ACC003445,MER0085,2025-07-13 08:59:12,16.64,USD,TRANSFER,DECLINED,2025-07-13 08:59:12
TXN00047272,ACC001526,MER0112,2025-09-07 04:36:10,9.0,INR,PURCHASE,posted,2025-09-07 04:36:10
TXN00044481,ACC003624,MER0079,2025-08-18 21:58:16,17.23,INR,purchase,posted,2025-08-18 21:58:16
TXN00043650,ACC002330,MER0035,2025-09-23 01:35:46,35.13,gbp,WITHDRAWAL,REVERSED,2025-09-23 01:35:46
TXN00047221,ACC002886,MER0020,2025-08-30 05:16:21,34.99,INR,PURCHASE,REVERSED,2025-08-30 05:16:21
TXN00045311,ACC000536,MER0083,2025-09-02 04:35:22,23.6,JPY,REFUND,posted,2025-09-02 04:35:22
TXN00046520,ACC002006,MER0022,2025-08-21 17:05:22,18.34,JPY,DEPOSIT,REVERSED,2025-08-21 17:05:22
TXN00045461,ACC001090,MER0096,2025-08-26 07:41:33,15.99,usd,DEPOSIT,REVERSED,2025-08-26 07:41:33
TXN00041770,ACC002438,MER0026,2025-07-09 17:29:24,40.04,gbp,DEPOSIT,DECLINED,2025-07-09 17:29:24
TXN00042977,ACC002136,MER0055,2025-09-11 21:18:19,118.02,JPY,TRANSFER,PENDING,2025-09-11 21:18:19
TXN00041088,ACC002089,MER0037,2025-09-12 10:30:20,6.11,INR,DEPOSIT,posted,2025-09-12 10:30:20
TXN00040375,ACC002305,MER0093,2025-08-17 03:30:22,22.15,usd,TRANSFER,REVERSED,2025-08-17 03:30:22
TXN00045904,ACC003159,MER0021,2025-09-25 00:45:19,25.77,JPY,REFUND,REVERSED,2025-09-25 00:45:19
TXN00043618,ACC001398,MER0013,2025-08-27 09:38:34,30.65,GBP,TRANSFER,REVERSED,2025-08-27 09:38:34
TXN00044654,ACC000950,MER0132,2025-09-19 12:40:30,49.85,usd,PURCHASE,POSTED,2025-09-19 12:40:30
TXN00041854,ACC000151,MER0031,2025-09-26 12:07:56,3.7,JPY,WITHDRAWAL,POSTED,2025-09-26 12:07:56
TXN00045965,ACC000601,MER0027,2025-07-25 06:50:16,3.4,GBP,TRANSFER,REVERSED,2025-07-25 06:50:16
TXN00045011,ACC002100,MER0116,2025-07-23 18:32:59,11.66,GBP,PURCHASE,DECLINED,2025-07-23 18:32:59
TXN00040596,ACC002002,MER0066,2025-07-10 23:22:33,79.49,CAD,WITHDRAWAL,posted,2025-07-10 23:22:33
TXN00046869,ACC001327,MER0089,2025-08-05 15:39:08,125.23,gbp,DEPOSIT,PENDING,2025-08-05 15:39:08
TXN00045134,ACC001960,MER0004,2025-09-23 03:08:03,299.42,CAD,purchase,PENDING,2025-09-23 03:08:03
TXN00000996,ACC000934,MER0149,2024-09-01 23:55:03,11.19,gbp,WITHDRAWAL,POSTED,2025-09-19 16:06:46
TXN00043208,ACC003083,MER0129,2025-07-30 04:10:24,12.42,USD,PURCHASE,posted,2025-07-30 04:10:24
TXN00042697,ACC002192,MER0054,2025-09-22 04:15:17,31.79,NGN,PURCHASE,posted,2025-09-22 04:15:17
TXN00043773,ACC002777,MER0114,2025-07-13 03:28:24,256.49,CAD,PURCHASE,PENDING,2025-07-13 03:28:24
TXN00043872,ACC001243,MER0039,2025-07-08 00:40:09,154.64,EUR,WITHDRAWAL,REVERSED,2025-07-08 00:40:09
TXN00041114,ACC001947,MER0055,2025-08-05 16:17:58,174.8,USD,TRANSFER,PENDING,2025-08-05 16:17:58
TXN00040103,ACC001075,MER0119,2025-08-21 11:12:12,64.92,INR,DEPOSIT,REVERSED,2025-08-21 11:12:12
TXN00047503,ACC001023,MER0129,2025-07-21 07:13:55,57.08,INR,purchase,REVERSED,2025-07-21 07:13:55
TXN00040212,ACC002468,MER0147,2025-09-14 15:22:46,15.61,EUR,purchase,PENDING,2025-09-14 15:22:46
TXN00042854,ACC002569,MER0059,2025-09-28 18:43:21,4.69,EUR,REFUND,POSTED,2025-09-28 18:43:21
TXN00046272,ACC001657,MER0099,2025-07-13 12:24:48,34.49,GBP,PURCHASE,POSTED,2025-07-13 12:24:48
TXN00040123,ACC001255,MER0104,2025-09-27 02:02:44,72.03,JPY,WITHDRAWAL,DECLINED,2025-09-27 02:02:44
TXN00041611,ACC000977,MER0010,2025-08-06 13:58:34,36.97,GBP,REFUND,REVERSED,2025-08-06 13:58:34
TXN00046396,ACC001371,MER0082,2025-08-23 09:52:50,7.36,USD,purchase,posted,2025-08-23 09:52:50
TXN00046243,ACC003327,MER0076,2025-08-08 13:48:20,9.2,gbp,purchase,POSTED,2025-08-08 13:48:20
TXN00040507,ACC000883,MER0039,2025-08-30 06:22:03,12.34,USD,TRANSFER,DECLINED,2025-08-30 06:22:03
TXN00029665,ACC003715,MER0001,2024-02-04 22:47:14,11.2,JPY,WITHDRAWAL,REVERSED,2025-08-02 08:27:51
TXN00043631,ACC002127,MER0069,2025-09-29 22:43:08,5.67,gbp,TRANSFER,posted,2025-09-29 22:43:08
TXN00045282,ACC003889,MER0053,2025-08-23 10:23:46,92.43,gbp,DEPOSIT,posted,2025-08-23 10:23:46
TXN00047071,ACC000431,MER0059,2025-09-25 12:24:35,6.52,JPY,WITHDRAWAL,posted,2025-09-25 12:24:35
TXN00034995,ACC001090,MER0061,2024-01-29 22:44:09,81.9,EUR,TRANSFER,POSTED,2025-08-29 20:52:08
TXN00046635,ACC002638,MER0082,2025-09-24 07:44:34,31.62,JPY,WITHDRAWAL,posted,2025-09-24 07:44:34
TXN00045208,ACC001478,MER0140,2025-08-03 19:53:53,18.71,EUR,DEPOSIT,posted,2025-08-03 19:53:53
TXN00045774,ACC001492,MER0098,2025-08-19 19:05:47,5.77,gbp,purchase,POSTED,2025-08-19 19:05:47
TXN00047405,ACC000878,MER0101,2025-09-04 04:09:00,96.15,NGN,purchase,REVERSED,2025-09-04 04:09:00
TXN00042134,ACC000319,MER0016,2025-08-13 10:17:54,16.61,gbp,WITHDRAWAL,DECLINED,2025-08-13 10:17:54
TXN00045709,ACC001925,MER0067,2025-08-23 02:50:36,8.82,usd,DEPOSIT,PENDING,2025-08-23 02:50:36
TXN00044290,ACC003023,MER0038,2025-08-31 10:46:07,38.6,JPY,WITHDRAWAL,DECLINED,2025-08-31 10:46:07
TXN00041202,ACC001659,MER0060,2025-09-28 07:17:23,9.05,CAD,DEPOSIT,POSTED,2025-09-28 07:17:23
TXN00044102,ACC000306,MER0046,2025-07-21 15:35:16,1.65,usd,TRANSFER,REVERSED,2025-07-21 15:35:16
TXN00046224,ACC002639,MER0022,2025-08-15 13:14:31,32.71,EUR,TRANSFER,posted,2025-08-15 13:14:31
TXN00046112,ACC000669,MER0085,2025-08-14 14:08:26,81.81,GBP,purchase,DECLINED,2025-08-14 14:08:26
TXN00043052,ACC000767,MER0142,2025-09-20 06:43:53,44.87,usd,TRANSFER,POSTED,2025-09-20 06:43:53
TXN00046845,ACC003472,MER0041,2025-07-04 23:37:40,4.51,EUR,TRANSFER,REVERSED,2025-07-04 23:37:40
TXN00015079,ACC001207,MER0010,2024-04-20 19:48:41,7.06,usd,REFUND,REVERSED,2025-07-31 13:13:47
TXN00046064,ACC001622,MER0110,2025-09-18 23:50:57,11.57,INR,PURCHASE,PENDING,2025-09-18 23:50:57
TXN00046921,ACC002575,MER0133,2025-07-02 09:03:14,43.22,EUR,TRANSFER,REVERSED,2025-07-02 09:03:14
TXN00040243,ACC002929,MER0044,2025-07-27 10:59:24,19.79,GBP,WITHDRAWAL,posted,2025-07-27 10:59:24
TXN00041742,ACC002049,MER0098,2025-08-12 12:45:11,62.16,CAD,purchase,DECLINED,2025-08-12 12:45:11
TXN00044104,ACC000960,MER0073,2025-08-12 13:53:41,320.91,NGN,purchase,PENDING,2025-08-12 13:53:41
TXN00046237,ACC002176,MER0068,2025-09-06 20:00:09,3.16,JPY,PURCHASE,PENDING,2025-09-06 20:00:09
TXN00044222,ACC000686,MER0025,2025-08-22 09:16:13,17.41,NGN,WITHDRAWAL,posted,2025-08-22 09:16:13
TXN00047591,ACC003903,MER0144,2025-08-27 19:41:48,59.1,CAD,REFUND,POSTED,2025-08-27 19:41:48
TXN00041325,ACC002454,MER0048,2025-07-24 01:18:45,6.8,GBP,PURCHASE,DECLINED,2025-07-24 01:18:45
TXN00043590,ACC003447,MER0130,2025-08-07 22:46:04,80.87,gbp,DEPOSIT,DECLINED,2025-08-07 22:46:04
TXN00040143,ACC003833,MER0145,2025-07-01 06:03:05,7.82,USD,REFUND,POSTED,2025-07-01 06:03:05
TXN00044828,ACC002988,MER0052,2025-09-18 09:53:30,10.47,USD,TRANSFER,REVERSED,2025-09-18 09:53:30
TXN00042441,ACC003733,MER0049,2025-08-07 10:47:43,17.88,usd,purchase,PENDING,2025-08-07 10:47:43
TXN00040456,ACC003597,MER0130,2025-07-19 22:53:47,6.76,INR,WITHDRAWAL,DECLINED,2025-07-19 22:53:47
TXN00005809,ACC003771,MER0143,2024-05-30 03:21:47,8.92,CAD,PURCHASE,REVERSED,2025-07-14 18:26:57
TXN00042537,ACC002442,MER0079,2025-08-03 13:18:49,45.55,JPY,PURCHASE,REVERSED,2025-08-03 13:18:49
TXN00044715,ACC002914,MER0014,2025-08-27 10:37:34,122.89,USD,REFUND,PENDING,2025-08-27 10:37:34
TXN00042135,ACC000587,MER0037,2025-09-04 20:32:55,3.22,JPY,TRANSFER,PENDING,2025-09-04 20:32:55
TXN00045979,ACC000709,MER0008,2025-09-16 23:10:22,119.57,GBP,REFUND,DECLINED,2025-09-16 23:10:22
TXN00047359,ACC001145,MER0076,2025-07-31 18:21:41,12.32,gbp,REFUND,DECLINED,2025-07-31 18:21:41
TXN00043933,ACC001770,MER0104,2025-07-30 15:56:09,39.37,NGN,REFUND,POSTED,2025-07-30 15:56:09
TXN00042403,ACC002032,MER0127,2025-09-27 22:30:14,33.45,EUR,purchase,POSTED,2025-09-27 22:30:14
TXN00046457,ACC003644,MER0089,2025-09-11 19:52:42,45.36,NGN,DEPOSIT,REVERSED,2025-09-11 19:52:42
TXN00046942,ACC001104,MER0060,2025-08-18 13:00:52,17.19,CAD,DEPOSIT,posted,2025-08-18 13:00:52
TXN00047687,ACC003068,MER0086,2025-07-22 08:16:25,19.25,GBP,purchase,PENDING,2025-07-22 08:16:25
TXN00041348,ACC001389,MER0020,2025-07-27 19:46:58,24.96,NGN,PURCHASE,DECLINED,2025-07-27 19:46:58
TXN00041524,ACC000025,MER0019,2025-08-21 22:10:03,19.23,NGN,TRANSFER,PENDING,2025-08-21 22:10:03
TXN00040719,ACC001152,MER0106,2025-08-27 00:31:58,43.25,JPY,REFUND,DECLINED,2025-08-27 00:31:58
TXN00042859,ACC001155,MER0113,2025-09-11 09:44:09,38.3,EUR,purchase,REVERSED,2025-09-11 09:44:09
TXN00040555,ACC002332,MER0070,2025-07-11 22:00:33,7.7,JPY,TRANSFER,posted,2025-07-11 22:00:33
TXN00046658,ACC003170,MER0114,2025-07-24 09:11:07,27.84,JPY,PURCHASE,posted,2025-07-24 09:11:07
TXN00045352,ACC000482,MER0079,2025-09-03 16:44:10,75.4,usd,WITHDRAWAL,posted,2025-09-03 16:44:10
TXN00044392,ACC000495,MER0091,2025-07-10 01:46:27,16.41,USD,WITHDRAWAL,POSTED,2025-07-10 01:46:27
TXN00044687,ACC003537,MER0112,2025-07-18 22:41:00,3.32,EUR,TRANSFER,POSTED,2025-07-18 22:41:00
TXN00044999,ACC001868,MER0055,2025-07-12 13:49:58,244.41,EUR,TRANSFER,POSTED,2025-07-12 13:49:58
TXN00047720,ACC002063,MER0115,2025-08-02 20:06:10,13.85,EUR,TRANSFER,DECLINED,2025-08-02 20:06:10
TXN00040359,ACC001634,MER0138,2025-07-02 10:20:43,45.82,CAD,DEPOSIT,DECLINED,2025-07-02 10:20:43
TXN00042483,ACC001601,MER0084,2025-07-31 04:28:09,79.97,CAD,TRANSFER,PENDING,2025-07-31 04:28:09
TXN00041596,ACC003355,MER0006,2025-08-13 12:04:57,0.83,USD,TRANSFER,REVERSED,2025-08-13 12:04:57
TXN00020699,ACC001734,MER0148,2024-08-21 09:18:42,139.11,GBP,DEPOSIT,DECLINED,2025-09-20 05:52:20
TXN00047099,ACC000002,MER0050,2025-07-14 08:55:31,42.05,NGN,WITHDRAWAL,PENDING,2025-07-14 08:55:31
TXN00044624,ACC003858,MER0034,2025-09-04 09:41:34,12.12,CAD,WITHDRAWAL,PENDING,2025-09-04 09:41:34
TXN00047901,ACC002992,MER0013,2025-09-19 22:58:51,33.3,EUR,purchase,POSTED,2025-09-19 22:58:51
TXN00040519,ACC002572,MER0142,2025-09-13 08:44:46,16.24,CAD,TRANSFER,REVERSED,2025-09-13 08:44:46
TXN00045602,ACC003579,MER0065,2025-09-19 17:34:51,27.2,USD,PURCHASE,POSTED,2025-09-19 17:34:51
TXN00043319,ACC000858,MER0039,2025-08-16 13:53:51,8.51,EUR,purchase,POSTED,2025-08-16 13:53:51
TXN00046270,ACC003740,MER0054,2025-08-13 00:27:14,11.67,JPY,PURCHASE,posted,2025-08-13 00:27:14
TXN00045697,ACC003689,MER0132,2025-09-19 10:46:11,5.46,EUR,purchase,PENDING,2025-09-19 10:46:11
TXN00041407,ACC003826,MER0116,2025-08-29 20:42:02,1.44,usd,purchase,posted,2025-08-29 20:42:02
TXN00040537,ACC002473,MER0072,2025-09-02 03:47:40,43.7,gbp,WITHDRAWAL,posted,2025-09-02 03:47:40
TXN00045428,ACC003728,MER0107,2025-09-12 02:10:54,39.21,JPY,PURCHASE,PENDING,2025-09-12 02:10:54
TXN00040138,ACC002751,MER0146,2025-08-18 15:58:26,0.88,INR,WITHDRAWAL,REVERSED,2025-08-18 15:58:26
TXN00044085,ACC002466,MER0110,2025-09-04 09:12:44,28.27,gbp,WITHDRAWAL,DECLINED,2025-09-04 09:12:44
TXN00042785,ACC003509,MER0067,2025-08-31 19:08:58,67.69,INR,purchase,POSTED,2025-08-31 19:08:58
TXN00042558,ACC000261,MER0012,2025-09-29 22:48:46,30.12,USD,PURCHASE,PENDING,2025-09-29 22:48:46
TXN00041504,ACC000320,MER0142,2025-08-03 12:06:02,26.06,gbp,WITHDRAWAL,DECLINED,2025-08-03 12:06:02
TXN00044778,ACC000649,MER0099,2025-09-07 03:14:57,20.4,NGN,PURCHASE,posted,2025-09-07 03:14:57
TXN00042551,ACC001893,MER0104,2025-07-03 08:18:38,19721.22,NGN,DEPOSIT,DECLINED,2025-07-03 08:18:38
TXN00046898,ACC000909,MER0042,2025-09-29 14:50:27,41.16,usd,REFUND,DECLINED,2025-09-29 14:50:27
TXN00045200,ACC003171,MER0055,2025-09-08 09:41:00,71.84,USD,REFUND,posted,2025-09-08 09:41:00
TXN00042912,ACC000540,MER0003,2025-09-23 06:25:08,4.87,EUR,purchase,REVERSED,2025-09-23 06:25:08
TXN00040980,ACC000706,MER0011,2025-08-19 08:52:49,33.88,GBP,WITHDRAWAL,POSTED,2025-08-19 08:52:49
TXN00044649,ACC002342,MER0101,2025-08-13 16:40:11,49.18,NGN,DEPOSIT,PENDING,2025-08-13 16:40:11
TXN00044388,ACC003774,MER0120,2025-08-02 08:24:57,19.03,gbp,WITHDRAWAL,DECLINED,2025-08-02 08:24:57
TXN00043232,ACC002899,MER0012,2025-08-24 07:48:38,4.89,USD,PURCHASE,posted,2025-08-24 07:48:38
TXN00041950,ACC001636,MER0016,2025-08-12 12:34:15,30.14,NGN,DEPOSIT,DECLINED,2025-08-12 12:34:15
TXN00047846,ACC002316,MER0125,2025-07-26 22:50:13,2.81,CAD,DEPOSIT,posted,2025-07-26 22:50:13
TXN00040326,ACC000702,MER0034,2025-07-02 17:57:18,9.63,NGN,WITHDRAWAL,POSTED,2025-07-02 17:57:18
TXN00033899,ACC001006,MER0069,2025-02-15 13:39:43,28.74,EUR,TRANSFER,POSTED,2025-08-15 13:10:55
TXN00045298,ACC003308,MER0125,2025-08-11 18:26:27,67.53,USD,TRANSFER,POSTED,2025-08-11 18:26:27
TXN00044931,ACC002347,MER0059,2025-07-14 11:40:57,14.04,CAD,purchase,posted,2025-07-14 11:40:57
TXN00042177,ACC001952,MER0069,2025-09-14 00:18:25,3.41,GBP,DEPOSIT,DECLINED,2025-09-14 00:18:25
TXN00046198,ACC002081,MER0105,2025-09-24 19:34:04,5.45,INR,PURCHASE,REVERSED,2025-09-24 19:34:04
TXN00041295,ACC001712,MER0123,2025-08-26 19:33:17,29.46,INR,REFUND,PENDING,2025-08-26 19:33:17
TXN00045437,ACC002760,MER0146,2025-07-08 01:14:47,42.36,usd,REFUND,DECLINED,2025-07-08 01:14:47
TXN00044504,ACC002173,MER0010,2025-07-23 15:00:17,3.54,INR,PURCHASE,PENDING,2025-07-23 15:00:17
TXN00047773,ACC000307,MER0128,2025-09-13 05:47:19,46.71,usd,WITHDRAWAL,PENDING,2025-09-13 05:47:19
TXN00047463,ACC001349,MER0078,2025-08-21 14:04:13,24.85,NGN,DEPOSIT,POSTED,2025-08-21 14:04:13
TXN00042949,ACC003810,MER0022,2025-08-30 18:15:32,62.06,JPY,PURCHASE,PENDING,2025-08-30 18:15:32
TXN00045648,ACC002449,MER0110,2025-07-18 08:46:31,6.1,CAD,WITHDRAWAL,DECLINED,2025-07-18 08:46:31
TXN00042021,ACC000713,MER0144,2025-09-18 04:47:49,20.83,NGN,REFUND,DECLINED,2025-09-18 04:47:49
TXN00042346,ACC000271,MER0122,2025-08-06 06:56:06,22.33,JPY,purchase,PENDING,2025-08-06 06:56:06
TXN00044245,ACC002874,MER0111,2025-07-11 16:15:24,14.97,JPY,DEPOSIT,POSTED,2025-07-11 16:15:24
TXN00045655,ACC003558,MER0014,2025-07-05 20:48:59,1.71,JPY,TRANSFER,posted,2025-07-05 20:48:59
TXN00044134,ACC003440,MER0021,2025-08-26 15:13:45,150.56,CAD,REFUND,REVERSED,2025-08-26 15:13:45
TXN00047929,ACC000433,MER0005,2025-09-11 15:15:18,11.99,GBP,REFUND,posted,2025-09-11 15:15:18
TXN00041552,ACC000469,MER0002,2025-09-21 05:34:44,9.78,GBP,PURCHASE,posted,2025-09-21 05:34:44
TXN00044471,ACC002689,MER0011,2025-08-04 03:54:54,26.33,CAD,WITHDRAWAL,REVERSED,2025-08-04 03:54:54
TXN00041476,ACC000907,MER0042,2025-09-04 10:41:17,6.9,JPY,WITHDRAWAL,REVERSED,2025-09-04 10:41:17
TXN00041191,ACC001088,MER0124,2025-07-29 22:48:01,69.6,JPY,PURCHASE,POSTED,2025-07-29 22:48:01
TXN00017704,ACC000915,MER0138,2024-10-22 01:14:52,195.29,gbp,TRANSFER,DECLINED,2025-08-11 08:53:59
TXN00047162,ACC002347,MER0150,2025-07-26 22:10:01,15.17,gbp,DEPOSIT,DECLINED,2025-07-26 22:10:01
TXN00044689,ACC002603,MER0044,2025-09-21 04:37:31,2.15,CAD,DEPOSIT,posted,2025-09-21 04:37:31
TXN00040970,ACC003276,MER0105,2025-07-16 01:48:58,40.45,INR,TRANSFER,DECLINED,2025-07-16 01:48:58
TXN00041808,ACC001214,MER0138,2025-07-07 22:43:43,29.33,gbp,DEPOSIT,posted,2025-07-07 22:43:43
TXN00046382,ACC001319,MER0114,2025-09-15 02:32:17,164.98,GBP,REFUND,PENDING,2025-09-15 02:32:17
TXN00045140,ACC002357,MER0062,2025-09-01 17:55:10,18.07,JPY,REFUND,DECLINED,2025-09-01 17:55:10
TXN00040284,ACC002086,MER0139,2025-09-29 20:47:47,45.63,USD,purchase,REVERSED,2025-09-29 20:47:47
TXN00040839,ACC001287,MER0103,2025-09-05 13:54:56,31.04,NGN,purchase,POSTED,2025-09-05 13:54:56
TXN00043284,ACC001318,MER0144,2025-09-16 20:52:21,46.35,JPY,WITHDRAWAL,posted,2025-09-16 20:52:21
TXN00042343,ACC001979,MER0001,2025-09-08 16:18:02,33.67,USD,TRANSFER,DECLINED,2025-09-08 16:18:02
TXN00043061,ACC000356,MER0136,2025-07-19 23:26:50,10.89,usd,PURCHASE,PENDING,2025-07-19 23:26:50
TXN00040994,ACC003162,MER0032,2025-09-16 06:43:03,4.53,CAD,DEPOSIT,posted,2025-09-16 06:43:03
TXN00044914,ACC003418,MER0018,2025-07-02 15:02:47,26.64,EUR,WITHDRAWAL,DECLINED,2025-07-02 15:02:47
TXN00045679,ACC002520,MER0125,2025-07-25 08:00:12,35.97,INR,PURCHASE,PENDING,2025-07-25 08:00:12
TXN00042563,ACC003336,MER0077,2025-07-09 08:18:46,16.17,NGN,REFUND,POSTED,2025-07-09 08:18:46
TXN00040498,ACC003198,MER0096,2025-08-15 01:26:53,88.33,JPY,REFUND,PENDING,2025-08-15 01:26:53
TXN00043623,ACC000856,MER0040,2025-08-15 03:16:23,24.31,USD,DEPOSIT,DECLINED,2025-08-15 03:16:23
TXN00045362,ACC003450,MER0130,2025-07-11 13:55:09,57.01,EUR,WITHDRAWAL,DECLINED,2025-07-11 13:55:09
TXN00046831,ACC003531,MER0010,2025-08-19 23:43:48,14.4,EUR,PURCHASE,PENDING,2025-08-19 23:43:48
TXN00041818,ACC003809,MER0057,2025-07-08 09:32:18,38.92,usd,purchase,posted,2025-07-08 09:32:18
TXN00045227,ACC000534,MER0142,2025-07-08 11:45:18,15.52,JPY,PURCHASE,REVERSED,2025-07-08 11:45:18
TXN00045130,ACC001469,MER0042,2025-09-29 06:20:08,17.94,INR,DEPOSIT,DECLINED,2025-09-29 06:20:08
TXN00009666,ACC001462,MER0118,2024-01-04 17:23:49,41.36,NGN,DEPOSIT,POSTED,2025-09-28 17:27:40
TXN00041920,ACC000357,MER0010,2025-08-16 17:27:48,2.09,gbp,REFUND,REVERSED,2025-08-16 17:27:48
TXN00047802,ACC000265,MER0033,2025-09-14 22:35:32,45.94,usd,PURCHASE,REVERSED,2025-09-14 22:35:32
TXN00045631,ACC000592,MER0007,2025-09-15 18:37:42,35021.8,INR,PURCHASE,PENDING,2025-09-15 18:37:42
TXN00040768,ACC002244,MER9999,2025-07-06 12:57:30,35.38,INR,DEPOSIT,POSTED,2025-07-06 12:57:30
TXN00040160,ACC000576,MER0024,2025-07-04 12:40:23,14.12,GBP,TRANSFER,PENDING,2025-07-04 12:40:23
TXN00043214,ACC003101,MER0017,2025-08-03 16:31:32,17.96,GBP,PURCHASE,REVERSED,2025-08-03 16:31:32
TXN00043654,ACC000549,MER0065,2025-08-19 19:31:44,41.46,gbp,WITHDRAWAL,REVERSED,2025-08-19 19:31:44
TXN00041505,ACC001455,MER0140,2025-08-02 08:17:57,29.81,CAD,PURCHASE,REVERSED,2025-08-02 08:17:57
TXN00041322,ACC001218,MER0034,2025-09-01 06:52:27,19.05,gbp,PURCHASE,DECLINED,2025-09-01 06:52:27
TXN00040440,ACC002652,MER0137,2025-09-20 17:13:46,76.52,NGN,DEPOSIT,REVERSED,2025-09-20 17:13:46
TXN00015278,ACC003309,MER0133,2024-03-14 04:52:15,46.68,USD,WITHDRAWAL,REVERSED,2025-09-06 08:43:05
TXN00046695,ACC000527,MER0003,2025-07-18 11:50:15,135.36,GBP,PURCHASE,DECLINED,2025-07-18 11:50:15
TXN00043921,ACC001848,MER0095,2025-08-03 21:02:59,22.78,INR,REFUND,DECLINED,2025-08-03 21:02:59
TXN00046066,ACC003628,MER0098,2025-09-01 02:18:01,21.26,NGN,REFUND,PENDING,2025-09-01 02:18:01
TXN00042079,ACC000999,MER0139,2025-09-13 03:18:47,44.77,CAD,purchase,POSTED,2025-09-13 03:18:47
TXN00045386,ACC000010,MER0059,2025-08-29 14:48:59,14.19,GBP,REFUND,POSTED,2025-08-29 14:48:59
TXN00040133,ACC000894,MER0136,2025-09-09 05:55:35,10.65,gbp,purchase,DECLINED,2025-09-09 05:55:35
TXN00042069,ACC003187,MER0051,2025-08-24 08:00:03,38.35,CAD,REFUND,DECLINED,2025-08-24 08:00:03
TXN00021333,ACC001092,MER0037,2025-03-17 17:31:29,36.81,INR,DEPOSIT,REVERSED,2025-07-09 01:17:34
TXN00042458,ACC003792,MER0021,2025-08-30 18:25:11,0.91,usd,PURCHASE,posted,2025-08-30 18:25:11
TXN00047358,ACC003463,MER0001,2025-09-12 11:27:21,17.17,JPY,TRANSFER,DECLINED,2025-09-12 11:27:21
TXN00043743,ACC002732,MER0139,2025-07-28 17:53:08,69.48,INR,DEPOSIT,DECLINED,2025-07-28 17:53:08
TXN00040086,ACC002482,MER0056,2025-07-30 19:53:45,51.06,INR,TRANSFER,REVERSED,2025-07-30 19:53:45
TXN00043664,ACC002685,MER0099,2025-07-02 04:04:08,22.28,JPY,REFUND,DECLINED,2025-07-02 04:04:08
TXN00040543,ACC003684,MER0101,2025-09-08 09:58:15,38.1,EUR,WITHDRAWAL,REVERSED,2025-09-08 09:58:15
TXN00040037,ACC002590,MER0104,2025-09-14 20:55:59,29.55,gbp,DEPOSIT,DECLINED,2025-09-14 20:55:59
TXN00041954,ACC002908,MER0010,2025-09-02 02:15:03,47.27,NGN,WITHDRAWAL,DECLINED,2025-09-02 02:15:03
TXN00045947,ACC001090,MER0069,2025-09-18 15:48:51,78.81,CAD,WITHDRAWAL,PENDING,2025-09-18 15:48:51
TXN00042931,ACC003298,MER0122,2025-08-27 07:23:36,54.93,gbp,REFUND,PENDING,2025-08-27 07:23:36
TXN00047338,ACC000032,MER0026,2025-08-27 18:11:02,67.55,EUR,REFUND,PENDING,2025-08-27 18:11:02
TXN00043748,ACC002408,MER0046,2025-08-18 17:52:48,93.51,gbp,purchase,DECLINED,2025-08-18 17:52:48
TXN00043712,ACC003280,MER0045,2025-09-28 18:49:50,19.21,usd,PURCHASE,PENDING,2025-09-28 18:49:50
TXN00040102,ACC003809,MER0142,2025-07-08 22:58:06,8.21,usd,WITHDRAWAL,PENDING,2025-07-08 22:58:06
TXN00041685,ACC000529,MER0096,2025-07-31 13:06:18,11.89,usd,WITHDRAWAL,REVERSED,2025-07-31 13:06:18
TXN00045293,ACC001181,MER0061,2025-08-22 17:33:24,19.39,CAD,DEPOSIT,REVERSED,2025-08-22 17:33:24
TXN00045845,ACC002213,MER0056,2025-08-05 12:46:20,27.16,JPY,TRANSFER,REVERSED,2025-08-05 12:46:20
TXN00042906,ACC001790,MER0095,2025-09-27 06:43:34,35.87,NGN,REFUND,POSTED,2025-09-27 06:43:34
TXN00046979,ACC000477,MER0095,2025-07-20 13:36:07,124.41,gbp,PURCHASE,POSTED,2025-07-20 13:36:07
TXN00045641,ACC001893,MER0033,2025-09-25 04:20:06,31.43,INR,DEPOSIT,DECLINED,2025-09-25 04:20:06
TXN00047029,ACC001797,MER0124,2025-09-13 03:47:04,8.37,GBP,PURCHASE,POSTED,2025-09-13 03:47:04
TXN00043250,ACC001479,MER0140,2025-07-01 21:23:16,21.14,NGN,WITHDRAWAL,POSTED,2025-07-01 21:23:16
TXN00007001,ACC003257,MER0110,2025-05-15 22:11:53,24.56,GBP,WITHDRAWAL,DECLINED,2025-08-20 16:53:47
TXN00044869,ACC002118,MER0104,2025-07-22 17:11:31,1.68,gbp,WITHDRAWAL,REVERSED,2025-07-22 17:11:31
TXN00042031,ACC003769,MER0095,2025-08-06 16:50:06,35.09,NGN,purchase,DECLINED,2025-08-06 16:50:06
TXN00040896,ACC002681,MER0110,2025-08-23 02:00:48,3.11,usd,DEPOSIT,POSTED,2025-08-23 02:00:48
TXN00046312,ACC002820,MER0112,2025-08-15 14:07:54,102.65,usd,PURCHASE,DECLINED,2025-08-15 14:07:54
TXN00047859,ACC003065,MER0046,2025-09-29 17:12:52,283.25,usd,REFUND,REVERSED,2025-09-29 17:12:52
TXN00043457,ACC002102,MER0044,2025-08-16 10:30:07,18.02,USD,WITHDRAWAL,posted,2025-08-16 10:30:07
TXN00046485,ACC000466,MER0009,2025-08-12 05:30:01,12.29,EUR,DEPOSIT,REVERSED,2025-08-12 05:30:01
TXN00046296,ACC003725,MER0083,2025-07-20 03:18:00,56.69,NGN,WITHDRAWAL,DECLINED,2025-07-20 03:18:00
TXN00041409,ACC003636,MER0041,2025-07-08 00:35:08,65.85,EUR,REFUND,POSTED,2025-07-08 00:35:08
TXN00041980,ACC003489,MER0143,2025-08-08 13:01:18,23.97,JPY,WITHDRAWAL,DECLINED,2025-08-08 13:01:18
TXN00043307,ACC001452,MER0115,2025-08-12 13:24:56,41.3,INR,REFUND,REVERSED,2025-08-12 13:24:56
TXN00043271,ACC003523,MER0129,2025-07-17 00:28:42,34.48,JPY,REFUND,REVERSED,2025-07-17 00:28:42
TXN00041724,ACC003760,MER0118,2025-09-14 18:28:45,34.93,USD,TRANSFER,posted,2025-09-14 18:28:45
TXN00044589,ACC002985,MER0133,2025-09-11 08:09:38,4.18,USD,purchase,POSTED,2025-09-11 08:09:38
TXN00040909,ACC001368,MER0039,2025-07-05 17:54:17,12.06,CAD,purchase,posted,2025-07-05 17:54:17
TXN00045252,ACC003841,MER0117,2025-07-19 20:29:47,24.15,USD,WITHDRAWAL,posted,2025-07-19 20:29:47
TXN00042337,ACC003009,MER0119,2025-08-17 20:42:40,20.36,JPY,WITHDRAWAL,REVERSED,2025-08-17 20:42:40
TXN00043932,ACC001970,MER0111,2025-09-08 14:50:00,89.93,gbp,PURCHASE,posted,2025-09-08 14:50:00
TXN00043853,ACC003332,MER0137,2025-07-04 14:46:57,4.53,usd,purchase,PENDING,2025-07-04 14:46:57
TXN00042607,ACC003311,MER0115,2025-07-03 03:52:33,98.28,usd,purchase,POSTED,2025-07-03 03:52:33
TXN00044878,ACC003388,MER0019,2025-07-20 20:34:57,10.81,JPY,DEPOSIT,PENDING,2025-07-20 20:34:57
TXN00045393,ACC001315,MER0073,2025-08-12 20:01:32,6.76,USD,purchase,REVERSED,2025-08-12 20:01:32
TXN00043978,ACC001697,MER0083,2025-07-10 12:10:12,7.76,INR,WITHDRAWAL,REVERSED,2025-07-10 12:10:12
TXN00042745,ACC002589,MER0023,2025-08-12 19:46:44,57.8,GBP,TRANSFER,DECLINED,2025-08-12 19:46:44
TXN00046015,ACC002609,MER0055,2025-09-23 23:08:02,5.97,CAD,purchase,posted,2025-09-23 23:08:02
TXN00043863,ACC002697,MER0078,2025-07-07 16:57:58,3.64,NGN,PURCHASE,POSTED,2025-07-07 16:57:58
TXN00042058,ACC001740,MER0072,2025-07-12 15:03:21,51.84,EUR,purchase,REVERSED,2025-07-12 15:03:21
TXN00046951,ACC000422,MER0122,2025-08-20 13:17:48,48.34,EUR,WITHDRAWAL,POSTED,2025-08-20 13:17:48
TXN00041810,ACC001437,MER0089,2025-08-03 15:32:53,26.16,EUR,REFUND,PENDING,2025-08-03 15:32:53
TXN00045662,ACC003055,MER0105,2025-09-19 04:56:31,17.74,CAD,TRANSFER,posted,2025-09-19 04:56:31
TXN00040763,ACC003150,MER0076,2025-09-08 09:01:38,44.86,EUR,purchase,REVERSED,2025-09-08 09:01:38
TXN00047672,ACC003138,MER0120,2025-08-05 17:10:42,6.1,GBP,WITHDRAWAL,REVERSED,2025-08-05 17:10:42
TXN00040179,ACC001132,MER0074,2025-07-01 13:00:34,10.34,gbp,TRANSFER,DECLINED,2025-07-01 13:00:34
TXN00047811,ACC002200,MER0059,2025-09-23 17:31:43,301.58,JPY,PURCHASE,REVERSED,2025-09-23 17:31:43
TXN00042174,ACC001219,MER0072,2025-09-23 05:59:21,4.9,usd,TRANSFER,REVERSED,2025-09-23 05:59:21
TXN00047583,ACC000625,MER0011,2025-07-29 23:14:33,108.86,GBP,DEPOSIT,PENDING,2025-07-29 23:14:33
TXN00043198,ACC000579,MER0029,2025-08-12 19:48:39,28.43,CAD,TRANSFER,PENDING,2025-08-12 19:48:39
TXN00040427,ACC000347,MER0141,2025-08-13 21:57:22,5.28,NGN,REFUND,DECLINED,2025-08-13 21:57:22
TXN00032273,ACC001055,MER0081,2025-02-09 20:07:26,56.94,JPY,purchase,REVERSED,2025-07-13 12:10:42
TXN00040782,ACC000776,MER0137,2025-07-23 11:41:23,9.58,USD,TRANSFER,POSTED,2025-07-23 11:41:23
TXN00046654,ACC003759,MER0028,2025-08-03 13:45:23,48.1,USD,purchase,posted,2025-08-03 13:45:23
TXN00044929,ACC003550,MER0102,2025-07-20 05:27:05,14.46,USD,PURCHASE,REVERSED,2025-07-20 05:27:05
TXN00041494,ACC002001,MER0065,2025-08-24 11:33:55,343.87,GBP,PURCHASE,POSTED,2025-08-24 11:33:55
TXN00044453,ACC000123,MER0100,2025-08-16 06:30:03,44.06,NGN,REFUND,posted,2025-08-16 06:30:03
TXN00041073,ACC001861,MER0037,2025-07-15 02:20:10,2.4,NGN,DEPOSIT,posted,2025-07-15 02:20:10
TXN00046567,ACC002574,MER0144,2025-07-10 02:09:58,11.31,NGN,PURCHASE,POSTED,2025-07-10 02:09:58
TXN00045794,ACC002881,MER0006,2025-07-09 05:51:23,23.36,EUR,REFUND,posted,2025-07-09 05:51:23
TXN00041725,ACC002293,MER0139,2025-09-29 10:06:18,16.22,usd,REFUND,POSTED,2025-09-29 10:06:18
TXN00040834,ACC001943,MER0077,2025-08-21 00:52:06,132.67,CAD,REFUND,posted,2025-08-21 00:52:06
TXN00044091,ACC001933,MER0105,2025-08-10 09:37:15,34.73,EUR,REFUND,POSTED,2025-08-10 09:37:15
TXN00043382,ACC001995,MER0070,2025-07-19 01:37:30,328.38,NGN,REFUND,REVERSED,2025-07-19 01:37:30
TXN00006448,ACC001839,MER0148,2024-09-28 15:01:26,26.73,gbp,purchase,POSTED,2025-09-09 13:19:41
TXN00040899,ACC001682,MER0059,2025-08-21 05:51:01,6.12,USD,DEPOSIT,PENDING,2025-08-21 05:51:01
TXN00043014,ACC003391,MER0042,2025-09-05 15:05:35,32.14,gbp,REFUND,posted,2025-09-05 15:05:35
TXN00046540,ACC002877,MER0095,2025-08-10 20:32:53,93.78,INR,DEPOSIT,posted,2025-08-10 20:32:53
TXN00043273,ACC001031,MER0064,2025-09-08 22:25:03,20.25,INR,WITHDRAWAL,REVERSED,2025-09-08 22:25:03
TXN00040561,ACC001053,MER0053,2025-08-10 08:35:26,115.77,CAD,PURCHASE,DECLINED,2025-08-10 08:35:26
TXN00045032,ACC003682,MER0088,2025-07-27 09:40:40,12.28,NGN,WITHDRAWAL,DECLINED,2025-07-27 09:40:40
TXN00044263,ACC003023,MER0102,2025-08-16 18:39:36,32.75,NGN,PURCHASE,PENDING,2025-08-16 18:39:36
TXN00047069,ACC003802,MER0099,2025-08-08 12:08:07,4.8,JPY,TRANSFER,POSTED,2025-08-08 12:08:07
TXN00042550,ACC002853,MER0110,2025-08-22 03:16:32,129.3,INR,REFUND,posted,2025-08-22 03:16:32
TXN00040640,ACC000096,MER0054,2025-08-21 02:56:10,10.85,INR,REFUND,POSTED,2025-08-21 02:56:10
TXN00043445,ACC002282,MER0036,2025-09-13 22:36:26,62.65,USD,PURCHASE,DECLINED,2025-09-13 22:36:26
TXN00047826,ACC001174,MER0022,2025-08-18 12:45:23,82.31,USD,PURCHASE,posted,2025-08-18 12:45:23
TXN00043443,ACC001902,MER0090,2025-07-04 12:00:29,1.8,JPY,purchase,PENDING,2025-07-04 12:00:29
TXN00046384,ACC002180,MER0133,2025-09-01 09:46:41,79.78,GBP,DEPOSIT,REVERSED,2025-09-01 09:46:41
TXN00046512,ACC003122,MER0150,2025-09-22 12:58:00,21.78,NGN,PURCHASE,POSTED,2025-09-22 12:58:00
TXN00040754,ACC001816,MER0022,2025-07-20 05:20:18,201.59,NGN,PURCHASE,REVERSED,2025-07-20 05:20:18
TXN00040920,ACC001298,MER0123,2025-08-10 08:06:35,9.69,EUR,REFUND,PENDING,2025-08-10 08:06:35
TXN00040468,ACC003601,MER0081,2025-09-30 01:43:47,15.79,INR,DEPOSIT,REVERSED,2025-09-30 01:43:47
TXN00047177,ACC000314,MER0099,2025-07-13 00:42:05,10.42,gbp,purchase,PENDING,2025-07-13 00:42:05
TXN00044544,ACC003744,MER0045,2025-09-07 21:27:39,1024.37,JPY,purchase,POSTED,2025-09-07 21:27:39
TXN00046317,ACC002859,MER0001,2025-09-30 02:32:49,18.52,GBP,WITHDRAWAL,PENDING,2025-09-30 02:32:49
TXN00045342,ACC001345,MER0124,2025-08-15 11:43:09,17.92,CAD,purchase,POSTED,2025-08-15 11:43:09
TXN00042336,ACC000394,MER0008,2025-08-06 05:48:17,24.04,JPY,WITHDRAWAL,POSTED,2025-08-06 05:48:17
TXN00046930,ACC000650,MER0005,2025-09-21 23:36:40,5.87,INR,REFUND,REVERSED,2025-09-21 23:36:40
TXN00042258,ACC002926,MER0121,2025-07-24 01:58:21,36.41,usd,TRANSFER,POSTED,2025-07-24 01:58:21
TXN00046079,ACC001998,MER0007,2025-07-12 04:36:40,22.57,JPY,DEPOSIT,REVERSED,2025-07-12 04:36:40
TXN00045258,ACC002933,MER0017,2025-08-15 21:54:24,94.11,GBP,PURCHASE,DECLINED,2025-08-15 21:54:24
TXN00041330,ACC000662,MER0070,2025-08-30 00:35:59,8.33,GBP,REFUND,POSTED,2025-08-30 00:35:59
TXN00041846,ACC003887,MER0046,2025-07-05 06:55:02,45.99,GBP,purchase,PENDING,2025-07-05 06:55:02
TXN00041571,ACC003681,MER0045,2025-08-01 17:38:35,3.86,gbp,REFUND,posted,2025-08-01 17:38:35
TXN00042252,ACC001143,MER0078,2025-07-23 13:07:39,227.7,CAD,PURCHASE,PENDING,2025-07-23 13:07:39
TXN00041889,ACC001448,MER0084,2025-07-23 23:38:36,4.54,CAD,REFUND,POSTED,2025-07-23 23:38:36
TXN00040222,ACC000036,MER0093,2025-08-05 01:17:51,3.47,CAD,REFUND,REVERSED,2025-08-05 01:17:51
TXN00042156,ACC001145,MER0006,2025-09-18 04:24:41,23.22,INR,PURCHASE,posted,2025-09-18 04:24:41
TXN00013373,ACC002687,MER0110,2024-07-28 04:40:00,5.17,EUR,WITHDRAWAL,DECLINED,2025-08-04 00:32:39
TXN00047355,ACC002733,MER0137,2025-09-06 02:20:47,41.8,CAD,PURCHASE,POSTED,2025-09-06 02:20:47
TXN00046989,ACC001070,MER0081,2025-09-01 08:52:15,5.15,EUR,DEPOSIT,posted,2025-09-01 08:52:15
TXN00040266,ACC003420,MER0003,2025-09-13 14:13:49,113.19,INR,WITHDRAWAL,PENDING,2025-09-13 14:13:49
TXN00045320,ACC001882,MER0102,2025-08-19 17:11:27,5.85,INR,WITHDRAWAL,posted,2025-08-19 17:11:27
TXN00047470,ACC001599,MER0079,2025-09-15 15:40:10,10.78,JPY,WITHDRAWAL,REVERSED,2025-09-15 15:40:10
TXN00043019,ACC002162,MER0031,2025-07-06 02:30:41,67.48,CAD,DEPOSIT,REVERSED,2025-07-06 02:30:41
TXN00044108,ACC000495,MER0054,2025-07-30 07:49:24,12.54,USD,purchase,DECLINED,2025-07-30 07:49:24
TXN00040959,ACC003252,MER0061,2025-07-10 16:38:16,3.24,gbp,purchase,POSTED,2025-07-10 16:38:16
TXN00047693,ACC002006,MER0137,2025-07-27 16:31:40,20.48,GBP,WITHDRAWAL,POSTED,2025-07-27 16:31:40
TXN00045551,ACC000696,MER0042,2025-07-30 07:51:34,47.35,USD,WITHDRAWAL,DECLINED,2025-07-30 07:51:34
TXN00038382,ACC000714,MER0136,2025-03-19 11:19:58,12.75,USD,REFUND,DECLINED,2025-08-22 01:29:38
TXN00047115,ACC003649,MER0135,2025-08-21 02:36:02,6.84,gbp,PURCHASE,REVERSED,2025-08-21 02:36:02
TXN00041154,ACC000205,MER0084,2025-07-14 10:43:34,3.68,NGN,purchase,REVERSED,2025-07-14 10:43:34
TXN00045073,ACC002994,MER0144,2025-07-12 07:58:48,30.29,gbp,purchase,DECLINED,2025-07-12 07:58:48
TXN00047350,ACC000630,MER0052,2025-09-03 21:44:18,27.72,JPY,PURCHASE,REVERSED,2025-09-03 21:44:18
TXN00045533,ACC001522,MER0048,2025-09-19 16:18:57,13.17,NGN,WITHDRAWAL,PENDING,2025-09-19 16:18:57
TXN00043621,ACC002109,MER0048,2025-09-10 15:01:30,128.19,USD,WITHDRAWAL,DECLINED,2025-09-10 15:01:30
TXN00045426,ACC002418,MER0033,2025-07-21 22:29:54,21.87,CAD,PURCHASE,REVERSED,2025-07-21 22:29:54
TXN00041303,ACC001612,MER0080,2025-09-26 04:09:50,4.9,GBP,TRANSFER,PENDING,2025-09-26 04:09:50
TXN00047108,ACC001536,MER0104,2025-09-26 07:16:46,65.84,USD,purchase,posted,2025-09-26 07:16:46
TXN00046215,ACC003800,MER0003,2025-08-09 14:25:51,78.68,NGN,WITHDRAWAL,DECLINED,2025-08-09 14:25:51
TXN00046611,ACC001940,MER0089,2025-07-12 19:22:20,14.52,NGN,purchase,PENDING,2025-07-12 19:22:20
TXN00044065,ACC003934,MER0095,2025-07-02 13:59:36,150.02,NGN,DEPOSIT,REVERSED,2025-07-02 13:59:36
TXN00044273,ACC000859,MER0060,2025-09-19 06:00:56,31.53,GBP,PURCHASE,posted,2025-09-19 06:00:56
TXN00044195,ACC001081,MER0046,2025-08-19 00:24:46,58.07,INR,PURCHASE,REVERSED,2025-08-19 00:24:46
TXN00043487,ACC002465,MER0107,2025-09-24 22:27:10,14.59,USD,purchase,REVERSED,2025-09-24 22:27:10
TXN00040083,ACC001745,MER0122,2025-08-27 17:18:13,13.78,USD,purchase,REVERSED,2025-08-27 17:18:13
TXN00047995,ACC000927,MER0088,2025-09-10 22:45:43,46.64,GBP,purchase,posted,2025-09-10 22:45:43
TXN00044288,ACC001895,MER0072,2025-08-05 23:57:29,250.33,EUR,WITHDRAWAL,POSTED,2025-08-05 23:57:29
TXN00014169,ACC002265,MER0022,2024-04-25 18:30:20,107.74,USD,purchase,REVERSED,2025-08-08 21:02:33
TXN00041105,ACC003560,MER0132,2025-09-18 09:08:47,33.97,gbp,purchase,REVERSED,2025-09-18 09:08:47
TXN00045093,ACC003239,MER0071,2025-07-21 16:29:49,98.47,JPY,REFUND,REVERSED,2025-07-21 16:29:49
TXN00044318,ACC000480,MER0001,2025-07-11 02:05:13,3.76,INR,DEPOSIT,REVERSED,2025-07-11 02:05:13
TXN00046106,ACC000066,MER0107,2025-09-30 20:49:56,9.58,JPY,TRANSFER,DECLINED,2025-09-30 20:49:56
TXN00041827,ACC000370,MER0080,2025-08-15 01:33:17,31.68,JPY,TRANSFER,PENDING,2025-08-15 01:33:17
TXN00046411,ACC002197,MER0045,2025-09-30 19:26:16,116.16,gbp,REFUND,REVERSED,2025-09-30 19:26:16
TXN00040346,ACC001336,MER0036,2025-09-23 14:15:52,93.99,EUR,REFUND,POSTED,2025-09-23 14:15:52
TXN00042862,ACC001656,MER0073,2025-09-01 20:55:44,6.83,GBP,DEPOSIT,DECLINED,2025-09-01 20:55:44
TXN00043890,ACC001994,MER0087,2025-08-30 14:44:32,4.83,CAD,REFUND,REVERSED,2025-08-30 14:44:32
TXN00047214,ACC003171,MER0012,2025-09-19 09:49:33,40.72,NGN,REFUND,PENDING,2025-09-19 09:49:33
TXN00043838,ACC000553,MER0031,2025-09-25 19:12:32,21.54,JPY,DEPOSIT,POSTED,2025-09-25 19:12:32
TXN00045353,ACC002602,MER0063,2025-07-28 18:07:59,34.88,gbp,TRANSFER,posted,2025-07-28 18:07:59
TXN00045865,ACC003601,MER0139,2025-09-18 07:23:57,218.99,JPY,TRANSFER,PENDING,2025-09-18 07:23:57
TXN00044478,ACC000725,MER0035,2025-07-17 00:26:33,18.3,CAD,WITHDRAWAL,REVERSED,2025-07-17 00:26:33
TXN00043016,ACC002969,MER0135,2025-07-15 10:45:10,1.93,INR,WITHDRAWAL,DECLINED,2025-07-15 10:45:10
TXN00040070,ACC001571,MER0123,2025-07-16 12:05:48,8.38,INR,REFUND,DECLINED,2025-07-16 12:05:48
TXN00046724,ACC003732,MER0144,2025-07-28 18:44:35,26.41,INR,PURCHASE,DECLINED,2025-07-28 18:44:35
TXN00043979,ACC000776,MER0009,2025-09-16 17:54:14,73.62,INR,PURCHASE,posted,2025-09-16 17:54:14
TXN00041145,ACC003022,MER0130,2025-07-12 15:01:19,97.37,EUR,REFUND,POSTED,2025-07-12 15:01:19
TXN00042001,ACC001674,MER0016,2025-08-19 20:59:37,87.48,usd,purchase,POSTED,2025-08-19 20:59:37
TXN00047673,ACC002711,MER0143,2025-07-03 14:04:23,25.18,GBP,TRANSFER,posted,2025-07-03 14:04:23
TXN00041103,ACC000032,MER0129,2025-09-01 20:08:34,20.47,JPY,TRANSFER,PENDING,2025-09-01 20:08:34
TXN00041628,ACC003379,MER0060,2025-07-24 09:10:02,64.91,JPY,purchase,DECLINED,2025-07-24 09:10:02
TXN00026352,ACC002929,MER0085,2024-05-17 12:20:08,15.38,JPY,TRANSFER,POSTED,2025-08-01 00:19:43
TXN00045471,ACC000607,MER0046,2025-08-17 08:30:44,56.99,gbp,DEPOSIT,REVERSED,2025-08-17 08:30:44
TXN00043235,ACC001109,MER0126,2025-07-13 23:52:23,20.15,gbp,WITHDRAWAL,DECLINED,2025-07-13 23:52:23
TXN00041997,ACC001334,MER0150,2025-09-01 22:57:47,7.67,usd,TRANSFER,PENDING,2025-09-01 22:57:47
TXN00044765,ACC001441,MER0027,2025-07-23 20:03:33,2.74,CAD,TRANSFER,posted,2025-07-23 20:03:33
TXN00047468,ACC003102,MER0139,2025-09-16 02:01:35,7.09,CAD,TRANSFER,POSTED,2025-09-16 02:01:35
TXN00041245,ACC002479,MER0030,2025-08-24 10:51:53,21.91,NGN,DEPOSIT,POSTED,2025-08-24 10:51:53
TXN00045148,ACC001682,MER0103,2025-07-15 10:23:49,144.92,CAD,DEPOSIT,posted,2025-07-15 10:23:49
TXN00046189,ACC003134,MER0009,2025-07-31 14:46:17,5.1,gbp,purchase,REVERSED,2025-07-31 14:46:17
TXN00047096,ACC000730,MER0088,2025-08-13 04:18:09,6.25,usd,DEPOSIT,PENDING,2025-08-13 04:18:09
TXN00034599,ACC003374,MER0123,2025-04-26 16:50:50,28.2,JPY,PURCHASE,POSTED,2025-07-22 06:03:39
TXN00045469,ACC003448,MER0118,2025-07-20 22:21:35,173.72,NGN,purchase,POSTED,2025-07-20 22:21:35
TXN00044455,ACC002756,MER0007,2025-07-18 17:42:33,90.96,JPY,REFUND,posted,2025-07-18 17:42:33
TXN00041816,ACC000199,MER0005,2025-07-12 12:16:47,32.18,gbp,REFUND,posted,2025-07-12 12:16:47
TXN00041913,ACC001446,MER0137,2025-08-25 13:57:53,27.07,gbp,REFUND,PENDING,2025-08-25 13:57:53
TXN00042792,ACC001859,MER0072,2025-07-30 17:27:31,27.06,USD,PURCHASE,DECLINED,2025-07-30 17:27:31
TXN00046134,ACC001739,MER0119,2025-08-13 17:11:16,1.63,gbp,REFUND,REVERSED,2025-08-13 17:11:16
TXN00043242,ACC000222,MER0145,2025-09-29 16:01:05,8.16,INR,WITHDRAWAL,REVERSED,2025-09-29 16:01:05
TXN00046597,ACC001489,MER0108,2025-08-19 01:09:36,116.38,gbp,WITHDRAWAL,REVERSED,2025-08-19 01:09:36
TXN00040975,ACC000763,MER0138,2025-09-15 07:18:01,76.21,NGN,purchase,REVERSED,2025-09-15 07:18:01
TXN00041031,ACC002363,MER0119,2025-07-29 12:11:41,3.15,GBP,purchase,PENDING,2025-07-29 12:11:41
TXN00041094,ACC001365,MER0031,2025-07-16 05:33:00,10.42,NGN,TRANSFER,POSTED,2025-07-16 05:33:00
TXN00046446,ACC003076,MER0003,2025-09-29 18:36:26,62.61,NGN,PURCHASE,DECLINED,2025-09-29 18:36:26
TXN00046732,ACC000947,MER0083,2025-08-27 01:10:51,13160.8,INR,purchase,DECLINED,2025-08-27 01:10:51
TXN00046608,ACC003896,MER0149,2025-07-26 11:50:47,33.38,usd,WITHDRAWAL,POSTED,2025-07-26 11:50:47
TXN00045277,ACC002719,MER0039,2025-07-15 23:17:10,32.07,USD,WITHDRAWAL,DECLINED,2025-07-15 23:17:10
TXN00045671,ACC003307,MER0110,2025-07-30 01:35:53,35.29,CAD,DEPOSIT,posted,2025-07-30 01:35:53
TXN00042698,ACC002645,MER0039,2025-07-02 09:38:23,60.98,gbp,WITHDRAWAL,posted,2025-07-02 09:38:23
TXN00046475,ACC001487,MER0124,2025-09-03 06:33:05,7.69,usd,purchase,POSTED,2025-09-03 06:33:05
TXN00043876,ACC000696,MER0064,2025-09-23 04:35:25,11.16,INR,PURCHASE,PENDING,2025-09-23 04:35:25
TXN00043601,ACC000254,MER0143,2025-07-21 20:20:11,22.78,JPY,REFUND,DECLINED,2025-07-21 20:20:11
TXN00047925,ACC001412,MER0129,2025-09-18 06:19:22,62.84,EUR,purchase,PENDING,2025-09-18 06:19:22
TXN00044834,ACC003069,MER0012,2025-08-28 06:59:56,3.11,EUR,PURCHASE,POSTED,2025-08-28 06:59:56
TXN00047165,ACC003475,MER0126,2025-08-05 19:23:03,18.03,NGN,PURCHASE,PENDING,2025-08-05 19:23:03
TXN00047682,ACC000989,MER0016,2025-09-22 12:55:35,33.0,EUR,DEPOSIT,POSTED,2025-09-22 12:55:35
TXN00043281,ACC002459,MER0120,2025-08-10 19:43:05,25.75,USD,purchase,PENDING,2025-08-10 19:43:05
TXN00045161,ACC000061,MER0080,2025-09-25 15:47:22,22451.23,INR,DEPOSIT,posted,2025-09-25 15:47:22
TXN00003851,ACC001154,MER0019,2025-04-30 03:51:12,19.5,gbp,purchase,DECLINED,2025-09-18 07:19:21
TXN00040465,ACC001180,MER0026,2025-07-18 07:40:47,10.61,gbp,purchase,PENDING,2025-07-18 07:40:47
TXN00046390,ACC000100,MER0062,2025-08-24 16:43:33,5.42,usd,TRANSFER,posted,2025-08-24 16:43:33
TXN00040344,ACC002324,MER0125,2025-08-12 17:53:57,28.59,INR,DEPOSIT,posted,2025-08-12 17:53:57
TXN00040904,ACC000397,MER0017,2025-09-04 05:42:17,21.95,usd,purchase,posted,2025-09-04 05:42:17
TXN00046920,ACC002417,MER0001,2025-07-23 15:36:58,5.68,USD,WITHDRAWAL,PENDING,2025-07-23 15:36:58
TXN00045626,ACC003365,MER0047,2025-09-10 20:48:16,13.6,GBP,purchase,PENDING,2025-09-10 20:48:16
TXN00041225,ACC003848,MER0132,2025-08-29 22:34:04,4.88,EUR,PURCHASE,POSTED,2025-08-29 22:34:04
TXN00040360,ACC000467,MER0067,2025-07-13 21:41:42,8.61,usd,DEPOSIT,POSTED,2025-07-13 21:41:42
TXN00042084,ACC001668,MER0079,2025-08-11 02:31:03,19.38,USD,DEPOSIT,POSTED,2025-08-11 02:31:03
TXN00040459,ACC003083,MER0046,2025-09-14 23:07:36,22.66,gbp,PURCHASE,PENDING,2025-09-14 23:07:36
TXN00043950,ACC001333,MER0123,2025-08-13 22:56:44,17.97,INR,DEPOSIT,posted,2025-08-13 22:56:44
TXN00044696,ACC000341,MER0078,2025-08-08 13:51:37,138.2,gbp,TRANSFER,posted,2025-08-08 13:51:37
TXN00041709,ACC003224,MER0140,2025-07-16 07:10:00,19.84,INR,purchase,PENDING,2025-07-16 07:10:00
TXN00043288,ACC002857,MER0123,2025-07-08 16:20:39,9.87,USD,PURCHASE,REVERSED,2025-07-08 16:20:39
TXN00043419,ACC000931,MER0079,2025-07-28 03:42:37,22.21,usd,DEPOSIT,REVERSED,2025-07-28 03:42:37
TXN00043754,ACC002020,MER0129,2025-07-02 08:51:42,39.63,INR,TRANSFER,POSTED,2025-07-02 08:51:42
TXN00035630,ACC001493,MER0142,2025-06-24 21:35:23,19.6,GBP,DEPOSIT,DECLINED,2025-09-26 19:21:44
TXN00041206,ACC002195,MER0137,2025-09-13 06:48:45,2.92,gbp,REFUND,DECLINED,2025-09-13 06:48:45
TXN00046472,ACC002919,MER0070,2025-09-07 09:11:34,5.75,gbp,REFUND,PENDING,2025-09-07 09:11:34
TXN00046439,ACC003806,MER0093,2025-08-09 22:41:30,120.17,USD,purchase,POSTED,2025-08-09 22:41:30
TXN00046109,ACC000339,MER0130,2025-08-14 21:28:37,8.87,INR,DEPOSIT,PENDING,2025-08-14 21:28:37
TXN00044672,ACC002861,MER0072,2025-07-20 15:58:03,50.12,usd,TRANSFER,POSTED,2025-07-20 15:58:03
TXN00040556,ACC002305,MER0031,2025-09-14 23:55:34,90.62,usd,DEPOSIT,DECLINED,2025-09-14 23:55:34
TXN00018400,ACC001463,MER0026,2024-10-18 12:08:15,39.74,EUR,DEPOSIT,REVERSED,2025-09-25 03:52:16
TXN00047090,ACC000987,MER0148,2025-08-31 04:45:50,26.26,NGN,WITHDRAWAL,REVERSED,2025-08-31 04:45:50
TXN00042099,ACC003891,MER0013,2025-07-31 21:54:40,31.77,EUR,purchase,PENDING,2025-07-31 21:54:40
TXN00046799,ACC001763,MER0132,2025-09-14 02:05:50,2.35,usd,purchase,POSTED,2025-09-14 02:05:50
TXN00046704,ACC000765,MER0050,2025-09-15 12:36:23,45.07,JPY,purchase,REVERSED,2025-09-15 12:36:23
TXN00047567,ACC001331,MER0068,2025-07-20 17:09:50,13.4,CAD,WITHDRAWAL,PENDING,2025-07-20 17:09:50
TXN00046569,ACC002774,MER0136,2025-08-10 08:31:00,32.44,INR,REFUND,PENDING,2025-08-10 08:31:00
TXN00044299,ACC002917,MER0033,2025-07-03 08:44:23,20.6,usd,PURCHASE,DECLINED,2025-07-03 08:44:23
TXN00046738,ACC000620,MER0111,2025-07-21 14:11:14,52.3,EUR,TRANSFER,DECLINED,2025-07-21 14:11:14
TXN00045323,ACC001788,MER0130,2025-08-04 21:55:40,30.22,EUR,TRANSFER,REVERSED,2025-08-04 21:55:40
TXN00045188,ACC002458,MER0040,2025-08-18 20:02:47,7.85,GBP,WITHDRAWAL,REVERSED,2025-08-18 20:02:47
TXN00045989,ACC001319,MER0079,2025-09-13 02:24:22,103.08,gbp,WITHDRAWAL,PENDING,2025-09-13 02:24:22
TXN00034228,ACC001162,MER0064,2024-10-28 06:16:14,24.24,USD,PURCHASE,DECLINED,2025-08-06 09:15:04
TXN00043353,ACC001650,MER0055,2025-09-11 08:57:54,77.39,usd,DEPOSIT,POSTED,2025-09-11 08:57:54
TXN00044716,ACC002369,MER0126,2025-09-03 15:16:01,13.05,usd,DEPOSIT,DECLINED,2025-09-03 15:16:01
TXN00041696,ACC002151,MER0032,2025-08-14 04:07:35,35.37,JPY,WITHDRAWAL,POSTED,2025-08-14 04:07:35
TXN00043674,ACC001304,MER0077,2025-08-08 04:47:39,5.9,NGN,purchase,POSTED,2025-08-08 04:47:39
TXN00040597,ACC002045,MER0130,2025-08-28 12:06:21,32.04,EUR,TRANSFER,POSTED,2025-08-28 12:06:21
TXN00045787,ACC000507,MER0092,2025-08-20 10:40:42,12.54,GBP,TRANSFER,POSTED,2025-08-20 10:40:42
TXN00042842,ACC001142,MER0005,2025-07-03 12:51:20,31.0,usd,PURCHASE,DECLINED,2025-07-03 12:51:20
TXN00047684,ACC003753,MER0084,2025-09-24 11:22:28,2.65,gbp,TRANSFER,POSTED,2025-09-24 11:22:28
TXN00043256,ACC000322,MER0044,2025-07-30 16:34:20,187.17,gbp,PURCHASE,POSTED,2025-07-30 16:34:20
TXN00043644,ACC001830,MER0099,2025-08-21 02:52:57,7.23,INR,DEPOSIT,REVERSED,2025-08-21 02:52:57
TXN00041034,ACC002827,MER0084,2025-09-14 05:48:04,7.37,NGN,REFUND,POSTED,2025-09-14 05:48:04
TXN00045645,ACC000642,MER0048,2025-08-01 20:21:52,16.5,NGN,REFUND,POSTED,2025-08-01 20:21:52
TXN00047419,ACC000400,MER0007,2025-09-18 06:54:46,91.58,usd,PURCHASE,PENDING,2025-09-18 06:54:46
TXN00042803,ACC000455,MER0130,2025-07-23 03:36:07,8.42,GBP,DEPOSIT,posted,2025-07-23 03:36:07
TXN00040253,ACC002661,MER0083,2025-09-08 23:59:45,9.56,usd,PURCHASE,PENDING,2025-09-08 23:59:45
TXN00046418,ACC001710,MER0026,2025-08-16 11:48:57,85.18,gbp,DEPOSIT,posted,2025-08-16 11:48:57
TXN00044640,ACC001783,MER0045,2025-08-04 03:23:06,6.99,CAD,WITHDRAWAL,DECLINED,2025-08-04 03:23:06
TXN00046452,ACC003533,MER0026,2025-07-05 09:15:20,19.22,USD,TRANSFER,POSTED,2025-07-05 09:15:20
TXN00044651,ACC000180,MER0132,2025-09-08 01:31:58,10.74,INR,PURCHASE,posted,2025-09-08 01:31:58
TXN00042957,ACC002856,MER0003,2025-07-09 00:29:32,63.99,CAD,purchase,POSTED,2025-07-09 00:29:32
TXN00008959,ACC001236,MER0098,2025-01-05 22:05:15,10.85,CAD,REFUND,DECLINED,2025-09-02 11:00:55
TXN00044213,ACC000577,MER0075,2025-09-12 21:33:05,25.39,INR,WITHDRAWAL,posted,2025-09-12 21:33:05
TXN00038319,ACC002745,MER0055,2025-05-02 14:13:49,123.95,GBP,purchase,DECLINED,2025-08-26 06:28:51
TXN00041573,ACC000174,MER0086,2025-09-09 09:37:06,33.07,JPY,REFUND,posted,2025-09-09 09:37:06
TXN00044379,ACC000568,MER0077,2025-07-03 14:25:12,30.16,NGN,REFUND,posted,2025-07-03 14:25:12
TXN00042488,ACC000443,MER0084,2025-08-21 18:37:34,172.83,EUR,REFUND,DECLINED,2025-08-21 18:37:34
TXN00045283,ACC003516,MER0026,2025-09-13 03:02:32,14.04,EUR,TRANSFER,POSTED,2025-09-13 03:02:32
TXN00040780,ACC003694,MER0009,2025-07-20 04:43:31,11.95,usd,WITHDRAWAL,POSTED,2025-07-20 04:43:31
TXN00040228,ACC003405,MER0147,2025-09-22 15:41:22,8.84,JPY,DEPOSIT,POSTED,2025-09-22 15:41:22
TXN00047142,ACC003450,MER0135,2025-09-27 09:11:16,16.52,EUR,PURCHASE,DECLINED,2025-09-27 09:11:16
TXN00008973,ACC002337,MER0055,2024-08-17 01:49:49,9.05,GBP,purchase,DECLINED,2025-08-10 10:48:32
TXN00040875,ACC002712,MER0064,2025-09-04 16:50:53,19015.43,usd,PURCHASE,DECLINED,2025-09-04 16:50:53
TXN00040879,ACC003735,MER0079,2025-07-04 05:00:18,52.96,EUR,REFUND,posted,2025-07-04 05:00:18
TXN00044285,ACC003882,MER0100,2025-08-11 04:32:20,3.22,gbp,purchase,DECLINED,2025-08-11 04:32:20
TXN00046749,ACC003924,MER0031,2025-08-28 07:44:40,36.38,usd,DEPOSIT,POSTED,2025-08-28 07:44:40
TXN00043099,ACC000897,MER0072,2025-07-11 20:31:44,39.15,EUR,TRANSFER,DECLINED,2025-07-11 20:31:44
TXN00007588,ACC002838,MER0014,2024-06-04 17:26:50,8.19,JPY,WITHDRAWAL,REVERSED,2025-08-06 06:37:29
TXN00045919,ACC002912,MER0115,2025-09-17 08:53:19,38.94,NGN,WITHDRAWAL,posted,2025-09-17 08:53:19
TXN00044773,ACC000946,MER0055,2025-09-14 05:57:39,28773.8,usd,DEPOSIT,REVERSED,2025-09-14 05:57:39
TXN00044908,ACC001216,MER0078,2025-07-16 12:06:33,190.66,GBP,purchase,posted,2025-07-16 12:06:33
TXN00046883,ACC003518,MER0018,2025-09-16 17:54:18,51.9,INR,WITHDRAWAL,DECLINED,2025-09-16 17:54:18
TXN00047997,ACC003807,MER0017,2025-08-20 15:20:35,10.98,EUR,purchase,POSTED,2025-08-20 15:20:35
TXN00044757,ACC003068,MER0109,2025-07-22 02:59:28,14.65,EUR,PURCHASE,posted,2025-07-22 02:59:28
TXN00040300,ACC003766,MER0011,2025-07-04 16:49:38,27.14,GBP,WITHDRAWAL,posted,2025-07-04 16:49:38
TXN00040976,ACC003084,MER0041,2025-07-05 20:42:37,12.32,EUR,DEPOSIT,DECLINED,2025-07-05 20:42:37
TXN00044477,ACC002284,MER0006,2025-08-06 13:15:59,36.91,INR,DEPOSIT,REVERSED,2025-08-06 13:15:59
TXN00047431,ACC001150,MER9999,2025-09-27 18:39:45,53.73,USD,REFUND,posted,2025-09-27 18:39:45
TXN00044399,ACC001153,MER0097,2025-08-22 16:57:13,4.77,USD,REFUND,REVERSED,2025-08-22 16:57:13
TXN00046152,ACC001700,MER0103,2025-09-06 15:50:20,18.71,usd,PURCHASE,POSTED,2025-09-06 15:50:20
TXN00041429,ACC003153,MER0005,2025-07-09 08:36:05,61.62,GBP,purchase,REVERSED,2025-07-09 08:36:05
TXN00045399,ACC000770,MER0063,2025-07-06 10:52:28,70.98,NGN,DEPOSIT,REVERSED,2025-07-06 10:52:28
TXN00043302,ACC002430,MER0086,2025-07-13 09:32:20,45.08,USD,REFUND,REVERSED,2025-07-13 09:32:20
TXN00041451,ACC000599,MER0134,2025-09-01 12:55:07,43.08,usd,WITHDRAWAL,DECLINED,2025-09-01 12:55:07
TXN00045790,ACC001608,MER0123,2025-08-04 04:09:46,25621.7,usd,TRANSFER,DECLINED,2025-08-04 04:09:46
TXN00041796,ACC002565,MER0090,2025-07-19 18:41:31,14.75,gbp,purchase,DECLINED,2025-07-19 18:41:31
TXN00045275,ACC002484,MER0007,2025-08-24 16:21:13,37.97,EUR,DEPOSIT,POSTED,2025-08-24 16:21:13
TXN00041734,ACC003465,MER0058,2025-09-22 04:34:14,24.77,EUR,PURCHASE,POSTED,2025-09-22 04:34:14
TXN00041097,ACC001273,MER0149,2025-07-30 15:05:45,6.42,INR,TRANSFER,REVERSED,2025-07-30 15:05:45
TXN00047631,ACC003894,MER0090,2025-09-07 18:20:10,8.39,USD,DEPOSIT,REVERSED,2025-09-07 18:20:10
TXN00044187,ACC000025,MER0114,2025-07-27 15:39:14,8.17,NGN,WITHDRAWAL,PENDING,2025-07-27 15:39:14
TXN00045334,ACC001816,MER0071,2025-07-27 22:19:10,93.06,USD,purchase,DECLINED,2025-07-27 22:19:10
TXN00043086,ACC001726,MER0014,2025-07-06 17:58:44,60.46,NGN,REFUND,DECLINED,2025-07-06 17:58:44
TXN00045765,ACC000629,MER0063,2025-09-18 20:29:55,11.0,EUR,PURCHASE,PENDING,2025-09-18 20:29:55
TXN00001138,ACC000500,MER0075,2024-07-17 00:55:25,75.0,JPY,DEPOSIT,POSTED,2025-07-15 17:36:28
TXN00044604,ACC003641,MER0053,2025-08-29 21:01:58,231.87,usd,REFUND,REVERSED,2025-08-29 21:01:58
TXN00044917,ACC000106,MER0022,2025-09-23 20:32:16,9.47,GBP,DEPOSIT,REVERSED,2025-09-23 20:32:16
TXN00041072,ACC003699,MER0050,2025-08-27 01:17:09,1.82,usd,PURCHASE,REVERSED,2025-08-27 01:17:09
TXN00047714,ACC001410,MER0046,2025-07-12 01:13:57,16.0,INR,purchase,REVERSED,2025-07-12 01:13:57
TXN00046779,ACC001548,MER0069,2025-07-11 12:01:31,61.08,GBP,WITHDRAWAL,DECLINED,2025-07-11 12:01:31
TXN00044972,ACC001797,MER0010,2025-08-23 17:51:09,20.69,INR,WITHDRAWAL,posted,2025-08-23 17:51:09
TXN00041558,ACC003648,MER0070,2025-09-20 17:07:58,28737.51,EUR,DEPOSIT,PENDING,2025-09-20 17:07:58
TXN00041689,ACC001452,MER0016,2025-08-22 08:47:52,3.08,CAD,REFUND,REVERSED,2025-08-22 08:47:52
TXN00044440,ACC001222,MER0086,2025-09-10 06:13:01,212.47,USD,TRANSFER,DECLINED,2025-09-10 06:13:01
TXN00041865,ACC001485,MER0125,2025-09-02 05:49:13,15.12,USD,PURCHASE,DECLINED,2025-09-02 05:49:13
TXN00042470,ACC003132,MER0047,2025-07-03 19:19:05,55.83,gbp,PURCHASE,POSTED,2025-07-03 19:19:05
TXN00041849,ACC000532,MER0059,2025-07-02 14:20:33,36.38,USD,PURCHASE,posted,2025-07-02 14:20:33
TXN00045128,ACC001622,MER0142,2025-09-29 22:21:18,21.22,EUR,DEPOSIT,POSTED,2025-09-29 22:21:18
TXN00040586,ACC000561,MER0100,2025-09-29 09:22:35,32.19,USD,purchase,POSTED,2025-09-29 09:22:35
TXN00045493,ACC002453,MER0063,2025-09-22 12:17:44,55.79,GBP,purchase,PENDING,2025-09-22 12:17:44
TXN00040606,ACC003853,MER0074,2025-08-19 16:15:03,94.13,USD,TRANSFER,REVERSED,2025-08-19 16:15:03
TXN00044198,ACC003895,MER0100,2025-07-06 09:17:59,1.54,JPY,REFUND,PENDING,2025-07-06 09:17:59
TXN00040256,ACC002855,MER0046,2025-07-17 05:32:37,35.8,INR,WITHDRAWAL,REVERSED,2025-07-17 05:32:37
TXN00044315,ACC003699,MER0016,2025-09-20 23:13:31,14.03,gbp,DEPOSIT,posted,2025-09-20 23:13:31
TXN00040198,ACC002243,MER0012,2025-08-28 18:11:08,58.98,CAD,DEPOSIT,DECLINED,2025-08-28 18:11:08
TXN00040732,ACC001609,MER0114,2025-08-02 10:03:34,33.71,INR,TRANSFER,PENDING,2025-08-02 10:03:34
TXN00045913,ACC002527,MER0100,2025-07-08 06:15:17,4.66,GBP,REFUND,POSTED,2025-07-08 06:15:17
TXN00045321,ACC003458,MER0142,2025-08-24 06:34:24,29.42,NGN,purchase,POSTED,2025-08-24 06:34:24
TXN00043745,ACC002216,MER0001,2025-09-18 12:02:22,48.9,gbp,purchase,DECLINED,2025-09-18 12:02:22
TXN00044144,ACC000125,MER0041,2025-08-29 01:40:01,55.34,JPY,DEPOSIT,REVERSED,2025-08-29 01:40:01
TXN00043694,ACC003139,MER0110,2025-09-16 23:31:23,67.58,JPY,purchase,REVERSED,2025-09-16 23:31:23
TXN00046029,ACC001082,MER0072,2025-07-31 02:20:08,6.22,GBP,TRANSFER,posted,2025-07-31 02:20:08
TXN00047336,ACC003515,MER0033,2025-08-01 23:36:49,3.95,gbp,PURCHASE,DECLINED,2025-08-01 23:36:49
TXN00044889,ACC000564,MER0143,2025-09-20 20:05:57,11.02,usd,purchase,DECLINED,2025-09-20 20:05:57
TXN00042643,ACC001125,MER0136,2025-08-27 23:21:38,11.87,NGN,purchase,DECLINED,2025-08-27 23:21:38
TXN00037218,ACC001916,MER0133,2024-01-07 04:04:08,9.2,INR,PURCHASE,POSTED,2025-09-05 08:44:13
TXN00047190,ACC001401,MER0058,2025-09-01 11:52:39,21612.5,INR,PURCHASE,REVERSED,2025-09-01 11:52:39
TXN00042759,ACC002295,MER0149,2025-09-06 15:31:58,14.18,CAD,PURCHASE,PENDING,2025-09-06 15:31:58
TXN00027389,ACC001716,MER0037,2024-01-15 05:50:24,126.58,NGN,TRANSFER,POSTED,2025-07-04 19:39:53
TXN00041363,ACC000893,MER0025,2025-09-16 03:30:40,14.05,JPY,purchase,DECLINED,2025-09-16 03:30:40
TXN00040127,ACC002452,MER0107,2025-08-17 03:34:20,44.26,INR,TRANSFER,PENDING,2025-08-17 03:34:20
TXN00043084,ACC000942,MER0029,2025-09-01 12:57:14,8.64,usd,PURCHASE,REVERSED,2025-09-01 12:57:14
TXN00044598,ACC000205,MER0021,2025-07-26 22:38:23,3.11,GBP,PURCHASE,DECLINED,2025-07-26 22:38:23
TXN00040463,ACC001832,MER0026,2025-08-14 04:16:58,35.13,GBP,PURCHASE,REVERSED,2025-08-14 04:16:58
TXN00041470,ACC001251,MER0061,2025-09-27 19:04:08,28.73,USD,PURCHASE,PENDING,2025-09-27 19:04:08
TXN00041559,ACC000568,MER0110,2025-07-07 16:48:21,100.28,GBP,PURCHASE,posted,2025-07-07 16:48:21
TXN00044420,ACC002734,MER0101,2025-07-28 03:44:44,22.79,usd,PURCHASE,REVERSED,2025-07-28 03:44:44
TXN00042371,ACC003558,MER0110,2025-07-08 04:07:22,23.65,CAD,purchase,posted,2025-07-08 04:07:22
TXN00043830,ACC000721,MER0140,2025-07-26 10:29:32,2.99,CAD,PURCHASE,PENDING,2025-07-26 10:29:32
TXN00047965,ACC003172,MER0094,2025-07-19 12:00:57,163.47,GBP,DEPOSIT,POSTED,2025-07-19 12:00:57
TXN00044546,ACC000252,MER0136,2025-08-22 21:58:29,31.37,NGN,REFUND,posted,2025-08-22 21:58:29
TXN00040778,ACC003112,MER0007,2025-09-08 16:21:06,21.44,JPY,WITHDRAWAL,REVERSED,2025-09-08 16:21:06
TXN00022871,ACC000728,MER0138,2025-06-25 02:32:12,7.19,gbp,TRANSFER,REVERSED,2025-07-22 00:33:06
TXN00047436,ACC001964,MER0003,2025-08-23 00:56:54,5.49,CAD,PURCHASE,posted,2025-08-23 00:56:54
TXN00045035,ACC002952,MER0071,2025-08-12 05:33:44,13132.79,usd,TRANSFER,REVERSED,2025-08-12 05:33:44
TXN00047975,ACC002772,MER0117,2025-08-28 12:05:25,30.13,GBP,TRANSFER,PENDING,2025-08-28 12:05:25
TXN00047403,ACC000663,MER0095,2025-07-13 23:08:09,58.53,INR,purchase,REVERSED,2025-07-13 23:08:09
TXN00045656,ACC000873,MER0107,2025-07-29 22:21:52,89.69,EUR,DEPOSIT,posted,2025-07-29 22:21:52
TXN00047458,ACC003588,MER0119,2025-07-05 00:10:53,11.82,EUR,REFUND,posted,2025-07-05 00:10:53
TXN00047707,ACC000586,MER0098,2025-07-24 04:40:17,71.98,NGN,PURCHASE,PENDING,2025-07-24 04:40:17
TXN00045870,ACC000290,MER0132,2025-07-29 01:56:24,50.69,GBP,purchase,posted,2025-07-29 01:56:24
TXN00032409,ACC003464,MER0053,2025-01-08 23:34:22,30.03,EUR,REFUND,DECLINED,2025-09-10 09:08:49
TXN00047147,ACC003514,MER0139,2025-09-18 05:29:22,11.28,JPY,purchase,DECLINED,2025-09-18 05:29:22
TXN00046809,ACC003113,MER0016,2025-08-28 23:17:52,27.72,USD,DEPOSIT,REVERSED,2025-08-28 23:17:52
TXN00038770,ACC002614,MER0145,2024-09-22 12:12:15,20.88,GBP,DEPOSIT,POSTED,2025-07-04 14:08:11
TXN00042145,ACC003009,MER0121,2025-08-26 18:40:52,16.52,USD,TRANSFER,PENDING,2025-08-26 18:40:52
TXN00047168,ACC000158,MER0071,2025-09-03 14:21:57,8.24,INR,PURCHASE,DECLINED,2025-09-03 14:21:57
TXN00044867,ACC001728,MER0109,2025-09-09 01:37:10,3.78,usd,PURCHASE,POSTED,2025-09-09 01:37:10
TXN00041557,ACC000904,MER0127,2025-08-20 12:10:51,142.78,JPY,purchase,posted,2025-08-20 12:10:51
TXN00040576,ACC003530,MER0121,2025-07-03 04:00:26,11851.98,USD,DEPOSIT,POSTED,2025-07-03 04:00:26
TXN00044655,ACC001945,MER0110,2025-07-30 13:06:26,36.9,EUR,purchase,DECLINED,2025-07-30 13:06:26
TXN00044701,ACC001864,MER0076,2025-07-02 22:28:25,86.47,NGN,purchase,PENDING,2025-07-02 22:28:25
TXN00045589,ACC000313,MER0038,2025-09-25 04:49:08,9.68,INR,TRANSFER,REVERSED,2025-09-25 04:49:08
TXN00043714,ACC002616,MER0123,2025-08-25 02:08:27,42.83,USD,WITHDRAWAL,PENDING,2025-08-25 02:08:27
TXN00046511,ACC000059,MER0129,2025-09-30 20:59:19,23.06,usd,PURCHASE,POSTED,2025-09-30 20:59:19
TXN00044038,ACC001655,MER0012,2025-08-24 19:24:31,2.75,usd,WITHDRAWAL,DECLINED,2025-08-24 19:24:31
TXN00041712,ACC002065,MER0054,2025-07-20 18:34:30,9.66,INR,TRANSFER,POSTED,2025-07-20 18:34:30
TXN00046337,ACC002080,MER0115,2025-07-18 15:55:23,2.56,USD,PURCHASE,DECLINED,2025-07-18 15:55:23
TXN00042110,ACC002041,MER0092,2025-07-11 17:27:39,27.4,EUR,DEPOSIT,REVERSED,2025-07-11 17:27:39
TXN00010126,ACC002151,MER0018,2024-05-04 02:35:34,4.74,CAD,REFUND,POSTED,2025-09-29 12:06:06
TXN00046179,ACC000386,MER0017,2025-08-13 23:09:29,7.29,INR,PURCHASE,REVERSED,2025-08-13 23:09:29
TXN00045459,ACC003683,MER0116,2025-09-05 17:12:57,10.44,USD,TRANSFER,PENDING,2025-09-05 17:12:57
TXN00044224,ACC001517,MER0053,2025-09-11 14:35:13,9.5,INR,purchase,POSTED,2025-09-11 14:35:13
TXN00040769,ACC000506,MER0012,2025-07-15 09:39:31,43.69,GBP,PURCHASE,REVERSED,2025-07-15 09:39:31
TXN00046409,ACC001964,MER0069,2025-08-04 02:05:51,16.59,EUR,TRANSFER,POSTED,2025-08-04 02:05:51
TXN00044844,ACC001373,MER0079,2025-07-25 23:50:03,50.26,NGN,TRANSFER,posted,2025-07-25 23:50:03
TXN00041606,ACC002943,MER0028,2025-09-28 14:15:07,13.91,NGN,TRANSFER,posted,2025-09-28 14:15:07
TXN00047152,ACC001159,MER0065,2025-08-01 04:17:22,77.44,gbp,purchase,DECLINED,2025-08-01 04:17:22
TXN00042531,ACC003194,MER0046,2025-09-18 02:23:07,25.15,CAD,TRANSFER,posted,2025-09-18 02:23:07
TXN00042582,ACC000284,MER0089,2025-07-27 17:16:20,9.37,CAD,DEPOSIT,PENDING,2025-07-27 17:16:20
TXN00045879,ACC003473,MER0106,2025-08-04 07:59:21,4.09,GBP,PURCHASE,REVERSED,2025-08-04 07:59:21
TXN00046838,ACC001563,MER0129,2025-08-27 20:09:36,10.06,usd,TRANSFER,PENDING,2025-08-27 20:09:36
TXN00044041,ACC003345,MER0040,2025-09-22 09:19:24,8.15,JPY,purchase,posted,2025-09-22 09:19:24
TXN00046338,ACC000635,MER0078,2025-08-09 01:35:15,14.37,INR,TRANSFER,DECLINED,2025-08-09 01:35:15
TXN00047365,ACC002147,MER0060,2025-07-04 06:27:18,23.91,INR,PURCHASE,posted,2025-07-04 06:27:18
TXN00041421,ACC003202,MER0133,2025-07-21 14:46:44,39564.26,EUR,WITHDRAWAL,posted,2025-07-21 14:46:44
TXN00041199,ACC001754,MER0039,2025-08-20 19:06:25,32.43,GBP,purchase,REVERSED,2025-08-20 19:06:25
TXN00042824,ACC003366,MER0106,2025-09-11 18:15:06,14.81,gbp,purchase,DECLINED,2025-09-11 18:15:06
TXN00047899,ACC000155,MER0018,2025-08-30 19:40:48,11.58,gbp,WITHDRAWAL,DECLINED,2025-08-30 19:40:48
TXN00045089,ACC000327,MER0127,2025-08-20 22:59:36,10.84,GBP,WITHDRAWAL,posted,2025-08-20 22:59:36
TXN00043607,ACC001908,MER0040,2025-09-20 23:10:35,14.91,EUR,purchase,DECLINED,2025-09-20 23:10:35
TXN00045644,ACC001907,MER0014,2025-07-26 11:05:37,65.07,INR,WITHDRAWAL,DECLINED,2025-07-26 11:05:37
TXN00040121,ACC002106,MER0110,2025-09-26 11:39:14,8.7,USD,purchase,POSTED,2025-09-26 11:39:14
TXN00043191,ACC002710,MER0006,2025-08-18 21:33:17,6.48,usd,purchase,DECLINED,2025-08-18 21:33:17
TXN00047227,ACC001846,MER0008,2025-08-21 06:26:44,205.54,gbp,REFUND,POSTED,2025-08-21 06:26:44
TXN00042845,ACC002731,MER0121,2025-09-05 18:13:00,48.67,CAD,DEPOSIT,DECLINED,2025-09-05 18:13:00
TXN00043963,ACC001838,MER0010,2025-09-20 08:21:07,10.32,GBP,PURCHASE,PENDING,2025-09-20 08:21:07
TXN00043333,ACC003292,MER0094,2025-07-22 11:50:43,14.0,usd,WITHDRAWAL,REVERSED,2025-07-22 11:50:43
TXN00047294,ACC000358,MER0146,2025-09-27 17:34:28,92.14,usd,REFUND,REVERSED,2025-09-27 17:34:28
TXN00044193,ACC001711,MER0022,2025-09-23 04:06:38,18.56,NGN,WITHDRAWAL,POSTED,2025-09-23 04:06:38
TXN00043137,ACC001629,MER0101,2025-09-20 01:40:33,162.22,USD,DEPOSIT,posted,2025-09-20 01:40:33
TXN00047750,ACC002823,MER0139,2025-09-12 09:46:14,29.34,USD,DEPOSIT,posted,2025-09-12 09:46:14
TXN00044679,ACC000713,MER0139,2025-08-24 22:18:44,24.39,NGN,purchase,POSTED,2025-08-24 22:18:44
TXN00046933,ACC002332,MER0087,2025-07-01 13:58:10,17.78,CAD,TRANSFER,PENDING,2025-07-01 13:58:10
TXN00044752,ACC003951,MER0007,2025-09-23 23:22:36,22.63,NGN,REFUND,posted,2025-09-23 23:22:36
TXN00042665,ACC001660,MER0119,2025-07-19 05:12:08,19.42,usd,purchase,DECLINED,2025-07-19 05:12:08
TXN00043101,ACC000951,MER0006,2025-08-22 20:13:26,3.59,INR,TRANSFER,PENDING,2025-08-22 20:13:26
TXN00046522,ACC002943,MER0079,2025-09-27 22:42:23,10.36,CAD,WITHDRAWAL,PENDING,2025-09-27 22:42:23
TXN00043968,ACC000600,MER0077,2025-07-10 03:32:07,67.46,gbp,REFUND,DECLINED,2025-07-10 03:32:07
TXN00046008,ACC002436,MER0086,2025-09-28 04:54:07,160.79,usd,PURCHASE,PENDING,2025-09-28 04:54:07
TXN00042351,ACC002720,MER0148,2025-07-03 08:14:47,41.04,USD,PURCHASE,POSTED,2025-07-03 08:14:47
TXN00043103,ACC000748,MER0045,2025-08-06 23:17:14,12.86,JPY,REFUND,POSTED,2025-08-06 23:17:14
TXN00041398,ACC002241,MER0109,2025-09-15 03:42:34,2.59,EUR,TRANSFER,posted,2025-09-15 03:42:34
TXN00043774,ACC003022,MER0035,2025-07-01 06:58:05,8.61,NGN,TRANSFER,REVERSED,2025-07-01 06:58:05
TXN00043578,ACC002693,MER0047,2025-09-19 03:56:13,53.95,INR,purchase,DECLINED,2025-09-19 03:56:13
TXN00042820,ACC000715,MER0048,2025-08-21 19:08:45,7.44,EUR,purchase,DECLINED,2025-08-21 19:08:45
TXN00044520,ACC001576,MER0098,2025-08-17 08:38:03,32.04,usd,PURCHASE,PENDING,2025-08-17 08:38:03
TXN00042896,ACC000535,MER0045,2025-07-31 03:29:35,12.48,INR,DEPOSIT,POSTED,2025-07-31 03:29:35
TXN00047794,ACC001121,MER0023,2025-09-13 06:59:54,13.26,GBP,TRANSFER,DECLINED,2025-09-13 06:59:54
TXN00044120,ACC001939,MER9999,2025-08-21 08:05:20,142.08,INR,PURCHASE,REVERSED,2025-08-21 08:05:20
TXN00044777,ACC002454,MER0085,2025-08-16 20:21:15,30.73,GBP,TRANSFER,PENDING,2025-08-16 20:21:15
TXN00044357,ACC001458,MER0096,2025-09-20 19:50:09,173.72,usd,purchase,posted,2025-09-20 19:50:09
TXN00047379,ACC001854,MER0051,2025-08-15 10:48:11,42.31,usd,DEPOSIT,DECLINED,2025-08-15 10:48:11
TXN00042211,ACC001907,MER0106,2025-09-01 21:32:02,21.24,usd,PURCHASE,posted,2025-09-01 21:32:02
TXN00047751,ACC000570,MER0037,2025-08-08 07:00:01,5.98,JPY,DEPOSIT,PENDING,2025-08-08 07:00:01
TXN00043367,ACC001206,MER0115,2025-07-30 18:14:16,11.46,USD,REFUND,DECLINED,2025-07-30 18:14:16
TXN00040864,ACC003162,MER0086,2025-07-08 02:37:33,67.58,EUR,WITHDRAWAL,POSTED,2025-07-08 02:37:33
TXN00043512,ACC001337,MER0145,2025-07-18 13:01:25,31.26,GBP,WITHDRAWAL,posted,2025-07-18 13:01:25
TXN00040707,ACC003457,MER0150,2025-08-26 07:01:53,12.74,INR,REFUND,DECLINED,2025-08-26 07:01:53
TXN00041151,ACC001673,MER0141,2025-07-10 21:53:41,27.94,INR,TRANSFER,DECLINED,2025-07-10 21:53:41
TXN00042349,ACC002985,MER0073,2025-07-16 07:43:51,36.7,INR,TRANSFER,posted,2025-07-16 07:43:51
TXN00046038,ACC000710,MER0080,2025-07-19 19:23:53,31.34,CAD,purchase,posted,2025-07-19 19:23:53
TXN00041531,ACC000677,MER0140,2025-07-02 01:04:27,3.98,usd,purchase,DECLINED,2025-07-02 01:04:27
TXN00040416,ACC000515,MER0057,2025-07-08 16:47:59,14.31,JPY,WITHDRAWAL,POSTED,2025-07-08 16:47:59
TXN00046525,ACC001660,MER0007,2025-08-12 15:54:28,24.01,EUR,REFUND,POSTED,2025-08-12 15:54:28
TXN00040575,ACC003756,MER0076,2025-09-28 20:03:48,25.78,JPY,WITHDRAWAL,POSTED,2025-09-28 20:03:48
TXN00047385,ACC001458,MER0061,2025-07-07 11:11:33,5.71,INR,TRANSFER,REVERSED,2025-07-07 11:11:33
TXN00025576,ACC001375,MER0073,2025-01-22 12:58:37,47.49,usd,DEPOSIT,POSTED,2025-07-04 13:21:18
TXN00041196,ACC002672,MER0141,2025-09-30 03:58:04,69.42,JPY,DEPOSIT,posted,2025-09-30 03:58:04
TXN00047384,ACC002959,MER0118,2025-09-26 20:49:47,32.06,gbp,PURCHASE,PENDING,2025-09-26 20:49:47
TXN00045401,ACC001177,MER0128,2025-07-01 09:47:28,3.88,USD,REFUND,DECLINED,2025-07-01 09:47:28
TXN00047180,ACC002422,MER0120,2025-07-23 11:31:59,78.9,CAD,PURCHASE,REVERSED,2025-07-23 11:31:59
TXN00043252,ACC003157,MER0138,2025-07-22 21:32:00,76.35,gbp,WITHDRAWAL,REVERSED,2025-07-22 21:32:00
TXN00041983,ACC001720,MER0133,2025-08-14 14:11:15,10.99,INR,purchase,posted,2025-08-14 14:11:15
TXN00047528,ACC001117,MER0105,2025-07-02 08:39:43,19.81,NGN,purchase,DECLINED,2025-07-02 08:39:43
TXN00042741,ACC001485,MER0092,2025-09-13 12:05:11,190.46,GBP,PURCHASE,POSTED,2025-09-13 12:05:11
TXN00041001,ACC000467,MER0094,2025-07-10 20:30:47,16.53,EUR,purchase,posted,2025-07-10 20:30:47
TXN00042709,ACC000594,MER0144,2025-09-05 09:44:05,80.31,NGN,WITHDRAWAL,DECLINED,2025-09-05 09:44:05
TXN00045863,ACC003052,MER0017,2025-07-26 19:48:06,44.48,GBP,TRANSFER,DECLINED,2025-07-26 19:48:06
TXN00041993,ACC002118,MER0043,2025-07-19 12:00:23,17.07,NGN,REFUND,posted,2025-07-19 12:00:23
TXN00044407,ACC000518,MER0050,2025-09-23 10:34:44,30169.15,INR,DEPOSIT,DECLINED,2025-09-23 10:34:44
TXN00043379,ACC002489,MER0061,2025-09-14 23:18:14,1.7,INR,DEPOSIT,PENDING,2025-09-14 23:18:14
TXN00046357,ACC002409,MER0068,2025-07-14 04:43:49,29.95,JPY,REFUND,POSTED,2025-07-14 04:43:49
TXN00047145,ACC002983,MER0014,2025-07-17 15:26:53,23.85,EUR,TRANSFER,DECLINED,2025-07-17 15:26:53
TXN00040124,ACC003068,MER0123,2025-08-05 20:13:04,13.66,NGN,DEPOSIT,POSTED,2025-08-05 20:13:04
TXN00042322,ACC000482,MER0069,2025-07-03 14:43:08,17.69,GBP,purchase,PENDING,2025-07-03 14:43:08
TXN00045504,ACC003374,MER0020,2025-07-30 11:42:00,31.19,INR,DEPOSIT,posted,2025-07-30 11:42:00
TXN00045055,ACC002665,MER0003,2025-09-03 11:48:28,133.46,USD,WITHDRAWAL,posted,2025-09-03 11:48:28
TXN00041344,ACC000766,MER0003,2025-07-02 22:01:21,20.59,INR,purchase,REVERSED,2025-07-02 22:01:21
TXN00041757,ACC000487,MER0120,2025-09-11 11:36:19,5.94,CAD,DEPOSIT,PENDING,2025-09-11 11:36:19
TXN00041820,ACC001759,MER0005,2025-07-22 01:55:06,76.92,EUR,DEPOSIT,REVERSED,2025-07-22 01:55:06
TXN00042644,ACC003261,MER0020,2025-08-11 15:27:18,33.87,EUR,DEPOSIT,posted,2025-08-11 15:27:18
TXN00047620,ACC002339,MER0106,2025-07-25 18:13:11,119.74,usd,WITHDRAWAL,PENDING,2025-07-25 18:13:11
TXN00042439,ACC000436,MER0124,2025-08-07 13:46:28,8.6,EUR,PURCHASE,POSTED,2025-08-07 13:46:28
TXN00040116,ACC003104,MER0089,2025-07-15 22:52:31,4.23,USD,PURCHASE,posted,2025-07-15 22:52:31
TXN00045675,ACC003376,MER0096,2025-09-28 14:07:18,7.09,usd,PURCHASE,posted,2025-09-28 14:07:18
TXN00044343,ACC000894,MER0119,2025-08-07 14:25:28,12.69,usd,purchase,posted,2025-08-07 14:25:28
TXN00042685,ACC001788,MER0115,2025-07-20 21:35:20,8.98,INR,TRANSFER,posted,2025-07-20 21:35:20
TXN00044433,ACC002084,MER0038,2025-07-01 15:09:40,38.63,CAD,WITHDRAWAL,POSTED,2025-07-01 15:09:40
TXN00043725,ACC003514,MER0080,2025-07-26 19:22:28,24.86,CAD,TRANSFER,posted,2025-07-26 19:22:28
TXN00023476,ACC001313,MER0085,2025-05-15 20:17:19,15.8,NGN,REFUND,REVERSED,2025-09-21 09:31:20
TXN00045170,ACC000518,MER0038,2025-08-06 19:12:35,32363.11,JPY,PURCHASE,DECLINED,2025-08-06 19:12:35
TXN00041095,ACC000302,MER0035,2025-08-18 14:08:32,141.0,EUR,WITHDRAWAL,REVERSED,2025-08-18 14:08:32
TXN00047057,ACC000098,MER0093,2025-09-15 22:28:31,175.06,usd,WITHDRAWAL,PENDING,2025-09-15 22:28:31
TXN00042796,ACC000395,MER0106,2025-09-01 21:44:39,37.7,usd,DEPOSIT,DECLINED,2025-09-01 21:44:39
TXN00047091,ACC000223,MER0120,2025-09-29 04:13:38,12.2,INR,DEPOSIT,PENDING,2025-09-29 04:13:38
TXN00045686,ACC002767,MER0061,2025-09-06 16:47:04,27.19,INR,PURCHASE,posted,2025-09-06 16:47:04
TXN00043012,ACC001824,MER0133,2025-07-15 01:13:59,19.14,CAD,REFUND,posted,2025-07-15 01:13:59
TXN00047443,ACC003254,MER0098,2025-07-22 00:10:43,188.27,CAD,PURCHASE,REVERSED,2025-07-22 00:10:43
TXN00043001,ACC000835,MER0023,2025-09-07 23:36:53,17.52,usd,DEPOSIT,posted,2025-09-07 23:36:53
TXN00043803,ACC003569,MER0045,2025-09-29 22:07:35,7.82,gbp,PURCHASE,DECLINED,2025-09-29 22:07:35
TXN00044993,ACC002285,MER0009,2025-08-31 01:59:11,36.0,JPY,REFUND,POSTED,2025-08-31 01:59:11
TXN00044729,ACC000256,MER0002,2025-07-26 18:04:38,17.23,usd,purchase,posted,2025-07-26 18:04:38
TXN00046394,ACC002815,MER0101,2025-07-28 03:50:43,3.52,CAD,TRANSFER,posted,2025-07-28 03:50:43
TXN00040433,ACC003784,MER0003,2025-09-29 06:56:34,198.16,EUR,PURCHASE,PENDING,2025-09-29 06:56:34
TXN00041222,ACC003280,MER0102,2025-08-07 10:50:46,49.9,INR,WITHDRAWAL,PENDING,2025-08-07 10:50:46
TXN00046397,ACC003144,MER0074,2025-08-06 15:28:05,7.77,GBP,DEPOSIT,posted,2025-08-06 15:28:05
TXN00043142,ACC001023,MER0004,2025-08-09 04:42:33,14.7,USD,REFUND,REVERSED,2025-08-09 04:42:33
TXN00044060,ACC003781,MER0029,2025-08-09 21:52:41,64.67,gbp,TRANSFER,PENDING,2025-08-09 21:52:41
TXN00040491,ACC001945,MER0033,2025-08-09 09:35:37,44.56,CAD,REFUND,DECLINED,2025-08-09 09:35:37
TXN00022086,ACC003026,MER0136,2024-06-30 15:54:10,8.02,JPY,purchase,POSTED,2025-09-12 00:20:03
TXN00044088,ACC002159,MER0092,2025-07-03 17:38:52,2.6,gbp,REFUND,POSTED,2025-07-03 17:38:52
TXN00045217,ACC001522,MER0093,2025-07-19 15:27:31,40.08,EUR,DEPOSIT,DECLINED,2025-07-19 15:27:31
TXN00047940,ACC001402,MER0136,2025-08-26 13:40:10,21.75,gbp,REFUND,POSTED,2025-08-26 13:40:10
TXN00043747,ACC001760,MER0048,2025-08-20 06:58:08,18.94,EUR,WITHDRAWAL,POSTED,2025-08-20 06:58:08
TXN00044919,ACC003928,MER0035,2025-08-10 03:17:15,3.28,INR,TRANSFER,REVERSED,2025-08-10 03:17:15
TXN00047192,ACC002763,MER0007,2025-07-23 21:50:53,4.68,JPY,WITHDRAWAL,posted,2025-07-23 21:50:53
TXN00047837,ACC002864,MER0002,2025-09-11 13:18:27,26.8,USD,purchase,POSTED,2025-09-11 13:18:27
TXN00040170,ACC003932,MER0087,2025-07-02 13:17:05,26.34,INR,TRANSFER,PENDING,2025-07-02 13:17:05
TXN00003080,ACC002016,MER0069,2025-05-28 00:38:00,32.57,gbp,purchase,REVERSED,2025-09-29 19:54:09
TXN00040816,ACC001174,MER0029,2025-08-14 09:01:16,77.85,EUR,PURCHASE,POSTED,2025-08-14 09:01:16
TXN00044032,ACC003454,MER0089,2025-08-30 18:10:43,16.98,usd,REFUND,DECLINED,2025-08-30 18:10:43
TXN00042630,ACC003563,MER0015,2025-08-20 15:02:11,151.51,JPY,WITHDRAWAL,PENDING,2025-08-20 15:02:11
TXN00043460,ACC000919,MER0131,2025-07-31 20:26:12,18.47,usd,PURCHASE,PENDING,2025-07-31 20:26:12
TXN00047421,ACC002650,MER0083,2025-08-21 21:28:53,13.55,gbp,PURCHASE,POSTED,2025-08-21 21:28:53
TXN00040912,ACC001771,MER0061,2025-09-10 04:19:30,37.82,usd,purchase,DECLINED,2025-09-10 04:19:30
TXN00043638,ACC000061,MER0127,2025-08-22 03:55:39,20.73,EUR,PURCHASE,PENDING,2025-08-22 03:55:39
TXN00042014,ACC000242,MER0073,2025-08-28 15:59:04,21.13,USD,purchase,PENDING,2025-08-28 15:59:04
TXN00040692,ACC000116,MER0038,2025-08-25 00:20:25,222.6,JPY,TRANSFER,PENDING,2025-08-25 00:20:25
TXN00041464,ACC002437,MER0043,2025-07-28 01:06:33,5.71,NGN,purchase,POSTED,2025-07-28 01:06:33
TXN00044550,ACC001606,MER0043,2025-09-02 06:06:53,15.0,NGN,DEPOSIT,DECLINED,2025-09-02 06:06:53
TXN00043276,ACC002072,MER0029,2025-07-04 22:44:26,99.71,NGN,purchase,DECLINED,2025-07-04 22:44:26
TXN00046587,ACC003632,MER0113,2025-07-08 18:11:35,13.99,NGN,PURCHASE,REVERSED,2025-07-08 18:11:35
TXN00044257,ACC000986,MER0144,2025-09-12 09:37:01,7.5,CAD,REFUND,REVERSED,2025-09-12 09:37:01
TXN00044025,ACC000340,MER0078,2025-08-12 08:13:06,19.42,usd,DEPOSIT,DECLINED,2025-08-12 08:13:06
TXN00041187,ACC000856,MER0141,2025-08-03 02:19:21,21.74,NGN,DEPOSIT,PENDING,2025-08-03 02:19:21
TXN00044686,ACC003242,MER0125,2025-09-14 12:42:50,270.34,JPY,REFUND,POSTED,2025-09-14 12:42:50
TXN00047614,ACC000296,MER0111,2025-09-13 20:48:14,185.53,INR,WITHDRAWAL,PENDING,2025-09-13 20:48:14
TXN00041937,ACC003950,MER0001,2025-07-23 06:13:35,20.3,EUR,PURCHASE,PENDING,2025-07-23 06:13:35
TXN00047906,ACC000935,MER0032,2025-09-13 17:15:21,11.58,CAD,DEPOSIT,REVERSED,2025-09-13 17:15:21
TXN00043155,ACC003106,MER0025,2025-07-28 11:40:34,45.57,gbp,WITHDRAWAL,POSTED,2025-07-28 11:40:34
TXN00041525,ACC000409,MER0055,2025-09-17 20:36:56,65.32,CAD,REFUND,PENDING,2025-09-17 20:36:56
TXN00042341,ACC000952,MER0049,2025-07-23 23:28:15,17.59,USD,REFUND,posted,2025-07-23 23:28:15
TXN00041205,ACC003334,MER0015,2025-09-14 01:52:41,151.79,USD,purchase,POSTED,2025-09-14 01:52:41
TXN00046458,ACC000712,MER0028,2025-09-30 04:27:35,85.89,JPY,PURCHASE,POSTED,2025-09-30 04:27:35
TXN00043912,ACC001183,MER0039,2025-08-31 13:08:53,9.68,INR,TRANSFER,DECLINED,2025-08-31 13:08:53
TXN00046306,ACC000527,MER0027,2025-07-18 03:09:22,35.26,NGN,PURCHASE,POSTED,2025-07-18 03:09:22
TXN00042313,ACC001548,MER0047,2025-09-20 16:21:49,18.3,GBP,WITHDRAWAL,POSTED,2025-09-20 16:21:49
TXN00043550,ACC002839,MER0012,2025-07-23 13:54:49,51.44,usd,purchase,PENDING,2025-07-23 13:54:49
TXN00046903,ACC000106,MER0087,2025-09-19 18:08:38,8.02,CAD,TRANSFER,PENDING,2025-09-19 18:08:38
TXN00043280,ACC000653,MER0081,2025-09-16 11:31:07,7.91,NGN,PURCHASE,REVERSED,2025-09-16 11:31:07
TXN00046983,ACC002069,MER0047,2025-08-03 13:45:25,36.71,usd,TRANSFER,posted,2025-08-03 13:45:25
TXN00040248,ACC001876,MER0131,2025-08-11 22:10:36,39.1,CAD,REFUND,REVERSED,2025-08-11 22:10:36
TXN00047401,ACC003012,MER0121,2025-08-19 10:48:04,51.9,GBP,purchase,REVERSED,2025-08-19 10:48:04
TXN00047220,ACC000247,MER0144,2025-07-18 06:50:33,4.55,usd,WITHDRAWAL,REVERSED,2025-07-18 06:50:33
TXN00040786,ACC000154,MER0080,2025-07-12 15:05:52,14.69,INR,PURCHASE,DECLINED,2025-07-12 15:05:52
TXN00041414,ACC003596,MER0138,2025-09-06 04:29:04,31.62,INR,TRANSFER,REVERSED,2025-09-06 04:29:04
TXN00045129,ACC002770,MER0145,2025-08-19 22:27:41,45.6,usd,purchase,POSTED,2025-08-19 22:27:41
TXN00046223,ACC002547,MER0092,2025-07-02 03:24:15,128.75,JPY,purchase,PENDING,2025-07-02 03:24:15
TXN00046542,ACC000915,MER0026,2025-08-27 11:16:56,19.78,GBP,TRANSFER,DECLINED,2025-08-27 11:16:56
TXN00044308,ACC000443,MER0093,2025-09-29 13:07:22,2.63,USD,TRANSFER,posted,2025-09-29 13:07:22
TXN00045357,ACC001193,MER0116,2025-07-23 07:32:20,101.82,JPY,WITHDRAWAL,DECLINED,2025-07-23 07:32:20
TXN00046527,ACC002749,MER0082,2025-08-26 06:27:52,77.57,CAD,TRANSFER,REVERSED,2025-08-26 06:27:52
TXN00042783,ACC002828,MER0089,2025-07-22 11:53:53,11.89,USD,DEPOSIT,posted,2025-07-22 11:53:53
TXN00045494,ACC001087,MER0035,2025-08-12 23:31:56,96.48,usd,PURCHASE,posted,2025-08-12 23:31:56
TXN00044515,ACC002934,MER0019,2025-08-20 06:09:09,159.43,INR,TRANSFER,PENDING,2025-08-20 06:09:09
TXN00045163,ACC002046,MER0018,2025-08-10 13:05:37,9.2,JPY,WITHDRAWAL,POSTED,2025-08-10 13:05:37
TXN00041984,ACC000567,MER0055,2025-09-19 06:14:41,5.34,NGN,WITHDRAWAL,DECLINED,2025-09-19 06:14:41
TXN00047559,ACC000827,MER0093,2025-09-22 13:42:23,17.72,JPY,REFUND,REVERSED,2025-09-22 13:42:23
TXN00042223,ACC003074,MER0089,2025-09-27 16:04:30,76.53,gbp,purchase,DECLINED,2025-09-27 16:04:30
TXN00045846,ACC001438,MER0082,2025-07-30 18:25:53,26.05,GBP,WITHDRAWAL,DECLINED,2025-07-30 18:25:53
TXN00045826,ACC002155,MER0107,2025-09-08 20:07:09,2.02,INR,DEPOSIT,REVERSED,2025-09-08 20:07:09
TXN00045220,ACC000004,MER0031,2025-07-22 09:18:32,25.48,GBP,PURCHASE,posted,2025-07-22 09:18:32
TXN00041153,ACC000522,MER9999,2025-09-20 11:17:51,9.62,GBP,DEPOSIT,DECLINED,2025-09-20 11:17:51
TXN00047539,ACC002818,MER0070,2025-09-23 04:30:55,3.32,NGN,DEPOSIT,posted,2025-09-23 04:30:55
TXN00047067,ACC001606,MER0063,2025-08-30 14:47:21,23.27,EUR,TRANSFER,POSTED,2025-08-30 14:47:21
TXN00043211,ACC000663,MER0144,2025-07-18 17:55:32,23.49,usd,REFUND,PENDING,2025-07-18 17:55:32
TXN00041866,ACC001158,MER0080,2025-07-07 15:01:41,46.98,gbp,purchase,DECLINED,2025-07-07 15:01:41
TXN00047518,ACC000281,MER0089,2025-07-30 07:15:22,71.6,INR,PURCHASE,posted,2025-07-30 07:15:22
TXN00043186,ACC003483,MER0073,2025-09-01 15:21:12,11.97,gbp,DEPOSIT,POSTED,2025-09-01 15:21:12
TXN00043017,ACC001580,MER0087,2025-07-12 03:42:03,1217.43,GBP,PURCHASE,posted,2025-07-12 03:42:03
TXN00041541,ACC003582,MER0004,2025-08-25 05:02:04,21.32,EUR,PURCHASE,DECLINED,2025-08-25 05:02:04
TXN00040540,ACC000582,MER0012,2025-08-26 05:37:19,8.65,NGN,DEPOSIT,posted,2025-08-26 05:37:19
TXN00028770,ACC001626,MER0036,2024-06-17 17:43:43,36.28,gbp,DEPOSIT,REVERSED,2025-07-13 10:13:30
TXN00023664,ACC000867,MER0123,2024-08-26 05:09:32,16.2,USD,purchase,REVERSED,2025-09-27 10:20:55
TXN00047874,ACC000388,MER0090,2025-08-11 17:16:05,18.13,JPY,TRANSFER,POSTED,2025-08-11 17:16:05
TXN00042319,ACC003602,MER0036,2025-08-10 10:22:19,5.85,EUR,purchase,DECLINED,2025-08-10 10:22:19
TXN00043233,ACC003750,MER0118,2025-09-12 14:38:10,10.66,usd,REFUND,REVERSED,2025-09-12 14:38:10
TXN00047148,ACC002381,MER0015,2025-08-11 19:54:55,7.36,gbp,PURCHASE,REVERSED,2025-08-11 19:54:55
TXN00006915,ACC000559,MER0126,2024-05-15 07:23:14,18.72,EUR,WITHDRAWAL,REVERSED,2025-08-15 09:29:36
TXN00028025,ACC003520,MER0045,2024-06-29 00:21:33,18.03,INR,WITHDRAWAL,REVERSED,2025-09-29 13:15:59
TXN00042839,ACC003590,MER0082,2025-09-26 06:46:34,115.51,NGN,TRANSFER,posted,2025-09-26 06:46:34
TXN00041687,ACC000309,MER0091,2025-09-16 17:08:31,25.81,INR,PURCHASE,PENDING,2025-09-16 17:08:31
TXN00044899,ACC002645,MER0118,2025-09-16 02:06:52,48.38,INR,WITHDRAWAL,PENDING,2025-09-16 02:06:52
TXN00044706,ACC002906,MER0102,2025-07-09 04:08:17,14.73,USD,WITHDRAWAL,REVERSED,2025-07-09 04:08:17
TXN00040733,ACC000475,MER0085,2025-08-08 04:38:26,49.8,CAD,PURCHASE,REVERSED,2025-08-08 04:38:26
TXN00043663,ACC000239,MER0128,2025-09-04 07:24:51,4.99,INR,purchase,POSTED,2025-09-04 07:24:51
TXN00045338,ACC003052,MER0049,2025-08-05 09:42:50,11.26,GBP,DEPOSIT,posted,2025-08-05 09:42:50
TXN00043196,ACC003507,MER0105,2025-07-21 19:17:16,16.82,JPY,PURCHASE,DECLINED,2025-07-21 19:17:16
TXN00047985,ACC003255,MER0126,2025-07-26 07:07:49,8.7,gbp,PURCHASE,REVERSED,2025-07-26 07:07:49
TXN00044884,ACC001032,MER0029,2025-08-15 02:42:24,26.59,NGN,DEPOSIT,posted,2025-08-15 02:42:24
TXN00040112,ACC000114,MER0085,2025-09-18 20:24:50,134.75,INR,DEPOSIT,REVERSED,2025-09-18 20:24:50
TXN00047828,ACC002007,MER0093,2025-08-15 15:57:27,14.32,GBP,WITHDRAWAL,PENDING,2025-08-15 15:57:27
TXN00044089,ACC003381,MER0130,2025-08-25 23:27:25,8.14,USD,REFUND,POSTED,2025-08-25 23:27:25
TXN00015861,ACC002990,MER0078,2025-05-20 16:07:42,193.21,gbp,TRANSFER,DECLINED,2025-08-04 05:10:55
TXN00045174,ACC003210,MER0010,2025-07-15 14:50:58,21.08,CAD,REFUND,POSTED,2025-07-15 14:50:58
TXN00046025,ACC002932,MER0027,2025-09-17 23:12:39,47.29,NGN,purchase,PENDING,2025-09-17 23:12:39
TXN00041186,ACC000092,MER0100,2025-09-09 23:22:56,2.17,CAD,TRANSFER,posted,2025-09-09 23:22:56
TXN00042702,ACC000287,MER0100,2025-09-14 04:15:22,24.1,NGN,REFUND,PENDING,2025-09-14 04:15:22
TXN00044579,ACC001470,MER0118,2025-09-14 09:36:53,3.18,CAD,WITHDRAWAL,REVERSED,2025-09-14 09:36:53
TXN00047739,ACC002732,MER0003,2025-07-24 19:39:44,137.42,USD,REFUND,PENDING,2025-07-24 19:39:44
TXN00044969,ACC002092,MER0047,2025-07-28 22:02:50,33.42,CAD,PURCHASE,posted,2025-07-28 22:02:50
TXN00045614,ACC002705,MER0034,2025-08-22 10:37:37,22.0,usd,DEPOSIT,POSTED,2025-08-22 10:37:37
TXN00047059,ACC003824,MER0069,2025-07-04 12:13:25,183.09,gbp,PURCHASE,PENDING,2025-07-04 12:13:25
TXN00041745,ACC003185,MER0120,2025-08-02 16:39:31,31.72,CAD,REFUND,posted,2025-08-02 16:39:31
TXN00040075,ACC000156,MER0026,2025-09-01 16:52:23,112.1,INR,DEPOSIT,REVERSED,2025-09-01 16:52:23
TXN00045622,ACC000346,MER0104,2025-08-13 15:24:02,223.52,GBP,TRANSFER,POSTED,2025-08-13 15:24:02
TXN00038180,ACC002334,MER0145,2024-05-04 09:43:55,3.23,INR,PURCHASE,REVERSED,2025-07-28 23:04:32
TXN00044142,ACC002929,MER0022,2025-08-28 22:29:05,44.6,usd,TRANSFER,posted,2025-08-28 22:29:05
TXN00044348,ACC002921,MER0084,2025-07-23 07:24:54,37286.74,usd,PURCHASE,PENDING,2025-07-23 07:24:54
TXN00041286,ACC001875,MER0033,2025-07-18 06:19:50,9.13,EUR,DEPOSIT,DECLINED,2025-07-18 06:19:50
TXN00047493,ACC000442,MER0008,2025-08-10 14:50:15,38.36,usd,TRANSFER,REVERSED,2025-08-10 14:50:15
TXN00047996,ACC002978,MER0070,2025-08-10 22:24:00,9.34,gbp,WITHDRAWAL,DECLINED,2025-08-10 22:24:00
TXN00042207,ACC000679,MER0149,2025-07-20 03:54:39,23.87,EUR,REFUND,REVERSED,2025-07-20 03:54:39
TXN00042528,ACC002194,MER0087,2025-09-22 15:03:22,20.76,CAD,purchase,REVERSED,2025-09-22 15:03:22
TXN00043416,ACC003473,MER0040,2025-07-09 08:25:08,21.8,JPY,REFUND,DECLINED,2025-07-09 08:25:08
TXN00043261,ACC000893,MER0102,2025-08-21 03:04:31,12.06,NGN,TRANSFER,posted,2025-08-21 03:04:31
TXN00040764,ACC000782,MER0089,2025-09-25 14:47:06,48.22,USD,WITHDRAWAL,posted,2025-09-25 14:47:06
TXN00041900,ACC001144,MER0146,2025-08-29 16:02:34,9.51,gbp,WITHDRAWAL,DECLINED,2025-08-29 16:02:34
TXN00040966,ACC000959,MER0050,2025-08-12 13:28:10,5.21,USD,PURCHASE,REVERSED,2025-08-12 13:28:10
TXN00046160,ACC003293,MER0135,2025-09-02 06:21:03,48.16,usd,REFUND,PENDING,2025-09-02 06:21:03
TXN00045287,ACC002255,MER0057,2025-07-30 17:02:28,38.33,usd,TRANSFER,posted,2025-07-30 17:02:28
TXN00044012,ACC003034,MER0148,2025-09-01 08:49:24,38.1,usd,PURCHASE,PENDING,2025-09-01 08:49:24
TXN00044092,ACC002234,MER0138,2025-07-24 06:35:47,6.06,gbp,purchase,POSTED,2025-07-24 06:35:47
TXN00040244,ACC003180,MER0040,2025-08-01 13:30:35,74.23,usd,REFUND,posted,2025-08-01 13:30:35
TXN00042543,ACC003099,MER0043,2025-07-13 18:28:00,99.49,USD,DEPOSIT,REVERSED,2025-07-13 18:28:00
TXN00040029,ACC001243,MER0066,2025-08-25 11:38:16,6.56,INR,TRANSFER,posted,2025-08-25 11:38:16
TXN00043478,ACC002461,MER0010,2025-08-04 22:17:21,60.84,USD,TRANSFER,REVERSED,2025-08-04 22:17:21
TXN00045948,ACC001628,MER0017,2025-08-08 13:32:13,30.38,INR,DEPOSIT,REVERSED,2025-08-08 13:32:13
TXN00045937,ACC001810,MER0035,2025-08-21 15:35:03,2.85,CAD,DEPOSIT,POSTED,2025-08-21 15:35:03
TXN00041686,ACC001308,MER0020,2025-09-07 03:14:39,16.57,gbp,WITHDRAWAL,posted,2025-09-07 03:14:39
TXN00042335,ACC000797,MER0076,2025-08-30 03:18:39,16617.99,INR,WITHDRAWAL,DECLINED,2025-08-30 03:18:39
TXN00042561,ACC002796,MER0080,2025-07-01 00:50:59,121.1,INR,purchase,POSTED,2025-07-01 00:50:59
TXN00044803,ACC001770,MER0108,2025-08-06 02:24:30,18.22,INR,REFUND,PENDING,2025-08-06 02:24:30
TXN00042962,ACC002702,MER0116,2025-09-11 18:07:06,86.85,INR,purchase,posted,2025-09-11 18:07:06
TXN00043851,ACC003671,MER0054,2025-08-19 13:38:02,39672.18,JPY,REFUND,PENDING,2025-08-19 13:38:02
TXN00042646,ACC003474,MER0125,2025-09-30 15:40:45,8.8,INR,TRANSFER,REVERSED,2025-09-30 15:40:45
TXN00043616,ACC001520,MER0142,2025-09-25 20:57:41,136.39,usd,DEPOSIT,POSTED,2025-09-25 20:57:41
TXN00047278,ACC001891,MER0124,2025-09-06 08:41:02,71.27,CAD,WITHDRAWAL,POSTED,2025-09-06 08:41:02
TXN00044966,ACC003070,MER0070,2025-08-04 09:00:10,57.0,usd,PURCHASE,REVERSED,2025-08-04 09:00:10
TXN00006222,ACC001323,MER0145,2024-10-18 02:45:37,6.95,CAD,REFUND,DECLINED,2025-07-14 22:26:57
TXN00040566,ACC001922,MER0132,2025-09-28 16:27:45,13.28,NGN,TRANSFER,REVERSED,2025-09-28 16:27:45
TXN00043313,ACC001147,MER0029,2025-07-26 04:30:17,52.54,USD,PURCHASE,PENDING,2025-07-26 04:30:17
TXN00042353,ACC000115,MER0136,2025-07-23 14:52:31,13.73,usd,WITHDRAWAL,PENDING,2025-07-23 14:52:31
TXN00040945,ACC003076,MER0096,2025-08-04 19:42:10,26.2,usd,PURCHASE,DECLINED,2025-08-04 19:42:10
TXN00045379,ACC001969,MER0138,2025-07-02 23:47:39,56.86,INR,purchase,POSTED,2025-07-02 23:47:39
TXN00041670,ACC000113,MER0064,2025-08-27 20:19:07,62.9,JPY,TRANSFER,posted,2025-08-27 20:19:07
TXN00043608,ACC002710,MER0083,2025-07-05 19:09:44,9.81,JPY,WITHDRAWAL,POSTED,2025-07-05 19:09:44
TXN00046334,ACC002639,MER0063,2025-09-28 10:02:40,6.96,NGN,TRANSFER,PENDING,2025-09-28 10:02:40
TXN00044261,ACC001826,MER0119,2025-07-15 07:36:12,9.43,NGN,DEPOSIT,posted,2025-07-15 07:36:12
TXN00045039,ACC000578,MER0083,2025-07-07 11:29:35,78.48,USD,REFUND,PENDING,2025-07-07 11:29:35
TXN00041425,ACC001285,MER0097,2025-09-30 00:45:35,9.63,INR,purchase,REVERSED,2025-09-30 00:45:35
TXN00040686,ACC000385,MER0037,2025-07-15 03:46:29,10.45,GBP,REFUND,PENDING,2025-07-15 03:46:29
TXN00045938,ACC001271,MER0020,2025-09-16 04:00:28,14842.72,USD,WITHDRAWAL,posted,2025-09-16 04:00:28
TXN00045559,ACC003522,MER0007,2025-08-27 08:08:29,120.21,CAD,REFUND,REVERSED,2025-08-27 08:08:29
TXN00043335,ACC002671,MER0047,2025-08-06 01:03:12,32.51,NGN,TRANSFER,DECLINED,2025-08-06 01:03:12
TXN00045975,ACC000868,MER0037,2025-08-03 19:20:20,17.55,USD,purchase,POSTED,2025-08-03 19:20:20
TXN00045339,ACC002453,MER0020,2025-07-17 16:11:42,60.74,gbp,DEPOSIT,POSTED,2025-07-17 16:11:42
TXN00046678,ACC001361,MER0100,2025-08-22 06:44:21,17.77,EUR,DEPOSIT,POSTED,2025-08-22 06:44:21
TXN00040009,ACC000126,MER0128,2025-09-30 18:29:02,29.27,CAD,TRANSFER,DECLINED,2025-09-30 18:29:02
TXN00043943,ACC003625,MER0076,2025-09-30 16:06:17,108.11,JPY,purchase,PENDING,2025-09-30 16:06:17
TXN00045268,ACC003324,MER0138,2025-07-12 01:48:47,20.56,CAD,purchase,PENDING,2025-07-12 01:48:47
TXN00045255,ACC001484,MER0032,2025-08-13 19:09:12,82.95,INR,WITHDRAWAL,DECLINED,2025-08-13 19:09:12
TXN00029282,ACC000754,MER0054,2024-07-18 23:52:26,24.66,USD,PURCHASE,REVERSED,2025-09-13 13:56:28
TXN00040767,ACC001179,MER0002,2025-09-09 19:18:18,19.92,GBP,TRANSFER,POSTED,2025-09-09 19:18:18
TXN00046776,ACC000821,MER0059,2025-09-28 07:33:47,6.3,gbp,DEPOSIT,REVERSED,2025-09-28 07:33:47
TXN00042068,ACC003109,MER0020,2025-08-20 20:46:45,70.75,USD,REFUND,POSTED,2025-08-20 20:46:45
TXN00041124,ACC000274,MER0057,2025-09-02 14:33:01,65.45,GBP,DEPOSIT,posted,2025-09-02 14:33:01
TXN00044446,ACC003240,MER0006,2025-09-05 11:16:15,37.31,USD,REFUND,PENDING,2025-09-05 11:16:15
TXN00044987,ACC003275,MER0143,2025-08-16 00:28:21,77.99,INR,PURCHASE,PENDING,2025-08-16 00:28:21
TXN00044293,ACC003099,MER0022,2025-09-11 03:07:10,10.1,JPY,WITHDRAWAL,PENDING,2025-09-11 03:07:10
TXN00047102,ACC003226,MER0103,2025-09-22 15:23:52,4.88,NGN,REFUND,POSTED,2025-09-22 15:23:52
TXN00047970,ACC002545,MER0052,2025-09-18 20:00:32,50.62,gbp,TRANSFER,PENDING,2025-09-18 20:00:32
TXN00044853,ACC003631,MER0037,2025-07-24 05:58:29,149.35,CAD,DEPOSIT,REVERSED,2025-07-24 05:58:29
TXN00044787,ACC002603,MER0141,2025-09-21 10:37:29,4.95,JPY,REFUND,DECLINED,2025-09-21 10:37:29
TXN00044915,ACC002619,MER0139,2025-08-22 04:15:10,4.17,INR,DEPOSIT,PENDING,2025-08-22 04:15:10
TXN00043788,ACC003381,MER0049,2025-08-29 18:11:33,66.87,JPY,WITHDRAWAL,PENDING,2025-08-29 18:11:33
TXN00046841,ACC001935,MER0088,2025-09-26 14:06:23,9.07,INR,TRANSFER,REVERSED,2025-09-26 14:06:23
TXN00045333,ACC000321,MER0089,2025-08-27 16:58:57,40.6,USD,WITHDRAWAL,PENDING,2025-08-27 16:58:57
TXN00041809,ACC000970,MER0015,2025-08-19 08:54:32,11132.05,JPY,PURCHASE,POSTED,2025-08-19 08:54:32
TXN00045482,ACC002507,MER0108,2025-08-26 13:02:05,51.3,GBP,TRANSFER,PENDING,2025-08-26 13:02:05
TXN00044078,ACC002092,MER0007,2025-09-08 12:13:05,18.72,EUR,DEPOSIT,posted,2025-09-08 12:13:05
TXN00040906,ACC003785,MER0108,2025-07-11 02:52:53,2.88,usd,purchase,REVERSED,2025-07-11 02:52:53
TXN00041648,ACC002692,MER0036,2025-07-18 21:24:28,12.22,EUR,WITHDRAWAL,POSTED,2025-07-18 21:24:28
TXN00042831,ACC000323,MER0005,2025-08-16 08:40:36,37.4,EUR,DEPOSIT,PENDING,2025-08-16 08:40:36
TXN00044602,ACC000106,MER0078,2025-09-23 19:20:13,51.83,gbp,WITHDRAWAL,REVERSED,2025-09-23 19:20:13
TXN00040639,ACC003441,MER0123,2025-07-01 09:59:21,14.39,usd,REFUND,DECLINED,2025-07-01 09:59:21
TXN00042681,ACC001529,MER0007,2025-09-21 16:42:55,10.46,USD,REFUND,REVERSED,2025-09-21 16:42:55
TXN00040003,ACC000547,MER0100,2025-07-22 05:31:04,14.77,GBP,WITHDRAWAL,POSTED,2025-07-22 05:31:04
TXN00047466,ACC002218,MER0035,2025-08-02 05:09:36,8.81,NGN,PURCHASE,PENDING,2025-08-02 05:09:36
TXN00047912,ACC002937,MER0021,2025-07-28 13:55:05,22.51,CAD,TRANSFER,REVERSED,2025-07-28 13:55:05
TXN00046284,ACC002269,MER0038,2025-07-27 15:30:31,110.02,usd,PURCHASE,posted,2025-07-27 15:30:31
TXN00041673,ACC001448,MER0054,2025-09-04 16:11:20,97.18,EUR,DEPOSIT,PENDING,2025-09-04 16:11:20
TXN00046148,ACC000929,MER0086,2025-08-20 14:20:25,92.38,EUR,REFUND,POSTED,2025-08-20 14:20:25
TXN00019304,ACC002203,MER0139,2024-08-19 11:09:14,25.72,JPY,REFUND,REVERSED,2025-09-16 12:42:33
TXN00042911,ACC001304,MER0065,2025-08-08 02:25:04,4.92,USD,REFUND,posted,2025-08-08 02:25:04
TXN00046488,ACC001634,MER0071,2025-08-27 12:17:30,16.45,JPY,DEPOSIT,POSTED,2025-08-27 12:17:30
TXN00043597,ACC000362,MER0142,2025-07-30 03:24:36,7.34,usd,TRANSFER,PENDING,2025-07-30 03:24:36
TXN00041171,ACC003377,MER0011,2025-08-16 10:55:39,337.84,GBP,TRANSFER,POSTED,2025-08-16 10:55:39
TXN00047076,ACC003681,MER0141,2025-08-31 21:52:43,6.79,usd,PURCHASE,DECLINED,2025-08-31 21:52:43
TXN00044618,ACC001916,MER0127,2025-07-04 06:10:33,4.33,GBP,PURCHASE,DECLINED,2025-07-04 06:10:33
TXN00047587,ACC003501,MER0083,2025-07-30 09:41:24,5.49,usd,WITHDRAWAL,PENDING,2025-07-30 09:41:24
TXN00045803,ACC001795,MER0092,2025-08-18 02:51:39,58.22,JPY,WITHDRAWAL,posted,2025-08-18 02:51:39
TXN00045008,ACC001730,MER0013,2025-08-20 01:50:15,7.48,CAD,purchase,REVERSED,2025-08-20 01:50:15
TXN00043562,ACC003084,MER0133,2025-09-05 16:13:23,7.23,INR,REFUND,REVERSED,2025-09-05 16:13:23
TXN00042028,ACC001349,MER0041,2025-08-15 20:00:39,37.81,gbp,DEPOSIT,REVERSED,2025-08-15 20:00:39
TXN00040539,ACC000190,MER0043,2025-08-29 15:25:54,54.33,GBP,PURCHASE,DECLINED,2025-08-29 15:25:54
TXN00045868,ACC002726,MER0024,2025-09-27 15:02:21,8.75,INR,REFUND,DECLINED,2025-09-27 15:02:21
TXN00042437,ACC002581,MER0030,2025-09-03 22:22:25,80.33,JPY,TRANSFER,DECLINED,2025-09-03 22:22:25
TXN00044190,ACC000193,MER0122,2025-08-01 21:53:29,9.39,NGN,WITHDRAWAL,PENDING,2025-08-01 21:53:29
TXN00043769,ACC003080,MER0037,2025-08-27 03:08:59,42.24,gbp,REFUND,POSTED,2025-08-27 03:08:59
TXN00047402,ACC001611,MER0002,2025-09-13 18:01:02,113.83,gbp,DEPOSIT,REVERSED,2025-09-13 18:01:02
TXN00043641,ACC001763,MER0070,2025-07-26 22:27:17,19.67,GBP,PURCHASE,POSTED,2025-07-26 22:27:17
TXN00041511,ACC000253,MER0014,2025-08-05 05:36:38,11.4,INR,PURCHASE,PENDING,2025-08-05 05:36:38
TXN00045741,ACC000363,MER0052,2025-08-20 05:41:09,2.28,JPY,purchase,DECLINED,2025-08-20 05:41:09
TXN00044127,ACC002230,MER0059,2025-09-27 11:20:08,34.72,NGN,TRANSFER,POSTED,2025-09-27 11:20:08
TXN00046891,ACC000436,MER0115,2025-07-31 23:43:30,34.7,NGN,WITHDRAWAL,posted,2025-07-31 23:43:30
TXN00043596,ACC001265,MER0029,2025-09-27 12:38:43,21.76,GBP,PURCHASE,REVERSED,2025-09-27 12:38:43
TXN00046860,ACC002431,MER0047,2025-09-12 22:04:34,26099.67,gbp,PURCHASE,posted,2025-09-12 22:04:34
TXN00047555,ACC002867,MER0059,2025-07-17 01:32:45,6.7,usd,TRANSFER,PENDING,2025-07-17 01:32:45
TXN00045777,ACC001049,MER0093,2025-08-14 11:38:35,69.67,CAD,WITHDRAWAL,DECLINED,2025-08-14 11:38:35
TXN00042618,ACC002368,MER0099,2025-09-26 20:36:39,23.2,USD,DEPOSIT,posted,2025-09-26 20:36:39
TXN00044028,ACC000978,MER0064,2025-07-08 08:15:00,107.46,INR,TRANSFER,REVERSED,2025-07-08 08:15:00
TXN00046595,ACC003643,MER0062,2025-07-08 19:35:23,81.43,NGN,PURCHASE,POSTED,2025-07-08 19:35:23
TXN00046534,ACC003308,MER0018,2025-08-07 22:31:20,19.25,CAD,purchase,PENDING,2025-08-07 22:31:20
TXN00040337,ACC001159,MER0015,2025-08-11 17:58:21,22.09,EUR,TRANSFER,posted,2025-08-11 17:58:21
TXN00041716,ACC001684,MER0037,2025-07-28 06:43:03,16.4,EUR,REFUND,DECLINED,2025-07-28 06:43:03
TXN00042938,ACC001378,MER0027,2025-09-19 11:00:50,71.86,EUR,WITHDRAWAL,POSTED,2025-09-19 11:00:50
TXN00040040,ACC002520,MER0059,2025-09-29 06:33:06,12.57,gbp,WITHDRAWAL,REVERSED,2025-09-29 06:33:06
TXN00042449,ACC001950,MER0107,2025-08-11 02:37:44,258.78,INR,purchase,REVERSED,2025-08-11 02:37:44
TXN00045052,ACC003453,MER0096,2025-09-06 16:22:57,15.55,USD,DEPOSIT,posted,2025-09-06 16:22:57
TXN00046500,ACC000800,MER0082,2025-07-21 18:51:10,15.69,CAD,TRANSFER,DECLINED,2025-07-21 18:51:10
TXN00043079,ACC000135,MER0124,2025-07-12 14:06:00,17.28,USD,purchase,REVERSED,2025-07-12 14:06:00
TXN00046908,ACC000564,MER0026,2025-08-05 09:55:14,9.13,EUR,DEPOSIT,REVERSED,2025-08-05 09:55:14
TXN00040704,ACC002138,MER0106,2025-08-14 02:24:02,17.37,usd,PURCHASE,REVERSED,2025-08-14 02:24:02
TXN00040387,ACC000105,MER0054,2025-07-31 04:17:32,19.33,INR,REFUND,DECLINED,2025-07-31 04:17:32
TXN00047961,ACC002371,MER0049,2025-07-08 19:56:39,47.34,EUR,REFUND,PENDING,2025-07-08 19:56:39
TXN00047288,ACC002556,MER0046,2025-08-19 01:43:55,11.18,usd,PURCHASE,posted,2025-08-19 01:43:55
TXN00043489,ACC001384,MER0136,2025-08-08 09:52:44,24.36,EUR,purchase,posted,2025-08-08 09:52:44
TXN00029412,ACC002253,MER0022,2024-09-14 21:54:50,14.31,EUR,DEPOSIT,POSTED,2025-07-02 05:35:03
TXN00041365,ACC002912,MER0110,2025-07-24 02:54:00,10.36,GBP,PURCHASE,DECLINED,2025-07-24 02:54:00
TXN00044443,ACC002947,MER0099,2025-08-04 09:38:35,17.23,JPY,purchase,POSTED,2025-08-04 09:38:35
TXN00046957,ACC000520,MER0009,2025-07-27 00:13:41,64.73,usd,WITHDRAWAL,PENDING,2025-07-27 00:13:41
TXN00044005,ACC002223,MER0056,2025-09-22 04:42:42,41.64,INR,purchase,PENDING,2025-09-22 04:42:42
TXN00047934,ACC001814,MER0125,2025-07-10 19:48:13,2.62,NGN,WITHDRAWAL,posted,2025-07-10 19:48:13
TXN00041995,ACC002258,MER0040,2025-07-14 05:19:15,8.04,INR,WITHDRAWAL,POSTED,2025-07-14 05:19:15
TXN00042829,ACC001473,MER0043,2025-08-22 04:52:34,232.74,usd,WITHDRAWAL,PENDING,2025-08-22 04:52:34
TXN00047547,ACC000284,MER0136,2025-08-23 00:06:19,22.2,GBP,PURCHASE,PENDING,2025-08-23 00:06:19
TXN00040366,ACC003579,MER0033,2025-08-26 12:04:03,56.45,USD,PURCHASE,posted,2025-08-26 12:04:03
TXN00041328,ACC002754,MER0141,2025-09-24 11:24:20,4.63,GBP,PURCHASE,PENDING,2025-09-24 11:24:20
TXN00041539,ACC002160,MER0103,2025-09-02 06:14:04,36093.28,EUR,REFUND,DECLINED,2025-09-02 06:14:04
TXN00044367,ACC001335,MER0041,2025-09-23 05:11:36,14.46,JPY,PURCHASE,posted,2025-09-23 05:11:36
TXN00043633,ACC001871,MER0046,2025-07-19 13:35:12,61.78,NGN,PURCHASE,PENDING,2025-07-19 13:35:12
TXN00014530,ACC001493,MER0058,2025-03-24 03:41:11,4.46,CAD,WITHDRAWAL,REVERSED,2025-08-21 02:56:10
TXN00047455,ACC000047,MER0012,2025-09-02 22:38:54,784.01,USD,TRANSFER,PENDING,2025-09-02 22:38:54
TXN00046030,ACC003663,MER0063,2025-08-25 19:49:45,118.94,NGN,purchase,POSTED,2025-08-25 19:49:45
TXN00047062,ACC001660,MER0147,2025-07-13 09:24:56,56.26,INR,WITHDRAWAL,REVERSED,2025-07-13 09:24:56
TXN00046826,ACC003103,MER0139,2025-09-08 10:36:00,49.7,CAD,REFUND,posted,2025-09-08 10:36:00
TXN00042552,ACC003189,MER0142,2025-08-08 05:38:49,35.6,GBP,PURCHASE,REVERSED,2025-08-08 05:38:49
TXN00045082,ACC000081,MER0103,2025-07-21 15:05:15,24.81,usd,DEPOSIT,PENDING,2025-07-21 15:05:15
TXN00044893,ACC002405,MER0088,2025-08-22 11:19:07,23.77,NGN,TRANSFER,PENDING,2025-08-22 11:19:07
TXN00042103,ACC000468,MER0102,2025-08-31 21:36:25,111.02,gbp,DEPOSIT,POSTED,2025-08-31 21:36:25
TXN00047650,ACC002789,MER0053,2025-07-31 19:28:32,12.32,USD,TRANSFER,posted,2025-07-31 19:28:32
TXN00043082,ACC001988,MER0146,2025-07-27 05:20:08,18.04,EUR,REFUND,posted,2025-07-27 05:20:08
TXN00044671,ACC003210,MER0027,2025-09-09 16:23:45,1168.38,GBP,PURCHASE,REVERSED,2025-09-09 16:23:45
TXN00043951,ACC000041,MER0105,2025-08-24 07:18:24,24.21,NGN,TRANSFER,DECLINED,2025-08-24 07:18:24
TXN00042169,ACC002869,MER0051,2025-07-14 10:49:45,8.81,gbp,DEPOSIT,posted,2025-07-14 10:49:45
TXN00043711,ACC000805,MER0143,2025-07-15 11:24:58,23.94,gbp,TRANSFER,DECLINED,2025-07-15 11:24:58
TXN00043226,ACC000522,MER0149,2025-09-17 17:30:23,36.42,usd,REFUND,DECLINED,2025-09-17 17:30:23
TXN00045994,ACC000307,MER0048,2025-08-08 14:49:18,10.22,NGN,WITHDRAWAL,REVERSED,2025-08-08 14:49:18
TXN00042402,ACC002767,MER0103,2025-07-03 03:33:07,7.52,GBP,REFUND,posted,2025-07-03 03:33:07
TXN00044682,ACC003814,MER0005,2025-08-01 11:39:52,13.36,NGN,WITHDRAWAL,PENDING,2025-08-01 11:39:52
TXN00047232,ACC001180,MER0004,2025-08-12 17:04:35,92.24,JPY,TRANSFER,posted,2025-08-12 17:04:35
TXN00046647,ACC002087,MER0129,2025-09-17 16:53:49,37.44,CAD,purchase,PENDING,2025-09-17 16:53:49
TXN00045549,ACC001395,MER0137,2025-08-26 08:47:27,8.37,USD,WITHDRAWAL,DECLINED,2025-08-26 08:47:27
TXN00040504,ACC002776,MER0070,2025-07-21 10:33:13,4.37,USD,WITHDRAWAL,posted,2025-07-21 10:33:13
TXN00042998,ACC001218,MER0076,2025-08-20 20:25:42,17.61,INR,PURCHASE,DECLINED,2025-08-20 20:25:42
TXN00044256,ACC002810,MER0092,2025-07-31 17:43:38,26.88,NGN,purchase,DECLINED,2025-07-31 17:43:38
TXN00041223,ACC000542,MER0123,2025-08-08 07:59:57,336.17,CAD,PURCHASE,PENDING,2025-08-08 07:59:57
TXN00042339,ACC001113,MER0131,2025-07-12 23:07:40,6.68,NGN,purchase,REVERSED,2025-07-12 23:07:40
TXN00040168,ACC000123,MER0107,2025-08-19 09:17:26,18.26,INR,TRANSFER,POSTED,2025-08-19 09:17:26
TXN00045637,ACC000559,MER0101,2025-08-09 21:50:54,20.14,JPY,WITHDRAWAL,DECLINED,2025-08-09 21:50:54
TXN00044101,ACC003514,MER0082,2025-08-14 17:11:21,7.61,EUR,DEPOSIT,posted,2025-08-14 17:11:21
TXN00041469,ACC003052,MER0108,2025-07-24 22:49:31,35.3,CAD,DEPOSIT,REVERSED,2025-07-24 22:49:31
TXN00043158,ACC002065,MER0106,2025-07-08 21:19:36,1.6,CAD,REFUND,REVERSED,2025-07-08 21:19:36
TXN00040894,ACC000687,MER0084,2025-08-21 08:05:25,13.58,CAD,PURCHASE,posted,2025-08-21 08:05:25
TXN00040397,ACC002668,MER0019,2025-08-27 20:07:53,114.02,NGN,REFUND,REVERSED,2025-08-27 20:07:53
TXN00045782,ACC003113,MER0017,2025-07-05 13:38:19,7.74,INR,REFUND,posted,2025-07-05 13:38:19
TXN00034672,ACC000518,MER0134,2024-09-05 14:20:14,99.69,INR,WITHDRAWAL,REVERSED,2025-07-15 00:46:22
TXN00045625,ACC002839,MER0028,2025-08-19 13:43:24,17.87,EUR,DEPOSIT,POSTED,2025-08-19 13:43:24
TXN00043566,ACC003754,MER0056,2025-09-08 14:14:02,36.12,GBP,purchase,posted,2025-09-08 14:14:02
TXN00043485,ACC001205,MER0002,2025-09-22 05:41:59,40.39,INR,WITHDRAWAL,PENDING,2025-09-22 05:41:59
TXN00042067,ACC001194,MER0015,2025-09-18 02:38:36,7.58,usd,REFUND,PENDING,2025-09-18 02:38:36
TXN00046370,ACC001760,MER0096,2025-09-03 05:34:27,13.31,INR,REFUND,PENDING,2025-09-03 05:34:27
TXN00041799,ACC001137,MER0087,2025-08-15 02:14:08,36.79,GBP,REFUND,DECLINED,2025-08-15 02:14:08
TXN00044454,ACC002331,MER0105,2025-07-18 05:44:17,8.25,gbp,REFUND,posted,2025-07-18 05:44:17
TXN00045732,ACC003840,MER0038,2025-07-25 09:50:48,9.06,JPY,DEPOSIT,PENDING,2025-07-25 09:50:48
TXN00045556,ACC000963,MER0113,2025-09-29 13:12:45,25.52,gbp,purchase,PENDING,2025-09-29 13:12:45
TXN00045131,ACC001380,MER0006,2025-08-31 08:22:28,111.83,INR,WITHDRAWAL,REVERSED,2025-08-31 08:22:28
TXN00041621,ACC003188,MER0074,2025-09-04 15:36:07,17.26,CAD,TRANSFER,DECLINED,2025-09-04 15:36:07
TXN00043594,ACC003151,MER0138,2025-08-22 09:14:58,54.65,NGN,WITHDRAWAL,PENDING,2025-08-22 09:14:58
TXN00041754,ACC001103,MER0148,2025-09-21 23:25:30,30.55,EUR,REFUND,PENDING,2025-09-21 23:25:30
TXN00040580,ACC002189,MER0132,2025-09-16 15:53:41,17.85,GBP,PURCHASE,posted,2025-09-16 15:53:41
TXN00045300,ACC001040,MER0013,2025-07-16 17:25:13,13.09,INR,TRANSFER,POSTED,2025-07-16 17:25:13
TXN00045973,ACC003938,MER0141,2025-08-21 01:25:53,21.64,EUR,DEPOSIT,posted,2025-08-21 01:25:53
TXN00046586,ACC001552,MER0036,2025-09-24 16:20:07,11.05,INR,WITHDRAWAL,PENDING,2025-09-24 16:20:07
TXN00041601,ACC001511,MER0140,2025-07-02 13:32:01,15.76,INR,DEPOSIT,REVERSED,2025-07-02 13:32:01
TXN00044950,ACC000344,MER0100,2025-07-20 00:42:00,69.06,gbp,purchase,REVERSED,2025-07-20 00:42:00
TXN00044992,ACC002644,MER0024,2025-09-10 19:30:14,307.75,GBP,PURCHASE,REVERSED,2025-09-10 19:30:14
TXN00041200,ACC003025,MER0078,2025-09-29 14:51:53,19.52,CAD,REFUND,PENDING,2025-09-29 14:51:53
TXN00047923,ACC003054,MER0047,2025-07-09 11:13:27,31.18,JPY,WITHDRAWAL,posted,2025-07-09 11:13:27
TXN00041247,ACC002093,MER0099,2025-08-29 22:31:08,39.93,EUR,TRANSFER,REVERSED,2025-08-29 22:31:08
TXN00046302,ACC001786,MER0130,2025-08-09 09:16:31,3.52,gbp,PURCHASE,posted,2025-08-09 09:16:31
TXN00046455,ACC002325,MER0033,2025-07-11 14:43:20,10.25,NGN,PURCHASE,PENDING,2025-07-11 14:43:20
TXN00018982,ACC003372,MER0071,2024-05-30 20:46:51,10.88,GBP,TRANSFER,DECLINED,2025-09-11 16:28:36
TXN00045180,ACC000318,MER0072,2025-09-22 22:38:13,87.66,JPY,TRANSFER,REVERSED,2025-09-22 22:38:13
TXN00040739,ACC003904,MER0109,2025-08-27 04:12:07,45.34,NGN,TRANSFER,REVERSED,2025-08-27 04:12:07
TXN00033425,ACC003859,MER0138,2025-03-15 00:14:11,25.71,USD,TRANSFER,REVERSED,2025-09-05 16:23:54
TXN00040453,ACC000020,MER0081,2025-09-07 16:10:35,7.56,INR,WITHDRAWAL,PENDING,2025-09-07 16:10:35
TXN00044574,ACC000823,MER0084,2025-07-01 18:57:46,56.02,EUR,purchase,posted,2025-07-01 18:57:46
TXN00016011,ACC003376,MER0044,2025-06-10 04:53:30,9.23,CAD,WITHDRAWAL,REVERSED,2025-07-12 17:19:44
TXN00045748,ACC002653,MER0001,2025-09-04 08:19:13,30.18,EUR,REFUND,DECLINED,2025-09-04 08:19:13
TXN00040205,ACC001270,MER0029,2025-08-06 05:39:29,13.77,INR,DEPOSIT,posted,2025-08-06 05:39:29
TXN00043509,ACC003592,MER0067,2025-09-24 13:19:22,9.76,JPY,DEPOSIT,posted,2025-09-24 13:19:22
TXN00011835,ACC001158,MER0073,2024-08-02 23:19:37,48.49,gbp,REFUND,REVERSED,2025-09-23 23:19:50
TXN00046950,ACC003386,MER0025,2025-08-19 05:18:52,6.86,GBP,purchase,REVERSED,2025-08-19 05:18:52
TXN00046052,ACC000919,MER0033,2025-07-02 20:58:11,31.85,JPY,DEPOSIT,REVERSED,2025-07-02 20:58:11
TXN00042266,ACC000246,MER0058,2025-09-23 07:27:01,99.23,EUR,TRANSFER,PENDING,2025-09-23 07:27:01
TXN00047299,ACC001726,MER0010,2025-08-02 19:10:44,39.18,INR,PURCHASE,DECLINED,2025-08-02 19:10:44
TXN00044323,ACC000789,MER0093,2025-08-13 13:49:37,36.58,EUR,WITHDRAWAL,DECLINED,2025-08-13 13:49:37
TXN00044027,ACC001496,MER0013,2025-09-22 08:19:53,26.42,CAD,PURCHASE,POSTED,2025-09-22 08:19:53
TXN00041440,ACC001573,MER0141,2025-08-18 11:14:57,35.44,usd,REFUND,REVERSED,2025-08-18 11:14:57
TXN00042545,ACC000431,MER0070,2025-08-28 11:55:57,5.03,gbp,DEPOSIT,PENDING,2025-08-28 11:55:57
TXN00041890,ACC001574,MER0107,2025-08-18 04:42:41,215.01,USD,REFUND,posted,2025-08-18 04:42:41
TXN00046911,ACC003059,MER0037,2025-07-11 23:19:06,9.31,CAD,DEPOSIT,PENDING,2025-07-11 23:19:06
TXN00001788,ACC003267,MER0137,2024-05-16 23:42:11,1.85,GBP,TRANSFER,REVERSED,2025-09-26 05:51:11
TXN00045634,ACC000743,MER0092,2025-07-14 02:38:20,17.35,NGN,purchase,DECLINED,2025-07-14 02:38:20
TXN00044410,ACC002459,MER0029,2025-09-20 15:58:37,10.16,CAD,WITHDRAWAL,DECLINED,2025-09-20 15:58:37
TXN00043080,ACC003944,MER0091,2025-07-10 18:36:04,30.1,USD,WITHDRAWAL,REVERSED,2025-07-10 18:36:04
TXN00043071,ACC003348,MER0141,2025-07-23 22:28:05,22.42,USD,PURCHASE,DECLINED,2025-07-23 22:28:05
TXN00043914,ACC000470,MER0085,2025-08-16 19:41:53,55.29,JPY,PURCHASE,posted,2025-08-16 19:41:53
TXN00044432,ACC002210,MER0069,2025-07-24 14:17:54,15.24,NGN,TRANSFER,REVERSED,2025-07-24 14:17:54
TXN00046228,ACC003548,MER0052,2025-09-18 15:07:32,68.83,GBP,PURCHASE,POSTED,2025-09-18 15:07:32
TXN00046548,ACC000123,MER0067,2025-09-11 14:26:36,11.84,gbp,purchase,posted,2025-09-11 14:26:36
TXN00044760,ACC003407,MER0085,2025-09-16 01:48:03,22.8,NGN,DEPOSIT,PENDING,2025-09-16 01:48:03
TXN00042950,ACC000057,MER0100,2025-08-08 17:57:04,4.52,CAD,WITHDRAWAL,DECLINED,2025-08-08 17:57:04
TXN00043988,ACC000562,MER0105,2025-07-01 11:32:05,8.51,GBP,REFUND,POSTED,2025-07-01 11:32:05
TXN00044007,ACC001787,MER0087,2025-07-01 09:10:15,32.87,GBP,WITHDRAWAL,posted,2025-07-01 09:10:15
TXN00043417,ACC001018,MER0058,2025-09-19 13:45:17,36.69,INR,PURCHASE,POSTED,2025-09-19 13:45:17
TXN00040443,ACC001916,MER0066,2025-08-04 15:58:47,17.43,CAD,PURCHASE,REVERSED,2025-08-04 15:58:47
TXN00040333,ACC001088,MER0017,2025-07-25 15:32:27,9.92,CAD,DEPOSIT,PENDING,2025-07-25 15:32:27
TXN00044143,ACC000419,MER0135,2025-09-17 01:32:03,41.53,gbp,DEPOSIT,REVERSED,2025-09-17 01:32:03
TXN00047174,ACC001331,MER0148,2025-08-26 16:40:16,55.68,CAD,WITHDRAWAL,DECLINED,2025-08-26 16:40:16
TXN00043946,ACC003943,MER0132,2025-09-16 21:37:28,18.41,INR,purchase,DECLINED,2025-09-16 21:37:28
TXN00047388,ACC003443,MER0096,2025-08-29 03:00:29,52.19,gbp,DEPOSIT,DECLINED,2025-08-29 03:00:29
TXN00043112,ACC000727,MER0036,2025-07-29 23:26:38,67.15,usd,purchase,DECLINED,2025-07-29 23:26:38
TXN00040706,ACC002482,MER0143,2025-08-22 22:29:13,31.67,NGN,REFUND,DECLINED,2025-08-22 22:29:13
TXN00042049,ACC001110,MER0149,2025-08-28 21:22:20,18.33,gbp,purchase,POSTED,2025-08-28 21:22:20
TXN00043352,ACC002112,MER0086,2025-09-21 08:15:50,13.11,NGN,DEPOSIT,PENDING,2025-09-21 08:15:50
TXN00042778,ACC000068,MER0004,2025-07-01 23:15:27,9.63,CAD,PURCHASE,POSTED,2025-07-01 23:15:27
TXN00047026,ACC002645,MER0131,2025-08-31 11:32:55,12.54,usd,PURCHASE,PENDING,2025-08-31 11:32:55
TXN00044355,ACC002528,MER0098,2025-08-22 15:34:34,6.35,usd,DEPOSIT,DECLINED,2025-08-22 15:34:34
TXN00040942,ACC000953,MER0026,2025-09-29 11:38:01,3.62,gbp,DEPOSIT,POSTED,2025-09-29 11:38:01
TXN00040800,ACC001697,MER0108,2025-07-04 18:51:10,24.44,USD,TRANSFER,DECLINED,2025-07-04 18:51:10
TXN00042384,ACC000620,MER0066,2025-08-09 19:49:10,67.96,JPY,REFUND,POSTED,2025-08-09 19:49:10
TXN00008686,ACC002694,MER0076,2024-03-24 08:05:47,73.01,EUR,TRANSFER,POSTED,2025-09-13 01:48:23
TXN00040149,ACC000773,MER0091,2025-07-10 21:37:50,5.43,NGN,PURCHASE,posted,2025-07-10 21:37:50
TXN00046482,ACC003221,MER0047,2025-09-06 20:38:47,38.06,EUR,WITHDRAWAL,PENDING,2025-09-06 20:38:47
TXN00040560,ACC002974,MER0071,2025-07-23 11:00:46,87.41,USD,PURCHASE,posted,2025-07-23 11:00:46
TXN00001357,ACC000805,MER0077,2024-03-21 10:35:03,224.1,USD,REFUND,DECLINED,2025-08-13 02:09:45
TXN00047342,ACC002743,MER0140,2025-09-09 01:09:09,7.06,EUR,DEPOSIT,PENDING,2025-09-09 01:09:09
TXN00044710,ACC000440,MER0110,2025-07-03 20:40:44,19.1,NGN,PURCHASE,POSTED,2025-07-03 20:40:44
TXN00041598,ACC003125,MER0054,2025-08-02 19:53:07,33125.29,JPY,WITHDRAWAL,PENDING,2025-08-02 19:53:07
TXN00045452,ACC000273,MER0140,2025-08-21 01:46:02,7.86,EUR,TRANSFER,DECLINED,2025-08-21 01:46:02
TXN00047033,ACC002412,MER0092,2025-09-12 15:56:54,9.12,JPY,TRANSFER,POSTED,2025-09-12 15:56:54
TXN00045351,ACC003411,MER0070,2025-09-05 10:46:55,187.21,CAD,REFUND,DECLINED,2025-09-05 10:46:55
TXN00045306,ACC000048,MER0002,2025-07-24 23:08:58,6.03,JPY,DEPOSIT,posted,2025-07-24 23:08:58
TXN00047344,ACC002592,MER0026,2025-07-21 13:10:31,24.79,gbp,PURCHASE,REVERSED,2025-07-21 13:10:31
TXN00043484,ACC001707,MER0135,2025-07-06 12:18:52,108.21,INR,REFUND,POSTED,2025-07-06 12:18:52
TXN00043327,ACC001226,MER0074,2025-09-30 08:21:46,91.46,usd,REFUND,DECLINED,2025-09-30 08:21:46
TXN00047231,ACC002004,MER0087,2025-07-09 19:46:09,11.63,USD,purchase,REVERSED,2025-07-09 19:46:09
TXN00047406,ACC001415,MER0086,2025-08-09 13:53:34,113.23,INR,purchase,PENDING,2025-08-09 13:53:34
TXN00043655,ACC001276,MER0144,2025-09-21 05:45:27,45.59,USD,TRANSFER,posted,2025-09-21 05:45:27
TXN00044568,ACC001610,MER0086,2025-09-07 17:40:01,30.34,CAD,TRANSFER,PENDING,2025-09-07 17:40:01
TXN00043559,ACC000859,MER0023,2025-07-15 10:49:20,26.69,usd,purchase,posted,2025-07-15 10:49:20
TXN00045292,ACC000290,MER0072,2025-08-13 18:12:11,13.25,INR,purchase,posted,2025-08-13 18:12:11
TXN00041694,ACC000963,MER0127,2025-07-19 14:22:57,14.98,INR,PURCHASE,DECLINED,2025-07-19 14:22:57
TXN00044039,ACC003711,MER0044,2025-07-23 17:53:23,44.98,INR,DEPOSIT,REVERSED,2025-07-23 17:53:23
TXN00044237,ACC001866,MER0102,2025-09-23 10:45:56,16.03,USD,WITHDRAWAL,POSTED,2025-09-23 10:45:56
TXN00000057,ACC000165,MER0063,2024-08-10 04:40:31,31.45,INR,WITHDRAWAL,REVERSED,2025-09-05 02:17:32
TXN00045824,ACC002540,MER0027,2025-08-30 13:55:00,79.09,gbp,REFUND,PENDING,2025-08-30 13:55:00
TXN00045642,ACC001221,MER0139,2025-07-05 09:24:36,3.25,CAD,PURCHASE,PENDING,2025-07-05 09:24:36
TXN00041732,ACC003702,MER0091,2025-09-28 09:12:04,46.45,usd,WITHDRAWAL,REVERSED,2025-09-28 09:12:04
TXN00000934,ACC002393,MER0084,2024-07-08 23:48:54,12.68,INR,DEPOSIT,POSTED,2025-07-29 22:03:58
TXN00041987,ACC002475,MER0016,2025-08-17 06:46:45,1.83,usd,PURCHASE,PENDING,2025-08-17 06:46:45
TXN00041651,ACC000431,MER0146,2025-08-23 12:17:58,1.73,USD,REFUND,REVERSED,2025-08-23 12:17:58
TXN00044327,ACC002134,MER0024,2025-09-01 10:17:37,12532.92,USD,WITHDRAWAL,REVERSED,2025-09-01 10:17:37
TXN00046761,ACC001502,MER0137,2025-08-16 14:09:18,22.41,EUR,PURCHASE,POSTED,2025-08-16 14:09:18
TXN00047334,ACC000039,MER0114,2025-09-16 21:49:29,38.29,gbp,DEPOSIT,POSTED,2025-09-16 21:49:29
TXN00041603,ACC002920,MER0088,2025-07-06 01:24:50,73.01,usd,WITHDRAWAL,PENDING,2025-07-06 01:24:50
TXN00040107,ACC003405,MER0093,2025-08-26 04:21:43,6.06,GBP,purchase,REVERSED,2025-08-26 04:21:43
TXN00046805,ACC002290,MER0111,2025-07-12 10:35:05,2.93,INR,purchase,posted,2025-07-12 10:35:05
TXN00047236,ACC000558,MER0031,2025-07-23 11:45:40,16979.26,GBP,purchase,POSTED,2025-07-23 11:45:40
TXN00047924,ACC002099,MER0139,2025-08-02 21:04:14,14.24,GBP,TRANSFER,DECLINED,2025-08-02 21:04:14
TXN00040224,ACC001841,MER0004,2025-07-31 21:07:59,38.6,USD,PURCHASE,DECLINED,2025-07-31 21:07:59
TXN00042122,ACC003602,MER0105,2025-07-09 07:46:13,187.58,INR,REFUND,POSTED,2025-07-09 07:46:13
TXN00040449,ACC003890,MER0113,2025-08-15 18:26:38,21.76,usd,PURCHASE,REVERSED,2025-08-15 18:26:38
TXN00043323,ACC000008,MER0041,2025-07-28 03:21:54,16808.48,usd,purchase,posted,2025-07-28 03:21:54
TXN00046789,ACC003454,MER0054,2025-07-30 12:47:26,13.55,usd,DEPOSIT,PENDING,2025-07-30 12:47:26
TXN00046410,ACC003609,MER0126,2025-08-30 15:16:02,122.02,USD,PURCHASE,posted,2025-08-30 15:16:02
TXN00040210,ACC000420,MER0071,2025-09-22 06:19:10,32.38,usd,REFUND,POSTED,2025-09-22 06:19:10
TXN00041500,ACC003423,MER0085,2025-08-10 21:15:29,3.19,usd,TRANSFER,posted,2025-08-10 21:15:29
TXN00045593,ACC002636,MER0061,2025-07-26 14:05:25,167.86,gbp,DEPOSIT,POSTED,2025-07-26 14:05:25
TXN00041945,ACC001590,MER0077,2025-08-01 21:50:18,25.6,JPY,WITHDRAWAL,POSTED,2025-08-01 21:50:18
TXN00045577,ACC001939,MER0022,2025-08-03 07:52:47,39.38,CAD,TRANSFER,PENDING,2025-08-03 07:52:47
TXN00040581,ACC001974,MER0080,2025-09-13 00:35:50,27.93,gbp,DEPOSIT,REVERSED,2025-09-13 00:35:50
TXN00043606,ACC000879,MER0082,2025-08-30 19:38:10,10.24,gbp,PURCHASE,POSTED,2025-08-30 19:38:10
TXN00044644,ACC001339,MER0139,2025-08-15 19:43:58,41.07,CAD,DEPOSIT,DECLINED,2025-08-15 19:43:58
TXN00041576,ACC000584,MER0009,2025-07-07 11:51:54,36.51,JPY,purchase,posted,2025-07-07 11:51:54
TXN00046602,ACC000278,MER0038,2025-08-07 01:57:39,7.5,NGN,REFUND,POSTED,2025-08-07 01:57:39
TXN00043107,ACC003403,MER0040,2025-09-18 13:55:23,182.39,EUR,WITHDRAWAL,PENDING,2025-09-18 13:55:23
TXN00040499,ACC000835,MER0049,2025-07-13 21:36:51,180.07,INR,WITHDRAWAL,POSTED,2025-07-13 21:36:51
TXN00041255,ACC000514,MER0106,2025-08-09 22:21:32,7.37,gbp,purchase,posted,2025-08-09 22:21:32
TXN00041850,ACC000184,MER0081,2025-09-28 20:17:04,62.72,EUR,TRANSFER,REVERSED,2025-09-28 20:17:04
TXN00045996,ACC000528,MER0019,2025-09-10 19:47:08,16.95,NGN,REFUND,REVERSED,2025-09-10 19:47:08
TXN00043549,ACC001686,MER0013,2025-08-31 14:22:35,119.0,EUR,DEPOSIT,posted,2025-08-31 14:22:35
TXN00045590,ACC002294,MER0048,2025-09-07 13:20:25,18.24,NGN,purchase,POSTED,2025-09-07 13:20:25
TXN00042726,ACC001475,MER0141,2025-08-24 06:50:29,130.28,CAD,PURCHASE,PENDING,2025-08-24 06:50:29
TXN00040824,ACC000775,MER0036,2025-09-24 14:54:26,12.33,CAD,REFUND,DECLINED,2025-09-24 14:54:26
TXN00044637,ACC003673,MER0120,2025-09-15 15:44:19,4.38,CAD,TRANSFER,PENDING,2025-09-15 15:44:19
TXN00043240,ACC001445,MER0057,2025-09-12 10:03:31,126.8,CAD,DEPOSIT,PENDING,2025-09-12 10:03:31
TXN00044498,ACC000302,MER0024,2025-09-15 12:24:39,32.38,NGN,TRANSFER,REVERSED,2025-09-15 12:24:39
TXN00046682,ACC003026,MER0022,2025-08-04 19:12:06,14.94,USD,REFUND,posted,2025-08-04 19:12:06
TXN00047695,ACC002600,MER0147,2025-09-14 06:07:26,9.28,usd,REFUND,PENDING,2025-09-14 06:07:26
TXN00043818,ACC003661,MER0131,2025-09-05 17:45:32,10.22,gbp,DEPOSIT,PENDING,2025-09-05 17:45:32
TXN00014611,ACC001922,MER0115,2024-06-05 06:45:12,7.05,usd,purchase,REVERSED,2025-07-10 12:07:49
TXN00045801,ACC002767,MER0056,2025-08-11 18:45:07,37.57,EUR,WITHDRAWAL,DECLINED,2025-08-11 18:45:07
TXN00042196,ACC000372,MER0117,2025-09-10 03:44:12,25.89,CAD,REFUND,DECLINED,2025-09-10 03:44:12
TXN00041253,ACC001343,MER0060,2025-07-17 21:28:02,39.39,gbp,PURCHASE,DECLINED,2025-07-17 21:28:02
TXN00042689,ACC002152,MER0065,2025-09-15 08:09:45,103.77,NGN,REFUND,REVERSED,2025-09-15 08:09:45
TXN00047530,ACC000087,MER0063,2025-09-02 00:51:23,27.1,EUR,DEPOSIT,PENDING,2025-09-02 00:51:23
TXN00042591,ACC003871,MER0130,2025-07-18 02:10:00,131.38,usd,purchase,posted,2025-07-18 02:10:00
TXN00047376,ACC002253,MER0092,2025-08-20 05:05:03,15.94,CAD,PURCHASE,DECLINED,2025-08-20 05:05:03
TXN00042153,ACC000900,MER0060,2025-07-23 08:41:53,61.2,JPY,TRANSFER,DECLINED,2025-07-23 08:41:53
TXN00042929,ACC003762,MER0093,2025-07-09 07:06:37,22.56,gbp,PURCHASE,PENDING,2025-07-09 07:06:37
TXN00041048,ACC001809,MER0071,2025-07-11 22:34:09,18.55,gbp,WITHDRAWAL,REVERSED,2025-07-11 22:34:09
TXN00041751,ACC001306,MER0037,2025-09-25 17:40:44,7.59,EUR,purchase,DECLINED,2025-09-25 17:40:44
TXN00045391,ACC001312,MER0135,2025-09-22 05:32:56,29.81,GBP,PURCHASE,REVERSED,2025-09-22 05:32:56
TXN00045521,ACC003694,MER0095,2025-07-04 18:52:48,102.48,EUR,TRANSFER,posted,2025-07-04 18:52:48
TXN00039132,ACC002641,MER0068,2024-01-01 19:46:11,49.46,EUR,purchase,DECLINED,2025-07-29 14:23:52
TXN00046855,ACC001962,MER0025,2025-09-30 21:09:59,33.98,GBP,PURCHASE,POSTED,2025-09-30 21:09:59
TXN00043042,ACC002859,MER0004,2025-07-23 08:00:34,409.03,GBP,WITHDRAWAL,POSTED,2025-07-23 08:00:34
TXN00041979,ACC001482,MER0054,2025-09-01 16:55:24,15.67,CAD,PURCHASE,POSTED,2025-09-01 16:55:24
TXN00045063,ACC002086,MER0105,2025-09-13 06:06:10,2.09,USD,PURCHASE,POSTED,2025-09-13 06:06:10
TXN00047028,ACC002112,MER0089,2025-07-04 15:33:57,45.1,gbp,purchase,REVERSED,2025-07-04 15:33:57
TXN00042973,ACC003131,MER0095,2025-07-07 00:17:41,7.67,INR,WITHDRAWAL,POSTED,2025-07-07 00:17:41
TXN00043760,ACC002502,MER0007,2025-09-16 22:57:28,17.79,CAD,REFUND,posted,2025-09-16 22:57:28
TXN00040470,ACC001991,MER0042,2025-08-18 23:39:54,114.75,USD,REFUND,POSTED,2025-08-18 23:39:54
TXN00046295,ACC001672,MER0022,2025-07-15 17:31:43,5.77,GBP,WITHDRAWAL,POSTED,2025-07-15 17:31:43
TXN00043630,ACC000381,MER0023,2025-07-20 22:12:37,31.02,CAD,purchase,posted,2025-07-20 22:12:37
TXN00040601,ACC000605,MER0047,2025-07-27 18:06:42,9.06,INR,WITHDRAWAL,DECLINED,2025-07-27 18:06:42
TXN00044173,ACC003320,MER0120,2025-08-25 17:13:28,50.42,CAD,REFUND,PENDING,2025-08-25 17:13:28
TXN00040036,ACC002757,MER0074,2025-07-07 17:55:07,42.73,NGN,WITHDRAWAL,PENDING,2025-07-07 17:55:07
TXN00046904,ACC000645,MER0146,2025-08-23 03:59:49,51.5,USD,purchase,REVERSED,2025-08-23 03:59:49
TXN00041852,ACC003631,MER0133,2025-09-23 06:10:03,15.0,EUR,PURCHASE,DECLINED,2025-09-23 06:10:03
TXN00014083,ACC002747,MER0077,2025-03-16 01:01:27,2.25,gbp,purchase,POSTED,2025-07-17 03:37:18
TXN00046700,ACC000974,MER0002,2025-07-01 07:24:01,41.32,gbp,TRANSFER,DECLINED,2025-07-01 07:24:01
TXN00041110,ACC003911,MER0108,2025-07-04 20:18:30,75.49,gbp,TRANSFER,DECLINED,2025-07-04 20:18:30
TXN00043151,ACC000373,MER0030,2025-07-21 21:49:17,140.29,NGN,PURCHASE,POSTED,2025-07-21 21:49:17
TXN00043862,ACC002359,MER0138,2025-07-23 19:19:24,106.54,gbp,PURCHASE,posted,2025-07-23 19:19:24
TXN00047490,ACC003453,MER0036,2025-07-18 23:32:12,29.07,USD,TRANSFER,POSTED,2025-07-18 23:32:12
TXN00040977,ACC001358,MER0032,2025-09-10 12:51:58,66.09,usd,PURCHASE,REVERSED,2025-09-10 12:51:58
TXN00043157,ACC001138,MER0082,2025-08-13 17:43:51,21.74,NGN,DEPOSIT,POSTED,2025-08-13 17:43:51
TXN00044506,ACC001661,MER0114,2025-08-01 17:21:38,30.4,GBP,REFUND,REVERSED,2025-08-01 17:21:38
TXN00044304,ACC001601,MER0148,2025-07-04 12:08:45,21.46,GBP,WITHDRAWAL,PENDING,2025-07-04 12:08:45
TXN00045219,ACC001857,MER0062,2025-09-02 18:13:01,28636.73,gbp,TRANSFER,PENDING,2025-09-02 18:13:01
TXN00046652,ACC000891,MER0127,2025-09-04 00:38:57,22.27,gbp,REFUND,REVERSED,2025-09-04 00:38:57
TXN00043974,ACC002484,MER0083,2025-07-11 01:06:15,25.08,INR,purchase,REVERSED,2025-07-11 01:06:15
TXN00044415,ACC001192,MER0133,2025-07-27 00:52:31,7.31,GBP,DEPOSIT,posted,2025-07-27 00:52:31
TXN00041106,ACC003950,MER0005,2025-07-21 10:21:52,12.11,USD,TRANSFER,REVERSED,2025-07-21 10:21:52
TXN00046816,ACC003354,MER0025,2025-07-02 05:55:28,29.35,NGN,PURCHASE,REVERSED,2025-07-02 05:55:28
TXN00015742,ACC002987,MER0116,2024-10-03 02:18:36,20.33,GBP,DEPOSIT,REVERSED,2025-08-14 09:38:15
TXN00042075,ACC000862,MER0041,2025-08-20 06:38:17,15.07,CAD,purchase,PENDING,2025-08-20 06:38:17
TXN00042780,ACC002581,MER0104,2025-08-24 19:36:00,48.75,NGN,TRANSFER,REVERSED,2025-08-24 19:36:00
TXN00047509,ACC002218,MER0097,2025-09-21 16:24:09,4.2,NGN,TRANSFER,PENDING,2025-09-21 16:24:09
TXN00046523,ACC002453,MER0016,2025-08-12 08:05:59,12.11,NGN,DEPOSIT,POSTED,2025-08-12 08:05:59
TXN00045986,ACC003622,MER0150,2025-08-19 11:23:18,11.1,gbp,PURCHASE,POSTED,2025-08-19 11:23:18
TXN00046290,ACC001206,MER0006,2025-08-16 05:07:03,11.63,JPY,purchase,posted,2025-08-16 05:07:03
TXN00045059,ACC002768,MER0074,2025-08-13 07:37:04,12.9,USD,DEPOSIT,PENDING,2025-08-13 07:37:04
TXN00041336,ACC002245,MER0035,2025-09-23 04:34:52,3.46,GBP,WITHDRAWAL,PENDING,2025-09-23 04:34:52
TXN00046579,ACC000362,MER0119,2025-07-08 08:32:28,19.31,GBP,WITHDRAWAL,POSTED,2025-07-08 08:32:28
TXN00044848,ACC001282,MER0089,2025-07-06 01:48:56,11.05,usd,WITHDRAWAL,REVERSED,2025-07-06 01:48:56
TXN00045720,ACC000124,MER0143,2025-09-01 14:45:50,117.26,usd,WITHDRAWAL,PENDING,2025-09-01 14:45:50
TXN00045149,ACC001048,MER0083,2025-09-09 11:22:13,26.82,EUR,TRANSFER,DECLINED,2025-09-09 11:22:13
TXN00042556,ACC003610,MER0137,2025-07-06 01:53:27,33.09,NGN,WITHDRAWAL,PENDING,2025-07-06 01:53:27
TXN00046815,ACC001047,MER0029,2025-09-16 05:59:50,593.23,gbp,REFUND,DECLINED,2025-09-16 05:59:50
TXN00044296,ACC003227,MER0056,2025-09-08 04:21:23,24.17,JPY,WITHDRAWAL,REVERSED,2025-09-08 04:21:23
TXN00045417,ACC001397,MER0143,2025-08-01 06:32:00,20.8,gbp,DEPOSIT,DECLINED,2025-08-01 06:32:00
TXN00045635,ACC000488,MER0110,2025-08-13 12:14:57,50.13,usd,TRANSFER,posted,2025-08-13 12:14:57
TXN00042863,ACC002727,MER0043,2025-07-28 23:17:37,45.03,NGN,DEPOSIT,PENDING,2025-07-28 23:17:37
TXN00041769,ACC002726,MER0133,2025-07-23 10:36:33,16.66,GBP,TRANSFER,posted,2025-07-23 10:36:33
TXN00043022,ACC003045,MER0008,2025-07-05 04:21:16,16.35,USD,DEPOSIT,posted,2025-07-05 04:21:16
TXN00047127,ACC001435,MER0142,2025-07-18 02:24:20,6.3,USD,DEPOSIT,POSTED,2025-07-18 02:24:20
TXN00026636,ACC002331,MER0001,2024-07-26 16:34:12,11.61,usd,WITHDRAWAL,POSTED,2025-09-05 23:56:39
TXN00033695,ACC003483,MER0054,2024-10-24 21:14:51,5.66,EUR,WITHDRAWAL,POSTED,2025-07-31 06:37:43
TXN00044475,ACC003438,MER0058,2025-07-10 11:42:28,23.56,JPY,REFUND,REVERSED,2025-07-10 11:42:28
TXN00045530,ACC003201,MER0062,2025-09-09 14:30:25,48.84,NGN,PURCHASE,REVERSED,2025-09-09 14:30:25
TXN00046745,ACC001952,MER0122,2025-08-26 00:36:46,2.53,usd,PURCHASE,posted,2025-08-26 00:36:46
TXN00043567,ACC002934,MER0128,2025-08-27 17:37:23,50.74,CAD,PURCHASE,REVERSED,2025-08-27 17:37:23
TXN00047622,ACC003579,MER0011,2025-08-09 07:11:44,46.92,GBP,PURCHASE,POSTED,2025-08-09 07:11:44
TXN00045213,ACC001312,MER0094,2025-09-14 10:34:36,3.73,JPY,WITHDRAWAL,REVERSED,2025-09-14 10:34:36
TXN00043300,ACC000348,MER0130,2025-08-31 13:59:06,48.96,CAD,WITHDRAWAL,POSTED,2025-08-31 13:59:06
TXN00044892,ACC000925,MER0066,2025-09-30 03:37:21,92.53,gbp,PURCHASE,posted,2025-09-30 03:37:21
TXN00040439,ACC003331,MER0020,2025-09-17 17:39:43,12.62,usd,WITHDRAWAL,posted,2025-09-17 17:39:43
TXN00046335,ACC002869,MER0006,2025-07-13 18:56:21,26.93,INR,DEPOSIT,POSTED,2025-07-13 18:56:21
TXN00040735,ACC000356,MER0109,2025-08-06 03:51:55,17.08,CAD,REFUND,posted,2025-08-06 03:51:55
TXN00045681,ACC000802,MER0049,2025-08-25 01:51:17,55.63,NGN,DEPOSIT,POSTED,2025-08-25 01:51:17
TXN00042791,ACC002674,MER0118,2025-07-07 17:00:16,6.33,USD,TRANSFER,REVERSED,2025-07-07 17:00:16
TXN00040408,ACC003542,MER0121,2025-08-16 10:42:07,7.93,CAD,WITHDRAWAL,posted,2025-08-16 10:42:07
TXN00046483,ACC003101,MER0045,2025-07-23 15:49:00,5.13,JPY,purchase,REVERSED,2025-07-23 15:49:00
TXN00044633,ACC003941,MER0024,2025-07-29 06:48:33,4.59,USD,REFUND,DECLINED,2025-07-29 06:48:33
TXN00042126,ACC002072,MER0062,2025-09-27 18:33:20,7.92,usd,DEPOSIT,POSTED,2025-09-27 18:33:20
TXN00021910,ACC003152,MER0044,2025-04-12 00:17:23,58.36,usd,TRANSFER,REVERSED,2025-09-19 20:22:42
TXN00041726,ACC001040,MER0081,2025-09-29 03:55:43,27.69,usd,WITHDRAWAL,REVERSED,2025-09-29 03:55:43
TXN00047173,ACC003088,MER0103,2025-07-20 13:14:13,15.68,INR,TRANSFER,DECLINED,2025-07-20 13:14:13
TXN00045987,ACC002036,MER0079,2025-07-21 03:20:29,23.32,INR,WITHDRAWAL,REVERSED,2025-07-21 03:20:29
TXN00044393,ACC002926,MER0137,2025-08-25 18:29:06,26.68,usd,DEPOSIT,PENDING,2025-08-25 18:29:06
TXN00047013,ACC003782,MER0017,2025-08-18 15:56:22,22.13,USD,DEPOSIT,REVERSED,2025-08-18 15:56:22
TXN00040533,ACC000041,MER0049,2025-07-08 12:30:32,221.76,usd,purchase,REVERSED,2025-07-08 12:30:32
TXN00046001,ACC002363,MER0103,2025-09-06 11:22:45,46.47,CAD,WITHDRAWAL,PENDING,2025-09-06 11:22:45
TXN00044809,ACC001177,MER0050,2025-08-12 21:09:40,54.49,gbp,REFUND,REVERSED,2025-08-12 21:09:40
TXN00045860,ACC001544,MER0126,2025-07-17 15:26:31,8.27,INR,WITHDRAWAL,PENDING,2025-07-17 15:26:31
TXN00043504,ACC002217,MER0058,2025-07-31 04:23:23,32.08,EUR,purchase,POSTED,2025-07-31 04:23:23
TXN00041452,ACC001308,MER0051,2025-08-02 11:04:10,15.65,EUR,TRANSFER,REVERSED,2025-08-02 11:04:10
TXN00046240,ACC002633,MER0133,2025-07-04 16:25:57,5.95,gbp,WITHDRAWAL,DECLINED,2025-07-04 16:25:57
TXN00044797,ACC003703,MER0062,2025-09-03 14:47:15,49.76,USD,TRANSFER,REVERSED,2025-09-03 14:47:15
TXN00041179,ACC002398,MER0046,2025-09-14 23:17:04,3.43,INR,TRANSFER,PENDING,2025-09-14 23:17:04
TXN00044736,ACC002670,MER0005,2025-09-16 05:47:46,6.11,usd,WITHDRAWAL,posted,2025-09-16 05:47:46
TXN00044153,ACC002716,MER0024,2025-08-11 14:37:10,148.43,gbp,TRANSFER,POSTED,2025-08-11 14:37:10
TXN00044630,ACC002628,MER0018,2025-09-26 22:38:44,19.19,usd,PURCHASE,PENDING,2025-09-26 22:38:44
TXN00040783,ACC003085,MER0019,2025-07-02 10:36:40,12.94,EUR,purchase,POSTED,2025-07-02 10:36:40
TXN00047507,ACC002031,MER0113,2025-09-28 14:28:44,96.71,NGN,WITHDRAWAL,posted,2025-09-28 14:28:44
TXN00043703,ACC002744,MER0059,2025-08-18 14:49:06,27.26,JPY,purchase,PENDING,2025-08-18 14:49:06
TXN00042789,ACC000726,MER0050,2025-08-21 20:50:43,20.17,USD,PURCHASE,POSTED,2025-08-21 20:50:43
TXN00042017,ACC003740,MER0128,2025-08-02 15:24:10,44.6,USD,PURCHASE,POSTED,2025-08-02 15:24:10
TXN00044740,ACC003180,MER0131,2025-07-15 10:29:05,28.29,EUR,REFUND,posted,2025-07-15 10:29:05
TXN00041595,ACC003387,MER0049,2025-07-15 06:51:10,32.11,GBP,WITHDRAWAL,REVERSED,2025-07-15 06:51:10
TXN00040060,ACC001567,MER0013,2025-07-27 13:24:14,6.09,INR,DEPOSIT,REVERSED,2025-07-27 13:24:14
TXN00045449,ACC000165,MER0126,2025-07-24 12:42:19,356.28,USD,purchase,POSTED,2025-07-24 12:42:19
TXN00041216,ACC002397,MER0033,2025-09-25 16:24:22,8.63,JPY,TRANSFER,REVERSED,2025-09-25 16:24:22
TXN00045558,ACC001431,MER0033,2025-08-11 00:48:16,9.64,usd,DEPOSIT,posted,2025-08-11 00:48:16
TXN00042865,ACC001781,MER0098,2025-07-30 12:12:24,6.82,NGN,DEPOSIT,DECLINED,2025-07-30 12:12:24
TXN00041497,ACC003122,MER0005,2025-07-23 04:08:53,20.68,EUR,purchase,DECLINED,2025-07-23 04:08:53
TXN00047632,ACC000180,MER0125,2025-08-30 09:08:46,6.01,NGN,TRANSFER,REVERSED,2025-08-30 09:08:46
TXN00043568,ACC000681,MER0130,2025-07-24 10:24:43,22.78,gbp,DEPOSIT,REVERSED,2025-07-24 10:24:43
TXN00047767,ACC003734,MER0131,2025-07-09 00:50:39,12.81,USD,PURCHASE,PENDING,2025-07-09 00:50:39
TXN00042980,ACC003366,MER0037,2025-08-13 12:01:45,8.57,NGN,DEPOSIT,POSTED,2025-08-13 12:01:45
TXN00043065,ACC000430,MER0037,2025-07-28 08:21:43,3.2,NGN,TRANSFER,DECLINED,2025-07-28 08:21:43
TXN00043888,ACC000817,MER0031,2025-08-04 02:56:57,14.73,INR,DEPOSIT,DECLINED,2025-08-04 02:56:57
TXN00045658,ACC000845,MER0016,2025-07-06 02:21:19,14.97,CAD,PURCHASE,POSTED,2025-07-06 02:21:19
TXN00047790,ACC000143,MER0110,2025-08-06 21:12:55,3.78,USD,PURCHASE,DECLINED,2025-08-06 21:12:55
TXN00041474,ACC000208,MER0048,2025-07-20 08:32:53,18.45,USD,TRANSFER,DECLINED,2025-07-20 08:32:53
TXN00040275,ACC003201,MER0150,2025-07-12 19:46:36,51.68,EUR,TRANSFER,posted,2025-07-12 19:46:36
TXN00043829,ACC002692,MER0065,2025-08-11 14:50:26,5.87,EUR,TRANSFER,PENDING,2025-08-11 14:50:26
TXN00044456,ACC002198,MER0111,2025-07-12 09:23:01,11.06,usd,DEPOSIT,posted,2025-07-12 09:23:01
TXN00043860,ACC000137,MER0043,2025-07-18 09:15:11,37.67,EUR,REFUND,POSTED,2025-07-18 09:15:11
TXN00046251,ACC003443,MER0007,2025-08-18 08:54:37,50.65,usd,REFUND,PENDING,2025-08-18 08:54:37
TXN00043593,ACC000031,MER0072,2025-09-27 17:17:18,136.59,USD,DEPOSIT,posted,2025-09-27 17:17:18
TXN00046367,ACC000878,MER0081,2025-07-08 02:22:02,14.92,usd,PURCHASE,DECLINED,2025-07-08 02:22:02
TXN00046208,ACC000204,MER0124,2025-07-16 11:26:10,49.31,CAD,PURCHASE,DECLINED,2025-07-16 11:26:10
TXN00046876,ACC002034,MER0078,2025-08-17 09:51:38,46.48,usd,TRANSFER,DECLINED,2025-08-17 09:51:38
TXN00042330,ACC000136,MER0100,2025-08-26 11:43:29,7.05,INR,DEPOSIT,PENDING,2025-08-26 11:43:29
TXN00040859,ACC002108,MER0144,2025-08-27 21:22:18,10.18,usd,PURCHASE,POSTED,2025-08-27 21:22:18
TXN00045956,ACC000985,MER0096,2025-09-05 22:36:01,52.69,INR,purchase,DECLINED,2025-09-05 22:36:01
TXN00042425,ACC001976,MER0098,2025-08-05 00:10:02,13.3,gbp,PURCHASE,posted,2025-08-05 00:10:02
TXN00043051,ACC001768,MER0089,2025-07-30 22:42:12,18.18,EUR,TRANSFER,PENDING,2025-07-30 22:42:12
TXN00045438,ACC001335,MER0096,2025-08-23 09:51:27,36.91,usd,PURCHASE,PENDING,2025-08-23 09:51:27
TXN00047540,ACC001044,MER0045,2025-09-05 09:23:35,55.28,gbp,WITHDRAWAL,DECLINED,2025-09-05 09:23:35
TXN00032530,ACC003543,MER0017,2024-03-10 08:10:46,40.85,NGN,DEPOSIT,POSTED,2025-08-02 06:27:27
TXN00016703,ACC002977,MER0008,2024-08-21 23:26:52,4.94,gbp,WITHDRAWAL,REVERSED,2025-09-08 05:52:45
TXN00047185,ACC002228,MER0066,2025-08-16 14:01:45,38.57,GBP,PURCHASE,PENDING,2025-08-16 14:01:45
TXN00041475,ACC001671,MER0119,2025-08-30 14:42:57,55.0,gbp,DEPOSIT,DECLINED,2025-08-30 14:42:57
TXN00040611,ACC000377,MER0043,2025-09-07 19:46:15,26.28,usd,purchase,posted,2025-09-07 19:46:15
TXN00047903,ACC000493,MER0012,2025-08-31 06:17:33,30.27,INR,REFUND,REVERSED,2025-08-31 06:17:33
TXN00042544,ACC000945,MER0132,2025-09-20 05:30:48,22.22,GBP,purchase,PENDING,2025-09-20 05:30:48
TXN00041535,ACC003335,MER0060,2025-08-14 16:55:22,18.73,NGN,WITHDRAWAL,DECLINED,2025-08-14 16:55:22
TXN00044786,ACC003639,MER0021,2025-09-19 05:52:36,20.49,EUR,TRANSFER,POSTED,2025-09-19 05:52:36
TXN00045472,ACC003871,MER0050,2025-09-25 19:09:42,96.01,JPY,DEPOSIT,POSTED,2025-09-25 19:09:42
TXN00042257,ACC000558,MER0030,2025-09-27 04:48:00,25.2,CAD,PURCHASE,REVERSED,2025-09-27 04:48:00
TXN00042052,ACC003773,MER0050,2025-08-26 06:44:11,5.56,EUR,PURCHASE,REVERSED,2025-08-26 06:44:11
TXN00041532,ACC003105,MER0078,2025-09-23 07:57:58,50.54,USD,TRANSFER,POSTED,2025-09-23 07:57:58
TXN00040773,ACC001136,MER0012,2025-07-10 15:16:26,18.71,CAD,purchase,REVERSED,2025-07-10 15:16:26
TXN00040201,ACC000392,MER0090,2025-08-02 01:43:09,16.91,NGN,TRANSFER,PENDING,2025-08-02 01:43:09
TXN00047504,ACC000628,MER0126,2025-09-27 01:33:13,20.26,INR,purchase,posted,2025-09-27 01:33:13
TXN00041093,ACC001272,MER0140,2025-09-30 14:48:19,13.12,USD,purchase,POSTED,2025-09-30 14:48:19
TXN00040781,ACC000256,MER0008,2025-08-18 18:47:10,22.69,GBP,WITHDRAWAL,REVERSED,2025-08-18 18:47:10
TXN00042064,ACC002216,MER0016,2025-08-18 03:38:54,39.01,usd,PURCHASE,REVERSED,2025-08-18 03:38:54
TXN00040322,ACC000161,MER0093,2025-09-09 13:26:27,44.81,GBP,REFUND,DECLINED,2025-09-09 13:26:27
TXN00043994,ACC002987,MER0140,2025-08-03 01:38:29,32.07,CAD,WITHDRAWAL,POSTED,2025-08-03 01:38:29
TXN00047703,ACC001315,MER0118,2025-08-13 17:31:27,12.66,EUR,REFUND,REVERSED,2025-08-13 17:31:27
TXN00027143,ACC003752,MER0147,2025-05-06 20:36:53,9.76,NGN,WITHDRAWAL,POSTED,2025-07-20 10:33:21
TXN00023587,ACC002918,MER0100,2024-11-20 02:59:45,10.24,JPY,TRANSFER,DECLINED,2025-08-23 20:06:14
TXN00042664,ACC001531,MER0020,2025-09-28 07:38:35,39.55,EUR,WITHDRAWAL,POSTED,2025-09-28 07:38:35
TXN00046111,ACC002434,MER0035,2025-08-16 04:15:17,55.26,usd,WITHDRAWAL,POSTED,2025-08-16 04:15:17
TXN00047163,ACC001549,MER0036,2025-09-20 16:19:54,2.86,JPY,WITHDRAWAL,POSTED,2025-09-20 16:19:54
TXN00040513,ACC003586,MER0147,2025-07-16 13:13:49,12.88,gbp,purchase,DECLINED,2025-07-16 13:13:49
TXN00042288,ACC002059,MER0148,2025-08-01 11:02:22,33.62,USD,WITHDRAWAL,posted,2025-08-01 11:02:22
TXN00046698,ACC001157,MER0108,2025-07-19 18:00:23,103.07,gbp,REFUND,POSTED,2025-07-19 18:00:23
TXN00046354,ACC000503,MER0069,2025-09-04 23:59:56,21969.58,INR,WITHDRAWAL,POSTED,2025-09-04 23:59:56
TXN00047691,ACC000118,MER0015,2025-07-31 02:58:54,94.25,gbp,DEPOSIT,DECLINED,2025-07-31 02:58:54
TXN00041419,ACC002495,MER0036,2025-09-13 09:41:11,2.39,JPY,WITHDRAWAL,REVERSED,2025-09-13 09:41:11
TXN00040967,ACC002278,MER0022,2025-07-20 23:15:01,14.72,JPY,DEPOSIT,posted,2025-07-20 23:15:01
TXN00041962,ACC003854,MER0070,2025-09-03 09:27:11,14.31,usd,purchase,PENDING,2025-09-03 09:27:11
TXN00041908,ACC000229,MER0079,2025-09-25 20:11:03,115.44,CAD,PURCHASE,PENDING,2025-09-25 20:11:03
TXN00041516,ACC001682,MER0022,2025-07-28 12:34:18,4.74,USD,REFUND,posted,2025-07-28 12:34:18
TXN00040250,ACC002533,MER0138,2025-07-11 07:13:46,3.75,usd,WITHDRAWAL,PENDING,2025-07-11 07:13:46
TXN00041964,ACC000903,MER0060,2025-09-21 19:35:24,40.01,INR,TRANSFER,posted,2025-09-21 19:35:24
TXN00045960,ACC002247,MER0097,2025-08-06 16:28:26,48.64,CAD,WITHDRAWAL,posted,2025-08-06 16:28:26
TXN00044811,ACC000460,MER0041,2025-08-24 03:59:31,21.56,gbp,WITHDRAWAL,PENDING,2025-08-24 03:59:31
TXN00046759,ACC001316,MER0072,2025-08-03 06:36:01,34.86,INR,TRANSFER,DECLINED,2025-08-03 06:36:01
TXN00044332,ACC000772,MER0117,2025-09-18 20:07:45,29.62,NGN,purchase,posted,2025-09-18 20:07:45
TXN00042725,ACC000527,MER0041,2025-07-02 15:43:26,3.03,usd,WITHDRAWAL,posted,2025-07-02 15:43:26
TXN00036357,ACC001519,MER0023,2024-08-20 02:31:24,19.35,usd,TRANSFER,POSTED,2025-07-06 03:15:12
TXN00043173,ACC003408,MER0147,2025-09-30 05:50:54,7.32,INR,PURCHASE,PENDING,2025-09-30 05:50:54
TXN00046675,ACC002235,MER0007,2025-09-17 01:07:21,50.81,EUR,DEPOSIT,POSTED,2025-09-17 01:07:21
TXN00044727,ACC003465,MER0091,2025-09-30 11:45:41,13.06,GBP,purchase,posted,2025-09-30 11:45:41
TXN00047952,ACC000220,MER0017,2025-07-29 23:22:39,5.3,GBP,DEPOSIT,PENDING,2025-07-29 23:22:39
TXN00041868,ACC000744,MER0062,2025-08-13 17:13:27,6.18,USD,WITHDRAWAL,DECLINED,2025-08-13 17:13:27
TXN00045101,ACC003466,MER0113,2025-07-16 10:44:08,24.11,EUR,WITHDRAWAL,DECLINED,2025-07-16 10:44:08
TXN00045928,ACC001803,MER0144,2025-07-30 21:48:40,54.79,JPY,REFUND,REVERSED,2025-07-30 21:48:40
TXN00044462,ACC000484,MER0057,2025-08-03 04:53:11,7.73,EUR,WITHDRAWAL,posted,2025-08-03 04:53:11
TXN00043331,ACC002157,MER0051,2025-08-03 02:14:28,45.38,CAD,DEPOSIT,POSTED,2025-08-03 02:14:28
TXN00042903,ACC002768,MER0113,2025-09-27 19:51:57,217.98,CAD,TRANSFER,PENDING,2025-09-27 19:51:57
TXN00044062,ACC001063,MER0058,2025-07-01 07:16:19,11.19,JPY,PURCHASE,DECLINED,2025-07-01 07:16:19
TXN00040685,ACC001176,MER0116,2025-09-17 09:24:00,370.58,usd,WITHDRAWAL,POSTED,2025-09-17 09:24:00
TXN00047932,ACC000891,MER0020,2025-08-05 16:48:00,235.22,JPY,purchase,DECLINED,2025-08-05 16:48:00
TXN00046391,ACC000878,MER0120,2025-08-31 19:25:30,70.18,usd,purchase,POSTED,2025-08-31 19:25:30
TXN00028545,ACC002461,MER0088,2024-08-29 04:27:16,18.4,usd,WITHDRAWAL,POSTED,2025-07-18 23:57:09
TXN00044419,ACC001963,MER0032,2025-07-25 09:56:31,21.62,NGN,WITHDRAWAL,posted,2025-07-25 09:56:31
TXN00043070,ACC001177,MER0017,2025-08-01 21:31:45,36.66,usd,TRANSFER,posted,2025-08-01 21:31:45
TXN00047085,ACC003815,MER0048,2025-09-06 03:09:47,28.76,EUR,PURCHASE,DECLINED,2025-09-06 03:09:47
TXN00043753,ACC000227,MER0021,2025-08-16 17:13:19,58.96,gbp,PURCHASE,posted,2025-08-16 17:13:19
TXN00041612,ACC003920,MER0030,2025-09-13 04:46:52,9.94,USD,purchase,posted,2025-09-13 04:46:52
TXN00043656,ACC000418,MER0049,2025-07-11 22:26:21,38.31,usd,REFUND,POSTED,2025-07-11 22:26:21
TXN00041748,ACC001469,MER0050,2025-07-11 20:06:22,22.48,INR,WITHDRAWAL,posted,2025-07-11 20:06:22
TXN00044055,ACC001109,MER0143,2025-07-10 17:23:20,43.15,JPY,purchase,PENDING,2025-07-10 17:23:20
TXN00044606,ACC000644,MER0043,2025-07-07 15:14:19,101.57,gbp,REFUND,DECLINED,2025-07-07 15:14:19
TXN00044428,ACC001258,MER0064,2025-07-24 01:08:05,8.74,CAD,TRANSFER,POSTED,2025-07-24 01:08:05
TXN00042041,ACC000491,MER0072,2025-07-20 14:28:22,171.4,INR,WITHDRAWAL,PENDING,2025-07-20 14:28:22
TXN00043314,ACC002447,MER0095,2025-07-20 21:18:40,14.76,INR,WITHDRAWAL,POSTED,2025-07-20 21:18:40
TXN00046009,ACC001085,MER0008,2025-07-13 12:26:22,19.87,USD,DEPOSIT,POSTED,2025-07-13 12:26:22
TXN00034232,ACC001440,MER0130,2025-02-11 04:11:07,37.65,CAD,PURCHASE,POSTED,2025-08-26 18:59:55
TXN00042564,ACC000530,MER0143,2025-08-06 21:23:32,155.83,usd,DEPOSIT,POSTED,2025-08-06 21:23:32
TXN00040271,ACC001083,MER0018,2025-09-08 04:41:23,6.41,usd,PURCHASE,REVERSED,2025-09-08 04:41:23
TXN00041767,ACC000897,MER0018,2025-08-27 08:58:45,125.23,USD,WITHDRAWAL,POSTED,2025-08-27 08:58:45
TXN00045442,ACC001015,MER0050,2025-09-20 04:02:29,25.9,JPY,WITHDRAWAL,REVERSED,2025-09-20 04:02:29
TXN00042019,ACC001325,MER0137,2025-08-24 11:39:23,36.91,NGN,purchase,PENDING,2025-08-24 11:39:23
TXN00042181,ACC001238,MER0067,2025-08-10 22:47:51,24.64,USD,WITHDRAWAL,REVERSED,2025-08-10 22:47:51
TXN00040954,ACC002335,MER0046,2025-09-16 06:13:19,95.32,USD,DEPOSIT,posted,2025-09-16 06:13:19
TXN00041792,ACC000393,MER0106,2025-07-04 21:34:42,15.58,EUR,purchase,REVERSED,2025-07-04 21:34:42
TXN00041410,ACC003135,MER0029,2025-07-24 15:07:43,93.27,EUR,PURCHASE,posted,2025-07-24 15:07:43
TXN00044557,ACC003839,MER0002,2025-09-03 05:13:28,47.82,usd,purchase,REVERSED,2025-09-03 05:13:28
TXN00046976,ACC003269,MER0063,2025-08-11 13:36:26,2.86,CAD,REFUND,REVERSED,2025-08-11 13:36:26
TXN00042246,ACC002528,MER0111,2025-09-18 19:51:03,11.74,gbp,REFUND,DECLINED,2025-09-18 19:51:03
TXN00042555,ACC002471,MER0120,2025-08-07 02:14:12,22.0,gbp,WITHDRAWAL,DECLINED,2025-08-07 02:14:12
TXN00041912,ACC003408,MER0131,2025-07-03 17:16:32,1.45,NGN,TRANSFER,DECLINED,2025-07-03 17:16:32
TXN00047287,ACC001663,MER0117,2025-07-31 11:06:19,10.05,INR,TRANSFER,REVERSED,2025-07-31 11:06:19
TXN00043584,ACC000713,MER0108,2025-08-26 23:10:40,25.41,GBP,DEPOSIT,DECLINED,2025-08-26 23:10:40
TXN00047542,ACC002937,MER0054,2025-09-18 11:06:39,55.22,usd,purchase,posted,2025-09-18 11:06:39
TXN00040147,ACC000867,MER0050,2025-08-04 00:40:34,38.18,NGN,PURCHASE,posted,2025-08-04 00:40:34
TXN00045688,ACC003522,MER0058,2025-09-27 22:40:35,26.51,gbp,WITHDRAWAL,DECLINED,2025-09-27 22:40:35
TXN00044409,ACC002543,MER0005,2025-07-25 15:34:51,109.89,USD,PURCHASE,DECLINED,2025-07-25 15:34:51
TXN00042620,ACC000365,MER0016,2025-07-21 12:00:42,39.11,EUR,WITHDRAWAL,POSTED,2025-07-21 12:00:42
TXN00040238,ACC000927,MER0150,2025-09-17 06:16:11,7.72,usd,purchase,REVERSED,2025-09-17 06:16:11
TXN00047654,ACC002366,MER0123,2025-07-16 22:28:35,18.63,CAD,REFUND,REVERSED,2025-07-16 22:28:35
TXN00044365,ACC002905,MER0037,2025-09-22 15:14:50,4.46,EUR,DEPOSIT,DECLINED,2025-09-22 15:14:50
TXN00043971,ACC003550,MER0146,2025-08-30 13:20:34,43.6,GBP,TRANSFER,DECLINED,2025-08-30 13:20:34
TXN00040377,ACC003229,MER0054,2025-09-14 02:03:50,6.72,CAD,TRANSFER,REVERSED,2025-09-14 02:03:50
TXN00040900,ACC000221,MER0144,2025-08-11 18:37:42,43.77,USD,WITHDRAWAL,REVERSED,2025-08-11 18:37:42
TXN00040182,ACC001264,MER0037,2025-09-27 20:16:10,2.7,USD,DEPOSIT,REVERSED,2025-09-27 20:16:10
TXN00043356,ACC002910,MER0129,2025-08-20 16:06:00,38.21,INR,PURCHASE,POSTED,2025-08-20 16:06:00
TXN00045477,ACC003217,MER0095,2025-07-31 06:20:52,31.64,usd,PURCHASE,DECLINED,2025-07-31 06:20:52
TXN00043558,ACC002996,MER0087,2025-09-30 01:27:33,221.11,JPY,REFUND,REVERSED,2025-09-30 01:27:33
TXN00042592,ACC003424,MER0131,2025-09-12 22:03:17,7.0,usd,DEPOSIT,DECLINED,2025-09-12 22:03:17
TXN00042172,ACC001684,MER0003,2025-09-09 00:45:46,5.72,NGN,purchase,REVERSED,2025-09-09 00:45:46
TXN00034400,ACC002663,MER0130,2024-04-02 16:41:36,18.71,NGN,WITHDRAWAL,POSTED,2025-09-24 16:55:10
TXN00042205,ACC001546,MER0009,2025-09-05 07:22:26,20.33,gbp,REFUND,POSTED,2025-09-05 07:22:26
TXN00041112,ACC001577,MER0119,2025-09-03 11:38:35,8.42,CAD,REFUND,DECLINED,2025-09-03 11:38:35
TXN00042040,ACC001028,MER0065,2025-09-08 07:15:11,70.85,USD,PURCHASE,PENDING,2025-09-08 07:15:11
TXN00040418,ACC001211,MER0140,2025-09-28 09:15:30,5.95,USD,DEPOSIT,DECLINED,2025-09-28 09:15:30
TXN00041479,ACC000165,MER0072,2025-07-11 08:40:57,24.83,CAD,DEPOSIT,POSTED,2025-07-11 08:40:57
TXN00041663,ACC003471,MER0047,2025-07-06 12:26:48,59.18,USD,TRANSFER,posted,2025-07-06 12:26:48
TXN00041915,ACC001455,MER0139,2025-09-23 18:41:16,20.44,gbp,REFUND,POSTED,2025-09-23 18:41:16
TXN00047435,ACC000040,MER0135,2025-09-23 14:50:12,45.4,CAD,DEPOSIT,POSTED,2025-09-23 14:50:12
TXN00040239,ACC000807,MER0138,2025-08-07 20:56:46,16.79,GBP,PURCHASE,DECLINED,2025-08-07 20:56:46
TXN00041602,ACC000539,MER0104,2025-08-27 01:18:26,3.75,JPY,PURCHASE,REVERSED,2025-08-27 01:18:26
TXN00044372,ACC000254,MER0106,2025-09-10 03:16:11,29.17,EUR,PURCHASE,PENDING,2025-09-10 03:16:11
TXN00038823,ACC003856,MER0102,2024-06-05 16:53:17,17.51,INR,DEPOSIT,DECLINED,2025-07-27 04:09:59
TXN00045927,ACC001772,MER0103,2025-07-06 10:03:06,111.73,INR,REFUND,posted,2025-07-06 10:03:06
TXN00008681,ACC000144,MER0135,2024-12-12 12:39:24,22.96,JPY,DEPOSIT,REVERSED,2025-09-05 00:57:54
TXN00041615,ACC002764,MER0116,2025-08-07 03:59:25,9.24,USD,REFUND,PENDING,2025-08-07 03:59:25
TXN00041631,ACC000996,MER0141,2025-07-04 19:04:37,8.59,EUR,PURCHASE,POSTED,2025-07-04 19:04:37
TXN00040234,ACC002982,MER0114,2025-09-10 02:07:05,12.1,NGN,TRANSFER,PENDING,2025-09-10 02:07:05
TXN00046230,ACC003549,MER0037,2025-09-27 15:23:58,11.29,INR,TRANSFER,REVERSED,2025-09-27 15:23:58
TXN00047998,ACC000479,MER0014,2025-07-17 20:47:53,3.95,NGN,purchase,POSTED,2025-07-17 20:47:53
TXN00030802,ACC002044,MER0079,2025-04-25 13:18:35,50.53,JPY,REFUND,DECLINED,2025-09-12 11:39:23
TXN00046793,ACC002880,MER0067,2025-07-23 23:42:09,43.14,EUR,TRANSFER,DECLINED,2025-07-23 23:42:09
TXN00047434,ACC000292,MER0081,2025-09-22 08:59:54,4.27,EUR,DEPOSIT,PENDING,2025-09-22 08:59:54
TXN00043942,ACC001555,MER0128,2025-08-09 17:14:15,25.8,INR,REFUND,POSTED,2025-08-09 17:14:15
TXN00026963,ACC001391,MER0052,2025-06-19 07:22:12,29.96,USD,purchase,DECLINED,2025-09-07 08:30:45
TXN00040857,ACC000446,MER0139,2025-09-08 08:11:29,8.12,usd,DEPOSIT,REVERSED,2025-09-08 08:11:29
TXN00043869,ACC000781,MER0064,2025-09-15 13:31:49,9.04,INR,TRANSFER,PENDING,2025-09-15 13:31:49
TXN00045903,ACC003570,MER0103,2025-08-30 07:59:28,12.64,NGN,REFUND,POSTED,2025-08-30 07:59:28
TXN00047327,ACC001545,MER0028,2025-09-25 09:14:19,28.08,USD,TRANSFER,DECLINED,2025-09-25 09:14:19
TXN00047375,ACC003739,MER0009,2025-07-26 00:01:30,18.94,INR,DEPOSIT,DECLINED,2025-07-26 00:01:30
TXN00044851,ACC002152,MER0047,2025-07-11 06:11:46,28.9,EUR,TRANSFER,REVERSED,2025-07-11 06:11:46
TXN00041955,ACC001238,MER0074,2025-09-08 13:37:55,44.83,INR,DEPOSIT,PENDING,2025-09-08 13:37:55
TXN00043523,ACC003076,MER0010,2025-07-10 03:45:00,22.91,EUR,purchase,posted,2025-07-10 03:45:00
TXN00041544,ACC000916,MER0006,2025-09-29 03:14:02,30263.53,CAD,REFUND,posted,2025-09-29 03:14:02
TXN00041272,ACC001509,MER0114,2025-08-22 15:00:05,42.63,usd,WITHDRAWAL,REVERSED,2025-08-22 15:00:05
TXN00040090,ACC003593,MER0100,2025-07-16 04:31:20,7.15,EUR,DEPOSIT,PENDING,2025-07-16 04:31:20
TXN00046202,ACC001370,MER0015,2025-08-29 20:57:53,2.99,INR,purchase,PENDING,2025-08-29 20:57:53
TXN00041123,ACC000029,MER0035,2025-08-16 07:41:51,4.66,GBP,PURCHASE,PENDING,2025-08-16 07:41:51
TXN00040264,ACC003616,MER0051,2025-09-25 13:11:44,19.75,USD,PURCHASE,DECLINED,2025-09-25 13:11:44
TXN00040618,ACC003312,MER0053,2025-07-03 19:50:17,24.23,usd,purchase,posted,2025-07-03 19:50:17
TXN00044881,ACC003679,MER0148,2025-07-19 06:31:41,13.58,CAD,WITHDRAWAL,POSTED,2025-07-19 06:31:41
TXN00041671,ACC001907,MER0005,2025-09-09 08:16:10,116.78,INR,TRANSFER,PENDING,2025-09-09 08:16:10
TXN00040144,ACC003380,MER0035,2025-07-29 04:32:53,31.49,usd,PURCHASE,POSTED,2025-07-29 04:32:53
TXN00047604,ACC003640,MER0147,2025-09-21 00:40:10,38.7,GBP,WITHDRAWAL,REVERSED,2025-09-21 00:40:10
TXN00045581,ACC001369,MER0044,2025-07-30 00:22:28,20.4,usd,PURCHASE,POSTED,2025-07-30 00:22:28
TXN00045793,ACC002949,MER0002,2025-08-05 13:40:57,4.4,CAD,REFUND,REVERSED,2025-08-05 13:40:57
TXN00047868,ACC000387,MER0007,2025-07-23 20:28:02,19.8,usd,TRANSFER,posted,2025-07-23 20:28:02
TXN00044732,ACC001392,MER0150,2025-08-14 02:13:33,183.55,GBP,REFUND,PENDING,2025-08-14 02:13:33
TXN00042487,ACC003668,MER0080,2025-09-01 17:48:51,16.91,CAD,PURCHASE,posted,2025-09-01 17:48:51
TXN00041923,ACC001502,MER0060,2025-07-24 08:12:54,73.51,GBP,PURCHASE,REVERSED,2025-07-24 08:12:54
TXN00043962,ACC000353,MER0142,2025-07-09 23:45:17,31.8,JPY,REFUND,POSTED,2025-07-09 23:45:17
TXN00042883,ACC000793,MER0054,2025-08-24 20:58:07,75.15,usd,DEPOSIT,POSTED,2025-08-24 20:58:07
TXN00043947,ACC003880,MER0071,2025-08-12 17:59:59,63.96,GBP,WITHDRAWAL,POSTED,2025-08-12 17:59:59
TXN00045324,ACC001913,MER0128,2025-07-02 11:09:20,52.28,JPY,DEPOSIT,DECLINED,2025-07-02 11:09:20
TXN00041894,ACC002613,MER0054,2025-09-30 11:31:07,25.19,EUR,REFUND,DECLINED,2025-09-30 11:31:07
TXN00044269,ACC001074,MER0016,2025-07-27 09:31:19,29.55,USD,DEPOSIT,POSTED,2025-07-27 09:31:19
TXN00040751,ACC002063,MER0099,2025-07-30 06:50:11,43.26,usd,REFUND,DECLINED,2025-07-30 06:50:11
TXN00046145,ACC001395,MER0046,2025-07-07 15:39:30,9.67,JPY,TRANSFER,POSTED,2025-07-07 15:39:30
TXN00045804,ACC002503,MER0055,2025-07-30 00:29:36,35.61,GBP,WITHDRAWAL,posted,2025-07-30 00:29:36
TXN00044124,ACC003659,MER0031,2025-08-21 13:11:56,8.31,NGN,WITHDRAWAL,posted,2025-08-21 13:11:56
TXN00045001,ACC003084,MER0008,2025-08-08 10:06:35,7.6,usd,WITHDRAWAL,PENDING,2025-08-08 10:06:35
TXN00041528,ACC003334,MER0017,2025-09-12 22:56:56,27.66,USD,purchase,POSTED,2025-09-12 22:56:56
TXN00045045,ACC000676,MER0117,2025-07-21 12:31:53,53.71,GBP,REFUND,REVERSED,2025-07-21 12:31:53
TXN00044704,ACC001132,MER0049,2025-08-02 12:19:14,10.99,INR,WITHDRAWAL,PENDING,2025-08-02 12:19:14
TXN00043102,ACC003832,MER0072,2025-08-25 03:59:52,7.65,usd,WITHDRAWAL,REVERSED,2025-08-25 03:59:52
TXN00040861,ACC002861,MER0128,2025-07-31 23:16:12,56.48,NGN,PURCHASE,DECLINED,2025-07-31 23:16:12
TXN00043929,ACC003208,MER0084,2025-09-03 22:51:40,19.89,USD,TRANSFER,POSTED,2025-09-03 22:51:40
TXN00045361,ACC002011,MER0079,2025-08-11 23:27:36,294.21,CAD,PURCHASE,DECLINED,2025-08-11 23:27:36
TXN00045411,ACC001812,MER0043,2025-09-30 14:20:46,89.89,CAD,TRANSFER,POSTED,2025-09-30 14:20:46
TXN00043349,ACC000670,MER0100,2025-08-14 10:42:36,12.96,CAD,DEPOSIT,posted,2025-08-14 10:42:36
TXN00040482,ACC003582,MER0016,2025-07-14 00:59:35,23.58,USD,REFUND,posted,2025-07-14 00:59:35
TXN00045356,ACC003415,MER0048,2025-08-08 02:57:46,9.23,usd,PURCHASE,DECLINED,2025-08-08 02:57:46
TXN00043188,ACC001758,MER0006,2025-07-10 00:39:21,107.41,JPY,REFUND,POSTED,2025-07-10 00:39:21
TXN00043666,ACC000685,MER0039,2025-07-05 18:34:08,91.24,GBP,TRANSFER,posted,2025-07-05 18:34:08
TXN00044861,ACC001197,MER0059,2025-09-06 23:51:03,8.5,JPY,purchase,posted,2025-09-06 23:51:03
TXN00046710,ACC003869,MER0020,2025-07-09 10:22:40,21.0,USD,REFUND,PENDING,2025-07-09 10:22:40
TXN00040965,ACC001050,MER0056,2025-08-22 11:04:11,23.78,GBP,purchase,DECLINED,2025-08-22 11:04:11
TXN00041759,ACC000490,MER0033,2025-09-04 05:56:19,11.29,USD,REFUND,PENDING,2025-09-04 05:56:19
TXN00047485,ACC001048,MER0056,2025-08-22 05:37:10,6.13,gbp,WITHDRAWAL,posted,2025-08-22 05:37:10
TXN00043309,ACC003675,MER0045,2025-09-18 14:31:38,23.46,CAD,purchase,POSTED,2025-09-18 14:31:38
TXN00045081,ACC002983,MER0034,2025-07-14 22:47:25,29.12,GBP,REFUND,POSTED,2025-07-14 22:47:25
TXN00041975,ACC003310,MER0012,2025-09-02 17:06:13,10.52,NGN,PURCHASE,DECLINED,2025-09-02 17:06:13
TXN00047704,ACC000816,MER0106,2025-07-27 16:33:57,25.9,GBP,TRANSFER,POSTED,2025-07-27 16:33:57
TXN00044561,ACC001626,MER0055,2025-07-13 18:21:02,22.76,usd,REFUND,DECLINED,2025-07-13 18:21:02
TXN00044938,ACC003786,MER0024,2025-08-06 18:01:06,25.12,NGN,DEPOSIT,POSTED,2025-08-06 18:01:06
TXN00047292,ACC003289,MER0059,2025-08-09 13:29:57,282.53,NGN,purchase,POSTED,2025-08-09 13:29:57
TXN00045091,ACC002597,MER0111,2025-07-31 06:45:34,397.72,GBP,purchase,REVERSED,2025-07-31 06:45:34
TXN00041062,ACC001537,MER0055,2025-09-26 02:00:36,15.53,GBP,DEPOSIT,DECLINED,2025-09-26 02:00:36
TXN00046814,ACC000136,MER0067,2025-07-03 09:03:17,32.98,NGN,TRANSFER,REVERSED,2025-07-03 09:03:17
TXN00046234,ACC001684,MER0060,2025-09-15 14:23:15,100.73,CAD,REFUND,REVERSED,2025-09-15 14:23:15
TXN00040564,ACC001636,MER0114,2025-08-08 20:21:48,108.29,JPY,PURCHASE,DECLINED,2025-08-08 20:21:48
TXN00044955,ACC003926,MER0039,2025-07-18 08:17:17,21.28,usd,DEPOSIT,POSTED,2025-07-18 08:17:17
TXN00047247,ACC000008,MER0007,2025-07-21 02:51:55,5.91,CAD,TRANSFER,POSTED,2025-07-21 02:51:55
TXN00033111,ACC002319,MER0042,2024-04-15 08:08:50,43.76,USD,REFUND,POSTED,2025-09-25 03:19:46
TXN00043660,ACC003422,MER0026,2025-08-02 12:57:59,25.57,gbp,DEPOSIT,PENDING,2025-08-02 12:57:59
TXN00040766,ACC000484,MER0056,2025-08-17 23:54:18,14.06,JPY,REFUND,POSTED,2025-08-17 23:54:18
TXN00047994,ACC002883,MER0112,2025-07-25 11:08:03,52.44,GBP,DEPOSIT,PENDING,2025-07-25 11:08:03
TXN00044279,ACC003127,MER0043,2025-08-09 09:11:55,23.54,JPY,TRANSFER,REVERSED,2025-08-09 09:11:55
TXN00043046,ACC001909,MER0027,2025-07-10 22:39:34,37.61,EUR,DEPOSIT,PENDING,2025-07-10 22:39:34
TXN00043053,ACC000465,MER0057,2025-07-08 09:13:10,30146.52,CAD,WITHDRAWAL,REVERSED,2025-07-08 09:13:10
TXN00046204,ACC000584,MER0079,2025-07-18 08:35:01,25.41,USD,TRANSFER,REVERSED,2025-07-18 08:35:01
TXN00044751,ACC001989,MER0028,2025-07-20 03:20:28,19.38,EUR,WITHDRAWAL,PENDING,2025-07-20 03:20:28
TXN00046839,ACC003829,MER0098,2025-09-03 05:38:35,28.88,GBP,purchase,posted,2025-09-03 05:38:35
TXN00044695,ACC001089,MER0011,2025-09-29 18:50:51,29.2,INR,TRANSFER,PENDING,2025-09-29 18:50:51
TXN00047843,ACC000492,MER0034,2025-09-05 09:54:07,30.64,EUR,PURCHASE,REVERSED,2025-09-05 09:54:07
TXN00040897,ACC001099,MER0030,2025-09-02 06:54:30,143.33,INR,PURCHASE,PENDING,2025-09-02 06:54:30
TXN00047689,ACC002644,MER0091,2025-07-18 23:21:53,14.02,USD,PURCHASE,posted,2025-07-18 23:21:53
TXN00047193,ACC003723,MER0138,2025-09-07 13:22:01,84.48,usd,TRANSFER,PENDING,2025-09-07 13:22:01
TXN00047821,ACC002363,MER0127,2025-09-19 10:01:51,13.74,EUR,REFUND,PENDING,2025-09-19 10:01:51
TXN00040872,ACC002818,MER0073,2025-08-23 08:32:05,15.43,gbp,DEPOSIT,POSTED,2025-08-23 08:32:05
TXN00044010,ACC002278,MER0001,2025-09-10 00:25:17,13.54,EUR,purchase,DECLINED,2025-09-10 00:25:17
TXN00044738,ACC002697,MER0037,2025-08-14 15:22:41,57.96,usd,purchase,posted,2025-08-14 15:22:41
TXN00042065,ACC003829,MER0077,2025-08-10 11:36:48,9.92,CAD,REFUND,PENDING,2025-08-10 11:36:48
TXN00046666,ACC002402,MER0119,2025-07-15 14:00:56,2.04,JPY,DEPOSIT,POSTED,2025-07-15 14:00:56
TXN00042981,ACC003669,MER0133,2025-09-11 15:34:26,109.08,NGN,TRANSFER,REVERSED,2025-09-11 15:34:26
TXN00043736,ACC001774,MER0142,2025-07-28 02:35:27,23.03,EUR,DEPOSIT,PENDING,2025-07-28 02:35:27
TXN00045539,ACC002059,MER0062,2025-09-08 02:12:43,56.28,NGN,purchase,POSTED,2025-09-08 02:12:43
TXN00042482,ACC003233,MER0105,2025-07-20 16:12:43,8.58,INR,purchase,posted,2025-07-20 16:12:43
TXN00040078,ACC003033,MER0006,2025-09-15 17:20:01,14.38,usd,REFUND,posted,2025-09-15 17:20:01
TXN00041587,ACC001476,MER0107,2025-07-26 03:00:36,15.92,gbp,DEPOSIT,posted,2025-07-26 03:00:36
TXN00044139,ACC000772,MER0119,2025-08-18 11:28:49,7.69,usd,PURCHASE,POSTED,2025-08-18 11:28:49
TXN00045385,ACC000139,MER0103,2025-07-13 04:34:15,21.02,INR,TRANSFER,posted,2025-07-13 04:34:15
TXN00040186,ACC002972,MER0118,2025-08-26 15:51:54,7.38,usd,DEPOSIT,DECLINED,2025-08-26 15:51:54
TXN00045854,ACC000619,MER0098,2025-09-25 17:35:49,15.63,gbp,DEPOSIT,PENDING,2025-09-25 17:35:49
TXN00042219,ACC002284,MER0121,2025-09-26 05:20:10,160.29,INR,purchase,POSTED,2025-09-26 05:20:10
TXN00044064,ACC003229,MER0107,2025-08-29 13:49:53,9.41,usd,purchase,REVERSED,2025-08-29 13:49:53
TXN00042802,ACC002199,MER0123,2025-07-08 02:16:07,32.32,INR,DEPOSIT,POSTED,2025-07-08 02:16:07
TXN00044507,ACC001038,MER0107,2025-09-03 17:04:03,13.04,EUR,WITHDRAWAL,posted,2025-09-03 17:04:03
TXN00043127,ACC002953,MER0140,2025-08-02 09:23:22,84.02,EUR,WITHDRAWAL,REVERSED,2025-08-02 09:23:22
TXN00043135,ACC002618,MER0058,2025-07-08 11:55:50,20.91,GBP,TRANSFER,POSTED,2025-07-08 11:55:50
TXN00040808,ACC002831,MER0116,2025-07-20 12:27:23,58.07,JPY,TRANSFER,REVERSED,2025-07-20 12:27:23
TXN00041264,ACC000833,MER0089,2025-07-21 17:32:58,7.41,INR,purchase,REVERSED,2025-07-21 17:32:58
TXN00043245,ACC002545,MER0081,2025-07-12 04:29:48,60.97,USD,TRANSFER,posted,2025-07-12 04:29:48
TXN00047525,ACC003517,MER0094,2025-07-01 08:24:14,20.67,CAD,PURCHASE,DECLINED,2025-07-01 08:24:14
TXN00040815,ACC002849,MER0048,2025-08-14 03:14:53,5.82,gbp,PURCHASE,POSTED,2025-08-14 03:14:53
TXN00041553,ACC001777,MER0048,2025-07-08 19:08:04,9.58,usd,purchase,DECLINED,2025-07-08 19:08:04
TXN00041832,ACC003016,MER0119,2025-07-25 22:24:41,38.65,gbp,REFUND,posted,2025-07-25 22:24:41
TXN00042877,ACC001304,MER0066,2025-07-26 18:42:38,9.46,CAD,PURCHASE,PENDING,2025-07-26 18:42:38
TXN00044364,ACC002942,MER0051,2025-08-28 08:57:17,85.22,USD,DEPOSIT,POSTED,2025-08-28 08:57:17
TXN00041393,ACC002644,MER0001,2025-08-04 09:09:43,100.12,CAD,DEPOSIT,PENDING,2025-08-04 09:09:43
TXN00044840,ACC001894,MER0048,2025-09-11 21:46:51,26.58,GBP,WITHDRAWAL,POSTED,2025-09-11 21:46:51
TXN00043295,ACC001363,MER0026,2025-07-13 12:27:04,213.34,EUR,TRANSFER,DECLINED,2025-07-13 12:27:04
TXN00047638,ACC000581,MER0085,2025-08-11 14:55:22,103.3,EUR,TRANSFER,PENDING,2025-08-11 14:55:22
TXN00047070,ACC003719,MER0064,2025-07-06 01:39:17,3.27,EUR,PURCHASE,DECLINED,2025-07-06 01:39:17
TXN00044612,ACC001960,MER0115,2025-07-26 17:04:02,31.47,JPY,PURCHASE,POSTED,2025-07-26 17:04:02
TXN00045231,ACC003621,MER0134,2025-07-20 17:07:08,20.68,gbp,REFUND,PENDING,2025-07-20 17:07:08
TXN00042468,ACC002756,MER0107,2025-09-13 14:26:51,48.5,JPY,purchase,REVERSED,2025-09-13 14:26:51
TXN00041101,ACC001286,MER0024,2025-09-05 23:14:46,109.22,GBP,TRANSFER,REVERSED,2025-09-05 23:14:46
TXN00043586,ACC002594,MER0015,2025-09-27 04:52:33,4.98,CAD,DEPOSIT,PENDING,2025-09-27 04:52:33
TXN00043619,ACC003743,MER0110,2025-09-02 15:35:41,12.5,EUR,TRANSFER,posted,2025-09-02 15:35:41
TXN00047931,ACC002588,MER0014,2025-07-06 16:24:22,108.96,NGN,PURCHASE,posted,2025-07-06 16:24:22
TXN00044186,ACC000579,MER0077,2025-08-22 13:25:21,15.79,INR,purchase,PENDING,2025-08-22 13:25:21
TXN00044337,ACC003064,MER0038,2025-08-23 20:47:47,43.35,USD,DEPOSIT,PENDING,2025-08-23 20:47:47
TXN00042614,ACC000264,MER0126,2025-07-22 04:56:33,26.26,USD,DEPOSIT,PENDING,2025-07-22 04:56:33
TXN00040929,ACC000630,MER0065,2025-07-11 11:03:43,5.28,CAD,DEPOSIT,POSTED,2025-07-11 11:03:43
TXN00046691,ACC001536,MER0149,2025-07-21 16:30:51,33.92,GBP,WITHDRAWAL,REVERSED,2025-07-21 16:30:51
TXN00045841,ACC001625,MER0138,2025-09-30 05:21:49,58.48,CAD,WITHDRAWAL,REVERSED,2025-09-30 05:21:49
TXN00040530,ACC000208,MER0110,2025-07-13 10:36:13,18.41,gbp,TRANSFER,PENDING,2025-07-13 10:36:13
TXN00041739,ACC000348,MER0028,2025-09-05 22:58:44,29.04,NGN,REFUND,REVERSED,2025-09-05 22:58:44
TXN00043011,ACC003771,MER0012,2025-09-19 12:21:31,37.2,GBP,purchase,DECLINED,2025-09-19 12:21:31
TXN00041108,ACC002607,MER0087,2025-07-29 23:08:01,334.07,CAD,DEPOSIT,DECLINED,2025-07-29 23:08:01
TXN00045633,ACC002827,MER0011,2025-09-12 17:50:23,41.99,EUR,PURCHASE,PENDING,2025-09-12 17:50:23
TXN00040420,ACC001612,MER0059,2025-08-17 22:47:41,10.49,CAD,DEPOSIT,DECLINED,2025-08-17 22:47:41
TXN00046260,ACC003790,MER0002,2025-08-09 15:54:05,9.44,JPY,DEPOSIT,DECLINED,2025-08-09 15:54:05
TXN00040963,ACC001574,MER0142,2025-07-23 15:01:11,17.88,INR,REFUND,DECLINED,2025-07-23 15:01:11
TXN00044181,ACC002706,MER0108,2025-07-07 10:41:03,36.84,EUR,purchase,DECLINED,2025-07-07 10:41:03
TXN00035648,ACC002545,MER0121,2024-06-08 11:02:36,40.97,gbp,WITHDRAWAL,POSTED,2025-09-24 03:47:07
TXN00041549,ACC002122,MER0056,2025-08-14 13:52:11,53.94,USD,purchase,POSTED,2025-08-14 13:52:11
TXN00046536,ACC002206,MER0099,2025-09-04 04:56:55,9.98,USD,WITHDRAWAL,DECLINED,2025-09-04 04:56:55
TXN00040761,ACC003584,MER0126,2025-09-20 00:32:08,30.96,usd,PURCHASE,REVERSED,2025-09-20 00:32:08
TXN00043501,ACC002453,MER0040,2025-08-31 00:22:25,62.34,CAD,purchase,PENDING,2025-08-31 00:22:25
TXN00042121,ACC001615,MER0089,2025-09-24 16:05:42,100.49,gbp,REFUND,posted,2025-09-24 16:05:42
TXN00046703,ACC003188,MER0036,2025-08-22 12:08:03,46.18,JPY,WITHDRAWAL,PENDING,2025-08-22 12:08:03
TXN00042758,ACC001988,MER0038,2025-09-20 13:45:40,85.43,EUR,REFUND,REVERSED,2025-09-20 13:45:40
TXN00047762,ACC001921,MER0136,2025-09-10 23:55:31,6.33,CAD,REFUND,POSTED,2025-09-10 23:55:31
TXN00041267,ACC001171,MER0125,2025-09-28 06:37:53,31.19,NGN,WITHDRAWAL,REVERSED,2025-09-28 06:37:53
TXN00044703,ACC002870,MER0068,2025-07-25 07:37:50,45.52,EUR,purchase,REVERSED,2025-07-25 07:37:50
TXN00041903,ACC000789,MER0093,2025-09-27 05:33:12,9.09,gbp,PURCHASE,posted,2025-09-27 05:33:12
TXN00044668,ACC002116,MER0121,2025-09-13 16:13:47,5.94,JPY,REFUND,REVERSED,2025-09-13 16:13:47
TXN00046469,ACC000686,MER0042,2025-09-04 03:29:18,8.84,gbp,REFUND,posted,2025-09-04 03:29:18
TXN00043582,ACC000354,MER0094,2025-09-16 21:37:00,10.5,NGN,PURCHASE,REVERSED,2025-09-16 21:37:00
TXN00044029,ACC003345,MER0015,2025-08-09 19:44:45,22.93,gbp,PURCHASE,POSTED,2025-08-09 19:44:45
TXN00044229,ACC000914,MER0073,2025-07-09 02:55:02,54.41,JPY,PURCHASE,DECLINED,2025-07-09 02:55:02
TXN00041610,ACC001321,MER0135,2025-09-26 08:28:18,73.06,gbp,PURCHASE,posted,2025-09-26 08:28:18
TXN00044347,ACC001447,MER0061,2025-09-10 07:47:12,71.2,usd,purchase,posted,2025-09-10 07:47:12
TXN00042379,ACC002522,MER0012,2025-07-29 22:39:48,10.58,usd,purchase,DECLINED,2025-07-29 22:39:48
TXN00045307,ACC003192,MER0059,2025-09-16 00:53:51,6.65,INR,purchase,posted,2025-09-16 00:53:51
TXN00010505,ACC002045,MER0131,2025-02-06 16:08:21,298.13,NGN,DEPOSIT,DECLINED,2025-07-26 01:42:33
TXN00042020,ACC001812,MER0032,2025-07-13 11:46:33,39.0,gbp,TRANSFER,posted,2025-07-13 11:46:33
TXN00042782,ACC003211,MER0142,2025-08-03 19:57:45,33.75,gbp,PURCHASE,POSTED,2025-08-03 19:57:45
TXN00040655,ACC001380,MER0013,2025-08-08 08:52:59,7.32,JPY,purchase,PENDING,2025-08-08 08:52:59
TXN00046135,ACC002313,MER0028,2025-08-18 18:22:35,91.38,CAD,TRANSFER,posted,2025-08-18 18:22:35
TXN00047536,ACC003175,MER0124,2025-09-13 14:07:43,31.98,EUR,purchase,REVERSED,2025-09-13 14:07:43
TXN00047763,ACC001327,MER0061,2025-09-17 04:27:35,13.2,EUR,WITHDRAWAL,PENDING,2025-09-17 04:27:35
TXN00042655,ACC003603,MER0128,2025-09-18 14:23:00,116.32,GBP,PURCHASE,PENDING,2025-09-18 14:23:00
TXN00043006,ACC001355,MER0097,2025-07-12 14:26:54,47.7,USD,WITHDRAWAL,DECLINED,2025-07-12 14:26:54
TXN00043602,ACC003004,MER0137,2025-07-24 18:06:56,93.53,gbp,purchase,DECLINED,2025-07-24 18:06:56
TXN00041991,ACC001682,MER0088,2025-08-02 04:50:14,5.32,JPY,REFUND,posted,2025-08-02 04:50:14
TXN00047346,ACC002727,MER0003,2025-09-30 20:34:57,6.1,NGN,DEPOSIT,POSTED,2025-09-30 20:34:57
TXN00033007,ACC003457,MER0148,2025-05-16 10:57:02,59.04,NGN,purchase,POSTED,2025-07-20 11:23:33
TXN00046326,ACC000008,MER0103,2025-08-02 06:56:14,6.73,INR,TRANSFER,POSTED,2025-08-02 06:56:14
TXN00042369,ACC000757,MER0014,2025-08-02 22:46:12,5.34,usd,REFUND,POSTED,2025-08-02 22:46:12
TXN00041653,ACC001454,MER0115,2025-07-21 14:29:53,37.08,GBP,WITHDRAWAL,POSTED,2025-07-21 14:29:53
TXN00040313,ACC002602,MER0070,2025-09-21 07:14:09,4.23,EUR,purchase,DECLINED,2025-09-21 07:14:09
TXN00045409,ACC000532,MER0034,2025-08-05 02:19:53,3.51,USD,TRANSFER,REVERSED,2025-08-05 02:19:53
TXN00042447,ACC003947,MER0076,2025-09-04 18:27:07,23.81,GBP,REFUND,posted,2025-09-04 18:27:07
TXN00042216,ACC000187,MER0109,2025-08-28 20:52:52,78.22,INR,TRANSFER,posted,2025-08-28 20:52:52
TXN00041644,ACC000719,MER0138,2025-09-20 16:55:13,27.33,CAD,WITHDRAWAL,POSTED,2025-09-20 16:55:13
TXN00047554,ACC003499,MER0048,2025-09-26 05:23:36,37.78,CAD,TRANSFER,posted,2025-09-26 05:23:36
TXN00046909,ACC001355,MER0017,2025-08-26 17:23:15,6.7,CAD,REFUND,REVERSED,2025-08-26 17:23:15
TXN00044117,ACC002177,MER0069,2025-09-17 03:25:44,11.41,USD,DEPOSIT,PENDING,2025-09-17 03:25:44
TXN00042306,ACC002078,MER0111,2025-08-20 08:01:32,20769.64,USD,PURCHASE,posted,2025-08-20 08:01:32
TXN00047708,ACC003786,MER0123,2025-09-19 15:31:45,39.67,EUR,REFUND,posted,2025-09-19 15:31:45
TXN00044792,ACC000902,MER0014,2025-08-01 00:55:05,68.22,GBP,REFUND,POSTED,2025-08-01 00:55:05
TXN00042094,ACC000084,MER0012,2025-07-05 09:34:36,113.06,CAD,WITHDRAWAL,PENDING,2025-07-05 09:34:36
TXN00044259,ACC001165,MER0013,2025-08-24 12:54:17,20.77,usd,REFUND,DECLINED,2025-08-24 12:54:17
TXN00046833,ACC000832,MER0083,2025-07-26 14:46:41,14.73,GBP,WITHDRAWAL,DECLINED,2025-07-26 14:46:41
TXN00040979,ACC002536,MER0087,2025-09-29 16:48:49,170.29,NGN,WITHDRAWAL,DECLINED,2025-09-29 16:48:49
TXN00008787,ACC000619,MER0122,2024-08-26 09:58:43,44.07,usd,WITHDRAWAL,DECLINED,2025-07-30 00:49:48
TXN00042018,ACC000636,MER0026,2025-07-16 18:19:07,35.95,CAD,TRANSFER,REVERSED,2025-07-16 18:19:07
TXN00046538,ACC001223,MER0085,2025-08-10 07:35:06,45.64,INR,REFUND,posted,2025-08-10 07:35:06
TXN00040402,ACC000525,MER0028,2025-08-03 20:18:36,8.54,usd,PURCHASE,posted,2025-08-03 20:18:36
TXN00041512,ACC003848,MER0018,2025-09-17 09:58:01,13.49,NGN,REFUND,posted,2025-09-17 09:58:01
TXN00043037,ACC003031,MER0129,2025-08-20 18:12:54,23.43,NGN,TRANSFER,PENDING,2025-08-20 18:12:54
TXN00047449,ACC000246,MER0090,2025-07-29 11:36:10,42.69,gbp,TRANSFER,REVERSED,2025-07-29 11:36:10
TXN00043987,ACC000034,MER0109,2025-09-15 05:57:08,94.35,JPY,PURCHASE,POSTED,2025-09-15 05:57:08
TXN00045203,ACC002283,MER0150,2025-07-30 18:46:42,61.6,INR,PURCHASE,POSTED,2025-07-30 18:46:42
TXN00043199,ACC003287,MER0006,2025-09-15 14:23:21,5.64,USD,purchase,PENDING,2025-09-15 14:23:21
TXN00041263,ACC000877,MER0010,2025-08-20 17:27:16,3.83,gbp,WITHDRAWAL,PENDING,2025-08-20 17:27:16
TXN00040406,ACC003741,MER0074,2025-09-22 10:16:56,43.06,usd,WITHDRAWAL,PENDING,2025-09-22 10:16:56
TXN00045617,ACC002363,MER0073,2025-07-30 21:35:19,4.61,usd,DEPOSIT,PENDING,2025-07-30 21:35:19
TXN00040438,ACC001648,MER0035,2025-08-31 06:36:13,10.62,CAD,TRANSFER,POSTED,2025-08-31 06:36:13
TXN00046358,ACC003804,MER0072,2025-07-16 12:44:49,27.28,INR,purchase,DECLINED,2025-07-16 12:44:49
TXN00043363,ACC001571,MER0086,2025-07-05 09:01:47,122.29,EUR,purchase,DECLINED,2025-07-05 09:01:47
TXN00041992,ACC003678,MER0095,2025-08-23 08:57:51,10.86,usd,purchase,POSTED,2025-08-23 08:57:51
TXN00046406,ACC000194,MER0096,2025-07-13 19:08:51,70.88,JPY,WITHDRAWAL,posted,2025-07-13 19:08:51
TXN00044344,ACC003099,MER0146,2025-07-07 23:45:28,16.85,GBP,WITHDRAWAL,DECLINED,2025-07-07 23:45:28
TXN00040960,ACC002101,MER0132,2025-09-18 10:26:30,10.32,usd,PURCHASE,POSTED,2025-09-18 10:26:30
TXN00032620,ACC002876,MER0024,2025-01-04 05:28:55,6.95,JPY,TRANSFER,DECLINED,2025-08-11 23:50:07
TXN00046572,ACC002975,MER0076,2025-07-25 23:02:01,99.23,CAD,TRANSFER,DECLINED,2025-07-25 23:02:01
TXN00041490,ACC003942,MER0087,2025-09-08 00:16:54,31.14,gbp,TRANSFER,posted,2025-09-08 00:16:54
TXN00045177,ACC001889,MER0062,2025-08-15 16:20:54,15.6,GBP,PURCHASE,REVERSED,2025-08-15 16:20:54
TXN00045049,ACC001780,MER0019,2025-07-07 11:44:02,4.96,EUR,PURCHASE,DECLINED,2025-07-07 11:44:02
TXN00043816,ACC000972,MER0037,2025-07-04 14:01:01,92.58,EUR,WITHDRAWAL,PENDING,2025-07-04 14:01:01
TXN00044083,ACC000856,MER0073,2025-07-26 23:51:51,33754.73,INR,WITHDRAWAL,REVERSED,2025-07-26 23:51:51
TXN00042565,ACC000068,MER0027,2025-08-04 06:00:29,20.64,gbp,REFUND,POSTED,2025-08-04 06:00:29
TXN00042624,ACC000302,MER0103,2025-09-17 08:50:03,17.67,JPY,REFUND,posted,2025-09-17 08:50:03
TXN00041929,ACC003470,MER0120,2025-08-24 11:50:53,37.54,NGN,TRANSFER,PENDING,2025-08-24 11:50:53
TXN00041396,ACC001485,MER0084,2025-08-29 07:13:27,56.27,JPY,PURCHASE,REVERSED,2025-08-29 07:13:27
TXN00045717,ACC003710,MER0146,2025-09-14 15:29:08,3.77,JPY,TRANSFER,posted,2025-09-14 15:29:08
TXN00047058,ACC000078,MER0011,2025-09-13 11:46:54,39.69,JPY,REFUND,POSTED,2025-09-13 11:46:54
TXN00047195,ACC002771,MER0098,2025-09-23 16:56:34,18.3,usd,WITHDRAWAL,PENDING,2025-09-23 16:56:34
TXN00043730,ACC000874,MER0144,2025-07-17 13:36:43,157.71,EUR,PURCHASE,REVERSED,2025-07-17 13:36:43
TXN00042568,ACC003308,MER0148,2025-08-19 22:19:03,3.55,CAD,PURCHASE,REVERSED,2025-08-19 22:19:03
TXN00046792,ACC003738,MER0047,2025-07-24 16:58:05,92.51,usd,TRANSFER,posted,2025-07-24 16:58:05
TXN00045534,ACC002107,MER0087,2025-07-26 12:06:01,61.5,GBP,REFUND,PENDING,2025-07-26 12:06:01
TXN00009809,ACC003910,MER0072,2025-03-18 03:02:34,50.36,CAD,TRANSFER,REVERSED,2025-08-30 18:07:01
TXN00042767,ACC002490,MER0021,2025-09-03 02:30:04,37025.92,EUR,DEPOSIT,PENDING,2025-09-03 02:30:04
TXN00045332,ACC003115,MER0015,2025-07-30 03:54:19,58.16,gbp,DEPOSIT,DECLINED,2025-07-30 03:54:19
TXN00046702,ACC001588,MER0047,2025-09-08 05:01:05,39.65,CAD,TRANSFER,posted,2025-09-08 05:01:05
TXN00046692,ACC001210,MER0084,2025-09-11 00:27:11,2.64,INR,TRANSFER,REVERSED,2025-09-11 00:27:11
TXN00040274,ACC001447,MER0074,2025-09-06 19:19:24,38.64,GBP,PURCHASE,PENDING,2025-09-06 19:19:24
TXN00045704,ACC002235,MER0017,2025-07-30 05:18:39,28.31,EUR,DEPOSIT,DECLINED,2025-07-30 05:18:39
TXN00042705,ACC001459,MER0005,2025-07-08 05:06:32,59.52,usd,DEPOSIT,REVERSED,2025-07-08 05:06:32
TXN00042700,ACC000332,MER0097,2025-07-16 09:54:05,29.27,EUR,PURCHASE,PENDING,2025-07-16 09:54:05
TXN00043318,ACC003006,MER0144,2025-07-21 07:49:47,9.54,CAD,PURCHASE,POSTED,2025-07-21 07:49:47
TXN00046323,ACC000593,MER0112,2025-08-25 03:30:47,45.8,JPY,purchase,REVERSED,2025-08-25 03:30:47
TXN00044447,ACC003152,MER0079,2025-07-14 04:20:49,5.97,gbp,WITHDRAWAL,posted,2025-07-14 04:20:49
TXN00045873,ACC000340,MER0062,2025-09-03 14:40:56,4.97,GBP,TRANSFER,posted,2025-09-03 14:40:56
TXN00042790,ACC000749,MER0039,2025-07-23 20:53:03,20.0,JPY,PURCHASE,DECLINED,2025-07-23 20:53:03
TXN00047601,ACC002858,MER0004,2025-09-18 16:38:35,17.14,INR,TRANSFER,posted,2025-09-18 16:38:35
TXN00045484,ACC001566,MER0040,2025-07-02 20:54:09,20.58,GBP,REFUND,POSTED,2025-07-02 20:54:09
TXN00047226,ACC002898,MER0013,2025-09-03 02:34:08,38.87,INR,REFUND,POSTED,2025-09-03 02:34:08
TXN00041542,ACC001764,MER0052,2025-08-26 05:02:29,288.2,USD,REFUND,POSTED,2025-08-26 05:02:29
TXN00041215,ACC003826,MER0133,2025-08-22 17:07:43,3.59,NGN,REFUND,PENDING,2025-08-22 17:07:43
TXN00043819,ACC002160,MER0047,2025-09-12 05:44:00,21.46,GBP,REFUND,REVERSED,2025-09-12 05:44:00
TXN00042661,ACC002005,MER0072,2025-08-03 09:15:22,164.7,CAD,DEPOSIT,PENDING,2025-08-03 09:15:22
TXN00046922,ACC001525,MER0055,2025-09-28 09:47:11,46.25,EUR,PURCHASE,posted,2025-09-28 09:47:11
TXN00045019,ACC000832,MER0014,2025-07-23 02:59:29,48.51,EUR,TRANSFER,PENDING,2025-07-23 02:59:29
TXN00040953,ACC000265,MER0091,2025-07-01 08:34:31,38.5,NGN,TRANSFER,REVERSED,2025-07-01 08:34:31
TXN00044721,ACC001237,MER0052,2025-09-07 15:43:00,6.89,usd,WITHDRAWAL,posted,2025-09-07 15:43:00
TXN00045021,ACC002703,MER9999,2025-07-07 01:11:28,214.13,CAD,REFUND,posted,2025-07-07 01:11:28
TXN00043104,ACC003323,MER0123,2025-07-28 15:51:40,24.45,gbp,purchase,DECLINED,2025-07-28 15:51:40
TXN00045554,ACC000325,MER0013,2025-07-07 04:53:57,46.71,CAD,REFUND,DECLINED,2025-07-07 04:53:57
TXN00047647,ACC002384,MER0088,2025-07-17 01:45:46,11.12,USD,purchase,POSTED,2025-07-17 01:45:46
TXN00043893,ACC001526,MER0068,2025-07-16 17:52:53,11.58,gbp,REFUND,POSTED,2025-07-16 17:52:53
TXN00045069,ACC001709,MER0014,2025-09-19 02:52:26,13.89,JPY,PURCHASE,DECLINED,2025-09-19 02:52:26
TXN00043365,ACC001192,MER0092,2025-09-04 10:22:23,30.37,EUR,WITHDRAWAL,PENDING,2025-09-04 10:22:23
TXN00045698,ACC002929,MER0034,2025-08-04 16:27:42,82.98,INR,PURCHASE,DECLINED,2025-08-04 16:27:42
TXN00044530,ACC001756,MER0046,2025-09-14 16:11:42,2.83,EUR,PURCHASE,posted,2025-09-14 16:11:42
TXN00041302,ACC002986,MER0093,2025-08-08 04:28:44,92.53,JPY,REFUND,PENDING,2025-08-08 04:28:44
TXN00043425,ACC001216,MER0123,2025-08-27 05:23:05,2.86,gbp,purchase,DECLINED,2025-08-27 05:23:05
TXN00042417,ACC002245,MER0111,2025-09-12 02:52:55,94.0,GBP,DEPOSIT,DECLINED,2025-09-12 02:52:55
TXN00045367,ACC001726,MER0082,2025-09-09 17:12:36,23.14,gbp,WITHDRAWAL,REVERSED,2025-09-09 17:12:36
TXN00040595,ACC002983,MER0121,2025-07-11 03:20:38,317.22,NGN,TRANSFER,DECLINED,2025-07-11 03:20:38
TXN00041566,ACC001323,MER0117,2025-09-26 21:54:34,69.78,EUR,PURCHASE,REVERSED,2025-09-26 21:54:34
TXN00045850,ACC002268,MER0055,2025-08-24 19:07:09,29.14,usd,TRANSFER,posted,2025-08-24 19:07:09
TXN00046184,ACC001631,MER0012,2025-09-17 20:34:29,50.51,gbp,purchase,POSTED,2025-09-17 20:34:29
TXN00045925,ACC003159,MER0124,2025-07-23 16:43:26,44.84,NGN,REFUND,posted,2025-07-23 16:43:26
TXN00045669,ACC002164,MER0021,2025-09-24 11:47:32,58.69,gbp,REFUND,PENDING,2025-09-24 11:47:32
TXN00040635,ACC002228,MER0144,2025-07-03 05:57:59,39.1,usd,DEPOSIT,DECLINED,2025-07-03 05:57:59
TXN00043110,ACC001021,MER0007,2025-08-06 22:37:16,10.75,USD,DEPOSIT,PENDING,2025-08-06 22:37:16
TXN00044959,ACC001692,MER0057,2025-08-07 20:12:14,31.09,usd,WITHDRAWAL,PENDING,2025-08-07 20:12:14
TXN00024217,ACC002830,MER0106,2025-02-18 06:43:02,46.15,JPY,REFUND,POSTED,2025-07-15 19:46:54
TXN00042269,ACC001490,MER0094,2025-08-12 12:41:42,174.25,CAD,WITHDRAWAL,PENDING,2025-08-12 12:41:42
TXN00040846,ACC000480,MER0102,2025-09-01 01:26:39,4.58,usd,WITHDRAWAL,posted,2025-09-01 01:26:39
TXN00045560,ACC001299,MER0012,2025-09-13 14:53:53,24.3,GBP,WITHDRAWAL,DECLINED,2025-09-13 14:53:53
TXN00042009,ACC000799,MER0008,2025-08-07 03:05:57,32.07,EUR,purchase,POSTED,2025-08-07 03:05:57
TXN00040193,ACC002390,MER0059,2025-07-08 08:12:04,107.16,gbp,REFUND,REVERSED,2025-07-08 08:12:04
TXN00042434,ACC000064,MER0050,2025-09-26 01:21:06,35.39,INR,PURCHASE,DECLINED,2025-09-26 01:21:06
TXN00041356,ACC001122,MER0006,2025-09-21 10:19:11,16.63,gbp,PURCHASE,PENDING,2025-09-21 10:19:11
TXN00047694,ACC002496,MER0041,2025-08-20 22:23:48,38.25,usd,purchase,POSTED,2025-08-20 22:23:48
TXN00045737,ACC003947,MER0016,2025-07-19 02:37:57,6.03,INR,DEPOSIT,posted,2025-07-19 02:37:57
TXN00040334,ACC002934,MER0119,2025-07-18 15:28:25,22.48,EUR,DEPOSIT,PENDING,2025-07-18 15:28:25
TXN00041100,ACC002320,MER0044,2025-08-04 14:35:20,19.95,USD,PURCHASE,posted,2025-08-04 14:35:20
TXN00046238,ACC003857,MER0074,2025-08-26 04:06:12,55.63,usd,REFUND,POSTED,2025-08-26 04:06:12
TXN00042756,ACC001994,MER0006,2025-07-11 20:37:13,8.8,NGN,DEPOSIT,POSTED,2025-07-11 20:37:13
TXN00045682,ACC000043,MER0141,2025-09-15 21:12:34,6.34,usd,DEPOSIT,REVERSED,2025-09-15 21:12:34
TXN00047325,ACC001265,MER0108,2025-09-08 09:02:33,19.89,JPY,REFUND,PENDING,2025-09-08 09:02:33
TXN00043800,ACC002568,MER0108,2025-09-12 18:46:15,10.51,usd,REFUND,POSTED,2025-09-12 18:46:15
TXN00036579,ACC002938,MER0048,2025-06-02 22:38:34,76.34,NGN,PURCHASE,POSTED,2025-09-30 20:18:14
TXN00043454,ACC002187,MER0014,2025-09-15 02:51:46,248.6,NGN,DEPOSIT,POSTED,2025-09-15 02:51:46
TXN00042303,ACC001519,MER0014,2025-08-31 19:27:35,12.11,usd,DEPOSIT,DECLINED,2025-08-31 19:27:35
TXN00043096,ACC001280,MER0119,2025-09-18 20:20:41,9.56,EUR,REFUND,DECLINED,2025-09-18 20:20:41
TXN00029994,ACC002136,MER0073,2024-10-14 00:51:02,2.63,GBP,purchase,POSTED,2025-09-27 06:49:31
TXN00043516,ACC002711,MER0146,2025-08-07 19:15:06,9.36,INR,DEPOSIT,DECLINED,2025-08-07 19:15:06
TXN00019811,ACC001002,MER0139,2024-08-05 12:39:06,23.21,GBP,PURCHASE,POSTED,2025-08-27 14:38:47
TXN00044951,ACC001244,MER0053,2025-08-24 17:11:19,52.63,gbp,purchase,PENDING,2025-08-24 17:11:19
TXN00043556,ACC000013,MER0024,2025-09-17 09:09:14,2.91,usd,TRANSFER,posted,2025-09-17 09:09:14
TXN00043537,ACC002574,MER0050,2025-07-03 00:31:08,310.53,usd,WITHDRAWAL,DECLINED,2025-07-03 00:31:08
TXN00046153,ACC003517,MER0064,2025-09-30 04:48:42,8.85,EUR,DEPOSIT,PENDING,2025-09-30 04:48:42
TXN00047746,ACC002134,MER0056,2025-07-29 05:55:26,2.3,GBP,WITHDRAWAL,POSTED,2025-07-29 05:55:26
TXN00042902,ACC001411,MER0095,2025-08-07 05:50:22,17.38,JPY,WITHDRAWAL,posted,2025-08-07 05:50:22
TXN00046962,ACC002598,MER0129,2025-07-30 04:27:37,20.85,INR,TRANSFER,REVERSED,2025-07-30 04:27:37
TXN00047889,ACC002610,MER0150,2025-07-19 22:43:21,5.14,gbp,TRANSFER,PENDING,2025-07-19 22:43:21
TXN00042324,ACC000482,MER0024,2025-09-19 04:08:29,41.78,CAD,WITHDRAWAL,PENDING,2025-09-19 04:08:29
TXN00046588,ACC002109,MER0039,2025-07-23 10:46:18,11.19,EUR,TRANSFER,PENDING,2025-07-23 10:46:18
TXN00044763,ACC003833,MER0094,2025-08-28 20:54:58,12.07,CAD,PURCHASE,PENDING,2025-08-28 20:54:58
TXN00046377,ACC002204,MER0013,2025-08-09 00:28:30,46.33,INR,WITHDRAWAL,REVERSED,2025-08-09 00:28:30
TXN00043940,ACC000488,MER0073,2025-08-11 09:05:22,42.23,EUR,DEPOSIT,POSTED,2025-08-11 09:05:22
TXN00041998,ACC002602,MER0039,2025-08-25 00:52:01,42.07,EUR,WITHDRAWAL,PENDING,2025-08-25 00:52:01
TXN00040364,ACC002875,MER0149,2025-08-04 13:59:16,134.94,INR,DEPOSIT,REVERSED,2025-08-04 13:59:16
TXN00043598,ACC001824,MER0017,2025-08-30 16:17:23,17.06,NGN,REFUND,DECLINED,2025-08-30 16:17:23
TXN00041520,ACC003405,MER0061,2025-07-23 15:48:24,14.02,gbp,purchase,POSTED,2025-07-23 15:48:24
TXN00043109,ACC002602,MER0059,2025-08-27 11:41:19,10.62,INR,PURCHASE,REVERSED,2025-08-27 11:41:19
TXN00040525,ACC000231,MER0033,2025-09-08 16:52:45,3.47,GBP,DEPOSIT,REVERSED,2025-09-08 16:52:45
TXN00043078,ACC001171,MER0100,2025-08-10 20:26:20,8.92,INR,PURCHASE,REVERSED,2025-08-10 20:26:20
TXN00040887,ACC000641,MER0055,2025-07-21 11:53:39,19.49,CAD,purchase,POSTED,2025-07-21 11:53:39
TXN00046325,ACC003201,MER0051,2025-08-09 06:35:44,52.97,NGN,WITHDRAWAL,POSTED,2025-08-09 06:35:44
TXN00040462,ACC001129,MER0006,2025-09-21 21:55:53,13.89,EUR,DEPOSIT,posted,2025-09-21 21:55:53
TXN00044427,ACC002221,MER0116,2025-08-15 11:06:01,2.3,NGN,TRANSFER,DECLINED,2025-08-15 11:06:01
TXN00043085,ACC002510,MER0142,2025-07-14 12:33:15,14.14,INR,DEPOSIT,POSTED,2025-07-14 12:33:15
TXN00023025,ACC000802,MER0065,2024-03-02 13:12:30,7.96,CAD,PURCHASE,REVERSED,2025-07-25 20:20:06
TXN00043342,ACC003063,MER0061,2025-07-07 13:33:49,32.28,USD,DEPOSIT,PENDING,2025-07-07 13:33:49
TXN00044384,ACC003054,MER0022,2025-09-15 08:05:05,22.69,CAD,DEPOSIT,REVERSED,2025-09-15 08:05:05
TXN00041236,ACC000642,MER0020,2025-07-05 17:56:28,59.73,GBP,purchase,REVERSED,2025-07-05 17:56:28
TXN00040863,ACC003348,MER0079,2025-08-14 20:14:56,1.21,USD,WITHDRAWAL,DECLINED,2025-08-14 20:14:56
TXN00040828,ACC002888,MER0114,2025-07-22 07:09:42,22.79,INR,purchase,posted,2025-07-22 07:09:42
TXN00043377,ACC001251,MER0059,2025-07-31 17:11:35,10.21,usd,purchase,POSTED,2025-07-31 17:11:35
TXN00044837,ACC002807,MER0058,2025-08-10 20:22:34,11.94,EUR,purchase,DECLINED,2025-08-10 20:22:34
TXN00047953,ACC000199,MER0131,2025-09-12 15:28:18,38.34,CAD,REFUND,POSTED,2025-09-12 15:28:18
TXN00045586,ACC000368,MER0103,2025-07-15 10:32:20,29.3,INR,purchase,PENDING,2025-07-15 10:32:20
TXN00043471,ACC000901,MER0106,2025-09-22 02:29:14,61.54,gbp,purchase,DECLINED,2025-09-22 02:29:14
TXN00030151,ACC002213,MER0111,2024-07-12 05:42:42,1.38,usd,TRANSFER,DECLINED,2025-07-12 02:19:02
TXN00042150,ACC002126,MER0052,2025-07-14 19:07:51,12.73,GBP,REFUND,PENDING,2025-07-14 19:07:51
TXN00006979,ACC003233,MER0082,2024-12-06 03:26:29,65.97,gbp,PURCHASE,REVERSED,2025-08-16 16:06:17
TXN00047505,ACC001220,MER0102,2025-08-30 17:18:05,81.17,JPY,purchase,posted,2025-08-30 17:18:05
TXN00046758,ACC000272,MER0119,2025-07-23 23:49:08,16.34,JPY,PURCHASE,posted,2025-07-23 23:49:08
TXN00043413,ACC001801,MER0062,2025-08-21 18:16:45,13.83,usd,DEPOSIT,DECLINED,2025-08-21 18:16:45
TXN00046146,ACC000279,MER0063,2025-08-26 04:01:28,18.59,NGN,WITHDRAWAL,posted,2025-08-26 04:01:28
TXN00047333,ACC001144,MER0068,2025-07-29 10:19:14,16.32,EUR,WITHDRAWAL,PENDING,2025-07-29 10:19:14
TXN00041394,ACC003506,MER0035,2025-08-02 10:29:30,53.14,INR,PURCHASE,posted,2025-08-02 10:29:30
TXN00040196,ACC001879,MER0150,2025-08-01 23:23:42,59.85,JPY,DEPOSIT,PENDING,2025-08-01 23:23:42
TXN00043465,ACC003432,MER0032,2025-08-01 20:23:03,88.51,GBP,WITHDRAWAL,DECLINED,2025-08-01 20:23:03
TXN00043637,ACC000347,MER0044,2025-09-07 19:07:00,25.49,usd,PURCHASE,PENDING,2025-09-07 19:07:00
TXN00046139,ACC003377,MER0080,2025-07-03 01:20:13,15.57,gbp,TRANSFER,DECLINED,2025-07-03 01:20:13
TXN00041662,ACC000132,MER0075,2025-09-18 06:19:50,43.37,USD,TRANSFER,PENDING,2025-09-18 06:19:50
TXN00040432,ACC000631,MER0004,2025-08-20 04:44:39,4.12,INR,REFUND,PENDING,2025-08-20 04:44:39
TXN00047489,ACC000927,MER0082,2025-08-11 23:02:36,15.93,EUR,PURCHASE,POSTED,2025-08-11 23:02:36
TXN00041668,ACC002918,MER0041,2025-08-15 18:19:42,16.74,USD,DEPOSIT,posted,2025-08-15 18:19:42
TXN00047092,ACC000047,MER0013,2025-07-26 21:21:35,93.16,EUR,PURCHASE,REVERSED,2025-07-26 21:21:35
TXN00040838,ACC000427,MER0148,2025-07-26 19:13:00,22.52,INR,WITHDRAWAL,POSTED,2025-07-26 19:13:00
TXN00047838,ACC003349,MER0147,2025-09-25 16:04:59,18.45,gbp,PURCHASE,posted,2025-09-25 16:04:59
TXN00047480,ACC002080,MER0098,2025-08-15 02:17:15,135.89,gbp,WITHDRAWAL,REVERSED,2025-08-15 02:17:15
TXN00044793,ACC001768,MER0141,2025-08-19 11:01:59,8.89,INR,WITHDRAWAL,REVERSED,2025-08-19 11:01:59
TXN00045862,ACC002504,MER0123,2025-09-13 09:02:38,2.72,CAD,DEPOSIT,POSTED,2025-09-13 09:02:38
TXN00040413,ACC003094,MER0105,2025-08-23 21:38:37,9.62,JPY,REFUND,REVERSED,2025-08-23 21:38:37
TXN00040700,ACC001326,MER0021,2025-08-10 03:17:16,63.13,GBP,DEPOSIT,posted,2025-08-10 03:17:16
TXN00040054,ACC003237,MER0149,2025-07-09 08:14:53,3.17,EUR,REFUND,DECLINED,2025-07-09 08:14:53
TXN00044274,ACC001203,MER0028,2025-08-06 12:27:41,82.45,INR,purchase,REVERSED,2025-08-06 12:27:41
TXN00043575,ACC001566,MER0083,2025-07-30 10:17:03,59.96,JPY,TRANSFER,posted,2025-07-30 10:17:03
TXN00041056,ACC001173,MER0142,2025-08-19 03:58:11,13.29,usd,WITHDRAWAL,posted,2025-08-19 03:58:11
TXN00044441,ACC000922,MER0045,2025-09-23 14:50:11,35.96,gbp,DEPOSIT,DECLINED,2025-09-23 14:50:11
TXN00043105,ACC001688,MER0148,2025-09-10 20:26:40,8.79,usd,WITHDRAWAL,PENDING,2025-09-10 20:26:40
TXN00041738,ACC002712,MER0069,2025-07-09 09:53:53,59.55,JPY,TRANSFER,posted,2025-07-09 09:53:53
TXN00042766,ACC001867,MER0082,2025-08-02 15:27:29,20.14,CAD,PURCHASE,posted,2025-08-02 15:27:29
TXN00047977,ACC000614,MER0134,2025-08-25 01:53:29,54.88,usd,DEPOSIT,REVERSED,2025-08-25 01:53:29
TXN00041261,ACC002340,MER0109,2025-09-01 18:19:29,21.61,NGN,DEPOSIT,PENDING,2025-09-01 18:19:29
TXN00042781,ACC001551,MER0114,2025-07-02 00:33:42,1.43,usd,TRANSFER,REVERSED,2025-07-02 00:33:42
TXN00041838,ACC001603,MER0090,2025-07-11 18:58:32,20.62,EUR,DEPOSIT,posted,2025-07-11 18:58:32
TXN00047246,ACC000173,MER9999,2025-09-26 21:03:02,123.46,INR,TRANSFER,REVERSED,2025-09-26 21:03:02
TXN00042519,ACC002602,MER0035,2025-07-04 12:18:17,6.76,USD,REFUND,POSTED,2025-07-04 12:18:17
TXN00045443,ACC003835,MER0094,2025-07-25 08:40:59,14.43,NGN,purchase,REVERSED,2025-07-25 08:40:59
TXN00043202,ACC000078,MER0014,2025-09-06 16:49:14,10.93,EUR,TRANSFER,DECLINED,2025-09-06 16:49:14
TXN00016489,ACC001464,MER0042,2024-08-26 13:09:38,30.39,usd,TRANSFER,REVERSED,2025-07-13 13:00:42
TXN00042203,ACC001475,MER0018,2025-09-29 18:10:56,6.4,CAD,WITHDRAWAL,PENDING,2025-09-29 18:10:56
TXN00042358,ACC003528,MER0045,2025-08-21 01:28:53,61.93,EUR,WITHDRAWAL,POSTED,2025-08-21 01:28:53
TXN00043648,ACC000132,MER0098,2025-07-29 15:11:17,43.54,JPY,purchase,DECLINED,2025-07-29 15:11:17
TXN00040832,ACC003499,MER0143,2025-07-26 05:16:36,14.24,INR,purchase,PENDING,2025-07-26 05:16:36
TXN00040553,ACC001336,MER0016,2025-07-04 09:42:08,18.26,usd,DEPOSIT,POSTED,2025-07-04 09:42:08
TXN00047309,ACC001069,MER0103,2025-07-28 21:06:45,34.41,GBP,TRANSFER,DECLINED,2025-07-28 21:06:45
TXN00043903,ACC003417,MER0015,2025-07-11 13:15:25,45.06,GBP,DEPOSIT,posted,2025-07-11 13:15:25
TXN00040371,ACC001142,MER0060,2025-09-29 09:46:57,26.2,JPY,DEPOSIT,PENDING,2025-09-29 09:46:57
TXN00046490,ACC000157,MER0013,2025-09-17 17:35:45,77.5,CAD,purchase,PENDING,2025-09-17 17:35:45
TXN00042316,ACC002078,MER0131,2025-09-14 11:21:15,61.69,gbp,TRANSFER,REVERSED,2025-09-14 11:21:15
TXN00045823,ACC003273,MER0104,2025-09-10 15:19:54,29.4,CAD,REFUND,REVERSED,2025-09-10 15:19:54
TXN00044203,ACC002210,MER0094,2025-08-25 07:58:12,6.74,USD,purchase,PENDING,2025-08-25 07:58:12
TXN00041885,ACC002719,MER0150,2025-08-21 09:43:38,19.77,EUR,REFUND,REVERSED,2025-08-21 09:43:38
TXN00043833,ACC001510,MER0036,2025-09-02 17:35:59,26.47,EUR,REFUND,PENDING,2025-09-02 17:35:59
TXN00041190,ACC002381,MER0131,2025-07-08 00:03:31,73.62,NGN,DEPOSIT,POSTED,2025-07-08 00:03:31
TXN00044842,ACC002147,MER0066,2025-07-28 09:26:25,24.27,gbp,TRANSFER,POSTED,2025-07-28 09:26:25
TXN00044121,ACC002590,MER0066,2025-09-12 12:01:54,34.77,USD,purchase,REVERSED,2025-09-12 12:01:54
TXN00046192,ACC001039,MER0065,2025-08-30 13:56:02,46.64,EUR,purchase,REVERSED,2025-08-30 13:56:02
TXN00047792,ACC001457,MER0092,2025-07-18 21:49:32,6.1,usd,purchase,POSTED,2025-07-18 21:49:32
TXN00044702,ACC000488,MER0021,2025-07-20 21:09:15,67.93,usd,DEPOSIT,POSTED,2025-07-20 21:09:15
TXN00043496,ACC000312,MER0010,2025-07-29 06:37:11,6.74,INR,DEPOSIT,POSTED,2025-07-29 06:37:11
TXN00041963,ACC003276,MER0056,2025-07-14 14:44:59,5.48,JPY,purchase,posted,2025-07-14 14:44:59
TXN00041293,ACC003288,MER0085,2025-07-29 01:29:53,82.57,CAD,PURCHASE,POSTED,2025-07-29 01:29:53
TXN00047937,ACC003558,MER0132,2025-07-05 21:39:22,22.49,INR,PURCHASE,REVERSED,2025-07-05 21:39:22
TXN00016891,ACC000551,MER0114,2024-05-07 17:43:01,1.45,usd,purchase,POSTED,2025-09-30 06:33:16
TXN00041922,ACC003857,MER0074,2025-08-16 12:52:22,37.32,CAD,REFUND,PENDING,2025-08-16 12:52:22
TXN00045513,ACC003081,MER0032,2025-08-09 08:17:26,24.63,usd,TRANSFER,posted,2025-08-09 08:17:26
TXN00047841,ACC000613,MER0109,2025-08-31 12:17:48,91.31,GBP,purchase,DECLINED,2025-08-31 12:17:48
TXN00042866,ACC000588,MER0099,2025-09-30 21:56:44,43.72,USD,TRANSFER,PENDING,2025-09-30 21:56:44
TXN00047009,ACC003122,MER0084,2025-08-08 21:52:44,48.6,GBP,purchase,PENDING,2025-08-08 21:52:44
TXN00043959,ACC001509,MER0019,2025-07-14 12:10:13,27.39,CAD,purchase,POSTED,2025-07-14 12:10:13
TXN00045775,ACC003462,MER0010,2025-08-17 11:43:23,4.05,usd,DEPOSIT,REVERSED,2025-08-17 11:43:23
TXN00046307,ACC003372,MER0003,2025-08-23 07:59:23,77.48,gbp,WITHDRAWAL,DECLINED,2025-08-23 07:59:23
TXN00047126,ACC002451,MER0120,2025-07-17 00:41:29,5.06,usd,REFUND,REVERSED,2025-07-17 00:41:29
TXN00040287,ACC003359,MER0099,2025-08-23 22:34:53,7.04,usd,WITHDRAWAL,POSTED,2025-08-23 22:34:53
TXN00042248,ACC000742,MER0098,2025-08-06 18:20:15,21660.93,EUR,PURCHASE,POSTED,2025-08-06 18:20:15
TXN00043192,ACC001604,MER0090,2025-07-03 00:04:07,8.36,CAD,REFUND,posted,2025-07-03 00:04:07
TXN00046771,ACC002963,MER0019,2025-07-10 00:26:36,120.83,NGN,purchase,DECLINED,2025-07-10 00:26:36
TXN00044087,ACC003225,MER0021,2025-07-01 10:22:55,426.5,INR,purchase,posted,2025-07-01 10:22:55
TXN00040183,ACC001823,MER0120,2025-07-12 17:24:37,11.05,gbp,purchase,PENDING,2025-07-12 17:24:37
TXN00016562,ACC001419,MER0014,2024-03-25 04:11:35,86.82,NGN,WITHDRAWAL,DECLINED,2025-09-10 22:35:26
TXN00043547,ACC002387,MER0135,2025-07-30 17:46:09,82.01,CAD,DEPOSIT,POSTED,2025-07-30 17:46:09
TXN00047479,ACC001338,MER0091,2025-08-18 19:49:36,116.8,GBP,purchase,PENDING,2025-08-18 19:49:36
TXN00046474,ACC001506,MER0058,2025-07-25 14:03:27,16.22,GBP,purchase,REVERSED,2025-07-25 14:03:27
TXN00044534,ACC002596,MER0017,2025-07-09 17:34:43,15.93,usd,REFUND,POSTED,2025-07-09 17:34:43
TXN00041316,ACC001700,MER0072,2025-09-26 09:41:45,19.01,JPY,TRANSFER,POSTED,2025-09-26 09:41:45
TXN00041855,ACC001283,MER0009,2025-07-22 13:46:13,43.72,gbp,REFUND,POSTED,2025-07-22 13:46:13
TXN00046699,ACC001438,MER9999,2025-08-23 17:24:35,11.0,NGN,purchase,POSTED,2025-08-23 17:24:35
TXN00005566,ACC003553,MER0043,2025-02-09 18:33:13,41.77,USD,DEPOSIT,DECLINED,2025-08-16 19:56:01
TXN00045029,ACC003161,MER0051,2025-09-11 00:34:17,4.56,gbp,purchase,POSTED,2025-09-11 00:34:17
TXN00041460,ACC000914,MER0129,2025-09-05 11:14:20,23.51,usd,TRANSFER,posted,2025-09-05 11:14:20
TXN00046578,ACC003660,MER0019,2025-08-23 19:09:14,27445.8,GBP,DEPOSIT,POSTED,2025-08-23 19:09:14
TXN00046539,ACC001884,MER0130,2025-07-24 07:26:47,8.26,gbp,TRANSFER,DECLINED,2025-07-24 07:26:47
TXN00044500,ACC003074,MER0086,2025-09-11 12:49:49,8.7,gbp,WITHDRAWAL,DECLINED,2025-09-11 12:49:49
TXN00047963,ACC000101,MER0083,2025-07-30 05:54:27,80.4,gbp,TRANSFER,posted,2025-07-30 05:54:27
TXN00045511,ACC000327,MER0093,2025-08-13 20:51:32,31.51,CAD,purchase,DECLINED,2025-08-13 20:51:32
TXN00043054,ACC000018,MER0147,2025-09-20 16:05:06,50.87,INR,purchase,POSTED,2025-09-20 16:05:06
TXN00045110,ACC003551,MER0081,2025-08-04 18:09:21,12.75,JPY,purchase,posted,2025-08-04 18:09:21
TXN00042404,ACC001440,MER0018,2025-07-28 07:18:16,21.35,EUR,REFUND,REVERSED,2025-07-28 07:18:16
TXN00042571,ACC001279,MER0130,2025-09-12 02:05:11,4.51,JPY,DEPOSIT,REVERSED,2025-09-12 02:05:11
TXN00046958,ACC002051,MER0067,2025-08-12 20:24:47,68.47,gbp,purchase,DECLINED,2025-08-12 20:24:47
TXN00045225,ACC003018,MER0008,2025-08-08 06:18:30,104.42,GBP,DEPOSIT,REVERSED,2025-08-08 06:18:30
TXN00047866,ACC002067,MER0051,2025-09-10 05:38:29,11.03,GBP,REFUND,posted,2025-09-10 05:38:29
TXN00044248,ACC001811,MER0071,2025-08-17 21:42:41,28.21,gbp,DEPOSIT,posted,2025-08-17 21:42:41
TXN00046972,ACC002473,MER0137,2025-07-28 00:20:05,11.88,JPY,DEPOSIT,REVERSED,2025-07-28 00:20:05
TXN00041239,ACC003451,MER0110,2025-07-14 21:08:41,35.97,usd,REFUND,REVERSED,2025-07-14 21:08:41
TXN00047607,ACC003800,MER0029,2025-08-18 07:06:19,33.05,USD,PURCHASE,REVERSED,2025-08-18 07:06:19
TXN00041405,ACC002597,MER0046,2025-08-27 20:02:32,37794.71,NGN,purchase,posted,2025-08-27 20:02:32
TXN00047128,ACC000820,MER0142,2025-08-10 11:52:07,63.81,NGN,DEPOSIT,PENDING,2025-08-10 11:52:07
TXN00042180,ACC003552,MER0004,2025-07-06 21:14:41,5.59,INR,PURCHASE,DECLINED,2025-07-06 21:14:41
TXN00045423,ACC003776,MER0119,2025-09-07 19:25:54,10.83,JPY,WITHDRAWAL,POSTED,2025-09-07 19:25:54
TXN00042473,ACC001599,MER0075,2025-08-19 07:31:00,1.66,GBP,TRANSFER,PENDING,2025-08-19 07:31:00
TXN00041461,ACC002929,MER0113,2025-09-05 06:15:53,50.38,EUR,TRANSFER,PENDING,2025-09-05 06:15:53
TXN00046752,ACC003718,MER0021,2025-08-09 18:59:22,27.66,INR,TRANSFER,REVERSED,2025-08-09 18:59:22
TXN00047082,ACC002580,MER0133,2025-09-07 03:02:22,11.33,NGN,DEPOSIT,DECLINED,2025-09-07 03:02:22
TXN00025585,ACC000938,MER0110,2025-01-27 10:09:31,8.91,GBP,TRANSFER,REVERSED,2025-09-02 09:11:08
TXN00045738,ACC000563,MER0113,2025-07-17 22:59:20,17.48,CAD,DEPOSIT,PENDING,2025-07-17 22:59:20
TXN00041773,ACC002850,MER0148,2025-08-20 17:50:50,28.41,CAD,DEPOSIT,posted,2025-08-20 17:50:50
TXN00040164,ACC000688,MER0020,2025-09-30 03:01:15,120.44,USD,PURCHASE,posted,2025-09-30 03:01:15
TXN00044340,ACC001172,MER0084,2025-08-03 06:01:40,27.75,JPY,REFUND,POSTED,2025-08-03 06:01:40
TXN00046935,ACC000747,MER0123,2025-07-11 19:57:41,12.51,GBP,WITHDRAWAL,PENDING,2025-07-11 19:57:41
TXN00042719,ACC000368,MER0001,2025-08-07 03:53:07,47.96,EUR,WITHDRAWAL,posted,2025-08-07 03:53:07
TXN00043057,ACC002304,MER0033,2025-07-06 08:29:24,42.24,CAD,DEPOSIT,DECLINED,2025-07-06 08:29:24
TXN00041636,ACC003825,MER0055,2025-08-14 14:14:08,14.3,EUR,DEPOSIT,REVERSED,2025-08-14 14:14:08
TXN00046960,ACC002906,MER0062,2025-07-14 13:07:14,10.46,GBP,TRANSFER,posted,2025-07-14 13:07:14
TXN00040216,ACC003310,MER0129,2025-09-07 13:02:53,8.0,GBP,TRANSFER,PENDING,2025-09-07 13:02:53
TXN00046986,ACC002935,MER0013,2025-07-27 17:08:12,24.57,JPY,purchase,REVERSED,2025-07-27 17:08:12
TXN00047801,ACC000851,MER0146,2025-07-05 13:15:07,4.52,CAD,REFUND,PENDING,2025-07-05 13:15:07
TXN00041292,ACC001037,MER0118,2025-09-16 18:38:56,9737.49,gbp,DEPOSIT,DECLINED,2025-09-16 18:38:56
TXN00047323,ACC000843,MER0074,2025-09-08 23:43:46,70.7,EUR,TRANSFER,POSTED,2025-09-08 23:43:46
TXN00045789,ACC001392,MER0116,2025-09-01 08:08:16,14.72,NGN,DEPOSIT,POSTED,2025-09-01 08:08:16
TXN00043935,ACC003009,MER0084,2025-09-27 18:24:54,12.76,EUR,PURCHASE,posted,2025-09-27 18:24:54
TXN00040114,ACC001268,MER0113,2025-07-23 06:04:20,29.32,gbp,WITHDRAWAL,POSTED,2025-07-23 06:04:20
TXN00040955,ACC000141,MER0005,2025-08-13 09:19:03,8.58,GBP,REFUND,DECLINED,2025-08-13 09:19:03
TXN00040136,ACC000162,MER0005,2025-08-28 06:25:18,38.77,USD,purchase,REVERSED,2025-08-28 06:25:18
TXN00040092,ACC003062,MER0093,2025-08-13 18:35:33,214.41,USD,REFUND,PENDING,2025-08-13 18:35:33
TXN00046505,ACC001265,MER0148,2025-09-05 05:59:47,27.77,GBP,purchase,DECLINED,2025-09-05 05:59:47
TXN00046671,ACC002687,MER0116,2025-08-06 23:14:40,81.34,NGN,PURCHASE,POSTED,2025-08-06 23:14:40
TXN00040026,ACC002381,MER0012,2025-08-17 06:32:44,39.31,NGN,PURCHASE,DECLINED,2025-08-17 06:32:44
TXN00042716,ACC001006,MER0128,2025-08-10 09:00:45,14.49,NGN,REFUND,DECLINED,2025-08-10 09:00:45
TXN00042963,ACC001007,MER0010,2025-07-07 05:31:36,10.65,USD,PURCHASE,POSTED,2025-07-07 05:31:36
TXN00045137,ACC002697,MER0109,2025-07-05 09:29:09,23.84,INR,TRANSFER,PENDING,2025-07-05 09:29:09
TXN00040458,ACC003292,MER0003,2025-09-29 10:11:52,3.29,NGN,REFUND,DECLINED,2025-09-29 10:11:52
TXN00046717,ACC001038,MER0065,2025-09-29 01:20:12,19.19,usd,purchase,PENDING,2025-09-29 01:20:12
TXN00045520,ACC003827,MER0069,2025-07-24 14:23:29,95.02,usd,TRANSFER,POSTED,2025-07-24 14:23:29
TXN00046012,ACC001270,MER0132,2025-07-26 08:43:47,36.23,gbp,PURCHASE,posted,2025-07-26 08:43:47
TXN00043336,ACC000340,MER0108,2025-08-16 19:06:55,4.73,NGN,TRANSFER,PENDING,2025-08-16 19:06:55
TXN00021777,ACC000285,MER0135,2024-06-26 19:33:34,42.21,gbp,REFUND,DECLINED,2025-08-17 08:16:30
TXN00042477,ACC001104,MER0099,2025-08-19 12:13:05,23.36,gbp,DEPOSIT,PENDING,2025-08-19 12:13:05
TXN00046408,ACC000822,MER0053,2025-07-22 01:53:39,43.87,USD,WITHDRAWAL,REVERSED,2025-07-22 01:53:39
TXN00041708,ACC001239,MER0121,2025-07-26 20:57:15,22.45,gbp,REFUND,posted,2025-07-26 20:57:15
TXN00041082,ACC000856,MER0005,2025-07-11 22:36:17,22.15,usd,PURCHASE,PENDING,2025-07-11 22:36:17
TXN00040644,ACC000238,MER0090,2025-09-14 08:00:59,34.8,INR,PURCHASE,POSTED,2025-09-14 08:00:59
TXN00045779,ACC002309,MER0011,2025-07-16 16:20:36,26.33,CAD,purchase,REVERSED,2025-07-16 16:20:36
TXN00045363,ACC000237,MER0045,2025-07-27 11:17:34,19.22,NGN,purchase,PENDING,2025-07-27 11:17:34
TXN00043561,ACC003904,MER0123,2025-07-27 06:30:13,51.33,USD,REFUND,PENDING,2025-07-27 06:30:13
TXN00040082,ACC000036,MER0075,2025-07-20 16:18:52,58.09,CAD,REFUND,DECLINED,2025-07-20 16:18:52
TXN00044524,ACC003478,MER0135,2025-09-04 03:02:39,38.42,NGN,TRANSFER,PENDING,2025-09-04 03:02:39
TXN00040051,ACC001260,MER0012,2025-09-14 02:49:58,7.76,INR,DEPOSIT,REVERSED,2025-09-14 02:49:58
TXN00047764,ACC000700,MER0080,2025-09-24 20:34:23,23.21,INR,TRANSFER,PENDING,2025-09-24 20:34:23
TXN00040393,ACC001712,MER0023,2025-07-22 15:20:53,148.41,GBP,TRANSFER,POSTED,2025-07-22 15:20:53
TXN00041211,ACC002375,MER0026,2025-07-13 09:07:19,1.71,USD,DEPOSIT,PENDING,2025-07-13 09:07:19
TXN00046715,ACC003616,MER0101,2025-09-16 06:26:26,3.46,INR,DEPOSIT,POSTED,2025-09-16 06:26:26
TXN00047432,ACC000554,MER0110,2025-09-22 07:54:46,51.8,JPY,WITHDRAWAL,DECLINED,2025-09-22 07:54:46
TXN00041005,ACC002266,MER0020,2025-09-19 09:43:02,7.37,usd,TRANSFER,POSTED,2025-09-19 09:43:02
TXN00041377,ACC002880,MER0034,2025-07-09 05:40:50,202.82,INR,WITHDRAWAL,REVERSED,2025-07-09 05:40:50
TXN00040298,ACC000054,MER0088,2025-09-30 18:20:28,17.91,CAD,REFUND,PENDING,2025-09-30 18:20:28
TXN00042815,ACC000647,MER0129,2025-07-28 22:19:52,26.55,NGN,purchase,PENDING,2025-07-28 22:19:52
TXN00041582,ACC001512,MER0031,2025-09-24 02:23:56,11.44,gbp,purchase,DECLINED,2025-09-24 02:23:56
TXN00040017,ACC002524,MER0048,2025-09-29 08:46:02,111.16,EUR,DEPOSIT,DECLINED,2025-09-29 08:46:02
TXN00046467,ACC003650,MER0144,2025-07-29 22:14:40,7.29,CAD,WITHDRAWAL,POSTED,2025-07-29 22:14:40
TXN00047905,ACC001641,MER0073,2025-07-20 12:28:23,5.04,JPY,WITHDRAWAL,POSTED,2025-07-20 12:28:23
TXN00007518,ACC000878,MER0127,2025-03-15 21:19:11,25.15,USD,purchase,REVERSED,2025-07-25 08:01:15
TXN00041430,ACC002424,MER0042,2025-07-22 21:42:47,22.31,EUR,TRANSFER,PENDING,2025-07-22 21:42:47
TXN00040811,ACC002031,MER0043,2025-08-15 23:27:26,42.29,EUR,TRANSFER,PENDING,2025-08-15 23:27:26
TXN00044750,ACC003849,MER0107,2025-08-15 21:11:56,9.04,JPY,REFUND,POSTED,2025-08-15 21:11:56
TXN00045848,ACC000861,MER0041,2025-08-16 00:13:25,20.28,USD,TRANSFER,POSTED,2025-08-16 00:13:25
TXN00042082,ACC000896,MER0087,2025-07-05 19:17:08,19.22,USD,purchase,DECLINED,2025-07-05 19:17:08
TXN00040546,ACC003291,MER0066,2025-09-10 03:50:06,137.0,INR,purchase,posted,2025-09-10 03:50:06
TXN00041547,ACC003440,MER0080,2025-09-03 20:27:08,14.42,JPY,WITHDRAWAL,REVERSED,2025-09-03 20:27:08
TXN00040888,ACC000270,MER0087,2025-08-30 23:42:47,12.81,JPY,TRANSFER,PENDING,2025-08-30 23:42:47
TXN00042872,ACC003474,MER0135,2025-09-05 03:28:14,12.39,gbp,purchase,POSTED,2025-09-05 03:28:14
TXN00042232,ACC003134,MER0011,2025-07-12 04:55:46,42.09,usd,TRANSFER,PENDING,2025-07-12 04:55:46
TXN00045123,ACC002843,MER0138,2025-08-19 09:21:55,25.23,CAD,TRANSFER,POSTED,2025-08-19 09:21:55
TXN00041122,ACC000040,MER0037,2025-08-02 21:11:44,89.15,EUR,purchase,posted,2025-08-02 21:11:44
TXN00046347,ACC000243,MER0010,2025-09-27 12:34:24,8.28,NGN,TRANSFER,POSTED,2025-09-27 12:34:24
TXN00026951,ACC002670,MER0020,2025-02-28 02:23:36,75.82,INR,TRANSFER,REVERSED,2025-08-11 18:10:49
TXN00041392,ACC003912,MER0050,2025-07-26 07:43:43,11.95,GBP,purchase,PENDING,2025-07-26 07:43:43
TXN00043447,ACC000682,MER0035,2025-08-13 10:43:45,16.64,GBP,PURCHASE,PENDING,2025-08-13 10:43:45
TXN00043793,ACC001966,MER0004,2025-09-20 02:20:15,302.46,gbp,PURCHASE,PENDING,2025-09-20 02:20:15
TXN00042849,ACC001425,MER0103,2025-09-22 14:06:57,30.67,EUR,PURCHASE,POSTED,2025-09-22 14:06:57
TXN00042385,ACC002810,MER0094,2025-08-09 23:38:52,76.67,JPY,DEPOSIT,posted,2025-08-09 23:38:52
TXN00045118,ACC000283,MER0074,2025-07-24 06:29:53,6.74,NGN,TRANSFER,posted,2025-07-24 06:29:53
TXN00046865,ACC001921,MER0116,2025-07-20 18:59:36,51.76,JPY,purchase,posted,2025-07-20 18:59:36
TXN00046507,ACC000485,MER0104,2025-07-12 22:00:03,14.95,INR,PURCHASE,DECLINED,2025-07-12 22:00:03
TXN00030266,ACC001687,MER0148,2024-05-20 20:28:21,20504.49,EUR,TRANSFER,REVERSED,2025-07-15 14:35:42
TXN00044538,ACC003637,MER0070,2025-09-29 14:56:04,115.54,EUR,PURCHASE,PENDING,2025-09-29 14:56:04
TXN00036010,ACC002490,MER0111,2024-08-09 03:23:18,4.54,NGN,DEPOSIT,DECLINED,2025-07-28 23:27:21
TXN00041275,ACC002071,MER0091,2025-09-14 00:39:17,13.91,EUR,WITHDRAWAL,PENDING,2025-09-14 00:39:17
TXN00045908,ACC000561,MER0051,2025-09-12 04:55:39,18.66,usd,DEPOSIT,DECLINED,2025-09-12 04:55:39
TXN00007369,ACC002302,MER0143,2024-01-31 22:46:34,6.67,JPY,TRANSFER,POSTED,2025-08-04 21:28:28
TXN00042669,ACC001092,MER0047,2025-09-06 11:42:09,15.11,GBP,PURCHASE,DECLINED,2025-09-06 11:42:09
TXN00046633,ACC002501,MER0092,2025-07-05 04:35:12,112.14,USD,DEPOSIT,POSTED,2025-07-05 04:35:12
TXN00041126,ACC002532,MER0083,2025-08-04 13:36:00,47.81,CAD,purchase,REVERSED,2025-08-04 13:36:00
TXN00046340,ACC003178,MER0092,2025-07-30 17:32:19,68.87,NGN,TRANSFER,POSTED,2025-07-30 17:32:19
TXN00023918,ACC002388,MER0004,2024-10-22 01:58:11,108.44,JPY,TRANSFER,DECLINED,2025-09-22 11:23:03
TXN00046947,ACC001142,MER0009,2025-08-18 14:47:41,20.35,EUR,TRANSFER,DECLINED,2025-08-18 14:47:41
TXN00044516,ACC003017,MER0108,2025-07-23 08:48:38,16.84,usd,PURCHASE,PENDING,2025-07-23 08:48:38
TXN00043026,ACC002946,MER0023,2025-09-13 04:40:15,36.85,CAD,purchase,PENDING,2025-09-13 04:40:15
TXN00046530,ACC000576,MER0136,2025-07-15 23:31:13,60.46,USD,purchase,PENDING,2025-07-15 23:31:13
TXN00041924,ACC000138,MER0140,2025-08-29 20:53:11,3.78,EUR,TRANSFER,DECLINED,2025-08-29 20:53:11
TXN00042186,ACC003275,MER0007,2025-08-24 08:12:01,23.67,gbp,TRANSFER,DECLINED,2025-08-24 08:12:01
TXN00043486,ACC000704,MER0129,2025-08-10 02:12:44,25.7,usd,PURCHASE,PENDING,2025-08-10 02:12:44
TXN00042833,ACC002228,MER0033,2025-09-07 09:23:49,1.44,usd,purchase,posted,2025-09-07 09:23:49
TXN00044540,ACC000884,MER0070,2025-09-05 06:34:13,18.04,INR,TRANSFER,PENDING,2025-09-05 06:34:13
TXN00042092,ACC000083,MER0133,2025-07-01 18:59:47,35.28,gbp,WITHDRAWAL,PENDING,2025-07-01 18:59:47
TXN00047447,ACC002107,MER0081,2025-07-14 06:05:41,47.03,usd,WITHDRAWAL,DECLINED,2025-07-14 06:05:41
TXN00046902,ACC003101,MER0032,2025-08-26 13:03:52,17.01,EUR,PURCHASE,REVERSED,2025-08-26 13:03:52
TXN00045112,ACC001616,MER0090,2025-08-26 15:52:07,37.58,CAD,TRANSFER,posted,2025-08-26 15:52:07
TXN00046605,ACC001008,MER0086,2025-09-21 03:27:15,41.37,CAD,DEPOSIT,REVERSED,2025-09-21 03:27:15
TXN00041341,ACC000040,MER0112,2025-09-05 06:57:58,11.26,CAD,purchase,posted,2025-09-05 06:57:58
TXN00046970,ACC002440,MER0048,2025-07-27 08:19:30,4.18,gbp,TRANSFER,REVERSED,2025-07-27 08:19:30
TXN00044592,ACC002221,MER0055,2025-08-23 00:52:36,63.8,JPY,TRANSFER,posted,2025-08-23 00:52:36
TXN00045380,ACC000129,MER0044,2025-09-10 04:20:25,54.37,GBP,WITHDRAWAL,DECLINED,2025-09-10 04:20:25
TXN00047183,ACC000029,MER0104,2025-07-05 07:40:36,36362.71,CAD,PURCHASE,PENDING,2025-07-05 07:40:36
TXN00041157,ACC002401,MER0096,2025-09-11 07:24:03,42.41,CAD,TRANSFER,POSTED,2025-09-11 07:24:03
TXN00046896,ACC003860,MER0081,2025-08-11 07:37:11,7.64,INR,WITHDRAWAL,POSTED,2025-08-11 07:37:11
TXN00041649,ACC002655,MER0118,2025-08-04 23:17:20,44.16,CAD,DEPOSIT,posted,2025-08-04 23:17:20
TXN00040134,ACC003619,MER0145,2025-07-03 15:14:36,96.66,JPY,WITHDRAWAL,POSTED,2025-07-03 15:14:36
TXN00040217,ACC002098,MER0141,2025-09-04 17:39:15,57.65,NGN,REFUND,DECLINED,2025-09-04 17:39:15
TXN00043427,ACC003235,MER0133,2025-07-16 13:16:32,37.29,EUR,WITHDRAWAL,DECLINED,2025-07-16 13:16:32
TXN00041404,ACC001776,MER0123,2025-07-29 19:42:53,13.63,gbp,DEPOSIT,REVERSED,2025-07-29 19:42:53
TXN00041331,ACC002256,MER0055,2025-09-30 13:28:11,31.7,gbp,DEPOSIT,posted,2025-09-30 13:28:11
TXN00046808,ACC003909,MER0021,2025-09-23 14:31:45,15.53,INR,TRANSFER,posted,2025-09-23 14:31:45
TXN00045014,ACC001012,MER0119,2025-07-30 17:44:48,167.05,USD,DEPOSIT,REVERSED,2025-07-30 17:44:48
TXN00041257,ACC000791,MER0051,2025-07-18 23:24:52,126.76,NGN,REFUND,POSTED,2025-07-18 23:24:52
TXN00040930,ACC003589,MER0006,2025-09-24 22:55:07,59.36,GBP,TRANSFER,REVERSED,2025-09-24 22:55:07
TXN00040415,ACC001367,MER0086,2025-07-31 08:47:11,33.21,CAD,purchase,PENDING,2025-07-31 08:47:11
TXN00045310,ACC001823,MER0087,2025-07-23 18:55:14,106.97,NGN,purchase,posted,2025-07-23 18:55:14
TXN00007937,ACC002007,MER0044,2024-01-31 09:00:24,51.07,JPY,TRANSFER,DECLINED,2025-07-14 20:17:36
TXN00042113,ACC003764,MER0146,2025-08-26 15:52:27,18.83,INR,purchase,DECLINED,2025-08-26 15:52:27
TXN00042013,ACC003311,MER0036,2025-08-02 12:53:15,8.47,GBP,WITHDRAWAL,REVERSED,2025-08-02 12:53:15
TXN00044476,ACC001525,MER0140,2025-08-25 08:26:39,22.09,USD,WITHDRAWAL,posted,2025-08-25 08:26:39
TXN00042576,ACC001174,MER0034,2025-08-17 08:49:55,17.1,INR,PURCHASE,POSTED,2025-08-17 08:49:55
TXN00045185,ACC000297,MER0026,2025-09-29 19:07:32,12.82,NGN,TRANSFER,posted,2025-09-29 19:07:32
TXN00044739,ACC000793,MER0119,2025-09-21 22:03:37,9.94,USD,WITHDRAWAL,REVERSED,2025-09-21 22:03:37
TXN00047194,ACC001423,MER0093,2025-07-19 05:15:02,7.2,GBP,TRANSFER,DECLINED,2025-07-19 05:15:02
TXN00047414,ACC003205,MER0005,2025-07-30 05:22:46,12.06,usd,TRANSFER,PENDING,2025-07-30 05:22:46
TXN00019491,ACC001022,MER0132,2024-03-03 05:36:00,150.77,usd,purchase,REVERSED,2025-08-14 08:06:23
TXN00040940,ACC000987,MER0064,2025-09-18 10:03:23,141.05,INR,TRANSFER,DECLINED,2025-09-18 10:03:23
TXN00046344,ACC000945,MER0045,2025-09-20 17:51:35,8.03,gbp,purchase,REVERSED,2025-09-20 17:51:35
TXN00044149,ACC003810,MER0134,2025-08-12 22:27:11,270.21,INR,WITHDRAWAL,PENDING,2025-08-12 22:27:11
TXN00040316,ACC003086,MER0068,2025-09-18 09:55:29,13.3,NGN,WITHDRAWAL,POSTED,2025-09-18 09:55:29
TXN00042843,ACC000735,MER0126,2025-07-26 01:52:17,9.74,INR,PURCHASE,posted,2025-07-26 01:52:17
TXN00042742,ACC000263,MER0023,2025-08-15 14:20:56,136.51,JPY,TRANSFER,REVERSED,2025-08-15 14:20:56
TXN00042892,ACC000912,MER0058,2025-08-26 23:34:27,8.43,USD,purchase,REVERSED,2025-08-26 23:34:27
TXN00020415,ACC003310,MER0051,2024-10-14 15:01:09,3.34,EUR,REFUND,REVERSED,2025-09-19 19:57:22
TXN00046821,ACC002851,MER0069,2025-09-02 03:55:52,15.02,EUR,DEPOSIT,DECLINED,2025-09-02 03:55:52
TXN00047475,ACC003125,MER0046,2025-07-16 17:57:01,43.41,usd,WITHDRAWAL,POSTED,2025-07-16 17:57:01
TXN00031495,ACC002108,MER0086,2024-06-15 13:48:04,29.82,NGN,WITHDRAWAL,REVERSED,2025-09-17 07:41:10
TXN00043701,ACC002550,MER0148,2025-09-21 15:25:17,43.8,NGN,DEPOSIT,PENDING,2025-09-21 15:25:17
TXN00043919,ACC001780,MER0117,2025-07-20 17:06:23,32.32,gbp,purchase,PENDING,2025-07-20 17:06:23
TXN00044688,ACC000415,MER0092,2025-08-25 07:50:30,43.75,JPY,REFUND,posted,2025-08-25 07:50:30
TXN00046954,ACC000438,MER0036,2025-09-27 08:43:47,40.98,NGN,PURCHASE,PENDING,2025-09-27 08:43:47
TXN00046437,ACC003566,MER0008,2025-08-23 10:14:52,125.88,GBP,WITHDRAWAL,REVERSED,2025-08-23 10:14:52
TXN00044352,ACC002757,MER0149,2025-08-05 03:50:14,36.25,JPY,WITHDRAWAL,REVERSED,2025-08-05 03:50:14
TXN00044591,ACC002802,MER0125,2025-08-20 12:56:21,11.26,JPY,purchase,REVERSED,2025-08-20 12:56:21
TXN00047146,ACC001752,MER0130,2025-08-23 01:44:00,4.9,usd,DEPOSIT,PENDING,2025-08-23 01:44:00
TXN00046598,ACC002696,MER0137,2025-08-07 19:46:46,45.8,GBP,purchase,PENDING,2025-08-07 19:46:46
TXN00047956,ACC000445,MER0029,2025-09-22 05:06:01,346.09,INR,WITHDRAWAL,PENDING,2025-09-22 05:06:01
TXN00042131,ACC000777,MER0125,2025-08-04 01:44:55,8.86,CAD,PURCHASE,PENDING,2025-08-04 01:44:55
TXN00045516,ACC000957,MER0124,2025-09-25 08:39:57,57.59,JPY,purchase,posted,2025-09-25 08:39:57
TXN00043499,ACC003717,MER0045,2025-09-08 15:34:14,22.59,GBP,purchase,REVERSED,2025-09-08 15:34:14
TXN00041146,ACC003710,MER0097,2025-07-05 23:54:07,20.2,EUR,WITHDRAWAL,DECLINED,2025-07-05 23:54:07
TXN00043707,ACC000198,MER0013,2025-08-18 09:32:52,27.15,JPY,TRANSFER,POSTED,2025-08-18 09:32:52
TXN00043330,ACC001804,MER0032,2025-07-04 20:48:47,7.81,USD,purchase,posted,2025-07-04 20:48:47
TXN00042602,ACC001582,MER0118,2025-08-11 00:20:06,5.55,JPY,WITHDRAWAL,POSTED,2025-08-11 00:20:06
TXN00040643,ACC002084,MER0049,2025-07-11 05:53:28,101.09,NGN,REFUND,DECLINED,2025-07-11 05:53:28
TXN00040345,ACC002478,MER0062,2025-07-05 19:46:10,4.66,usd,DEPOSIT,DECLINED,2025-07-05 19:46:10
TXN00047570,ACC003036,MER0145,2025-08-04 17:49:29,5.74,INR,PURCHASE,REVERSED,2025-08-04 17:49:29
TXN00041288,ACC002494,MER0118,2025-07-06 03:32:40,44.14,INR,purchase,PENDING,2025-07-06 03:32:40
TXN00037166,ACC001375,MER0123,2024-05-25 00:07:00,23.56,gbp,PURCHASE,DECLINED,2025-08-11 13:22:05
TXN00043029,ACC000524,MER0035,2025-07-04 07:36:54,60.27,INR,purchase,POSTED,2025-07-04 07:36:54
TXN00046501,ACC000339,MER0057,2025-07-11 09:33:22,6.34,gbp,WITHDRAWAL,REVERSED,2025-07-11 09:33:22
TXN00046677,ACC001506,MER0104,2025-08-20 03:40:06,12.2,JPY,WITHDRAWAL,REVERSED,2025-08-20 03:40:06
TXN00040495,ACC001045,MER0083,2025-07-30 18:23:56,201.46,CAD,PURCHASE,POSTED,2025-07-30 18:23:56
TXN00043604,ACC000107,MER0107,2025-08-31 21:41:20,13.4,JPY,purchase,PENDING,2025-08-31 21:41:20
TXN00046127,ACC000915,MER0105,2025-08-21 19:01:14,55.91,JPY,purchase,PENDING,2025-08-21 19:01:14
TXN00010198,ACC000408,MER0088,2025-04-06 14:41:41,12.55,USD,WITHDRAWAL,POSTED,2025-07-15 04:14:29
TXN00040869,ACC000852,MER9999,2025-08-09 23:28:45,12.22,usd,TRANSFER,posted,2025-08-09 23:28:45
TXN00045713,ACC002530,MER0070,2025-07-26 18:47:51,123.59,JPY,DEPOSIT,posted,2025-07-26 18:47:51
TXN00046556,ACC000638,MER0128,2025-07-08 19:56:16,4.26,JPY,purchase,DECLINED,2025-07-08 19:56:16
TXN00041054,ACC003811,MER0011,2025-09-20 04:26:41,15.22,INR,REFUND,posted,2025-09-20 04:26:41
TXN00046378,ACC003393,MER0097,2025-07-30 22:17:01,18.7,usd,purchase,posted,2025-07-30 22:17:01
TXN00047238,ACC000157,MER0091,2025-07-11 07:45:19,32.61,usd,purchase,PENDING,2025-07-11 07:45:19
TXN00040620,ACC001061,MER0062,2025-08-04 11:45:42,20.14,GBP,PURCHASE,DECLINED,2025-08-04 11:45:42
TXN00024526,ACC003468,MER0029,2025-06-19 12:13:44,117.02,GBP,DEPOSIT,DECLINED,2025-08-09 16:19:50
TXN00042027,ACC002498,MER0090,2025-08-30 06:49:12,19.68,GBP,DEPOSIT,PENDING,2025-08-30 06:49:12
TXN00047666,ACC003859,MER0055,2025-09-14 02:33:45,21.19,gbp,PURCHASE,POSTED,2025-09-14 02:33:45
TXN00046547,ACC000753,MER0010,2025-09-05 08:26:40,46.51,CAD,PURCHASE,DECLINED,2025-09-05 08:26:40
TXN00043658,ACC002574,MER0027,2025-09-05 05:26:27,26.63,NGN,purchase,DECLINED,2025-09-05 05:26:27
TXN00046878,ACC002018,MER0085,2025-08-02 00:04:01,40.77,JPY,WITHDRAWAL,PENDING,2025-08-02 00:04:01
TXN00040550,ACC002711,MER0111,2025-08-10 03:53:22,86.45,EUR,REFUND,DECLINED,2025-08-10 03:53:22
TXN00046545,ACC000449,MER0029,2025-09-24 07:23:56,11.18,EUR,TRANSFER,DECLINED,2025-09-24 07:23:56
TXN00044932,ACC000026,MER0090,2025-07-04 12:16:56,3.55,gbp,TRANSFER,REVERSED,2025-07-04 12:16:56
TXN00040798,ACC002274,MER0089,2025-07-24 16:18:43,9.13,USD,PURCHASE,DECLINED,2025-07-24 16:18:43
TXN00046516,ACC000085,MER0115,2025-07-05 17:03:39,7.01,USD,purchase,PENDING,2025-07-05 17:03:39
TXN00042155,ACC002965,MER0107,2025-08-23 18:58:30,22.5,gbp,purchase,POSTED,2025-08-23 18:58:30
TXN00045620,ACC001602,MER0080,2025-08-03 01:45:11,13.92,GBP,PURCHASE,POSTED,2025-08-03 01:45:11
TXN00046108,ACC003705,MER0090,2025-07-15 12:12:54,30.69,GBP,purchase,POSTED,2025-07-15 12:12:54
TXN00044576,ACC003607,MER0042,2025-08-05 18:12:30,41.86,EUR,TRANSFER,PENDING,2025-08-05 18:12:30
TXN00042499,ACC001535,MER0122,2025-07-14 22:50:16,33.93,USD,purchase,PENDING,2025-07-14 22:50:16
TXN00045599,ACC003229,MER0059,2025-07-15 15:00:16,2.5,USD,purchase,DECLINED,2025-07-15 15:00:16
TXN00045562,ACC001836,MER0145,2025-08-17 22:37:43,178.19,EUR,PURCHASE,PENDING,2025-08-17 22:37:43
TXN00045144,ACC002674,MER0118,2025-07-29 09:41:44,23.53,gbp,PURCHASE,PENDING,2025-07-29 09:41:44
TXN00047396,ACC003255,MER0048,2025-08-03 16:30:38,43.74,CAD,DEPOSIT,DECLINED,2025-08-03 16:30:38
TXN00046873,ACC000266,MER0099,2025-09-19 04:51:43,47.95,USD,WITHDRAWAL,REVERSED,2025-09-19 04:51:43
TXN00046807,ACC003581,MER0124,2025-07-31 15:51:21,20.44,EUR,REFUND,DECLINED,2025-07-31 15:51:21
TXN00041265,ACC002566,MER0125,2025-08-07 13:37:18,3.93,EUR,purchase,PENDING,2025-08-07 13:37:18
TXN00047584,ACC002272,MER0048,2025-07-28 11:35:56,51.92,CAD,purchase,REVERSED,2025-07-28 11:35:56
TXN00044698,ACC002608,MER0099,2025-09-12 03:51:36,82.24,CAD,TRANSFER,REVERSED,2025-09-12 03:51:36
TXN00045573,ACC002449,MER0077,2025-09-14 23:38:32,12.83,USD,DEPOSIT,posted,2025-09-14 23:38:32
TXN00046083,ACC003645,MER0060,2025-09-26 13:16:27,6.17,USD,PURCHASE,PENDING,2025-09-26 13:16:27
TXN00047890,ACC002990,MER0002,2025-09-02 22:13:34,2.3,NGN,WITHDRAWAL,PENDING,2025-09-02 22:13:34
TXN00047742,ACC003513,MER0123,2025-08-08 05:15:40,177.76,GBP,PURCHASE,posted,2025-08-08 05:15:40
TXN00043148,ACC002756,MER0085,2025-08-28 14:21:46,5.82,EUR,PURCHASE,DECLINED,2025-08-28 14:21:46
TXN00040150,ACC003065,MER0057,2025-07-17 22:08:28,11.53,gbp,purchase,REVERSED,2025-07-17 22:08:28
TXN00045714,ACC001120,MER0045,2025-08-28 16:59:05,50.72,NGN,WITHDRAWAL,REVERSED,2025-08-28 16:59:05
TXN00045116,ACC003911,MER0121,2025-08-29 03:55:45,45.28,NGN,WITHDRAWAL,posted,2025-08-29 03:55:45
TXN00040565,ACC000461,MER0145,2025-07-08 00:33:02,1.15,JPY,REFUND,posted,2025-07-08 00:33:02
TXN00045369,ACC001023,MER0095,2025-09-09 13:03:11,8.17,gbp,TRANSFER,DECLINED,2025-09-09 13:03:11
TXN00047710,ACC003895,MER0148,2025-09-15 21:25:35,39.07,CAD,REFUND,POSTED,2025-09-15 21:25:35
TXN00045512,ACC002260,MER0050,2025-09-25 17:26:02,44.45,gbp,PURCHASE,PENDING,2025-09-25 17:26:02
TXN00042081,ACC003938,MER0121,2025-08-22 04:15:36,29.15,EUR,DEPOSIT,PENDING,2025-08-22 04:15:36
TXN00046314,ACC002742,MER0045,2025-08-10 01:34:41,17.95,NGN,REFUND,DECLINED,2025-08-10 01:34:41
TXN00044048,ACC002685,MER0005,2025-09-29 12:30:32,111.3,gbp,DEPOSIT,POSTED,2025-09-29 12:30:32
TXN00042498,ACC000910,MER0107,2025-09-08 22:14:42,19.86,USD,WITHDRAWAL,REVERSED,2025-09-08 22:14:42
TXN00042495,ACC002058,MER0089,2025-09-24 07:17:29,39.13,INR,DEPOSIT,posted,2025-09-24 07:17:29
TXN00021396,ACC002337,MER0128,2024-12-24 04:06:00,27.15,CAD,WITHDRAWAL,REVERSED,2025-09-09 19:35:10
TXN00045524,ACC002211,MER0050,2025-08-03 19:48:59,198.46,INR,purchase,PENDING,2025-08-03 19:48:59
TXN00046104,ACC000103,MER0118,2025-09-21 09:52:07,6.55,gbp,purchase,PENDING,2025-09-21 09:52:07
TXN00024754,ACC002328,MER0051,2025-05-19 16:33:04,44.1,gbp,TRANSFER,POSTED,2025-08-18 01:41:22
TXN00045000,ACC000537,MER0132,2025-09-06 13:18:07,369.91,CAD,DEPOSIT,posted,2025-09-06 13:18:07
TXN00043455,ACC000976,MER0131,2025-07-07 20:09:03,30.54,INR,TRANSFER,PENDING,2025-07-07 20:09:03
TXN00044909,ACC001421,MER0081,2025-07-29 21:09:15,14.72,EUR,DEPOSIT,posted,2025-07-29 21:09:15
TXN00041324,ACC000310,MER0091,2025-07-10 04:44:53,11.93,EUR,purchase,POSTED,2025-07-10 04:44:53
TXN00045404,ACC001165,MER0121,2025-09-10 02:27:04,14.06,usd,REFUND,POSTED,2025-09-10 02:27:04
TXN00046657,ACC001609,MER0013,2025-07-15 08:48:03,16.7,EUR,WITHDRAWAL,POSTED,2025-07-15 08:48:03
TXN00043390,ACC000008,MER0015,2025-07-23 19:24:57,12.66,CAD,PURCHASE,posted,2025-07-23 19:24:57
TXN00040974,ACC003496,MER0128,2025-09-16 18:23:40,17035.09,INR,DEPOSIT,REVERSED,2025-09-16 18:23:40
TXN00045610,ACC002394,MER0054,2025-08-09 13:09:08,5.55,JPY,PURCHASE,DECLINED,2025-08-09 13:09:08
TXN00044126,ACC002852,MER0045,2025-09-30 21:05:09,184.62,GBP,TRANSFER,POSTED,2025-09-30 21:05:09
TXN00040568,ACC003895,MER0124,2025-09-25 20:15:31,117.11,INR,REFUND,POSTED,2025-09-25 20:15:31
TXN00042927,ACC003860,MER0124,2025-07-23 07:40:11,15.69,USD,purchase,posted,2025-07-23 07:40:11
TXN00045388,ACC000560,MER0075,2025-08-31 21:12:08,11.47,CAD,PURCHASE,REVERSED,2025-08-31 21:12:08
TXN00041510,ACC002119,MER0101,2025-08-11 10:46:54,19.36,JPY,REFUND,POSTED,2025-08-11 10:46:54
TXN00041380,ACC000518,MER0139,2025-09-03 03:23:56,37.85,gbp,DEPOSIT,POSTED,2025-09-03 03:23:56
TXN00040982,ACC003173,MER0062,2025-07-12 01:53:01,10.38,CAD,DEPOSIT,REVERSED,2025-07-12 01:53:01
TXN00044558,ACC002114,MER0144,2025-09-06 06:23:07,5.03,gbp,WITHDRAWAL,REVERSED,2025-09-06 06:23:07
TXN00040562,ACC002825,MER0140,2025-09-07 07:58:47,24.81,CAD,REFUND,POSTED,2025-09-07 07:58:47
TXN00040130,ACC000926,MER0023,2025-07-05 15:35:23,6.76,EUR,WITHDRAWAL,posted,2025-07-05 15:35:23
TXN00045813,ACC002433,MER0027,2025-07-18 02:39:45,60.38,USD,DEPOSIT,POSTED,2025-07-18 02:39:45
TXN00043722,ACC001362,MER0023,2025-07-19 15:43:19,4.79,NGN,PURCHASE,DECLINED,2025-07-19 15:43:19
TXN00047446,ACC003064,MER0036,2025-07-09 19:29:32,34.99,GBP,REFUND,PENDING,2025-07-09 19:29:32
TXN00040158,ACC001132,MER0053,2025-08-18 22:37:25,7.52,usd,TRANSFER,posted,2025-08-18 22:37:25
TXN00046775,ACC003713,MER0079,2025-09-15 01:54:29,8.43,EUR,WITHDRAWAL,POSTED,2025-09-15 01:54:29
TXN00041752,ACC002040,MER0146,2025-07-15 03:00:26,67.95,JPY,purchase,POSTED,2025-07-15 03:00:26
TXN00043383,ACC003411,MER0091,2025-08-04 18:14:31,9.8,usd,PURCHASE,POSTED,2025-08-04 18:14:31
TXN00040152,ACC000259,MER0114,2025-09-05 21:10:21,8.91,USD,REFUND,REVERSED,2025-09-05 21:10:21
TXN00015675,ACC002782,MER0103,2024-08-14 17:08:37,34.9,INR,purchase,POSTED,2025-09-25 19:33:09
TXN00040163,ACC003655,MER0061,2025-07-08 21:11:32,22.19,USD,DEPOSIT,POSTED,2025-07-08 21:11:32
TXN00043801,ACC000226,MER0001,2025-09-08 17:48:51,20.58,gbp,purchase,posted,2025-09-08 17:48:51
TXN00047935,ACC002859,MER0058,2025-07-24 01:52:37,27.98,USD,REFUND,REVERSED,2025-07-24 01:52:37
TXN00046521,ACC001006,MER0080,2025-08-18 23:14:42,20.58,gbp,REFUND,posted,2025-08-18 23:14:42
TXN00046316,ACC003816,MER0114,2025-08-06 02:40:08,30.83,USD,TRANSFER,posted,2025-08-06 02:40:08
TXN00045387,ACC000592,MER0139,2025-08-21 06:47:55,42.45,INR,WITHDRAWAL,REVERSED,2025-08-21 06:47:55
TXN00041004,ACC000999,MER0053,2025-09-20 07:17:10,49.86,INR,PURCHASE,PENDING,2025-09-20 07:17:10
TXN00046936,ACC000316,MER0101,2025-09-04 04:27:53,115.27,EUR,WITHDRAWAL,posted,2025-09-04 04:27:53
TXN00044511,ACC003050,MER0136,2025-09-18 18:53:00,21.32,CAD,WITHDRAWAL,posted,2025-09-18 18:53:00
TXN00047735,ACC000300,MER0005,2025-08-19 11:43:10,11.46,INR,TRANSFER,PENDING,2025-08-19 11:43:10
TXN00043354,ACC000621,MER0098,2025-09-10 01:14:09,8.1,CAD,purchase,DECLINED,2025-09-10 01:14:09
TXN00042720,ACC002208,MER0107,2025-09-13 23:03:51,26.88,JPY,REFUND,PENDING,2025-09-13 23:03:51
TXN00046258,ACC000994,MER0113,2025-08-18 16:20:51,143.57,USD,REFUND,POSTED,2025-08-18 16:20:51
TXN00044850,ACC003615,MER0043,2025-09-05 01:01:55,17.9,EUR,REFUND,POSTED,2025-09-05 01:01:55
TXN00044464,ACC001465,MER0095,2025-09-27 02:57:04,139.97,EUR,WITHDRAWAL,posted,2025-09-27 02:57:04
TXN00042807,ACC001291,MER0018,2025-09-17 06:20:53,65.2,gbp,REFUND,posted,2025-09-17 06:20:53
TXN00046210,ACC002104,MER0100,2025-07-25 13:09:02,29.34,usd,PURCHASE,DECLINED,2025-07-25 13:09:02
TXN00047313,ACC003764,MER0115,2025-09-02 21:51:54,4.59,NGN,WITHDRAWAL,REVERSED,2025-09-02 21:51:54
TXN00047048,ACC000866,MER0041,2025-07-26 11:45:36,16.73,NGN,WITHDRAWAL,DECLINED,2025-07-26 11:45:36
TXN00042051,ACC002562,MER0145,2025-09-24 11:15:45,7.11,CAD,PURCHASE,POSTED,2025-09-24 11:15:45
TXN00044070,ACC001611,MER0099,2025-08-31 09:10:24,30.48,NGN,PURCHASE,posted,2025-08-31 09:10:24
TXN00041408,ACC000356,MER0095,2025-09-25 19:20:19,6.28,gbp,DEPOSIT,POSTED,2025-09-25 19:20:19
TXN00047514,ACC000791,MER0069,2025-08-02 07:33:43,32.08,JPY,WITHDRAWAL,DECLINED,2025-08-02 07:33:43
TXN00046820,ACC000731,MER0090,2025-08-29 22:52:43,16327.17,gbp,PURCHASE,DECLINED,2025-08-29 22:52:43
TXN00047081,ACC000011,MER0086,2025-07-19 00:19:34,24.6,EUR,WITHDRAWAL,PENDING,2025-07-19 00:19:34
TXN00044930,ACC000361,MER0133,2025-07-06 07:22:43,120.67,USD,DEPOSIT,POSTED,2025-07-06 07:22:43
TXN00045968,ACC003787,MER0029,2025-08-22 05:23:21,25.84,USD,PURCHASE,POSTED,2025-08-22 05:23:21
TXN00044414,ACC000924,MER0049,2025-09-02 11:50:52,83.82,EUR,WITHDRAWAL,REVERSED,2025-09-02 11:50:52
TXN00043813,ACC003129,MER0069,2025-09-26 19:03:06,32.8,JPY,TRANSFER,REVERSED,2025-09-26 19:03:06
TXN00047260,ACC000683,MER0009,2025-07-20 14:07:35,5.94,CAD,PURCHASE,DECLINED,2025-07-20 14:07:35
TXN00045784,ACC002461,MER0094,2025-07-17 14:20:53,155.5,JPY,WITHDRAWAL,posted,2025-07-17 14:20:53
TXN00042200,ACC002758,MER0080,2025-08-26 15:28:33,25.91,CAD,PURCHASE,DECLINED,2025-08-26 15:28:33
TXN00040671,ACC000282,MER0118,2025-08-14 05:53:46,42.04,EUR,TRANSFER,REVERSED,2025-08-14 05:53:46
TXN00047027,ACC000401,MER0131,2025-09-07 13:23:54,70.69,NGN,PURCHASE,POSTED,2025-09-07 13:23:54
TXN00046660,ACC001085,MER0002,2025-09-29 07:45:38,2.25,GBP,REFUND,REVERSED,2025-09-29 07:45:38
TXN00045734,ACC002605,MER0105,2025-07-21 04:25:45,30.45,usd,WITHDRAWAL,POSTED,2025-07-21 04:25:45
TXN00044584,ACC001613,MER0092,2025-08-31 09:57:24,105.39,GBP,TRANSFER,posted,2025-08-31 09:57:24
TXN00046174,ACC000129,MER0054,2025-09-25 16:33:05,27.12,CAD,PURCHASE,posted,2025-09-25 16:33:05
TXN00047314,ACC001630,MER0107,2025-08-30 03:19:48,59.28,NGN,PURCHASE,POSTED,2025-08-30 03:19:48
TXN00040702,ACC003631,MER0080,2025-09-10 15:31:32,64.56,JPY,PURCHASE,posted,2025-09-10 15:31:32
TXN00047656,ACC002381,MER0074,2025-08-30 14:30:46,176.44,USD,REFUND,PENDING,2025-08-30 14:30:46
TXN00047930,ACC003492,MER0125,2025-07-13 01:08:55,37.22,usd,PURCHASE,REVERSED,2025-07-13 01:08:55
TXN00044650,ACC002300,MER0135,2025-08-17 04:41:09,64.3,usd,purchase,PENDING,2025-08-17 04:41:09
TXN00041698,ACC002687,MER0140,2025-07-11 19:11:56,72.27,USD,DEPOSIT,PENDING,2025-07-11 19:11:56
TXN00046773,ACC000529,MER0040,2025-08-09 03:17:46,32.0,EUR,PURCHASE,PENDING,2025-08-09 03:17:46
TXN00041060,ACC002601,MER0008,2025-09-14 04:40:27,94.85,GBP,WITHDRAWAL,posted,2025-09-14 04:40:27
TXN00046913,ACC000457,MER0040,2025-08-09 20:41:02,31.74,USD,PURCHASE,PENDING,2025-08-09 20:41:02
TXN00044876,ACC001615,MER0110,2025-08-05 02:16:58,4.21,CAD,REFUND,PENDING,2025-08-05 02:16:58
TXN00043095,ACC001784,MER0046,2025-09-23 03:44:42,3.97,INR,REFUND,REVERSED,2025-09-23 03:44:42
TXN00046385,ACC003462,MER0021,2025-09-11 13:12:09,38.79,gbp,TRANSFER,POSTED,2025-09-11 13:12:09
TXN00044390,ACC002347,MER0049,2025-08-08 19:47:55,13.23,usd,REFUND,REVERSED,2025-08-08 19:47:55
TXN00042461,ACC002269,MER0149,2025-09-16 03:52:42,26.28,NGN,TRANSFER,REVERSED,2025-09-16 03:52:42
TXN00047745,ACC002724,MER0084,2025-09-03 20:07:14,115.57,JPY,TRANSFER,DECLINED,2025-09-03 20:07:14
TXN00041050,ACC003935,MER0070,2025-08-11 14:16:47,65.29,gbp,REFUND,posted,2025-08-11 14:16:47
TXN00041305,ACC001398,MER0135,2025-07-17 23:07:46,22.76,gbp,PURCHASE,PENDING,2025-07-17 23:07:46
TXN00047255,ACC002917,MER0035,2025-07-13 01:15:34,16.99,USD,REFUND,DECLINED,2025-07-13 01:15:34
TXN00020481,ACC001191,MER0100,2024-06-30 09:26:35,13.68,CAD,TRANSFER,REVERSED,2025-08-07 09:40:42
TXN00045030,ACC001526,MER0096,2025-09-17 23:53:47,26.31,JPY,PURCHASE,REVERSED,2025-09-17 23:53:47
TXN00042774,ACC000956,MER0130,2025-07-25 21:16:53,31313.26,EUR,WITHDRAWAL,REVERSED,2025-07-25 21:16:53
TXN00045453,ACC002641,MER0106,2025-07-30 08:19:45,9.37,JPY,REFUND,PENDING,2025-07-30 08:19:45
TXN00044719,ACC000748,MER0117,2025-07-03 08:14:17,10.01,JPY,DEPOSIT,REVERSED,2025-07-03 08:14:17
TXN00042162,ACC000558,MER0061,2025-09-06 11:24:06,20.01,gbp,REFUND,DECLINED,2025-09-06 11:24:06
TXN00044053,ACC003440,MER0140,2025-07-20 06:58:18,13.31,JPY,WITHDRAWAL,DECLINED,2025-07-20 06:58:18
TXN00042133,ACC000839,MER0045,2025-07-04 02:48:56,17.5,GBP,REFUND,REVERSED,2025-07-04 02:48:56
TXN00043376,ACC001876,MER0026,2025-08-06 16:59:48,25.51,NGN,purchase,posted,2025-08-06 16:59:48
TXN00046007,ACC001936,MER0025,2025-07-12 12:45:24,102.18,gbp,WITHDRAWAL,DECLINED,2025-07-12 12:45:24
TXN00041702,ACC001373,MER0130,2025-07-08 08:45:11,104.99,GBP,purchase,DECLINED,2025-07-08 08:45:11
TXN00042897,ACC003459,MER0004,2025-08-11 16:23:55,10.5,CAD,WITHDRAWAL,REVERSED,2025-08-11 16:23:55
TXN00047719,ACC000063,MER0099,2025-08-10 11:51:23,48.58,GBP,TRANSFER,PENDING,2025-08-10 11:51:23
TXN00003940,ACC000399,MER0057,2024-11-13 08:37:58,30.61,INR,REFUND,DECLINED,2025-07-22 03:56:50
TXN00041826,ACC003823,MER0065,2025-08-04 14:07:29,85.19,NGN,purchase,DECLINED,2025-08-04 14:07:29
TXN00047337,ACC001099,MER0043,2025-08-13 16:32:38,23.32,gbp,REFUND,REVERSED,2025-08-13 16:32:38
TXN00047389,ACC003913,MER0135,2025-09-25 03:25:29,14.48,JPY,purchase,DECLINED,2025-09-25 03:25:29
TXN00040106,ACC002863,MER0035,2025-08-02 03:19:37,7.99,JPY,TRANSFER,POSTED,2025-08-02 03:19:37
TXN00024511,ACC002114,MER0020,2024-09-08 18:34:49,22.57,EUR,purchase,POSTED,2025-08-25 00:57:40
TXN00040681,ACC002217,MER0074,2025-09-08 09:04:20,125.78,gbp,WITHDRAWAL,POSTED,2025-09-08 09:04:20
TXN00044653,ACC003461,MER0114,2025-09-16 10:48:05,20.53,INR,purchase,DECLINED,2025-09-16 10:48:05
TXN00043213,ACC000300,MER0070,2025-07-17 01:03:50,36.47,JPY,PURCHASE,POSTED,2025-07-17 01:03:50
TXN00046412,ACC002026,MER0091,2025-07-16 08:25:45,137.01,gbp,WITHDRAWAL,posted,2025-07-16 08:25:45
TXN00044874,ACC002774,MER0011,2025-09-11 09:50:27,9.53,EUR,purchase,REVERSED,2025-09-11 09:50:27
TXN00047731,ACC000094,MER0150,2025-07-07 16:01:10,12.27,INR,DEPOSIT,DECLINED,2025-07-07 16:01:10
TXN00041138,ACC003597,MER0038,2025-09-24 12:44:10,62.96,USD,DEPOSIT,POSTED,2025-09-24 12:44:10
TXN00042328,ACC003026,MER0132,2025-07-18 01:37:41,37.58,USD,WITHDRAWAL,REVERSED,2025-07-18 01:37:41
TXN00042706,ACC003124,MER0047,2025-07-13 11:52:05,29.49,JPY,purchase,DECLINED,2025-07-13 11:52:05
TXN00042460,ACC000815,MER0067,2025-08-20 19:57:09,18.57,GBP,PURCHASE,POSTED,2025-08-20 19:57:09
TXN00047204,ACC001917,MER0029,2025-09-02 02:53:21,17.81,JPY,WITHDRAWAL,PENDING,2025-09-02 02:53:21
TXN00046622,ACC002422,MER0081,2025-09-04 07:50:14,6.88,NGN,purchase,posted,2025-09-04 07:50:14
TXN00045421,ACC000783,MER0150,2025-07-10 15:02:37,35282.21,USD,WITHDRAWAL,PENDING,2025-07-10 15:02:37
TXN00042085,ACC003800,MER0081,2025-07-03 17:13:42,34.91,usd,purchase,PENDING,2025-07-03 17:13:42
TXN00042656,ACC002638,MER0005,2025-07-17 15:57:41,50.04,CAD,DEPOSIT,REVERSED,2025-07-17 15:57:41
TXN00040609,ACC003933,MER0057,2025-08-23 15:17:16,66.17,CAD,REFUND,REVERSED,2025-08-23 15:17:16
TXN00040435,ACC003915,MER0073,2025-09-30 04:20:58,16.79,CAD,REFUND,DECLINED,2025-09-30 04:20:58
TXN00045546,ACC000079,MER0042,2025-09-06 09:26:22,14.27,NGN,DEPOSIT,REVERSED,2025-09-06 09:26:22
TXN00042478,ACC002666,MER0116,2025-08-05 16:06:49,10.17,GBP,WITHDRAWAL,posted,2025-08-05 16:06:49
TXN00043015,ACC000657,MER0101,2025-08-26 19:04:36,10.73,usd,DEPOSIT,REVERSED,2025-08-26 19:04:36
TXN00045491,ACC001651,MER0055,2025-07-14 07:13:35,17.99,USD,purchase,PENDING,2025-07-14 07:13:35
TXN00044562,ACC002378,MER0029,2025-08-07 19:49:10,28.24,INR,purchase,posted,2025-08-07 19:49:10
TXN00041981,ACC001919,MER0059,2025-08-11 13:35:32,44.29,USD,TRANSFER,posted,2025-08-11 13:35:32
TXN00002128,ACC002116,MER0145,2024-08-23 00:35:38,17.33,JPY,PURCHASE,POSTED,2025-09-08 23:09:35
TXN00044165,ACC001506,MER0148,2025-07-15 13:39:55,215.12,JPY,TRANSFER,PENDING,2025-07-15 13:39:55
TXN00043729,ACC001672,MER0102,2025-09-09 19:10:43,36.12,JPY,purchase,PENDING,2025-09-09 19:10:43
TXN00042731,ACC000379,MER0142,2025-07-12 08:33:17,44.23,USD,DEPOSIT,PENDING,2025-07-12 08:33:17
TXN00041251,ACC000080,MER0138,2025-07-04 15:36:06,80.27,EUR,TRANSFER,PENDING,2025-07-04 15:36:06
TXN00044890,ACC002626,MER0104,2025-08-02 19:32:23,12.32,usd,purchase,PENDING,2025-08-02 19:32:23
TXN00044501,ACC002601,MER0091,2025-09-08 21:07:57,237.51,JPY,REFUND,posted,2025-09-08 21:07:57
TXN00043167,ACC003259,MER0074,2025-08-23 16:13:33,24.36,JPY,REFUND,posted,2025-08-23 16:13:33
TXN00046563,ACC000631,MER0150,2025-09-14 21:06:33,260.57,GBP,WITHDRAWAL,DECLINED,2025-09-14 21:06:33
TXN00047079,ACC001567,MER0028,2025-07-18 11:34:00,60.61,gbp,REFUND,posted,2025-07-18 11:34:00
TXN00045605,ACC000852,MER0088,2025-08-02 20:42:09,37.02,EUR,TRANSFER,REVERSED,2025-08-02 20:42:09
TXN00040189,ACC002722,MER0080,2025-08-19 16:11:43,22.83,JPY,PURCHASE,DECLINED,2025-08-19 16:11:43
TXN00047988,ACC000823,MER0002,2025-07-28 15:03:35,28.62,CAD,REFUND,posted,2025-07-28 15:03:35
TXN00043752,ACC000569,MER0040,2025-08-22 22:16:38,20.31,JPY,purchase,REVERSED,2025-08-22 22:16:38
TXN00046172,ACC002171,MER0090,2025-07-30 01:28:36,4.44,GBP,WITHDRAWAL,DECLINED,2025-07-30 01:28:36
TXN00047588,ACC001688,MER0012,2025-09-11 06:38:14,21.12,CAD,WITHDRAWAL,posted,2025-09-11 06:38:14
TXN00045652,ACC002567,MER0081,2025-07-09 19:19:40,11.48,usd,DEPOSIT,POSTED,2025-07-09 19:19:40
TXN00045883,ACC002193,MER0066,2025-09-28 23:41:28,9.56,usd,DEPOSIT,REVERSED,2025-09-28 23:41:28
TXN00046080,ACC001108,MER0101,2025-07-04 20:59:54,38.71,gbp,DEPOSIT,DECLINED,2025-07-04 20:59:54
TXN00043076,ACC002816,MER0003,2025-07-09 05:51:43,60.51,USD,purchase,posted,2025-07-09 05:51:43
TXN00047566,ACC000225,MER0032,2025-08-18 22:04:10,22.79,NGN,WITHDRAWAL,posted,2025-08-18 22:04:10
TXN00044200,ACC000905,MER0047,2025-07-26 23:01:33,3.67,usd,DEPOSIT,posted,2025-07-26 23:01:33
TXN00047660,ACC001167,MER0057,2025-09-12 23:59:05,4.57,USD,WITHDRAWAL,PENDING,2025-09-12 23:59:05
TXN00043646,ACC001630,MER0054,2025-07-09 17:54:25,33.73,USD,TRANSFER,PENDING,2025-07-09 17:54:25
TXN00047418,ACC003937,MER0131,2025-08-08 18:19:38,19.18,usd,TRANSFER,REVERSED,2025-08-08 18:19:38
TXN00043372,ACC002323,MER0046,2025-07-27 19:41:47,215.61,gbp,DEPOSIT,REVERSED,2025-07-27 19:41:47
TXN00045451,ACC003594,MER0034,2025-09-28 21:37:28,73.08,JPY,REFUND,DECLINED,2025-09-28 21:37:28
TXN00042365,ACC003686,MER0115,2025-09-04 11:42:05,85.05,CAD,PURCHASE,PENDING,2025-09-04 11:42:05
TXN00047012,ACC001847,MER0015,2025-07-04 07:54:06,12.15,EUR,purchase,DECLINED,2025-07-04 07:54:06
TXN00043375,ACC003534,MER0005,2025-09-12 17:13:37,101.13,INR,TRANSFER,REVERSED,2025-09-12 17:13:37
TXN00041519,ACC003715,MER0102,2025-08-25 19:07:45,21.4,CAD,DEPOSIT,POSTED,2025-08-25 19:07:45
TXN00041831,ACC000650,MER0142,2025-07-25 18:13:15,20.68,usd,PURCHASE,REVERSED,2025-07-25 18:13:15
TXN00045487,ACC000963,MER0134,2025-08-14 11:44:59,44.03,gbp,purchase,DECLINED,2025-08-14 11:44:59
TXN00043809,ACC001921,MER0072,2025-09-08 02:59:47,5.96,CAD,TRANSFER,PENDING,2025-09-08 02:59:47
TXN00042723,ACC000647,MER0068,2025-09-27 07:09:51,31.83,EUR,REFUND,REVERSED,2025-09-27 07:09:51
TXN00046042,ACC003015,MER0076,2025-09-18 05:19:08,19.15,EUR,WITHDRAWAL,REVERSED,2025-09-18 05:19:08
TXN00047717,ACC003717,MER0135,2025-09-21 20:41:25,11.71,GBP,TRANSFER,REVERSED,2025-09-21 20:41:25
TXN00044345,ACC003496,MER0019,2025-07-09 09:45:20,8.81,JPY,TRANSFER,REVERSED,2025-07-09 09:45:20
TXN00043797,ACC000735,MER0082,2025-07-05 01:48:51,21.31,JPY,WITHDRAWAL,POSTED,2025-07-05 01:48:51
TXN00043018,ACC002352,MER0061,2025-08-24 00:01:24,1.62,USD,PURCHASE,POSTED,2025-08-24 00:01:24
TXN00040310,ACC000385,MER0071,2025-09-23 18:42:50,5.0,INR,PURCHASE,REVERSED,2025-09-23 18:42:50
TXN00028173,ACC000385,MER0091,2025-05-19 20:09:42,4.86,CAD,WITHDRAWAL,DECLINED,2025-09-09 01:31:58
TXN00040227,ACC003598,MER0137,2025-09-29 10:31:39,21.38,JPY,WITHDRAWAL,POSTED,2025-09-29 10:31:39
TXN00041795,ACC002801,MER0124,2025-09-15 03:01:38,84.07,NGN,REFUND,PENDING,2025-09-15 03:01:38
TXN00003037,ACC000408,MER0147,2024-11-27 23:46:07,18.01,USD,purchase,DECLINED,2025-08-16 06:53:45
TXN00043546,ACC002415,MER0013,2025-09-21 09:05:18,108.4,JPY,WITHDRAWAL,POSTED,2025-09-21 09:05:18
TXN00044714,ACC000474,MER0126,2025-09-25 20:31:14,16.07,JPY,REFUND,DECLINED,2025-09-25 20:31:14
TXN00041485,ACC001224,MER0052,2025-08-28 03:48:28,58.18,usd,PURCHASE,PENDING,2025-08-28 03:48:28
TXN00046399,ACC001493,MER0027,2025-07-24 06:37:11,5.42,USD,purchase,REVERSED,2025-07-24 06:37:11
TXN00044329,ACC000596,MER0048,2025-08-22 19:21:40,74.67,JPY,REFUND,REVERSED,2025-08-22 19:21:40
TXN00043824,ACC003729,MER0013,2025-08-13 11:04:57,24.03,JPY,REFUND,POSTED,2025-08-13 11:04:57
TXN00047907,ACC000897,MER0095,2025-08-10 09:15:39,47.64,gbp,DEPOSIT,DECLINED,2025-08-10 09:15:39
TXN00045809,ACC000031,MER0065,2025-09-25 01:40:01,37.51,CAD,PURCHASE,POSTED,2025-09-25 01:40:01
TXN00045871,ACC002793,MER0041,2025-07-15 19:36:08,102.66,EUR,PURCHASE,POSTED,2025-07-15 19:36:08
TXN00040876,ACC000521,MER0005,2025-09-29 10:50:45,32.91,NGN,PURCHASE,posted,2025-09-29 10:50:45
TXN00046244,ACC001316,MER0036,2025-07-08 08:39:14,83.87,USD,PURCHASE,REVERSED,2025-07-08 08:39:14
TXN00047729,ACC000999,MER0032,2025-09-13 12:04:55,8.38,usd,REFUND,posted,2025-09-13 12:04:55
TXN00045672,ACC000777,MER0039,2025-08-13 19:39:53,25.85,usd,DEPOSIT,POSTED,2025-08-13 19:39:53
TXN00040935,ACC002149,MER0125,2025-07-08 03:08:21,52.37,GBP,TRANSFER,POSTED,2025-07-08 03:08:21
TXN00047557,ACC001440,MER0044,2025-09-25 07:28:26,67.78,NGN,PURCHASE,posted,2025-09-25 07:28:26
TXN00045518,ACC002902,MER0129,2025-09-08 08:31:54,24.87,EUR,TRANSFER,posted,2025-09-08 08:31:54
TXN00042738,ACC002584,MER0102,2025-07-06 10:37:40,42.96,INR,REFUND,DECLINED,2025-07-06 10:37:40
TXN00041289,ACC003298,MER0034,2025-07-16 23:56:10,118.1,EUR,REFUND,REVERSED,2025-07-16 23:56:10
TXN00041882,ACC002518,MER0005,2025-07-09 17:16:46,44.03,NGN,DEPOSIT,PENDING,2025-07-09 17:16:46
TXN00044888,ACC001793,MER0025,2025-09-04 21:17:23,38.2,GBP,DEPOSIT,PENDING,2025-09-04 21:17:23
TXN00044386,ACC001142,MER0123,2025-09-06 22:50:02,37.85,GBP,DEPOSIT,PENDING,2025-09-06 22:50:02
TXN00045207,ACC000998,MER0033,2025-09-18 23:43:47,3.02,GBP,REFUND,DECLINED,2025-09-18 23:43:47
TXN00046706,ACC000507,MER0003,2025-08-22 07:05:08,59.77,JPY,REFUND,REVERSED,2025-08-22 07:05:08
TXN00045859,ACC000612,MER0043,2025-07-29 05:39:41,15.98,gbp,REFUND,REVERSED,2025-07-29 05:39:41
TXN00041480,ACC003416,MER0130,2025-08-06 06:35:38,8.87,EUR,REFUND,posted,2025-08-06 06:35:38
TXN00045608,ACC003684,MER0061,2025-08-07 07:55:03,3.85,JPY,PURCHASE,REVERSED,2025-08-07 07:55:03
TXN00040659,ACC002129,MER0021,2025-09-10 01:32:40,17.26,EUR,TRANSFER,REVERSED,2025-09-10 01:32:40
TXN00045434,ACC003304,MER0126,2025-09-19 13:04:10,24.12,USD,purchase,REVERSED,2025-09-19 13:04:10
TXN00047842,ACC003591,MER0088,2025-08-09 21:20:49,22.27,INR,purchase,DECLINED,2025-08-09 21:20:49
TXN00046165,ACC002412,MER0005,2025-08-11 09:05:23,369.25,gbp,DEPOSIT,REVERSED,2025-08-11 09:05:23
TXN00040521,ACC001099,MER0020,2025-07-05 04:38:53,83.66,INR,REFUND,PENDING,2025-07-05 04:38:53
TXN00017970,ACC000828,MER0126,2024-11-09 06:51:35,35.0,INR,purchase,DECLINED,2025-09-12 03:17:47
TXN00045167,ACC002522,MER0128,2025-08-03 10:25:43,41.86,INR,purchase,DECLINED,2025-08-03 10:25:43
TXN00028500,ACC002185,MER0038,2025-06-07 05:37:03,8.38,NGN,REFUND,DECLINED,2025-08-12 12:52:23
TXN00042276,ACC000494,MER0077,2025-07-10 02:55:20,72.5,usd,PURCHASE,POSTED,2025-07-10 02:55:20
TXN00042678,ACC002836,MER0066,2025-09-06 10:09:12,8.61,JPY,REFUND,posted,2025-09-06 10:09:12
TXN00046757,ACC000155,MER0074,2025-07-26 18:42:09,17.44,CAD,WITHDRAWAL,PENDING,2025-07-26 18:42:09
TXN00047320,ACC000566,MER0136,2025-09-15 02:04:17,9.21,INR,DEPOSIT,REVERSED,2025-09-15 02:04:17
TXN00040425,ACC001101,MER0119,2025-07-05 15:13:46,76.13,JPY,TRANSFER,posted,2025-07-05 15:13:46
TXN00045778,ACC001250,MER0136,2025-07-25 07:20:51,13.35,USD,WITHDRAWAL,DECLINED,2025-07-25 07:20:51
TXN00042220,ACC001768,MER0045,2025-09-11 07:26:37,46.64,GBP,purchase,POSTED,2025-09-11 07:26:37
TXN00040734,ACC000842,MER0107,2025-07-06 06:05:53,30.21,INR,WITHDRAWAL,POSTED,2025-07-06 06:05:53
TXN00047166,ACC001064,MER0101,2025-09-03 16:13:53,34.65,JPY,WITHDRAWAL,PENDING,2025-09-03 16:13:53
TXN00043074,ACC002271,MER0014,2025-07-12 11:15:00,22.4,JPY,purchase,posted,2025-07-12 11:15:00
TXN00041434,ACC001482,MER0060,2025-09-03 02:20:40,6.34,CAD,TRANSFER,DECLINED,2025-09-03 02:20:40
TXN00045441,ACC002648,MER0063,2025-07-08 08:14:23,62.9,GBP,purchase,posted,2025-07-08 08:14:23
TXN00043548,ACC002422,MER0129,2025-08-24 13:09:11,27.12,NGN,REFUND,PENDING,2025-08-24 13:09:11
TXN00042457,ACC003806,MER0114,2025-07-22 11:39:05,23.83,JPY,DEPOSIT,REVERSED,2025-07-22 11:39:05
TXN00043072,ACC002442,MER0096,2025-08-13 12:50:16,39.04,INR,PURCHASE,POSTED,2025-08-13 12:50:16
TXN00044006,ACC001615,MER0114,2025-09-08 01:11:41,9.0,gbp,REFUND,POSTED,2025-09-08 01:11:41
TXN00040917,ACC002899,MER0121,2025-07-19 22:59:14,33185.59,EUR,REFUND,REVERSED,2025-07-19 22:59:14
TXN00045498,ACC000489,MER0036,2025-09-06 22:55:12,132.73,CAD,TRANSFER,DECLINED,2025-09-06 22:55:12
TXN00046945,ACC000252,MER0071,2025-09-20 00:42:32,27.9,USD,REFUND,posted,2025-09-20 00:42:32
TXN00043587,ACC002215,MER0015,2025-09-17 20:24:02,203.85,JPY,PURCHASE,REVERSED,2025-09-17 20:24:02
TXN00046592,ACC000440,MER0006,2025-07-09 00:01:48,2.79,NGN,PURCHASE,PENDING,2025-07-09 00:01:48
TXN00042658,ACC002577,MER0048,2025-08-09 14:38:44,105.39,NGN,DEPOSIT,REVERSED,2025-08-09 14:38:44
TXN00045574,ACC003392,MER0148,2025-08-24 21:35:48,25.96,INR,TRANSFER,posted,2025-08-24 21:35:48
TXN00046680,ACC001245,MER0066,2025-08-08 11:59:18,59.38,USD,purchase,PENDING,2025-08-08 11:59:18
TXN00045753,ACC003660,MER0082,2025-07-18 19:13:08,1.88,EUR,REFUND,POSTED,2025-07-18 19:13:08
TXN00044928,ACC001683,MER0051,2025-09-18 01:20:47,15.24,EUR,purchase,POSTED,2025-09-18 01:20:47
TXN00043182,ACC003611,MER0073,2025-07-26 05:22:10,0.64,INR,WITHDRAWAL,DECLINED,2025-07-26 05:22:10
TXN00026520,ACC001357,MER0058,2024-03-12 15:48:01,4.54,INR,purchase,DECLINED,2025-07-16 08:17:55
TXN00046142,ACC001469,MER0148,2025-09-10 00:28:01,16.49,usd,REFUND,PENDING,2025-09-10 00:28:01
TXN00042559,ACC001511,MER0010,2025-09-16 17:58:07,31.49,CAD,WITHDRAWAL,REVERSED,2025-09-16 17:58:07
TXN00042853,ACC001330,MER0013,2025-08-07 15:12:28,22.53,gbp,PURCHASE,DECLINED,2025-08-07 15:12:28
TXN00046333,ACC001414,MER0136,2025-07-02 15:09:32,23.58,INR,REFUND,DECLINED,2025-07-02 15:09:32
TXN00046709,ACC003755,MER0032,2025-08-18 02:38:48,25.52,NGN,purchase,REVERSED,2025-08-18 02:38:48
TXN00043966,ACC003551,MER0063,2025-08-08 21:39:08,171.38,USD,DEPOSIT,DECLINED,2025-08-08 21:39:08
TXN00040823,ACC000263,MER0016,2025-07-25 18:38:38,70.28,NGN,PURCHASE,posted,2025-07-25 18:38:38
TXN00042318,ACC001218,MER0115,2025-08-02 22:13:26,45.79,NGN,purchase,posted,2025-08-02 22:13:26
TXN00041378,ACC003161,MER0027,2025-09-04 09:05:10,125.58,usd,DEPOSIT,POSTED,2025-09-04 09:05:10
TXN00046628,ACC001407,MER0006,2025-09-09 00:15:02,26.56,EUR,REFUND,REVERSED,2025-09-09 00:15:02
TXN00046170,ACC003287,MER0068,2025-07-25 23:09:45,67.6,CAD,WITHDRAWAL,DECLINED,2025-07-25 23:09:45
TXN00044411,ACC002129,MER0133,2025-09-18 03:56:00,10.96,gbp,WITHDRAWAL,posted,2025-09-18 03:56:00
TXN00046932,ACC001889,MER0122,2025-09-26 03:00:04,37.57,GBP,TRANSFER,DECLINED,2025-09-26 03:00:04
TXN00041898,ACC002003,MER0077,2025-08-07 21:21:02,78.42,usd,PURCHASE,POSTED,2025-08-07 21:21:02
TXN00007191,ACC003880,MER0079,2024-08-03 04:01:58,7.69,JPY,PURCHASE,DECLINED,2025-09-05 02:54:51
TXN00041627,ACC003616,MER0019,2025-07-03 12:46:20,20.8,GBP,TRANSFER,posted,2025-07-03 12:46:20
TXN00045236,ACC002909,MER0130,2025-07-23 18:08:59,13.81,EUR,PURCHASE,DECLINED,2025-07-23 18:08:59
TXN00043502,ACC003738,MER0001,2025-07-11 09:24:08,57.78,EUR,WITHDRAWAL,REVERSED,2025-07-11 09:24:08
TXN00043907,ACC002627,MER0102,2025-07-30 14:38:04,31.98,NGN,REFUND,PENDING,2025-07-30 14:38:04
TXN00047442,ACC002002,MER0062,2025-09-15 15:36:18,83.41,gbp,WITHDRAWAL,REVERSED,2025-09-15 15:36:18
TXN00046366,ACC002370,MER0009,2025-08-23 09:50:20,9.09,INR,REFUND,DECLINED,2025-08-23 09:50:20
TXN00045435,ACC000796,MER0046,2025-08-01 18:10:02,231.79,JPY,DEPOSIT,posted,2025-08-01 18:10:02
TXN00040638,ACC002276,MER0087,2025-07-17 20:49:38,96.25,NGN,REFUND,PENDING,2025-07-17 20:49:38
TXN00046888,ACC001803,MER0102,2025-07-03 09:53:18,71.27,JPY,DEPOSIT,posted,2025-07-03 09:53:18
TXN00045191,ACC001972,MER0027,2025-08-09 12:26:27,5.59,USD,TRANSFER,posted,2025-08-09 12:26:27
TXN00045764,ACC001360,MER0070,2025-08-06 07:48:27,15.78,GBP,purchase,REVERSED,2025-08-06 07:48:27
TXN00045754,ACC002666,MER0103,2025-09-13 11:56:13,12.63,CAD,PURCHASE,POSTED,2025-09-13 11:56:13
TXN00043808,ACC002641,MER0077,2025-07-03 16:25:26,35.01,USD,WITHDRAWAL,POSTED,2025-07-03 16:25:26
TXN00041368,ACC002579,MER0040,2025-09-25 09:39:37,84.26,JPY,PURCHASE,DECLINED,2025-09-25 09:39:37
TXN00046973,ACC000509,MER0061,2025-08-18 18:13:46,59.96,GBP,REFUND,PENDING,2025-08-18 18:13:46
TXN00042712,ACC002552,MER0056,2025-07-19 13:27:39,8.11,usd,TRANSFER,REVERSED,2025-07-19 13:27:39
TXN00047086,ACC001493,MER0026,2025-09-06 02:05:58,6.75,EUR,REFUND,REVERSED,2025-09-06 02:05:58
TXN00041768,ACC000641,MER9999,2025-07-10 06:25:45,21082.34,USD,PURCHASE,PENDING,2025-07-10 06:25:45
TXN00040788,ACC003372,MER0052,2025-09-30 13:05:58,103.94,CAD,DEPOSIT,posted,2025-09-30 13:05:58
TXN00040845,ACC000323,MER0144,2025-09-25 09:38:50,30.89,CAD,REFUND,REVERSED,2025-09-25 09:38:50
TXN00046056,ACC003505,MER0051,2025-07-31 18:21:04,6.53,JPY,WITHDRAWAL,posted,2025-07-31 18:21:04
TXN00040174,ACC000762,MER0070,2025-07-16 11:05:23,2.16,EUR,TRANSFER,REVERSED,2025-07-16 11:05:23
TXN00038322,ACC002576,MER0025,2024-01-27 13:16:26,32.07,INR,REFUND,DECLINED,2025-07-06 10:13:03
TXN00017550,ACC003351,MER0147,2024-08-30 12:42:44,8.54,USD,purchase,POSTED,2025-09-07 04:26:45
TXN00043938,ACC003587,MER0005,2025-08-09 16:17:07,21.2,GBP,DEPOSIT,DECLINED,2025-08-09 16:17:07
TXN00042801,ACC001409,MER0077,2025-09-13 15:31:03,11.57,JPY,DEPOSIT,POSTED,2025-09-13 15:31:03
TXN00046464,ACC003930,MER0028,2025-08-11 13:25:48,5.67,usd,WITHDRAWAL,REVERSED,2025-08-11 13:25:48
TXN00041399,ACC001650,MER0018,2025-07-04 15:50:14,18.17,USD,TRANSFER,REVERSED,2025-07-04 15:50:14
TXN00040841,ACC000777,MER0113,2025-08-31 13:52:58,58.93,CAD,PURCHASE,PENDING,2025-08-31 13:52:58
TXN00041775,ACC000388,MER0145,2025-09-19 22:56:48,31.43,EUR,REFUND,REVERSED,2025-09-19 22:56:48
TXN00043289,ACC000186,MER0012,2025-07-05 08:27:58,63.85,EUR,PURCHASE,posted,2025-07-05 08:27:58
TXN00040282,ACC002049,MER0108,2025-07-30 12:06:24,69.59,CAD,purchase,DECLINED,2025-07-30 12:06:24
TXN00042149,ACC000348,MER0100,2025-09-27 09:05:10,12.92,usd,REFUND,PENDING,2025-09-27 09:05:10
TXN00042105,ACC002021,MER0118,2025-08-10 06:33:07,50.73,CAD,PURCHASE,REVERSED,2025-08-10 06:33:07
TXN00047366,ACC002748,MER0013,2025-08-26 05:15:05,5.18,gbp,PURCHASE,DECLINED,2025-08-26 05:15:05
TXN00046999,ACC002682,MER0102,2025-08-22 05:41:05,11.02,JPY,PURCHASE,DECLINED,2025-08-22 05:41:05
TXN00047264,ACC000625,MER0071,2025-07-26 05:08:57,14.67,JPY,TRANSFER,POSTED,2025-07-26 05:08:57
TXN00047699,ACC000913,MER0116,2025-07-18 02:59:39,122.54,GBP,PURCHASE,DECLINED,2025-07-18 02:59:39
TXN00041569,ACC001488,MER0114,2025-09-08 21:20:29,10.81,EUR,REFUND,posted,2025-09-08 21:20:29
TXN00044818,ACC001243,MER0072,2025-09-22 19:54:09,22.37,JPY,TRANSFER,POSTED,2025-09-22 19:54:09
TXN00042893,ACC001191,MER0020,2025-08-03 02:34:24,5.98,NGN,DEPOSIT,DECLINED,2025-08-03 02:34:24
TXN00042209,ACC001030,MER0004,2025-09-29 08:51:49,49.34,usd,purchase,POSTED,2025-09-29 08:51:49
TXN00041188,ACC002579,MER0111,2025-07-17 22:44:56,93.37,gbp,TRANSFER,PENDING,2025-07-17 22:44:56
TXN00025136,ACC001934,MER0081,2024-05-27 06:39:49,32.49,CAD,PURCHASE,DECLINED,2025-07-12 11:11:55
TXN00042189,ACC000296,MER0042,2025-08-04 01:45:48,77.88,NGN,WITHDRAWAL,REVERSED,2025-08-04 01:45:48
TXN00040995,ACC001590,MER0082,2025-07-12 06:23:32,22.63,JPY,purchase,DECLINED,2025-07-12 06:23:32
TXN00040669,ACC000370,MER0067,2025-09-13 04:27:17,38.38,USD,PURCHASE,DECLINED,2025-09-13 04:27:17
TXN00041230,ACC002565,MER0096,2025-08-18 06:24:26,15.46,NGN,WITHDRAWAL,POSTED,2025-08-18 06:24:26
TXN00044646,ACC001233,MER0059,2025-07-23 19:28:28,9.07,EUR,REFUND,REVERSED,2025-07-23 19:28:28
TXN00044374,ACC002425,MER0094,2025-09-09 22:48:32,29.15,USD,TRANSFER,DECLINED,2025-09-09 22:48:32
TXN00041207,ACC001205,MER0125,2025-07-30 04:18:31,6.57,NGN,WITHDRAWAL,posted,2025-07-30 04:18:31
TXN00013680,ACC003921,MER0034,2024-07-21 00:08:26,104.14,INR,TRANSFER,REVERSED,2025-08-16 00:28:21
TXN00044163,ACC003280,MER0073,2025-07-20 07:37:41,136.97,gbp,REFUND,PENDING,2025-07-20 07:37:41
TXN00044836,ACC003108,MER0029,2025-09-03 06:48:49,140.23,USD,DEPOSIT,PENDING,2025-09-03 06:48:49
TXN00042671,ACC003616,MER0150,2025-08-27 13:29:30,49.53,GBP,DEPOSIT,PENDING,2025-08-27 13:29:30
TXN00046150,ACC003761,MER0006,2025-08-16 16:05:55,21.46,EUR,DEPOSIT,posted,2025-08-16 16:05:55
TXN00044815,ACC000685,MER0107,2025-07-09 09:39:16,11.55,NGN,DEPOSIT,POSTED,2025-07-09 09:39:16
TXN00047623,ACC003356,MER0093,2025-08-17 16:40:18,20.06,JPY,TRANSFER,PENDING,2025-08-17 16:40:18
TXN00045280,ACC000140,MER0079,2025-07-25 00:44:07,35.14,EUR,REFUND,DECLINED,2025-07-25 00:44:07
TXN00047386,ACC000573,MER0125,2025-07-24 21:43:18,13.91,usd,purchase,REVERSED,2025-07-24 21:43:18
TXN00041334,ACC003477,MER0042,2025-08-10 05:27:47,11.58,EUR,TRANSFER,DECLINED,2025-08-10 05:27:47
TXN00047136,ACC003739,MER0001,2025-07-29 21:56:55,48.1,JPY,purchase,DECLINED,2025-07-29 21:56:55
TXN00042953,ACC002670,MER0115,2025-07-13 16:39:24,23.44,INR,REFUND,PENDING,2025-07-13 16:39:24
TXN00043429,ACC003609,MER0132,2025-08-08 13:34:31,119.56,USD,purchase,REVERSED,2025-08-08 13:34:31
TXN00040574,ACC001298,MER0124,2025-07-07 04:58:52,1.72,INR,REFUND,REVERSED,2025-07-07 04:58:52
TXN00044116,ACC000524,MER0038,2025-08-10 03:45:10,43.07,USD,WITHDRAWAL,DECLINED,2025-08-10 03:45:10
TXN00041357,ACC001755,MER0116,2025-09-04 19:41:19,5.59,INR,REFUND,PENDING,2025-09-04 19:41:19
TXN00028986,ACC002815,MER0064,2025-05-15 11:21:30,43.1,GBP,TRANSFER,DECLINED,2025-09-26 13:53:45
TXN00045102,ACC001446,MER0002,2025-08-21 02:26:44,22.99,CAD,DEPOSIT,DECLINED,2025-08-21 02:26:44
TXN00046681,ACC001801,MER0065,2025-07-02 16:33:04,52.42,INR,PURCHASE,POSTED,2025-07-02 16:33:04
TXN00042512,ACC003839,MER0145,2025-09-24 11:19:55,49.96,JPY,DEPOSIT,POSTED,2025-09-24 11:19:55
TXN00046477,ACC003047,MER0058,2025-09-20 07:35:55,4.9,INR,DEPOSIT,PENDING,2025-09-20 07:35:55
TXN00046331,ACC003089,MER0087,2025-09-08 04:34:54,16.91,NGN,purchase,POSTED,2025-09-08 04:34:54
TXN00040961,ACC003452,MER0147,2025-09-21 01:54:39,154.5,NGN,PURCHASE,DECLINED,2025-09-21 01:54:39
TXN00042144,ACC001492,MER0115,2025-07-03 20:46:25,14.85,usd,REFUND,POSTED,2025-07-03 20:46:25
TXN00047831,ACC001353,MER0063,2025-07-30 17:10:51,22.74,INR,WITHDRAWAL,posted,2025-07-30 17:10:51
TXN00047191,ACC000033,MER0008,2025-08-18 23:55:51,17.73,NGN,purchase,posted,2025-08-18 23:55:51
TXN00040473,ACC002035,MER0026,2025-09-04 16:17:39,37.73,gbp,PURCHASE,REVERSED,2025-09-04 16:17:39
TXN00044521,ACC000155,MER0041,2025-09-15 00:19:53,31.73,JPY,WITHDRAWAL,PENDING,2025-09-15 00:19:53
TXN00046131,ACC002263,MER0147,2025-09-18 19:43:53,56.81,usd,WITHDRAWAL,posted,2025-09-18 19:43:53
TXN00045995,ACC001609,MER0101,2025-08-13 10:58:05,40.28,GBP,TRANSFER,DECLINED,2025-08-13 10:58:05
TXN00042284,ACC002323,MER0031,2025-09-23 12:06:29,11.65,NGN,purchase,REVERSED,2025-09-23 12:06:29
TXN00043775,ACC002282,MER0126,2025-09-22 05:09:17,12.41,INR,REFUND,REVERSED,2025-09-22 05:09:17
TXN00043163,ACC003638,MER0063,2025-08-07 21:25:27,64.4,NGN,WITHDRAWAL,REVERSED,2025-08-07 21:25:27
TXN00041722,ACC000626,MER0128,2025-07-24 03:11:04,12.51,CAD,purchase,REVERSED,2025-07-24 03:11:04
TXN00042520,ACC000058,MER0088,2025-09-08 02:23:18,10.81,JPY,PURCHASE,REVERSED,2025-09-08 02:23:18
TXN00042527,ACC000239,MER0066,2025-09-10 04:03:39,29.56,NGN,PURCHASE,REVERSED,2025-09-10 04:03:39
TXN00045543,ACC003568,MER0146,2025-08-11 14:09:30,99.42,EUR,WITHDRAWAL,posted,2025-08-11 14:09:30
TXN00041139,ACC002265,MER0120,2025-07-18 04:16:02,35.57,NGN,REFUND,REVERSED,2025-07-18 04:16:02
TXN00042837,ACC002264,MER0026,2025-08-14 00:53:43,78.79,INR,PURCHASE,PENDING,2025-08-14 00:53:43
TXN00041180,ACC001801,MER0048,2025-08-08 19:27:56,28.09,JPY,purchase,posted,2025-08-08 19:27:56
TXN00040532,ACC003240,MER0092,2025-08-01 04:50:51,26602.37,JPY,WITHDRAWAL,REVERSED,2025-08-01 04:50:51
TXN00047351,ACC000868,MER0104,2025-07-28 23:08:58,11.12,EUR,DEPOSIT,POSTED,2025-07-28 23:08:58
TXN00040382,ACC003126,MER0022,2025-07-10 11:20:16,27.51,usd,WITHDRAWAL,DECLINED,2025-07-10 11:20:16
TXN00045181,ACC000149,MER0133,2025-09-21 12:32:31,139.88,NGN,purchase,PENDING,2025-09-21 12:32:31
TXN00047390,ACC002036,MER0089,2025-08-25 16:02:34,52.2,GBP,TRANSFER,PENDING,2025-08-25 16:02:34
TXN00045827,ACC003897,MER0051,2025-09-05 10:24:29,36.39,JPY,WITHDRAWAL,REVERSED,2025-09-05 10:24:29
TXN00047233,ACC002996,MER0109,2025-08-30 02:15:27,69.33,INR,TRANSFER,PENDING,2025-08-30 02:15:27
TXN00041140,ACC002392,MER0048,2025-08-12 19:53:59,111.72,JPY,DEPOSIT,POSTED,2025-08-12 19:53:59
TXN00042208,ACC000869,MER0044,2025-07-09 05:09:35,5.37,GBP,TRANSFER,DECLINED,2025-07-09 05:09:35
TXN00046082,ACC003026,MER0028,2025-07-15 04:07:35,53.99,gbp,DEPOSIT,POSTED,2025-07-15 04:07:35
TXN00046772,ACC000885,MER0149,2025-07-29 10:38:34,8.51,NGN,purchase,DECLINED,2025-07-29 10:38:34
TXN00047809,ACC003572,MER0048,2025-08-25 04:18:22,21.89,NGN,TRANSFER,PENDING,2025-08-25 04:18:22
TXN00040672,ACC000207,MER0135,2025-08-08 07:48:33,47.16,JPY,REFUND,PENDING,2025-08-08 07:48:33
TXN00044503,ACC002288,MER0143,2025-07-25 12:26:52,7.56,NGN,REFUND,REVERSED,2025-07-25 12:26:52
TXN00045570,ACC003579,MER0057,2025-07-24 10:04:12,21.18,GBP,REFUND,PENDING,2025-07-24 10:04:12
TXN00043983,ACC002920,MER0004,2025-09-19 23:52:24,6.59,JPY,TRANSFER,REVERSED,2025-09-19 23:52:24
TXN00045246,ACC002350,MER0121,2025-07-21 21:45:55,49.2,JPY,REFUND,PENDING,2025-07-21 21:45:55
TXN00042976,ACC003498,MER0018,2025-07-19 21:20:34,6.69,gbp,REFUND,DECLINED,2025-07-19 21:20:34
TXN00046554,ACC001005,MER0126,2025-07-25 05:02:35,17.66,EUR,PURCHASE,DECLINED,2025-07-25 05:02:35
TXN00040347,ACC003414,MER0145,2025-08-14 02:17:37,59.77,CAD,REFUND,posted,2025-08-14 02:17:37
TXN00042139,ACC003233,MER0016,2025-08-09 05:58:22,230.58,GBP,PURCHASE,DECLINED,2025-08-09 05:58:22
TXN00040895,ACC003845,MER0076,2025-08-12 06:51:36,32.18,GBP,DEPOSIT,posted,2025-08-12 06:51:36
TXN00043409,ACC000621,MER0069,2025-08-23 06:03:10,49.98,gbp,TRANSFER,DECLINED,2025-08-23 06:03:10
TXN00012506,ACC003891,MER0073,2024-03-19 14:57:44,50.27,INR,purchase,REVERSED,2025-08-28 18:01:10
TXN00044570,ACC003435,MER0085,2025-08-13 04:02:03,9.61,CAD,DEPOSIT,posted,2025-08-13 04:02:03
TXN00045711,ACC003825,MER0050,2025-09-11 22:25:05,7.6,JPY,TRANSFER,DECLINED,2025-09-11 22:25:05
TXN00042420,ACC000341,MER0012,2025-09-25 19:40:29,10873.88,USD,PURCHASE,PENDING,2025-09-25 19:40:29
TXN00042901,ACC000440,MER0073,2025-09-28 09:02:58,17.09,USD,PURCHASE,DECLINED,2025-09-28 09:02:58
TXN00042212,ACC003416,MER0018,2025-08-21 11:31:25,17.4,CAD,REFUND,PENDING,2025-08-21 11:31:25
TXN00044755,ACC003108,MER0144,2025-08-13 21:57:45,99.98,CAD,DEPOSIT,PENDING,2025-08-13 21:57:45
TXN00041162,ACC001045,MER0058,2025-07-31 19:16:31,11.68,EUR,purchase,POSTED,2025-07-31 19:16:31
TXN00045297,ACC003538,MER0123,2025-07-27 19:38:59,90.27,USD,purchase,REVERSED,2025-07-27 19:38:59
TXN00040396,ACC003896,MER0123,2025-09-27 16:13:32,15.69,CAD,PURCHASE,POSTED,2025-09-27 16:13:32
TXN00043166,ACC000309,MER0125,2025-09-05 03:03:27,4.63,NGN,purchase,posted,2025-09-05 03:03:27
TXN00041614,ACC000437,MER0038,2025-07-23 00:56:56,165.75,GBP,REFUND,POSTED,2025-07-23 00:56:56
TXN00047806,ACC001641,MER0148,2025-09-19 07:49:33,70.57,INR,WITHDRAWAL,PENDING,2025-09-19 07:49:33
TXN00043917,ACC001974,MER0086,2025-09-28 15:02:13,7.22,JPY,TRANSFER,POSTED,2025-09-28 15:02:13
TXN00046163,ACC001859,MER0128,2025-07-20 19:22:21,13.34,NGN,WITHDRAWAL,posted,2025-07-20 19:22:21
TXN00047343,ACC001016,MER0083,2025-09-20 01:00:00,159.54,CAD,DEPOSIT,DECLINED,2025-09-20 01:00:00
TXN00047599,ACC000355,MER0071,2025-07-18 08:03:12,15.37,NGN,PURCHASE,DECLINED,2025-07-18 08:03:12
TXN00042438,ACC000345,MER0131,2025-08-07 04:54:12,15.74,GBP,WITHDRAWAL,POSTED,2025-08-07 04:54:12
TXN00047078,ACC000960,MER0108,2025-08-07 01:38:37,48.96,GBP,DEPOSIT,POSTED,2025-08-07 01:38:37
TXN00046803,ACC002694,MER0024,2025-09-02 02:03:52,120.41,INR,TRANSFER,posted,2025-09-02 02:03:52
TXN00045046,ACC003912,MER0146,2025-08-07 02:45:54,21.87,GBP,DEPOSIT,DECLINED,2025-08-07 02:45:54
TXN00046282,ACC002362,MER0122,2025-08-16 02:49:03,1.48,usd,DEPOSIT,REVERSED,2025-08-16 02:49:03
TXN00041372,ACC003192,MER0148,2025-07-27 21:46:11,26.81,gbp,purchase,PENDING,2025-07-27 21:46:11
TXN00041422,ACC000891,MER0038,2025-09-21 06:32:53,31.58,USD,DEPOSIT,PENDING,2025-09-21 06:32:53
TXN00041871,ACC001765,MER0088,2025-09-23 08:01:08,61.66,JPY,DEPOSIT,DECLINED,2025-09-23 08:01:08
TXN00046071,ACC002260,MER0030,2025-08-03 03:16:06,22.98,CAD,REFUND,PENDING,2025-08-03 03:16:06
TXN00044307,ACC001366,MER0016,2025-09-08 19:45:55,45.8,INR,REFUND,POSTED,2025-09-08 19:45:55
TXN00043675,ACC003556,MER0024,2025-07-25 16:11:32,18.17,gbp,purchase,PENDING,2025-07-25 16:11:32
TXN00040024,ACC001447,MER0035,2025-09-27 19:33:34,11.18,usd,PURCHASE,POSTED,2025-09-27 19:33:34
TXN00041880,ACC003419,MER0027,2025-07-21 15:02:53,6.69,JPY,TRANSFER,posted,2025-07-21 15:02:53
TXN00047871,ACC000893,MER0026,2025-08-16 15:13:34,29.1,USD,DEPOSIT,DECLINED,2025-08-16 15:13:34
TXN00000425,ACC002913,MER0058,2024-10-08 02:21:50,14.64,JPY,DEPOSIT,DECLINED,2025-09-28 00:28:58
TXN00040195,ACC002098,MER0010,2025-09-28 09:26:45,36.87,INR,WITHDRAWAL,PENDING,2025-09-28 09:26:45
TXN00037210,ACC003128,MER0089,2025-05-06 02:10:42,8.25,GBP,TRANSFER,POSTED,2025-07-13 07:18:23
TXN00046787,ACC002185,MER0071,2025-07-22 00:10:17,17.48,usd,WITHDRAWAL,PENDING,2025-07-22 00:10:17
TXN00045760,ACC000731,MER0097,2025-07-19 19:55:09,98.68,CAD,DEPOSIT,REVERSED,2025-07-19 19:55:09
TXN00042444,ACC000033,MER0118,2025-08-22 03:36:48,150.05,EUR,purchase,POSTED,2025-08-22 03:36:48
TXN00042793,ACC001826,MER0079,2025-08-12 05:56:06,43.15,CAD,REFUND,posted,2025-08-12 05:56:06
TXN00044341,ACC002238,MER0126,2025-07-16 14:58:01,41.55,USD,REFUND,posted,2025-07-16 14:58:01
TXN00046346,ACC000748,MER0142,2025-09-22 20:43:38,19.29,EUR,PURCHASE,PENDING,2025-09-22 20:43:38
TXN00046193,ACC001296,MER0146,2025-08-28 06:20:53,62.49,usd,REFUND,PENDING,2025-08-28 06:20:53
TXN00040273,ACC001367,MER0042,2025-07-07 14:30:25,231.8,NGN,DEPOSIT,REVERSED,2025-07-07 14:30:25
TXN00044509,ACC003480,MER0036,2025-09-04 13:44:40,13.47,USD,DEPOSIT,PENDING,2025-09-04 13:44:40
TXN00042538,ACC002321,MER0141,2025-07-21 17:01:59,54.46,NGN,REFUND,DECLINED,2025-07-21 17:01:59
TXN00047215,ACC000318,MER0115,2025-07-23 07:11:05,15.77,CAD,WITHDRAWAL,POSTED,2025-07-23 07:11:05
TXN00045810,ACC003633,MER0081,2025-07-23 04:57:25,21.25,GBP,WITHDRAWAL,REVERSED,2025-07-23 04:57:25
TXN00045976,ACC000137,MER0094,2025-09-25 09:52:36,31.48,NGN,DEPOSIT,PENDING,2025-09-25 09:52:36
TXN00040785,ACC003401,MER0098,2025-07-30 11:02:58,14.29,USD,DEPOSIT,DECLINED,2025-07-30 11:02:58
TXN00046444,ACC001202,MER0090,2025-09-04 07:34:11,20.45,usd,TRANSFER,posted,2025-09-04 07:34:11
TXN00040753,ACC002513,MER0086,2025-09-13 09:26:39,63.59,NGN,REFUND,PENDING,2025-09-13 09:26:39
TXN00040949,ACC000795,MER0092,2025-08-21 21:06:14,11.4,USD,purchase,posted,2025-08-21 21:06:14
TXN00040367,ACC000839,MER0105,2025-09-06 04:03:22,29.94,gbp,TRANSFER,REVERSED,2025-09-06 04:03:22
TXN00047568,ACC000492,MER0002,2025-08-03 13:29:20,84.35,USD,PURCHASE,PENDING,2025-08-03 13:29:20
TXN00046978,ACC003733,MER0024,2025-07-31 19:47:14,1.68,EUR,REFUND,DECLINED,2025-07-31 19:47:14
TXN00041760,ACC002055,MER0020,2025-07-28 12:00:40,86.26,CAD,PURCHASE,PENDING,2025-07-28 12:00:40
TXN00044319,ACC000367,MER0091,2025-07-22 03:58:44,10.57,JPY,PURCHASE,REVERSED,2025-07-22 03:58:44
TXN00041545,ACC000740,MER0099,2025-09-06 17:27:15,31.63,INR,PURCHASE,PENDING,2025-09-06 17:27:15
TXN00030390,ACC001797,MER0137,2025-02-23 20:10:54,13.25,USD,PURCHASE,REVERSED,2025-07-29 01:52:57
TXN00043682,ACC001299,MER0058,2025-08-25 11:03:56,113.75,usd,purchase,POSTED,2025-08-25 11:03:56
TXN00047829,ACC002147,MER0124,2025-09-04 21:33:16,56.45,usd,purchase,POSTED,2025-09-04 21:33:16
TXN00046971,ACC003680,MER0078,2025-07-04 11:59:20,6.73,JPY,WITHDRAWAL,REVERSED,2025-07-04 11:59:20
TXN00043662,ACC003810,MER0146,2025-07-07 14:33:13,53.57,CAD,TRANSFER,posted,2025-07-07 14:33:13
TXN00042387,ACC003834,MER0021,2025-07-08 11:02:31,25.04,CAD,REFUND,DECLINED,2025-07-08 11:02:31
TXN00044610,ACC003463,MER0033,2025-07-20 09:59:04,93.36,NGN,DEPOSIT,DECLINED,2025-07-20 09:59:04
TXN00010246,ACC002293,MER0025,2024-07-09 11:19:12,49.33,USD,DEPOSIT,REVERSED,2025-08-29 18:16:24
TXN00043825,ACC000716,MER0060,2025-07-01 18:37:35,8.82,gbp,REFUND,PENDING,2025-07-01 18:37:35
TXN00045124,ACC003879,MER0006,2025-08-27 19:36:39,23.79,CAD,purchase,DECLINED,2025-08-27 19:36:39
TXN00040777,ACC001001,MER0043,2025-07-15 15:07:00,45.92,INR,WITHDRAWAL,PENDING,2025-07-15 15:07:00
TXN00042960,ACC000854,MER0104,2025-08-02 12:23:01,25.35,NGN,TRANSFER,posted,2025-08-02 12:23:01
TXN00047688,ACC002601,MER0015,2025-09-02 07:41:11,13.26,EUR,WITHDRAWAL,REVERSED,2025-09-02 07:41:11
TXN00047095,ACC003603,MER0009,2025-09-17 00:53:39,17164.01,NGN,PURCHASE,REVERSED,2025-09-17 00:53:39
TXN00047558,ACC000043,MER0113,2025-09-21 23:10:42,40.11,JPY,REFUND,REVERSED,2025-09-21 23:10:42
TXN00043603,ACC002197,MER0054,2025-07-04 03:55:36,30.64,USD,purchase,REVERSED,2025-07-04 03:55:36
TXN00041111,ACC001224,MER0115,2025-07-08 21:10:04,9.66,INR,DEPOSIT,posted,2025-07-08 21:10:04
TXN00046339,ACC002489,MER0022,2025-08-10 03:36:48,6.52,USD,TRANSFER,posted,2025-08-10 03:36:48
TXN00042228,ACC002431,MER0015,2025-08-03 19:01:22,10.54,GBP,PURCHASE,DECLINED,2025-08-03 19:01:22
TXN00040020,ACC000309,MER0057,2025-09-20 17:42:54,50.93,JPY,WITHDRAWAL,REVERSED,2025-09-20 17:42:54
TXN00043990,ACC000372,MER0040,2025-09-14 06:16:31,68.98,JPY,purchase,POSTED,2025-09-14 06:16:31
TXN00042516,ACC002284,MER0036,2025-07-23 13:28:55,49.3,JPY,TRANSFER,PENDING,2025-07-23 13:28:55
TXN00043937,ACC000691,MER0022,2025-08-29 23:37:37,14.56,INR,TRANSFER,PENDING,2025-08-29 23:37:37
TXN00042345,ACC002942,MER0100,2025-08-27 00:40:19,13.43,GBP,REFUND,REVERSED,2025-08-27 00:40:19
TXN00045114,ACC001989,MER0132,2025-07-31 19:12:35,7.43,CAD,REFUND,posted,2025-07-31 19:12:35
TXN00047049,ACC002227,MER0076,2025-09-27 01:18:03,55.83,USD,TRANSFER,PENDING,2025-09-27 01:18:03
TXN00042553,ACC000233,MER0113,2025-07-27 02:49:45,3.14,usd,TRANSFER,DECLINED,2025-07-27 02:49:45
TXN00041555,ACC003880,MER0073,2025-08-10 16:04:57,28.74,gbp,DEPOSIT,POSTED,2025-08-10 16:04:57
TXN00041290,ACC001211,MER0131,2025-07-20 03:49:07,348.63,gbp,TRANSFER,REVERSED,2025-07-20 03:49:07
TXN00040941,ACC001812,MER0093,2025-08-11 10:12:27,12.5,NGN,purchase,posted,2025-08-11 10:12:27
TXN00047605,ACC002777,MER0105,2025-07-10 03:33:12,107.41,EUR,DEPOSIT,DECLINED,2025-07-10 03:33:12
TXN00041441,ACC003239,MER0125,2025-09-02 00:10:13,196.71,EUR,REFUND,POSTED,2025-09-02 00:10:13
TXN00040033,ACC001692,MER0055,2025-07-25 20:35:11,323.4,NGN,WITHDRAWAL,POSTED,2025-07-25 20:35:11
TXN00045700,ACC002486,MER0147,2025-08-27 05:09:24,17.81,NGN,WITHDRAWAL,DECLINED,2025-08-27 05:09:24
TXN00044491,ACC002743,MER0134,2025-08-14 06:25:36,6.77,GBP,TRANSFER,DECLINED,2025-08-14 06:25:36
TXN00040943,ACC003353,MER0122,2025-09-09 03:51:42,10.63,USD,REFUND,PENDING,2025-09-09 03:51:42
TXN00040916,ACC000651,MER0113,2025-09-12 20:28:43,85.61,EUR,DEPOSIT,PENDING,2025-09-12 20:28:43
TXN00045836,ACC002511,MER0145,2025-07-15 17:45:46,440.72,NGN,purchase,DECLINED,2025-07-15 17:45:46
TXN00045376,ACC001741,MER0091,2025-09-18 04:44:10,25.6,EUR,WITHDRAWAL,posted,2025-09-18 04:44:10
TXN00044346,ACC001228,MER0017,2025-07-01 13:52:30,113.78,CAD,PURCHASE,POSTED,2025-07-01 13:52:30
TXN00044615,ACC003843,MER0105,2025-08-28 05:01:43,99.06,GBP,purchase,POSTED,2025-08-28 05:01:43
TXN00041958,ACC001729,MER0068,2025-07-23 16:05:10,4.55,usd,purchase,posted,2025-07-23 16:05:10
TXN00042590,ACC000256,MER0049,2025-07-22 22:17:47,8.57,CAD,REFUND,posted,2025-07-22 22:17:47
TXN00042202,ACC000187,MER0008,2025-09-18 02:40:12,14.8,NGN,WITHDRAWAL,POSTED,2025-09-18 02:40:12
TXN00040219,ACC002202,MER0034,2025-09-21 22:54:25,88.26,GBP,REFUND,REVERSED,2025-09-21 22:54:25
TXN00044513,ACC000235,MER0100,2025-09-30 21:15:47,21.11,usd,REFUND,DECLINED,2025-09-30 21:15:47
TXN00041551,ACC003412,MER0117,2025-07-27 19:31:49,9.11,EUR,WITHDRAWAL,REVERSED,2025-07-27 19:31:49
TXN00044718,ACC000064,MER0070,2025-09-01 09:20:31,61.12,GBP,TRANSFER,DECLINED,2025-09-01 09:20:31
TXN00045819,ACC003227,MER0136,2025-08-24 02:57:19,14.57,JPY,WITHDRAWAL,posted,2025-08-24 02:57:19
TXN00031528,ACC001127,MER0090,2024-04-10 17:59:16,4.22,USD,REFUND,POSTED,2025-08-11 14:48:26
TXN00040255,ACC000991,MER0044,2025-09-19 01:50:50,50.01,NGN,WITHDRAWAL,PENDING,2025-09-19 01:50:50
TXN00040038,ACC002799,MER0065,2025-08-29 17:32:05,10.81,CAD,DEPOSIT,posted,2025-08-29 17:32:05
TXN00040431,ACC001370,MER0123,2025-08-30 05:22:07,2.48,usd,TRANSFER,PENDING,2025-08-30 05:22:07
TXN00038323,ACC003754,MER0019,2025-03-27 17:02:40,6.24,NGN,PURCHASE,DECLINED,2025-09-18 04:21:19
TXN00043896,ACC003655,MER0150,2025-09-21 07:08:31,6.24,CAD,purchase,posted,2025-09-21 07:08:31
TXN00045619,ACC002052,MER0055,2025-09-20 23:19:34,37.43,GBP,DEPOSIT,posted,2025-09-20 23:19:34
TXN00042873,ACC000047,MER0073,2025-08-14 23:44:00,3.06,INR,TRANSFER,PENDING,2025-08-14 23:44:00
TXN00043316,ACC001920,MER0108,2025-07-08 12:37:58,13.99,INR,REFUND,posted,2025-07-08 12:37:58
TXN00041258,ACC003155,MER0063,2025-07-14 17:28:55,313.69,INR,PURCHASE,posted,2025-07-14 17:28:55
TXN00040361,ACC003185,MER0017,2025-08-10 04:02:10,38.12,CAD,DEPOSIT,PENDING,2025-08-10 04:02:10
TXN00046086,ACC000606,MER0138,2025-07-09 09:10:47,37.64,GBP,PURCHASE,posted,2025-07-09 09:10:47
TXN00042921,ACC002911,MER0117,2025-09-01 21:01:56,48.44,gbp,TRANSFER,posted,2025-09-01 21:01:56
TXN00032498,ACC000471,MER0068,2024-02-26 08:02:32,8.95,USD,REFUND,POSTED,2025-08-23 05:29:49
TXN00044377,ACC000404,MER0043,2025-09-10 13:03:13,17.55,GBP,REFUND,PENDING,2025-09-10 13:03:13
TXN00043034,ACC000749,MER0058,2025-09-18 18:47:22,16.8,CAD,PURCHASE,DECLINED,2025-09-18 18:47:22
TXN00047360,ACC003142,MER0030,2025-09-18 17:57:26,29506.76,usd,DEPOSIT,DECLINED,2025-09-18 17:57:26
TXN00042642,ACC000958,MER0123,2025-09-28 22:05:48,8.45,INR,WITHDRAWAL,PENDING,2025-09-28 22:05:48
TXN00042542,ACC000443,MER0087,2025-09-26 11:46:29,20020.19,EUR,TRANSFER,PENDING,2025-09-26 11:46:29
TXN00040731,ACC000224,MER0093,2025-08-30 17:01:18,45.67,NGN,WITHDRAWAL,posted,2025-08-30 17:01:18
TXN00044161,ACC000195,MER0036,2025-08-07 00:09:16,32.52,gbp,TRANSFER,PENDING,2025-08-07 00:09:16
TXN00042819,ACC001635,MER0075,2025-07-05 13:07:09,26.91,JPY,DEPOSIT,PENDING,2025-07-05 13:07:09
TXN00041420,ACC000462,MER0035,2025-08-23 05:27:48,4.74,NGN,purchase,posted,2025-08-23 05:27:48
TXN00042932,ACC000380,MER0093,2025-07-27 00:48:35,27.59,EUR,DEPOSIT,DECLINED,2025-07-27 00:48:35
TXN00046099,ACC000321,MER0115,2025-09-07 19:53:15,10.05,INR,REFUND,POSTED,2025-09-07 19:53:15
TXN00001714,ACC002695,MER0143,2024-03-28 01:47:43,18.81,usd,WITHDRAWAL,DECLINED,2025-09-01 15:37:50
TXN00040725,ACC000160,MER0029,2025-07-19 03:26:57,31711.21,usd,TRANSFER,REVERSED,2025-07-19 03:26:57
TXN00044316,ACC001903,MER0136,2025-07-12 08:42:32,6.68,NGN,REFUND,posted,2025-07-12 08:42:32
TXN00040237,ACC001013,MER0136,2025-09-17 08:17:16,29.45,usd,DEPOSIT,posted,2025-09-17 08:17:16
TXN00041142,ACC002323,MER0027,2025-07-31 04:11:23,36648.25,NGN,WITHDRAWAL,posted,2025-07-31 04:11:23
TXN00045048,ACC002060,MER0088,2025-09-06 12:15:51,148.87,EUR,TRANSFER,posted,2025-09-06 12:15:51
TXN00044251,ACC002101,MER0026,2025-08-30 19:18:55,34.46,GBP,REFUND,POSTED,2025-08-30 19:18:55
TXN00045364,ACC000888,MER0085,2025-09-16 11:52:48,79.79,gbp,WITHDRAWAL,POSTED,2025-09-16 11:52:48
TXN00036797,ACC001711,MER0092,2024-03-15 02:39:10,3.5,NGN,DEPOSIT,POSTED,2025-07-11 13:28:59
TXN00042063,ACC003087,MER0112,2025-07-18 02:01:54,306.87,INR,WITHDRAWAL,posted,2025-07-18 02:01:54
TXN00044111,ACC002074,MER0065,2025-07-16 07:57:00,49.68,gbp,TRANSFER,REVERSED,2025-07-16 07:57:00
TXN00041477,ACC000578,MER0048,2025-07-10 09:19:58,7.9,usd,PURCHASE,posted,2025-07-10 09:19:58
TXN00040721,ACC000326,MER0129,2025-07-03 22:10:22,210.14,CAD,DEPOSIT,PENDING,2025-07-03 22:10:22
TXN00045272,ACC001428,MER0134,2025-09-24 06:04:47,155.35,INR,TRANSFER,DECLINED,2025-09-24 06:04:47
TXN00045159,ACC000013,MER0126,2025-09-20 11:54:47,17.69,EUR,DEPOSIT,REVERSED,2025-09-20 11:54:47
TXN00041883,ACC003227,MER0056,2025-08-21 04:15:51,8.24,NGN,DEPOSIT,posted,2025-08-21 04:15:51
TXN00022200,ACC002871,MER0026,2024-11-06 00:52:41,23.68,JPY,purchase,DECLINED,2025-07-22 06:30:27
TXN00041540,ACC002755,MER0004,2025-08-31 18:00:19,4.87,USD,DEPOSIT,POSTED,2025-08-31 18:00:19
TXN00040587,ACC002908,MER9999,2025-07-29 16:04:50,63.31,GBP,PURCHASE,REVERSED,2025-07-29 16:04:50
TXN00046125,ACC000280,MER0003,2025-08-13 14:31:15,44.35,CAD,purchase,REVERSED,2025-08-13 14:31:15
TXN00041646,ACC001367,MER0125,2025-08-24 19:18:47,10.36,JPY,PURCHASE,PENDING,2025-08-24 19:18:47
TXN00043492,ACC002378,MER0102,2025-07-16 12:43:29,26.6,gbp,REFUND,DECLINED,2025-07-16 12:43:29
TXN00045270,ACC003110,MER0076,2025-07-18 06:19:56,6.8,USD,REFUND,POSTED,2025-07-18 06:19:56
TXN00047908,ACC000077,MER0036,2025-08-31 10:51:37,10.39,CAD,WITHDRAWAL,POSTED,2025-08-31 10:51:37
TXN00042008,ACC000370,MER0004,2025-08-04 20:53:16,7.3,usd,DEPOSIT,PENDING,2025-08-04 20:53:16
TXN00044059,ACC003442,MER0122,2025-07-10 02:12:50,13.56,GBP,WITHDRAWAL,PENDING,2025-07-10 02:12:50
TXN00044785,ACC001555,MER0131,2025-09-28 16:25:40,42.57,NGN,REFUND,posted,2025-09-28 16:25:40
TXN00047877,ACC000582,MER0068,2025-07-04 05:20:00,11.54,USD,DEPOSIT,PENDING,2025-07-04 05:20:00
TXN00040002,ACC003677,MER0077,2025-07-02 05:04:28,14.48,gbp,TRANSFER,POSTED,2025-07-02 05:04:28
TXN00040412,ACC002559,MER0043,2025-08-03 01:43:28,21.43,gbp,WITHDRAWAL,REVERSED,2025-08-03 01:43:28
TXN00044356,ACC002742,MER0150,2025-07-17 02:56:45,17.5,gbp,TRANSFER,REVERSED,2025-07-17 02:56:45
TXN00040328,ACC000340,MER0001,2025-09-08 03:53:34,58.3,EUR,WITHDRAWAL,DECLINED,2025-09-08 03:53:34
TXN00042072,ACC003484,MER0106,2025-09-26 14:09:11,22.07,INR,REFUND,DECLINED,2025-09-26 14:09:11
TXN00044413,ACC002313,MER0127,2025-08-07 10:53:58,32.77,NGN,DEPOSIT,REVERSED,2025-08-07 10:53:58
TXN00047755,ACC001838,MER0096,2025-09-13 00:23:18,19.02,gbp,REFUND,PENDING,2025-09-13 00:23:18
TXN00041881,ACC001803,MER0030,2025-08-31 09:04:39,12.0,EUR,WITHDRAWAL,PENDING,2025-08-31 09:04:39
TXN00040558,ACC003695,MER0097,2025-09-24 18:53:55,12.71,GBP,WITHDRAWAL,REVERSED,2025-09-24 18:53:55
TXN00038651,ACC002193,MER0034,2024-08-16 14:55:31,122.87,JPY,purchase,POSTED,2025-08-21 03:02:38
TXN00040496,ACC001921,MER0024,2025-09-28 01:16:24,5.24,JPY,WITHDRAWAL,REVERSED,2025-09-28 01:16:24
TXN00046096,ACC002787,MER0128,2025-09-20 18:06:22,8.52,CAD,DEPOSIT,posted,2025-09-20 18:06:22
TXN00047709,ACC001901,MER0106,2025-08-19 20:45:11,8.91,USD,TRANSFER,DECLINED,2025-08-19 20:45:11
TXN00043062,ACC001901,MER0094,2025-09-29 17:37:37,52.61,EUR,WITHDRAWAL,REVERSED,2025-09-29 17:37:37
TXN00046763,ACC002013,MER0020,2025-07-14 04:09:25,83.86,GBP,WITHDRAWAL,DECLINED,2025-07-14 04:09:25
TXN00045090,ACC002067,MER0091,2025-07-04 11:24:58,47.04,usd,TRANSFER,REVERSED,2025-07-04 11:24:58
TXN00045047,ACC002411,MER0084,2025-09-11 23:19:39,42.19,usd,PURCHASE,REVERSED,2025-09-11 23:19:39
TXN00046804,ACC001920,MER0023,2025-09-24 19:42:40,21.95,usd,PURCHASE,POSTED,2025-09-24 19:42:40
TXN00045500,ACC003602,MER0016,2025-07-22 18:30:46,40.26,usd,DEPOSIT,PENDING,2025-07-22 18:30:46
TXN00041501,ACC001965,MER0044,2025-09-15 16:03:09,15.65,gbp,PURCHASE,PENDING,2025-09-15 16:03:09
TXN00040018,ACC000092,MER0112,2025-07-31 03:28:36,19.83,NGN,WITHDRAWAL,PENDING,2025-07-31 03:28:36
TXN00046797,ACC000375,MER0056,2025-07-26 13:43:24,74.71,gbp,TRANSFER,PENDING,2025-07-26 13:43:24
TXN00043699,ACC003816,MER0058,2025-09-12 05:13:08,29.75,usd,REFUND,DECLINED,2025-09-12 05:13:08
TXN00043897,ACC000496,MER0036,2025-07-19 18:37:05,55.05,gbp,TRANSFER,REVERSED,2025-07-19 18:37:05
TXN00046981,ACC002742,MER0043,2025-09-02 15:27:25,7.34,GBP,WITHDRAWAL,PENDING,2025-09-02 15:27:25
TXN00044638,ACC002141,MER0136,2025-09-16 16:57:48,48.98,gbp,purchase,posted,2025-09-16 16:57:48
TXN00043023,ACC001996,MER0150,2025-08-27 08:24:39,27.08,EUR,REFUND,DECLINED,2025-08-27 08:24:39
TXN00020082,ACC001819,MER0039,2024-07-07 01:33:08,228.0,JPY,purchase,POSTED,2025-09-05 14:24:54
TXN00047573,ACC000480,MER0117,2025-09-06 23:13:44,239.49,JPY,PURCHASE,posted,2025-09-06 23:13:44
TXN00044743,ACC002782,MER0041,2025-09-05 09:37:43,51.17,JPY,REFUND,posted,2025-09-05 09:37:43
TXN00046265,ACC000310,MER0133,2025-09-04 12:01:14,10.27,usd,PURCHASE,posted,2025-09-04 12:01:14
TXN00041953,ACC002721,MER0133,2025-07-01 15:20:12,4.35,USD,REFUND,DECLINED,2025-07-01 15:20:12
TXN00045579,ACC003841,MER0032,2025-08-05 19:03:31,35.38,CAD,DEPOSIT,POSTED,2025-08-05 19:03:31
TXN00045299,ACC001086,MER0036,2025-08-22 23:02:51,8.19,CAD,purchase,posted,2025-08-22 23:02:51
TXN00047011,ACC001787,MER0100,2025-07-28 03:17:57,25.15,CAD,purchase,DECLINED,2025-07-28 03:17:57
TXN00043796,ACC001972,MER0076,2025-07-14 12:12:35,12.58,GBP,purchase,PENDING,2025-07-14 12:12:35
TXN00043009,ACC002773,MER0083,2025-09-04 07:19:20,13.0,JPY,purchase,PENDING,2025-09-04 07:19:20
TXN00040251,ACC000570,MER0115,2025-08-12 04:44:05,25.17,gbp,WITHDRAWAL,POSTED,2025-08-12 04:44:05
TXN00043576,ACC000131,MER0083,2025-09-02 11:35:53,6.76,EUR,REFUND,REVERSED,2025-09-02 11:35:53
TXN00039867,ACC003721,MER0055,2024-02-20 22:37:41,25.56,INR,WITHDRAWAL,REVERSED,2025-09-14 18:04:33
TXN00040270,ACC002640,MER0078,2025-07-02 07:47:09,16.08,NGN,TRANSFER,posted,2025-07-02 07:47:09
TXN00019104,ACC002911,MER0149,2025-03-19 08:57:01,36.89,INR,TRANSFER,DECLINED,2025-09-29 13:53:45
TXN00046906,ACC003355,MER0078,2025-08-15 16:32:21,57.15,CAD,WITHDRAWAL,PENDING,2025-08-15 16:32:21
TXN00043845,ACC003171,MER0031,2025-09-21 22:28:41,15.93,NGN,TRANSFER,PENDING,2025-09-21 22:28:41
TXN00041650,ACC001119,MER0113,2025-09-15 04:19:54,25.58,gbp,REFUND,POSTED,2025-09-15 04:19:54
TXN00041781,ACC002268,MER0134,2025-07-25 19:30:03,37.59,EUR,purchase,PENDING,2025-07-25 19:30:03
TXN00043479,ACC002243,MER0105,2025-09-28 14:59:02,32.11,NGN,WITHDRAWAL,DECLINED,2025-09-28 14:59:02
TXN00043954,ACC000086,MER0050,2025-07-22 18:06:16,71.91,gbp,purchase,REVERSED,2025-07-22 18:06:16
TXN00041147,ACC001441,MER0092,2025-07-27 22:18:43,30.71,GBP,PURCHASE,POSTED,2025-07-27 22:18:43
TXN00047865,ACC000165,MER0141,2025-07-30 01:33:34,12.87,USD,purchase,PENDING,2025-07-30 01:33:34
TXN00045527,ACC003660,MER0082,2025-07-28 18:01:04,71.52,USD,REFUND,POSTED,2025-07-28 18:01:04
TXN00045900,ACC003340,MER0143,2025-07-23 03:52:51,7.14,CAD,WITHDRAWAL,PENDING,2025-07-23 03:52:51
TXN00044342,ACC002742,MER0104,2025-07-05 16:17:55,2.13,USD,PURCHASE,PENDING,2025-07-05 16:17:55
TXN00044199,ACC001972,MER0067,2025-09-08 05:14:37,67.35,gbp,WITHDRAWAL,DECLINED,2025-09-08 05:14:37
TXN00041252,ACC003460,MER0030,2025-09-28 00:58:50,155.38,gbp,PURCHASE,DECLINED,2025-09-28 00:58:50
TXN00047499,ACC003924,MER0131,2025-09-18 23:59:53,85.98,gbp,REFUND,POSTED,2025-09-18 23:59:53
TXN00041578,ACC003606,MER0091,2025-08-29 02:50:11,14.32,USD,WITHDRAWAL,PENDING,2025-08-29 02:50:11
TXN00041321,ACC003825,MER0080,2025-08-20 12:52:01,7.33,JPY,PURCHASE,REVERSED,2025-08-20 12:52:01
TXN00043939,ACC002901,MER0057,2025-08-22 21:11:43,53.68,NGN,purchase,DECLINED,2025-08-22 21:11:43
TXN00041509,ACC001972,MER0031,2025-08-14 00:36:41,14.9,INR,PURCHASE,POSTED,2025-08-14 00:36:41
TXN00041418,ACC001564,MER0044,2025-07-13 06:05:29,1.71,JPY,TRANSFER,POSTED,2025-07-13 06:05:29
TXN00044328,ACC002676,MER0084,2025-09-14 00:18:39,9.77,gbp,DEPOSIT,REVERSED,2025-09-14 00:18:39
TXN00046818,ACC003106,MER0088,2025-09-25 23:25:05,6.63,GBP,PURCHASE,DECLINED,2025-09-25 23:25:05
TXN00040996,ACC001556,MER0134,2025-07-03 11:51:04,23122.72,CAD,DEPOSIT,REVERSED,2025-07-03 11:51:04
TXN00043672,ACC002424,MER0093,2025-08-04 15:22:30,19.91,gbp,purchase,PENDING,2025-08-04 15:22:30
TXN00044405,ACC000951,MER0045,2025-08-17 02:15:24,131.62,INR,DEPOSIT,PENDING,2025-08-17 02:15:24
TXN00041431,ACC000620,MER0011,2025-07-07 21:33:16,25.21,CAD,purchase,POSTED,2025-07-07 21:33:16
TXN00042362,ACC000466,MER0075,2025-09-24 16:17:28,40.68,INR,purchase,POSTED,2025-09-24 16:17:28
TXN00042500,ACC000847,MER0105,2025-09-19 17:39:38,30.23,CAD,purchase,POSTED,2025-09-19 17:39:38
TXN00046854,ACC002565,MER0104,2025-08-17 05:17:36,177.31,GBP,purchase,PENDING,2025-08-17 05:17:36
TXN00043999,ACC003222,MER0070,2025-09-13 06:54:30,6.53,CAD,REFUND,PENDING,2025-09-13 06:54:30
TXN00043995,ACC001151,MER0011,2025-08-25 00:08:17,2.07,usd,purchase,PENDING,2025-08-25 00:08:17
TXN00041181,ACC003514,MER0083,2025-07-01 03:55:50,8.08,JPY,REFUND,posted,2025-07-01 03:55:50
TXN00041921,ACC003314,MER0122,2025-07-05 22:15:52,18.09,USD,TRANSFER,DECLINED,2025-07-05 22:15:52
TXN00046027,ACC000666,MER0123,2025-08-27 16:07:15,12.59,INR,TRANSFER,posted,2025-08-27 16:07:15
TXN00008465,ACC002599,MER0055,2024-12-14 23:39:08,36.73,CAD,TRANSFER,REVERSED,2025-07-04 19:50:29
TXN00045276,ACC000164,MER0048,2025-08-24 00:35:15,21.95,usd,TRANSFER,POSTED,2025-08-24 00:35:15
TXN00046438,ACC001566,MER0055,2025-08-31 05:05:00,12.54,USD,DEPOSIT,PENDING,2025-08-31 05:05:00
TXN00041319,ACC002337,MER0127,2025-09-06 15:00:34,80.45,JPY,DEPOSIT,DECLINED,2025-09-06 15:00:34
TXN00045745,ACC002828,MER0100,2025-08-06 17:51:19,32.57,EUR,purchase,DECLINED,2025-08-06 17:51:19
TXN00040989,ACC003943,MER0081,2025-08-15 22:58:01,1.62,INR,purchase,posted,2025-08-15 22:58:01
TXN00044051,ACC001189,MER0006,2025-08-29 01:57:32,71.26,EUR,DEPOSIT,POSTED,2025-08-29 01:57:32
TXN00046196,ACC001455,MER0088,2025-07-08 01:38:14,5.85,USD,WITHDRAWAL,posted,2025-07-08 01:38:14
TXN00045466,ACC001064,MER0067,2025-07-09 10:35:13,28.85,GBP,REFUND,DECLINED,2025-07-09 10:35:13
TXN00044745,ACC002003,MER0122,2025-07-14 18:17:22,81.87,CAD,REFUND,posted,2025-07-14 18:17:22
