account_id,customer_id,account_type,currency,opened_date,status,credit_limit,last_updated_at
ACC000001,CUST00001,CHECKING,INR,2024-12-31,closed,0,2024-12-31 15:23:13
ACC000002,CUST00002,checking,EUR,2024-09-25,ACTIVE,0,2024-09-25 00:29:04
ACC000003,CUST00003,credit,EUR,2024-12-26,FROZEN,0,2024-12-26 19:00:02
ACC000004,CUST00004,checking,gbp,2024-08-25,CLOSED,0,2024-08-25 18:14:56
ACC000005,CUST00004,CHECKING,EUR,2025-06-24,closed,0,2025-06-24 20:54:49
ACC000006,CUST00005,CHECKING,CAD,2025-05-31,active,0,2025-05-31 01:23:17
ACC000007,CUST00005,credit,NGN,2024-12-16,CLOSED,0,2024-12-16 02:44:25
ACC000008,CUST00005,savings,GBP,2025-06-27,active,0,2025-06-27 05:17:13
ACC000009,CUST00006,SAVINGS,usd,2024-04-04,ACTIVE,0,2024-04-04 20:37:02
ACC000010,CUST00006,SAVINGS,GBP,2024-03-15,ACTIVE,0,2024-03-15 05:40:45
ACC000011,CUST00007,checking,CAD,2024-12-23,CLOSED,0,2024-12-23 19:33:27
ACC000012,CUST00007,credit,gbp,2025-03-15,ACTIVE,0,2025-03-15 01:15:16
ACC000013,CUST00007,CREDIT,NGN,2025-03-20,CLOSED,0,2025-03-20 03:45:20
ACC000014,CUST00008,credit,EUR,2024-12-21,closed,25000,2024-12-21 12:32:15
ACC000015,CUST00008,CREDIT,usd,2025-06-23,CLOSED,0,2025-06-23 06:57:56
ACC000016,CUST00009,savings,CAD,2025-02-18,active,0,2025-02-18 01:15:13
ACC000017,CUST00010,savings,INR,2024-09-23,active,0,2024-09-23 00:40:14
ACC000018,CUST00010,checking,USD,2024-11-12,closed,0,2024-11-12 02:49:30
ACC000019,CUST00011,CREDIT,usd,2025-02-03,FROZEN,10000,2025-02-03 23:04:36
ACC000020,CUST00011,savings,GBP,2025-05-17,CLOSED,0,2025-05-17 21:48:22
ACC000021,CUST00012,savings,USD,2025-03-26,FROZEN,0,2025-03-26 11:03:53
ACC000022,CUST00012,credit,GBP,2024-08-24,ACTIVE,0,2024-08-24 07:17:16
ACC000023,CUST00013,credit,gbp,2025-04-29,active,1000,2025-04-29 07:52:21
ACC000024,CUST00014,SAVINGS,NGN,2025-03-06,CLOSED,0,2025-03-06 16:43:59
ACC000025,CUST00015,savings,usd,2024-12-24,closed,0,2024-12-24 23:31:47
ACC000026,CUST00015,SAVINGS,GBP,2024-10-01,closed,0,2024-10-01 20:14:44
ACC000027,CUST00016,checking,CAD,2025-01-12,closed,0,2025-01-12 21:32:31
ACC000028,CUST00016,CHECKING,gbp,2025-06-11,CLOSED,0,2025-06-11 03:10:43
ACC000029,CUST00017,CREDIT,INR,2024-08-21,CLOSED,0,2024-08-21 13:44:34
ACC000030,CUST00017,checking,GBP,2024-10-10,active,0,2024-10-10 01:04:36
ACC000031,CUST00017,credit,USD,2025-04-27,FROZEN,0,2025-04-27 09:09:50
ACC000032,CUST00018,CHECKING,EUR,2025-04-13,CLOSED,0,2025-04-13 13:44:45
ACC000033,CUST00018,credit,EUR,2025-02-14,ACTIVE,25000,2025-02-14 20:57:49
ACC000034,CUST00018,SAVINGS,INR,2024-10-09,active,0,2024-10-09 07:13:47
ACC000035,CUST00019,CREDIT,CAD,2024-10-16,closed,10000,2024-10-16 13:45:06
ACC000036,CUST00020,checking,NGN,2025-06-28,active,0,2025-06-28 07:15:18
ACC000037,CUST00020,CHECKING,GBP,2024-12-28,CLOSED,0,2024-12-28 14:25:05
ACC000038,CUST00021,credit,EUR,2025-04-21,CLOSED,5000,2025-04-21 18:38:08
ACC000039,CUST00021,CHECKING,INR,2025-06-29,CLOSED,0,2025-06-29 20:55:13
ACC000040,CUST00022,SAVINGS,USD,2025-04-27,ACTIVE,0,2025-04-27 20:48:11
ACC000041,CUST00022,CHECKING,usd,2024-12-21,CLOSED,0,2024-12-21 07:02:54
ACC000042,CUST00023,CREDIT,USD,2025-05-27,closed,0,2025-05-27 20:47:51
ACC000043,CUST00023,CREDIT,gbp,2025-05-09,ACTIVE,1000,2025-05-09 06:17:21
ACC000044,CUST00023,CREDIT,NGN,2025-06-21,CLOSED,0,2025-06-21 05:54:36
ACC000045,CUST00024,SAVINGS,EUR,2025-04-05,ACTIVE,0,2025-04-05 19:56:33
ACC000046,CUST00024,CHECKING,JPY,2025-01-11,active,0,2025-01-11 14:42:27
ACC000047,CUST00024,credit,NGN,2025-03-14,closed,0,2025-03-14 19:54:30
ACC000048,CUST00025,savings,usd,2025-05-16,closed,0,2025-05-16 20:46:30
ACC000049,CUST00025,CREDIT,usd,2025-06-07,active,10000,2025-06-07 01:59:59
ACC000050,CUST00025,checking,EUR,2024-12-07,ACTIVE,0,2024-12-07 13:33:29
ACC000051,CUST00026,SAVINGS,usd,2024-12-21,ACTIVE,0,2024-12-21 09:01:30
ACC000052,CUST00026,CREDIT,EUR,2024-04-18,ACTIVE,0,2024-04-18 01:18:14
ACC000053,CUST00026,SAVINGS,USD,2025-03-20,ACTIVE,0,2025-03-20 21:41:21
ACC000054,CUST00027,SAVINGS,CAD,2025-04-05,closed,0,2025-04-05 13:38:39
ACC000055,CUST00028,credit,GBP,2025-05-31,FROZEN,0,2025-05-31 07:07:26
ACC000056,CUST00029,SAVINGS,JPY,2025-06-25,CLOSED,0,2025-06-25 11:07:14
ACC000057,CUST00030,savings,CAD,2025-05-21,closed,0,2025-05-21 01:20:52
ACC000058,CUST00031,CREDIT,GBP,2025-06-19,ACTIVE,5000,2025-06-19 16:58:00
ACC000059,CUST00031,CHECKING,GBP,2025-06-30,ACTIVE,0,2025-06-30 16:01:08
ACC000060,CUST00032,SAVINGS,GBP,2025-02-10,active,0,2025-02-10 12:13:03
ACC000061,CUST00033,checking,CAD,2025-02-03,FROZEN,0,2025-02-03 09:40:16
ACC000062,CUST00033,credit,NGN,2024-08-22,ACTIVE,5000,2024-08-22 21:37:59
ACC000063,CUST00033,SAVINGS,gbp,2025-02-02,CLOSED,0,2025-02-02 12:57:37
ACC000064,CUST00034,savings,INR,2024-07-11,ACTIVE,0,2024-07-11 20:29:37
ACC000065,CUST00034,credit,EUR,2024-09-20,closed,1000,2024-09-20 10:14:50
ACC000066,CUST00034,CHECKING,gbp,2024-08-12,active,0,2024-08-12 06:24:56
ACC000067,CUST00035,CREDIT,JPY,2025-01-23,closed,10000,2025-01-23 01:14:04
ACC000068,CUST00035,savings,EUR,2024-08-14,FROZEN,0,2024-08-14 09:59:04
ACC000069,CUST00035,savings,USD,2025-03-11,closed,0,2025-03-11 19:23:44
ACC000070,CUST00036,SAVINGS,usd,2025-02-28,closed,0,2025-02-28 01:17:26
ACC000071,CUST00037,CREDIT,usd,2025-05-22,FROZEN,1000,2025-05-22 15:08:55
ACC000072,CUST00038,SAVINGS,CAD,2025-01-09,FROZEN,0,2025-01-09 13:17:57
ACC000073,CUST00038,checking,gbp,2025-01-31,ACTIVE,0,2025-01-31 19:53:27
ACC000074,CUST00038,savings,GBP,2025-01-13,CLOSED,0,2025-01-13 00:55:51
ACC000075,CUST00039,CHECKING,EUR,2025-04-22,closed,0,2025-04-22 23:36:21
ACC000076,CUST00040,SAVINGS,INR,2025-06-02,ACTIVE,0,2025-06-02 00:21:45
ACC000077,CUST00040,SAVINGS,gbp,2025-01-18,closed,0,2025-01-18 10:15:56
ACC000078,CUST00040,CREDIT,USD,2024-10-10,active,0,2024-10-10 06:24:21
ACC000079,CUST00041,savings,EUR,2025-06-28,FROZEN,0,2025-06-28 14:06:55
ACC000080,CUST00041,credit,JPY,2025-05-05,closed,10000,2025-05-05 01:15:24
ACC000081,CUST00042,savings,EUR,2025-04-22,FROZEN,0,2025-04-22 04:29:27
ACC000082,CUST00042,credit,EUR,2025-02-04,active,5000,2025-02-04 20:15:41
ACC000083,CUST00042,savings,gbp,2025-03-02,ACTIVE,0,2025-03-02 16:53:27
ACC000084,CUST00043,SAVINGS,GBP,2025-02-18,closed,0,2025-02-18 05:42:54
ACC000085,CUST00043,credit,EUR,2024-11-24,CLOSED,1000,2024-11-24 10:18:51
ACC000086,CUST00043,savings,JPY,2024-10-30,FROZEN,0,2024-10-30 11:31:56
ACC000087,CUST00044,CREDIT,GBP,2025-03-26,FROZEN,10000,2025-03-26 01:31:47
ACC000088,CUST00044,CHECKING,gbp,2025-05-05,CLOSED,0,2025-05-05 10:16:29
ACC000089,CUST00045,credit,usd,2024-05-23,active,0,2024-05-23 00:20:32
ACC000090,CUST00045,checking,USD,2024-05-25,ACTIVE,0,2024-05-25 17:27:25
ACC000091,CUST00046,CREDIT,USD,2025-03-16,CLOSED,1000,2025-03-16 00:19:23
ACC000092,CUST00046,credit,INR,2025-06-10,CLOSED,0,2025-06-10 13:15:47
ACC000093,CUST00046,credit,JPY,2025-06-13,ACTIVE,10000,2025-06-13 00:15:17
ACC000094,CUST00047,CREDIT,USD,2024-02-27,CLOSED,0,2024-02-27 19:07:10
ACC000095,CUST00047,credit,GBP,2025-04-07,closed,0,2025-04-07 00:32:11
ACC000096,CUST00048,CHECKING,INR,2025-03-05,active,0,2025-03-05 14:05:45
ACC000097,CUST00048,CREDIT,EUR,2025-03-30,ACTIVE,0,2025-03-30 23:00:08
ACC000098,CUST00048,checking,JPY,2024-12-01,FROZEN,0,2024-12-01 13:09:45
ACC000099,CUST00049,savings,NGN,2025-03-12,active,0,2025-03-12 08:06:51
ACC000100,CUST00050,SAVINGS,GBP,2024-08-25,closed,0,2024-08-25 23:24:46
ACC000101,CUST00050,CHECKING,gbp,2025-06-08,FROZEN,0,2025-06-08 09:49:00
ACC000102,CUST00051,SAVINGS,GBP,2024-09-24,ACTIVE,0,2024-09-24 00:04:34
ACC000103,CUST00051,CREDIT,GBP,2025-06-13,FROZEN,1000,2025-06-13 05:58:54
ACC000104,CUST00052,CHECKING,INR,2025-05-30,closed,0,2025-05-30 05:04:43
ACC000105,CUST00052,CHECKING,CAD,2025-05-19,ACTIVE,0,2025-05-19 14:58:23
ACC000106,CUST00052,SAVINGS,gbp,2025-05-08,FROZEN,0,2025-05-08 18:48:32
ACC000107,CUST00053,SAVINGS,EUR,2024-02-19,CLOSED,0,2024-02-19 00:05:06
ACC000108,CUST00054,CHECKING,NGN,2024-07-27,CLOSED,0,2024-07-27 10:36:57
ACC000109,CUST00054,CHECKING,JPY,2024-10-08,closed,0,2024-10-08 17:14:51
ACC000110,CUST00055,CHECKING,INR,2025-04-02,ACTIVE,0,2025-04-02 18:05:22
ACC000111,CUST00056,checking,INR,2024-08-27,CLOSED,0,2024-08-27 06:50:59
ACC000112,CUST00057,SAVINGS,NGN,2024-09-27,active,0,2024-09-27 11:04:33
ACC000113,CUST00057,SAVINGS,usd,2025-03-30,CLOSED,0,2025-03-30 15:43:52
ACC000114,CUST00058,checking,EUR,2025-01-20,FROZEN,0,2025-01-20 06:12:09
ACC000115,CUST00058,CHECKING,CAD,2025-01-16,active,0,2025-01-16 01:36:13
ACC000116,CUST00058,checking,gbp,2024-05-09,ACTIVE,0,2024-05-09 22:57:25
ACC000117,CUST00059,savings,CAD,2024-12-24,ACTIVE,0,2024-12-24 10:52:14
ACC000118,CUST00060,checking,INR,2025-03-25,FROZEN,0,2025-03-25 17:28:44
ACC000119,CUST00061,savings,JPY,2025-05-02,CLOSED,0,2025-05-02 18:26:47
ACC000120,CUST00062,checking,CAD,2025-04-07,CLOSED,0,2025-04-07 09:57:14
ACC000121,CUST00062,credit,NGN,2025-01-14,active,10000,2025-01-14 21:39:39
ACC000122,CUST00062,CHECKING,USD,2024-08-15,active,0,2024-08-15 14:47:01
ACC000123,CUST00063,CREDIT,GBP,2025-02-25,ACTIVE,0,2025-02-25 19:43:04
ACC000124,CUST00064,savings,USD,2024-12-08,CLOSED,0,2024-12-08 17:58:13
ACC000125,CUST00064,SAVINGS,gbp,2025-03-25,CLOSED,0,2025-03-25 23:26:47
ACC000126,CUST00064,savings,GBP,2024-05-21,closed,0,2024-05-21 04:03:11
ACC000127,CUST00065,CREDIT,GBP,2025-05-03,FROZEN,0,2025-05-03 05:05:21
ACC000128,CUST00066,credit,NGN,2025-01-24,active,0,2025-01-24 08:17:03
ACC000129,CUST00067,CHECKING,JPY,2025-05-23,closed,0,2025-05-23 08:41:34
ACC000130,CUST00067,checking,EUR,2024-10-31,active,0,2024-10-31 08:47:48
ACC000131,CUST00068,savings,USD,2024-10-10,FROZEN,0,2024-10-10 09:05:10
ACC000132,CUST00069,savings,USD,2024-07-15,closed,0,2024-07-15 13:32:08
ACC000133,CUST00070,CHECKING,NGN,2024-07-17,CLOSED,0,2024-07-17 07:34:46
ACC000134,CUST00071,credit,GBP,2025-03-27,active,10000,2025-03-27 12:08:29
ACC000135,CUST00071,savings,INR,2025-04-02,ACTIVE,0,2025-04-02 06:42:08
ACC000136,CUST00071,savings,USD,2025-05-06,FROZEN,0,2025-05-06 00:08:13
ACC000137,CUST00072,SAVINGS,gbp,2025-03-09,FROZEN,0,2025-03-09 13:33:19
ACC000138,CUST00073,checking,CAD,2025-03-01,ACTIVE,0,2025-03-01 17:28:04
ACC000139,CUST00073,CHECKING,USD,2024-08-30,ACTIVE,0,2024-08-30 04:05:45
ACC000140,CUST00073,checking,gbp,2024-12-16,CLOSED,0,2024-12-16 19:47:48
ACC000141,CUST00074,savings,EUR,2025-01-06,FROZEN,0,2025-01-06 03:10:01
ACC000142,CUST00074,SAVINGS,CAD,2025-06-06,FROZEN,0,2025-06-06 19:07:14
ACC000143,CUST00075,credit,JPY,2025-03-17,active,0,2025-03-17 19:31:37
ACC000144,CUST00076,credit,CAD,2025-01-30,closed,25000,2025-01-30 01:29:16
ACC000145,CUST00076,CREDIT,GBP,2025-06-09,FROZEN,0,2025-06-09 18:42:12
ACC000146,CUST00077,savings,usd,2025-05-24,ACTIVE,0,2025-05-24 22:19:27
ACC000147,CUST00078,CHECKING,USD,2025-06-30,closed,0,2025-06-30 11:01:11
ACC000148,CUST00079,checking,INR,2024-09-24,ACTIVE,0,2024-09-24 21:56:22
ACC000149,CUST00079,CREDIT,CAD,2024-06-27,FROZEN,5000,2024-06-27 03:51:24
ACC000150,CUST00079,checking,JPY,2025-05-03,active,0,2025-05-03 07:42:03
ACC000151,CUST00080,checking,NGN,2024-04-28,closed,0,2024-04-28 06:57:36
ACC000152,CUST00081,CREDIT,CAD,2024-10-17,CLOSED,0,2024-10-17 01:42:29
ACC000153,CUST00081,credit,NGN,2025-03-12,ACTIVE,0,2025-03-12 14:45:50
ACC000154,CUST00081,savings,JPY,2025-01-14,closed,0,2025-01-14 12:12:51
ACC000155,CUST00082,CREDIT,EUR,2024-06-08,FROZEN,0,2024-06-08 15:53:46
ACC000156,CUST00083,CHECKING,GBP,2025-05-05,CLOSED,0,2025-05-05 21:07:52
ACC000157,CUST00084,checking,INR,2024-07-27,closed,0,2024-07-27 05:49:53
ACC000158,CUST00084,CREDIT,NGN,2025-03-24,CLOSED,25000,2025-03-24 09:04:58
ACC000159,CUST00085,checking,EUR,2024-11-17,ACTIVE,0,2024-11-17 10:30:33
ACC000160,CUST00085,CREDIT,USD,2024-10-05,closed,0,2024-10-05 03:20:11
ACC000161,CUST00085,CREDIT,JPY,2025-01-27,FROZEN,10000,2025-01-27 21:01:03
ACC000162,CUST00086,SAVINGS,gbp,2025-04-03,closed,0,2025-04-03 18:50:30
ACC000163,CUST00086,checking,GBP,2025-03-15,ACTIVE,0,2025-03-15 03:03:43
ACC000164,CUST00087,SAVINGS,USD,2024-11-19,active,0,2024-11-19 00:40:57
ACC000165,CUST00087,checking,gbp,2024-12-19,ACTIVE,0,2024-12-19 17:45:23
ACC000166,CUST00087,checking,JPY,2024-11-27,ACTIVE,0,2024-11-27 09:50:48
ACC000167,CUST00088,credit,CAD,2025-04-16,FROZEN,5000,2025-04-16 22:34:46
ACC000168,CUST00089,CREDIT,EUR,2025-06-17,CLOSED,0,2025-06-17 23:41:23
ACC000169,CUST00090,SAVINGS,USD,2024-11-07,ACTIVE,0,2024-11-07 12:37:25
ACC000170,CUST00090,SAVINGS,GBP,2025-05-31,FROZEN,0,2025-05-31 23:36:03
ACC000171,CUST00090,SAVINGS,USD,2024-09-22,closed,0,2024-09-22 15:17:30
ACC000172,CUST00091,CHECKING,NGN,2025-05-31,FROZEN,0,2025-05-31 06:11:39
ACC000173,CUST00091,credit,JPY,2025-06-08,active,5000,2025-06-08 14:26:29
ACC000174,CUST00091,checking,CAD,2025-05-03,FROZEN,0,2025-05-03 20:43:51
ACC000175,CUST00092,credit,NGN,2025-04-26,active,25000,2025-04-26 21:29:58
ACC000176,CUST00093,credit,NGN,2025-03-13,FROZEN,10000,2025-03-13 23:54:29
ACC000177,CUST00093,savings,usd,2025-02-25,CLOSED,0,2025-02-25 19:17:14
ACC000178,CUST00094,checking,EUR,2025-05-05,active,0,2025-05-05 09:49:34
ACC000179,CUST00095,credit,gbp,2025-05-31,ACTIVE,0,2025-05-31 11:57:45
ACC000180,CUST00095,checking,EUR,2025-03-22,CLOSED,0,2025-03-22 10:54:10
ACC000181,CUST00095,CHECKING,EUR,2025-02-02,ACTIVE,0,2025-02-02 22:52:13
ACC000182,CUST00096,savings,NGN,2024-11-24,ACTIVE,0,2024-11-24 05:55:53
ACC000183,CUST00096,CREDIT,USD,2025-05-29,closed,0,2025-05-29 07:01:47
ACC000184,CUST00097,savings,USD,2025-01-03,ACTIVE,0,2025-01-03 18:03:05
ACC000185,CUST00098,credit,EUR,2025-06-30,active,0,2025-06-30 11:49:48
ACC000186,CUST00099,checking,USD,2025-03-24,ACTIVE,0,2025-03-24 23:22:10
ACC000187,CUST00100,credit,CAD,2025-03-06,ACTIVE,25000,2025-03-06 15:15:22
ACC000188,CUST00101,savings,INR,2024-11-10,active,0,2024-11-10 01:43:06
ACC000189,CUST00102,savings,EUR,2024-10-29,active,0,2024-10-29 20:11:34
ACC000190,CUST00102,CREDIT,gbp,2024-07-14,closed,10000,2024-07-14 16:47:50
ACC000191,CUST00103,CHECKING,usd,2024-07-17,closed,0,2024-07-17 05:40:19
ACC000192,CUST00104,CREDIT,NGN,2024-12-26,active,25000,2024-12-26 19:59:06
ACC000193,CUST00104,checking,USD,2024-11-17,active,0,2024-11-17 11:16:54
ACC000194,CUST00105,checking,CAD,2025-04-04,FROZEN,0,2025-04-04 16:01:49
ACC000195,CUST00105,credit,usd,2025-02-01,CLOSED,1000,2025-02-01 17:23:42
ACC000196,CUST00106,checking,usd,2024-06-16,FROZEN,0,2024-06-16 13:04:38
ACC000197,CUST00107,CREDIT,usd,2025-01-09,FROZEN,0,2025-01-09 19:32:12
ACC000198,CUST00107,CHECKING,USD,2025-06-23,closed,0,2025-06-23 06:58:52
ACC000199,CUST00108,savings,JPY,2025-01-23,FROZEN,0,2025-01-23 13:51:21
ACC000200,CUST00109,credit,EUR,2024-11-12,FROZEN,1000,2024-11-12 10:26:55
ACC000201,CUST00109,SAVINGS,CAD,2025-05-03,ACTIVE,0,2025-05-03 15:10:08
ACC000202,CUST00109,savings,CAD,2024-12-17,FROZEN,0,2024-12-17 06:46:20
ACC000203,CUST00110,CHECKING,EUR,2025-03-15,active,0,2025-03-15 19:54:27
ACC000204,CUST00110,checking,NGN,2025-05-02,CLOSED,0,2025-05-02 04:30:04
ACC000205,CUST00110,CHECKING,usd,2025-06-01,closed,0,2025-06-01 21:39:17
ACC000206,CUST00111,SAVINGS,EUR,2025-04-28,ACTIVE,0,2025-04-28 05:24:25
ACC000207,CUST00111,checking,EUR,2024-11-22,CLOSED,0,2024-11-22 11:04:33
ACC000208,CUST00112,savings,NGN,2025-03-14,CLOSED,0,2025-03-14 00:07:09
ACC000209,CUST00112,savings,CAD,2025-05-25,active,0,2025-05-25 15:34:31
ACC000210,CUST00113,savings,NGN,2024-11-12,closed,0,2024-11-12 12:01:47
ACC000211,CUST00113,CREDIT,INR,2025-02-18,closed,5000,2025-02-18 01:19:45
ACC000212,CUST00113,checking,NGN,2025-03-05,ACTIVE,0,2025-03-05 05:51:47
ACC000213,CUST00114,CREDIT,GBP,2025-05-15,ACTIVE,5000,2025-05-15 21:55:13
ACC000214,CUST00114,SAVINGS,USD,2025-04-09,active,0,2025-04-09 16:04:44
ACC000215,CUST00114,SAVINGS,JPY,2025-02-26,CLOSED,0,2025-02-26 07:56:47
ACC000216,CUST00115,CHECKING,CAD,2024-12-05,FROZEN,0,2024-12-05 18:43:52
ACC000217,CUST00116,savings,EUR,2025-03-12,closed,0,2025-03-12 10:46:40
ACC000218,CUST00117,checking,GBP,2025-02-20,ACTIVE,0,2025-02-20 04:14:22
ACC000219,CUST00117,CHECKING,EUR,2025-01-10,CLOSED,0,2025-01-10 12:24:04
ACC000220,CUST00118,credit,CAD,2024-02-05,ACTIVE,1000,2024-02-05 11:08:29
ACC000221,CUST00118,credit,usd,2024-04-07,CLOSED,5000,2024-04-07 08:09:59
ACC000222,CUST00118,checking,USD,2025-04-21,active,0,2025-04-21 07:34:35
ACC000223,CUST00119,CHECKING,GBP,2024-10-12,ACTIVE,0,2024-10-12 20:48:06
ACC000224,CUST00119,CREDIT,NGN,2024-08-23,active,25000,2024-08-23 20:18:02
ACC000225,CUST00120,credit,JPY,2024-12-19,FROZEN,0,2024-12-19 10:31:28
ACC000226,CUST00121,credit,INR,2025-04-01,ACTIVE,0,2025-04-01 21:50:01
ACC000227,CUST00121,CHECKING,EUR,2025-03-08,ACTIVE,0,2025-03-08 16:26:26
ACC000228,CUST00122,CREDIT,EUR,2024-06-01,closed,25000,2024-06-01 22:44:36
ACC000229,CUST00122,CHECKING,NGN,2024-09-09,CLOSED,0,2024-09-09 13:07:05
ACC000230,CUST00122,CREDIT,gbp,2025-04-25,closed,10000,2025-04-25 20:42:02
ACC000231,CUST00123,credit,NGN,2024-09-14,active,0,2024-09-14 16:53:11
ACC000232,CUST00123,CHECKING,JPY,2024-08-19,CLOSED,0,2024-08-19 03:14:01
ACC000233,CUST00123,credit,NGN,2024-04-27,closed,0,2024-04-27 04:39:17
ACC000234,CUST00124,savings,EUR,2024-08-23,closed,0,2024-08-23 00:42:40
ACC000235,CUST00125,credit,INR,2024-04-08,FROZEN,1000,2024-04-08 23:17:04
ACC000236,CUST00125,credit,NGN,2025-06-29,active,1000,2025-06-29 23:12:32
ACC000237,CUST00125,SAVINGS,NGN,2024-03-22,active,0,2024-03-22 11:09:12
ACC000238,CUST00126,CHECKING,usd,2025-01-09,FROZEN,0,2025-01-09 01:11:05
ACC000239,CUST00126,SAVINGS,USD,2025-04-15,active,0,2025-04-15 03:04:11
ACC000240,CUST00127,CREDIT,usd,2025-01-25,active,0,2025-01-25 05:02:12
ACC000241,CUST00127,SAVINGS,GBP,2024-11-27,closed,0,2024-11-27 06:18:47
ACC000242,CUST00128,CHECKING,GBP,2025-06-25,FROZEN,0,2025-06-25 23:06:29
ACC000243,CUST00129,CREDIT,INR,2025-04-18,ACTIVE,0,2025-04-18 19:51:31
ACC000244,CUST00130,CHECKING,gbp,2024-12-28,ACTIVE,0,2024-12-28 08:12:06
ACC000245,CUST00131,SAVINGS,NGN,2025-04-05,closed,0,2025-04-05 22:09:36
ACC000246,CUST00131,SAVINGS,NGN,2024-09-01,FROZEN,0,2024-09-01 16:26:52
ACC000247,CUST00132,SAVINGS,NGN,2024-07-24,closed,0,2024-07-24 15:17:30
ACC000248,CUST00133,checking,USD,2025-02-13,closed,0,2025-02-13 01:15:35
ACC000249,CUST00134,CREDIT,USD,2025-05-08,FROZEN,25000,2025-05-08 05:31:28
ACC000250,CUST00134,checking,INR,2025-01-05,ACTIVE,0,2025-01-05 14:42:26
ACC000251,CUST00135,credit,GBP,2024-05-31,active,0,2024-05-31 11:04:03
ACC000252,CUST00135,CREDIT,JPY,2024-07-23,FROZEN,5000,2024-07-23 02:08:02
ACC000253,CUST00135,checking,CAD,2025-03-02,FROZEN,0,2025-03-02 13:38:08
ACC000254,CUST00136,savings,USD,2025-05-30,CLOSED,0,2025-05-30 06:20:14
ACC000255,CUST00136,checking,usd,2024-08-04,active,0,2024-08-04 17:20:42
ACC000256,CUST00137,savings,usd,2025-06-24,ACTIVE,0,2025-06-24 14:50:49
ACC000257,CUST00137,SAVINGS,JPY,2024-06-12,ACTIVE,0,2024-06-12 18:40:35
ACC000258,CUST00137,CHECKING,INR,2025-03-16,FROZEN,0,2025-03-16 12:23:55
ACC000259,CUST00138,checking,usd,2025-03-16,FROZEN,0,2025-03-16 19:16:04
ACC000260,CUST00139,SAVINGS,usd,2025-03-03,ACTIVE,0,2025-03-03 13:13:56
ACC000261,CUST00139,credit,INR,2025-01-26,FROZEN,25000,2025-01-26 19:04:06
ACC000262,CUST00139,SAVINGS,INR,2025-03-24,active,0,2025-03-24 21:33:21
ACC000263,CUST00140,savings,USD,2025-03-05,FROZEN,0,2025-03-05 20:58:47
ACC000264,CUST00141,savings,EUR,2024-12-29,CLOSED,0,2024-12-29 17:01:27
ACC000265,CUST00141,CREDIT,CAD,2024-12-16,FROZEN,25000,2024-12-16 10:11:32
ACC000266,CUST00142,CREDIT,gbp,2025-05-25,ACTIVE,1000,2025-05-25 11:14:57
ACC000267,CUST00143,CHECKING,GBP,2025-06-28,closed,0,2025-06-28 01:16:24
ACC000268,CUST00143,checking,usd,2024-10-24,FROZEN,0,2024-10-24 02:02:01
ACC000269,CUST00143,checking,NGN,2025-03-15,ACTIVE,0,2025-03-15 22:54:43
ACC000270,CUST00144,savings,usd,2025-03-18,FROZEN,0,2025-03-18 13:00:04
ACC000271,CUST00145,credit,INR,2025-03-21,ACTIVE,5000,2025-03-21 22:37:52
ACC000272,CUST00145,checking,usd,2024-10-24,CLOSED,0,2024-10-24 07:55:26
ACC000273,CUST00146,savings,CAD,2024-06-10,ACTIVE,0,2024-06-10 22:24:32
ACC000274,CUST00146,SAVINGS,INR,2024-09-10,active,0,2024-09-10 10:37:06
ACC000275,CUST00147,CHECKING,gbp,2025-05-14,CLOSED,0,2025-05-14 22:41:13
ACC000276,CUST00147,CREDIT,INR,2024-11-25,active,0,2024-11-25 20:49:02
ACC000277,CUST00147,SAVINGS,USD,2025-02-01,closed,0,2025-02-01 21:41:09
ACC000278,CUST00148,SAVINGS,NGN,2025-01-28,CLOSED,0,2025-01-28 02:48:22
ACC000279,CUST00148,CHECKING,GBP,2025-02-26,ACTIVE,0,2025-02-26 10:36:47
ACC000280,CUST00149,SAVINGS,gbp,2024-12-02,active,0,2024-12-02 05:54:12
ACC000281,CUST00149,checking,usd,2024-07-23,FROZEN,0,2024-07-23 11:07:38
ACC000282,CUST00149,CHECKING,gbp,2024-11-25,CLOSED,0,2024-11-25 07:30:42
ACC000283,CUST00150,checking,gbp,2025-05-04,active,0,2025-05-04 19:17:05
ACC000284,CUST00150,CHECKING,NGN,2024-11-02,FROZEN,0,2024-11-02 20:54:51
ACC000285,CUST00151,checking,CAD,2025-01-28,CLOSED,0,2025-01-28 21:33:40
ACC000286,CUST00151,savings,JPY,2025-06-01,active,0,2025-06-01 01:04:21
ACC000287,CUST00152,SAVINGS,NGN,2025-02-11,ACTIVE,0,2025-02-11 15:07:18
ACC000288,CUST00152,CREDIT,usd,2025-03-31,closed,0,2025-03-31 20:02:44
ACC000289,CUST00152,checking,CAD,2025-04-22,FROZEN,0,2025-04-22 10:18:42
ACC000290,CUST00153,savings,EUR,2024-10-30,CLOSED,0,2024-10-30 10:49:12
ACC000291,CUST00154,credit,gbp,2024-08-24,closed,1000,2024-08-24 05:47:08
ACC000292,CUST00154,savings,EUR,2024-05-30,CLOSED,0,2024-05-30 20:32:31
ACC000293,CUST00155,CHECKING,USD,2025-06-03,active,0,2025-06-03 07:25:56
ACC000294,CUST00155,savings,JPY,2025-03-19,active,0,2025-03-19 10:32:41
ACC000295,CUST00155,savings,GBP,2025-06-07,FROZEN,0,2025-06-07 16:35:56
ACC000296,CUST00156,checking,USD,2025-06-29,FROZEN,0,2025-06-29 20:47:45
ACC000297,CUST00157,SAVINGS,gbp,2025-02-21,closed,0,2025-02-21 03:27:24
ACC000298,CUST00157,credit,INR,2025-03-14,CLOSED,1000,2025-03-14 05:21:19
ACC000299,CUST00158,SAVINGS,JPY,2024-12-28,CLOSED,0,2024-12-28 14:21:06
ACC000300,CUST00158,SAVINGS,usd,2025-03-05,active,0,2025-03-05 04:17:46
ACC000301,CUST00159,SAVINGS,EUR,2024-12-07,closed,0,2024-12-07 17:38:57
ACC000302,CUST00159,checking,JPY,2025-04-16,CLOSED,0,2025-04-16 01:35:13
ACC000303,CUST00160,credit,NGN,2025-01-09,FROZEN,10000,2025-01-09 16:39:10
ACC000304,CUST00160,CREDIT,usd,2025-06-20,ACTIVE,25000,2025-06-20 15:58:39
ACC000305,CUST00161,credit,NGN,2024-06-06,ACTIVE,0,2024-06-06 14:58:20
ACC000306,CUST00162,CREDIT,INR,2025-06-09,closed,0,2025-06-09 12:57:13
ACC000307,CUST00162,CHECKING,gbp,2025-05-07,CLOSED,0,2025-05-07 10:58:45
ACC000308,CUST00163,savings,JPY,2024-08-27,CLOSED,0,2024-08-27 02:46:21
ACC000309,CUST00164,savings,usd,2024-09-07,FROZEN,0,2024-09-07 22:45:12
ACC000310,CUST00165,credit,NGN,2025-01-25,ACTIVE,10000,2025-01-25 08:49:50
ACC000311,CUST00165,checking,JPY,2025-01-10,FROZEN,0,2025-01-10 11:55:59
ACC000312,CUST00166,SAVINGS,NGN,2024-09-08,active,0,2024-09-08 10:37:12
ACC000313,CUST00166,savings,USD,2024-02-19,ACTIVE,0,2024-02-19 05:30:08
ACC000314,CUST00167,SAVINGS,JPY,2024-09-21,closed,0,2024-09-21 13:33:42
ACC000315,CUST00168,checking,NGN,2024-11-14,active,0,2024-11-14 06:31:45
ACC000316,CUST00168,savings,GBP,2025-05-04,closed,0,2025-05-04 15:44:11
ACC000317,CUST00169,CHECKING,NGN,2025-03-16,active,0,2025-03-16 08:59:36
ACC000318,CUST00169,credit,EUR,2025-06-30,CLOSED,1000,2025-06-30 09:52:57
ACC000319,CUST00169,SAVINGS,JPY,2025-06-23,active,0,2025-06-23 13:44:38
ACC000320,CUST00170,CHECKING,EUR,2024-11-04,closed,0,2024-11-04 16:47:30
ACC000321,CUST00170,credit,NGN,2024-09-21,FROZEN,5000,2024-09-21 23:18:49
ACC000322,CUST00171,SAVINGS,GBP,2024-09-23,ACTIVE,0,2024-09-23 18:28:58
ACC000323,CUST00171,CHECKING,NGN,2024-08-29,ACTIVE,0,2024-08-29 05:17:47
ACC000324,CUST00171,CREDIT,USD,2025-03-25,closed,0,2025-03-25 05:43:05
ACC000325,CUST00172,CHECKING,NGN,2025-01-20,ACTIVE,0,2025-01-20 03:23:41
ACC000326,CUST00172,credit,INR,2025-04-07,FROZEN,0,2025-04-07 07:06:24
ACC000327,CUST00172,checking,GBP,2024-09-03,FROZEN,0,2024-09-03 10:49:12
ACC000328,CUST00173,checking,NGN,2025-04-06,FROZEN,0,2025-04-06 20:54:01
ACC000329,CUST00174,SAVINGS,usd,2024-09-01,active,0,2024-09-01 02:20:03
ACC000330,CUST00174,CHECKING,usd,2025-04-12,ACTIVE,0,2025-04-12 16:08:46
ACC000331,CUST00174,CREDIT,usd,2025-02-06,active,0,2025-02-06 07:22:49
ACC000332,CUST00175,checking,usd,2025-02-17,ACTIVE,0,2025-02-17 17:58:02
ACC000333,CUST00175,SAVINGS,GBP,2025-05-18,CLOSED,0,2025-05-18 22:41:51
ACC000334,CUST00176,CHECKING,NGN,2025-06-14,ACTIVE,0,2025-06-14 16:47:46
ACC000335,CUST00177,CHECKING,GBP,2025-05-07,CLOSED,0,2025-05-07 23:47:09
ACC000336,CUST00177,SAVINGS,INR,2025-01-30,active,0,2025-01-30 17:37:27
ACC000337,CUST00178,CHECKING,EUR,2024-09-05,closed,0,2024-09-05 01:11:47
ACC000338,CUST00179,CHECKING,usd,2025-04-27,FROZEN,0,2025-04-27 19:12:59
ACC000339,CUST00179,savings,JPY,2025-03-08,ACTIVE,0,2025-03-08 08:07:45
ACC000340,CUST00179,CREDIT,gbp,2025-01-30,ACTIVE,10000,2025-01-30 18:08:34
ACC000341,CUST00180,CREDIT,JPY,2024-06-11,closed,0,2024-06-11 22:56:58
ACC000342,CUST00181,SAVINGS,usd,2025-02-11,active,0,2025-02-11 00:03:41
ACC000343,CUST00182,checking,GBP,2024-12-01,ACTIVE,0,2024-12-01 09:46:59
ACC000344,CUST00183,checking,gbp,2025-05-06,FROZEN,0,2025-05-06 14:11:42
ACC000345,CUST00183,checking,usd,2025-02-14,FROZEN,0,2025-02-14 00:36:11
ACC000346,CUST00183,CREDIT,gbp,2025-05-12,CLOSED,10000,2025-05-12 23:49:02
ACC000347,CUST00184,savings,JPY,2025-03-29,CLOSED,0,2025-03-29 02:24:49
ACC000348,CUST00184,SAVINGS,EUR,2024-08-05,active,0,2024-08-05 22:47:30
ACC000349,CUST00184,savings,usd,2024-10-13,closed,0,2024-10-13 07:45:44
ACC000350,CUST00185,checking,GBP,2025-03-10,CLOSED,0,2025-03-10 00:11:02
ACC000351,CUST00185,savings,NGN,2025-04-26,closed,0,2025-04-26 08:14:55
ACC000352,CUST00185,SAVINGS,usd,2025-02-22,closed,0,2025-02-22 12:11:04
ACC000353,CUST00186,checking,CAD,2025-03-17,FROZEN,0,2025-03-17 08:44:36
ACC000354,CUST00186,credit,usd,2025-06-16,CLOSED,25000,2025-06-16 08:29:32
ACC000355,CUST00187,CREDIT,NGN,2024-10-21,FROZEN,0,2024-10-21 02:39:57
ACC000356,CUST00188,savings,USD,2025-03-07,ACTIVE,0,2025-03-07 14:28:41
ACC000357,CUST00188,SAVINGS,NGN,2024-10-24,active,0,2024-10-24 17:39:28
ACC000358,CUST00188,checking,usd,2025-03-11,active,0,2025-03-11 20:50:28
ACC000359,CUST00189,SAVINGS,EUR,2025-04-29,FROZEN,0,2025-04-29 08:07:30
ACC000360,CUST00189,CHECKING,CAD,2025-01-22,ACTIVE,0,2025-01-22 11:57:08
ACC000361,CUST00189,checking,INR,2025-04-12,closed,0,2025-04-12 17:17:05
ACC000362,CUST00190,checking,JPY,2025-06-18,ACTIVE,0,2025-06-18 00:54:03
ACC000363,CUST00190,SAVINGS,GBP,2024-11-30,closed,0,2024-11-30 17:58:03
ACC000364,CUST00191,CREDIT,usd,2024-12-21,closed,0,2024-12-21 23:17:08
ACC000365,CUST00192,credit,NGN,2025-02-22,FROZEN,25000,2025-02-22 13:59:32
ACC000366,CUST00192,checking,GBP,2024-12-05,ACTIVE,0,2024-12-05 15:29:44
ACC000367,CUST00192,savings,USD,2025-04-19,FROZEN,0,2025-04-19 15:36:07
ACC000368,CUST00193,CHECKING,INR,2024-09-15,active,0,2024-09-15 07:34:28
ACC000369,CUST00193,SAVINGS,NGN,2025-03-21,active,0,2025-03-21 13:44:24
ACC000370,CUST00194,SAVINGS,USD,2024-12-24,closed,0,2024-12-24 03:07:09
ACC000371,CUST00194,CHECKING,INR,2025-06-29,FROZEN,0,2025-06-29 20:12:10
ACC000372,CUST00194,savings,USD,2025-01-14,closed,0,2025-01-14 10:46:29
ACC000373,CUST00195,SAVINGS,USD,2025-02-05,ACTIVE,0,2025-02-05 14:18:48
ACC000374,CUST00195,CHECKING,NGN,2025-04-30,FROZEN,0,2025-04-30 05:51:42
ACC000375,CUST00195,SAVINGS,CAD,2025-03-23,CLOSED,0,2025-03-23 08:04:17
ACC000376,CUST00196,SAVINGS,INR,2025-04-24,closed,0,2025-04-24 02:29:30
ACC000377,CUST00197,SAVINGS,INR,2025-01-18,CLOSED,0,2025-01-18 18:04:40
ACC000378,CUST00198,SAVINGS,usd,2025-02-03,ACTIVE,0,2025-02-03 13:49:31
ACC000379,CUST00198,CHECKING,USD,2025-02-23,active,0,2025-02-23 11:58:57
ACC000380,CUST00198,SAVINGS,NGN,2025-01-31,active,0,2025-01-31 09:58:04
ACC000381,CUST00199,checking,CAD,2024-11-22,closed,0,2024-11-22 04:22:31
ACC000382,CUST00200,SAVINGS,USD,2024-11-13,ACTIVE,0,2024-11-13 09:15:05
ACC000383,CUST00201,CHECKING,gbp,2025-03-02,FROZEN,0,2025-03-02 02:05:40
ACC000384,CUST00202,savings,gbp,2025-05-17,active,0,2025-05-17 23:37:29
ACC000385,CUST00202,CREDIT,usd,2025-02-14,active,1000,2025-02-14 18:01:25
ACC000386,CUST00202,checking,NGN,2025-03-22,CLOSED,0,2025-03-22 00:11:53
ACC000387,CUST00203,CREDIT,GBP,2024-10-31,closed,5000,2024-10-31 12:36:06
ACC000388,CUST00203,credit,gbp,2025-03-18,FROZEN,1000,2025-03-18 14:36:02
ACC000389,CUST00203,savings,GBP,2025-06-24,ACTIVE,0,2025-06-24 20:09:05
ACC000390,CUST00204,SAVINGS,usd,2025-05-17,FROZEN,0,2025-05-17 18:45:36
ACC000391,CUST00204,checking,GBP,2025-04-07,ACTIVE,0,2025-04-07 10:52:10
ACC000392,CUST00205,CHECKING,GBP,2025-05-18,ACTIVE,0,2025-05-18 04:07:10
ACC000393,CUST00206,savings,NGN,2025-01-26,active,0,2025-01-26 22:31:42
ACC000394,CUST00206,CHECKING,CAD,2025-05-12,active,0,2025-05-12 09:11:10
ACC000395,CUST00206,CREDIT,CAD,2025-06-21,FROZEN,5000,2025-06-21 08:04:27
ACC000396,CUST00207,credit,JPY,2025-04-16,ACTIVE,0,2025-04-16 07:47:29
ACC000397,CUST00207,checking,CAD,2024-12-11,CLOSED,0,2024-12-11 12:15:06
ACC000398,CUST00207,CREDIT,GBP,2025-04-15,CLOSED,5000,2025-04-15 16:58:15
ACC000399,CUST00208,SAVINGS,NGN,2024-03-21,active,0,2024-03-21 07:31:46
ACC000400,CUST00209,CREDIT,usd,2024-10-22,active,10000,2024-10-22 06:48:55
ACC000401,CUST00209,CHECKING,usd,2024-12-21,active,0,2024-12-21 00:24:13
ACC000402,CUST00209,savings,EUR,2024-07-01,FROZEN,0,2024-07-01 10:36:38
ACC000403,CUST00210,credit,INR,2025-06-12,FROZEN,5000,2025-06-12 22:52:56
ACC000404,CUST00211,CREDIT,CAD,2024-05-06,CLOSED,0,2024-05-06 21:45:36
ACC000405,CUST00211,checking,NGN,2024-07-18,closed,0,2024-07-18 17:11:50
ACC000406,CUST00212,SAVINGS,USD,2025-05-03,CLOSED,0,2025-05-03 06:13:16
ACC000407,CUST00212,SAVINGS,usd,2025-01-31,ACTIVE,0,2025-01-31 20:42:44
ACC000408,CUST00213,credit,GBP,2025-04-13,FROZEN,1000,2025-04-13 13:22:06
ACC000409,CUST00213,savings,EUR,2025-01-28,closed,0,2025-01-28 13:47:54
ACC000410,CUST00213,CREDIT,INR,2025-03-03,closed,5000,2025-03-03 03:48:50
ACC000411,CUST00214,credit,GBP,2024-12-05,ACTIVE,0,2024-12-05 09:40:25
ACC000412,CUST00214,CHECKING,USD,2025-01-17,ACTIVE,0,2025-01-17 06:37:54
ACC000413,CUST00215,checking,usd,2024-10-10,closed,0,2024-10-10 08:57:39
ACC000414,CUST00215,SAVINGS,GBP,2024-08-07,closed,0,2024-08-07 05:41:11
ACC000415,CUST00215,credit,NGN,2025-03-27,CLOSED,1000,2025-03-27 15:55:37
ACC000416,CUST00216,credit,gbp,2024-10-10,CLOSED,25000,2024-10-10 09:30:26
ACC000417,CUST00217,checking,CAD,2024-09-11,FROZEN,0,2024-09-11 20:12:49
ACC000418,CUST00218,SAVINGS,USD,2025-04-08,ACTIVE,0,2025-04-08 14:02:37
ACC000419,CUST00218,CREDIT,INR,2024-10-30,FROZEN,10000,2024-10-30 21:03:34
ACC000420,CUST00218,checking,EUR,2025-05-14,FROZEN,0,2025-05-14 04:01:39
ACC000421,CUST00219,checking,EUR,2024-09-17,FROZEN,0,2024-09-17 23:21:50
ACC000422,CUST00219,checking,USD,2025-02-14,CLOSED,0,2025-02-14 18:55:25
ACC000423,CUST00219,SAVINGS,USD,2025-02-04,active,0,2025-02-04 04:31:38
ACC000424,CUST00220,CHECKING,EUR,2025-06-10,ACTIVE,0,2025-06-10 05:54:55
ACC000425,CUST00220,SAVINGS,INR,2025-02-18,closed,0,2025-02-18 16:31:45
ACC000426,CUST00221,checking,INR,2025-02-22,ACTIVE,0,2025-02-22 15:21:15
ACC000427,CUST00222,CHECKING,gbp,2025-06-15,active,0,2025-06-15 00:56:51
ACC000428,CUST00223,checking,EUR,2025-04-27,ACTIVE,0,2025-04-27 16:49:57
ACC000429,CUST00223,SAVINGS,CAD,2025-02-08,CLOSED,0,2025-02-08 09:59:55
ACC000430,CUST00223,credit,JPY,2025-04-25,FROZEN,0,2025-04-25 06:38:59
ACC000431,CUST00224,SAVINGS,CAD,2024-12-24,CLOSED,0,2024-12-24 22:26:46
ACC000432,CUST00224,SAVINGS,gbp,2024-06-24,FROZEN,0,2024-06-24 06:23:53
ACC000433,CUST00224,CREDIT,INR,2025-05-31,ACTIVE,25000,2025-05-31 04:11:35
ACC000434,CUST00225,credit,USD,2025-04-23,active,10000,2025-04-23 08:37:10
ACC000435,CUST00225,checking,EUR,2025-01-28,FROZEN,0,2025-01-28 16:53:58
ACC000436,CUST00226,checking,NGN,2024-10-22,FROZEN,0,2024-10-22 00:03:08
ACC000437,CUST00226,credit,GBP,2024-12-29,CLOSED,0,2024-12-29 02:55:31
ACC000438,CUST00227,SAVINGS,JPY,2024-12-29,CLOSED,0,2024-12-29 21:59:45
ACC000439,CUST00227,checking,gbp,2025-06-10,FROZEN,0,2025-06-10 15:07:41
ACC000440,CUST00227,savings,NGN,2025-03-26,FROZEN,0,2025-03-26 14:58:02
ACC000441,CUST00228,CHECKING,JPY,2024-12-24,FROZEN,0,2024-12-24 00:15:57
ACC000442,CUST00228,CHECKING,NGN,2025-06-05,CLOSED,0,2025-06-05 19:40:41
ACC000443,CUST00229,SAVINGS,gbp,2025-05-21,ACTIVE,0,2025-05-21 18:52:25
ACC000444,CUST00229,savings,EUR,2024-07-21,CLOSED,0,2024-07-21 05:41:12
ACC000445,CUST00229,checking,JPY,2025-04-08,FROZEN,0,2025-04-08 10:39:46
ACC000446,CUST00230,credit,gbp,2025-04-16,CLOSED,0,2025-04-16 09:07:29
ACC000447,CUST00230,CHECKING,gbp,2025-02-22,ACTIVE,0,2025-02-22 23:23:19
ACC000448,CUST00230,CHECKING,GBP,2025-03-27,FROZEN,0,2025-03-27 03:07:56
ACC000449,CUST00231,CHECKING,INR,2024-11-27,FROZEN,0,2024-11-27 22:30:17
ACC000450,CUST00231,savings,CAD,2024-10-12,ACTIVE,0,2024-10-12 23:26:40
ACC000451,CUST00231,SAVINGS,EUR,2024-10-30,FROZEN,0,2024-10-30 09:07:14
ACC000452,CUST00232,credit,JPY,2025-05-28,active,25000,2025-05-28 11:27:28
ACC000453,CUST00232,credit,EUR,2025-03-08,active,0,2025-03-08 16:48:18
ACC000454,CUST00233,CHECKING,gbp,2025-06-06,active,0,2025-06-06 06:41:26
ACC000455,CUST00233,savings,CAD,2024-11-03,active,0,2024-11-03 11:32:08
ACC000456,CUST00234,savings,NGN,2025-05-04,CLOSED,0,2025-05-04 16:50:35
ACC000457,CUST00234,CHECKING,gbp,2025-06-25,FROZEN,0,2025-06-25 13:42:15
ACC000458,CUST00234,SAVINGS,EUR,2025-04-26,closed,0,2025-04-26 22:24:08
ACC000459,CUST00235,SAVINGS,EUR,2025-03-10,active,0,2025-03-10 16:01:22
ACC000460,CUST00235,checking,NGN,2024-09-25,closed,0,2024-09-25 02:21:34
ACC000461,CUST00236,SAVINGS,usd,2025-03-09,FROZEN,0,2025-03-09 22:06:13
ACC000462,CUST00237,savings,JPY,2025-04-25,active,0,2025-04-25 00:21:21
ACC000463,CUST00237,savings,usd,2025-01-17,active,0,2025-01-17 00:15:23
ACC000464,CUST00237,savings,CAD,2025-03-16,closed,0,2025-03-16 12:00:04
ACC000465,CUST00238,savings,CAD,2025-05-01,CLOSED,0,2025-05-01 10:20:44
ACC000466,CUST00238,savings,NGN,2025-05-22,CLOSED,0,2025-05-22 14:17:33
ACC000467,CUST00238,CREDIT,NGN,2025-02-26,ACTIVE,0,2025-02-26 08:57:54
ACC000468,CUST00239,SAVINGS,GBP,2025-06-22,closed,0,2025-06-22 11:04:46
ACC000469,CUST00240,checking,JPY,2024-12-31,closed,0,2024-12-31 19:17:45
ACC000470,CUST00240,CHECKING,NGN,2024-10-30,active,0,2024-10-30 20:18:48
ACC000471,CUST00240,credit,INR,2025-01-23,closed,0,2025-01-23 23:23:08
ACC000472,CUST00241,CHECKING,USD,2024-03-08,FROZEN,0,2024-03-08 05:05:14
ACC000473,CUST00241,CHECKING,CAD,2025-06-13,closed,0,2025-06-13 18:38:24
ACC000474,CUST00242,SAVINGS,INR,2025-05-17,FROZEN,0,2025-05-17 05:02:14
ACC000475,CUST00243,credit,JPY,2025-03-21,ACTIVE,5000,2025-03-21 13:57:50
ACC000476,CUST00244,CREDIT,JPY,2024-11-02,CLOSED,0,2024-11-02 06:40:42
ACC000477,CUST00244,checking,EUR,2024-09-09,FROZEN,0,2024-09-09 22:43:53
ACC000478,CUST00244,credit,INR,2025-01-23,closed,0,2025-01-23 11:25:30
ACC000479,CUST00245,CHECKING,usd,2024-06-20,ACTIVE,0,2024-06-20 21:19:00
ACC000480,CUST00245,CREDIT,JPY,2024-05-14,ACTIVE,0,2024-05-14 20:32:18
ACC000481,CUST00245,checking,usd,2024-07-27,CLOSED,0,2024-07-27 00:15:19
ACC000482,CUST00246,CREDIT,NGN,2025-04-27,ACTIVE,1000,2025-04-27 09:34:23
ACC000483,CUST00247,savings,INR,2024-10-10,active,0,2024-10-10 11:29:31
ACC000484,CUST00248,SAVINGS,INR,2025-03-02,closed,0,2025-03-02 15:35:07
ACC000485,CUST00249,checking,USD,2024-12-27,active,0,2024-12-27 21:49:42
ACC000486,CUST00250,checking,JPY,2024-10-15,closed,0,2024-10-15 22:38:08
ACC000487,CUST00251,savings,gbp,2025-03-11,FROZEN,0,2025-03-11 22:07:04
ACC000488,CUST00252,CREDIT,CAD,2024-06-24,FROZEN,1000,2024-06-24 16:30:07
ACC000489,CUST00252,savings,usd,2025-02-05,CLOSED,0,2025-02-05 20:17:44
ACC000490,CUST00252,savings,EUR,2025-02-25,ACTIVE,0,2025-02-25 19:30:48
ACC000491,CUST00253,CHECKING,NGN,2025-04-02,ACTIVE,0,2025-04-02 18:09:28
ACC000492,CUST00253,SAVINGS,USD,2025-04-26,closed,0,2025-04-26 17:30:12
ACC000493,CUST00254,SAVINGS,EUR,2024-04-27,CLOSED,0,2024-04-27 02:42:51
ACC000494,CUST00254,SAVINGS,USD,2025-03-16,active,0,2025-03-16 00:15:59
ACC000495,CUST00255,CREDIT,CAD,2025-02-25,closed,0,2025-02-25 20:34:32
ACC000496,CUST00255,CREDIT,EUR,2024-12-02,active,0,2024-12-02 09:45:54
ACC000497,CUST00256,SAVINGS,INR,2025-04-29,active,0,2025-04-29 09:50:06
ACC000498,CUST00256,credit,NGN,2024-09-20,ACTIVE,0,2024-09-20 04:38:10
ACC000499,CUST00257,savings,INR,2025-04-18,closed,0,2025-04-18 22:24:48
ACC000500,CUST00257,checking,JPY,2025-05-22,closed,0,2025-05-22 23:01:52
ACC000501,CUST00257,checking,CAD,2025-03-06,closed,0,2025-03-06 08:04:50
ACC000502,CUST00258,CREDIT,NGN,2025-01-20,ACTIVE,5000,2025-01-20 08:57:54
ACC000503,CUST00258,CHECKING,EUR,2024-05-29,active,0,2024-05-29 21:32:23
ACC000504,CUST00258,credit,INR,2024-07-08,CLOSED,0,2024-07-08 23:38:39
ACC000505,CUST00259,credit,GBP,2025-04-14,ACTIVE,25000,2025-04-14 23:01:45
ACC000506,CUST00259,credit,NGN,2025-04-03,ACTIVE,1000,2025-04-03 18:53:21
ACC000507,CUST00260,SAVINGS,usd,2025-04-11,ACTIVE,0,2025-04-11 15:21:18
ACC000508,CUST00261,savings,CAD,2024-05-13,closed,0,2024-05-13 14:36:47
ACC000509,CUST00261,checking,CAD,2024-04-09,ACTIVE,0,2024-04-09 21:09:50
ACC000510,CUST00261,savings,EUR,2025-03-02,closed,0,2025-03-02 03:28:00
ACC000511,CUST00262,checking,gbp,2024-09-01,CLOSED,0,2024-09-01 13:39:35
ACC000512,CUST00262,credit,GBP,2024-12-02,active,0,2024-12-02 21:56:02
ACC000513,CUST00262,checking,NGN,2025-03-31,closed,0,2025-03-31 05:22:32
ACC000514,CUST00263,CREDIT,usd,2024-10-23,active,0,2024-10-23 09:44:55
ACC000515,CUST00264,CHECKING,CAD,2024-10-23,CLOSED,0,2024-10-23 14:08:17
ACC000516,CUST00265,CHECKING,CAD,2025-05-17,active,0,2025-05-17 06:30:09
ACC000517,CUST00265,CREDIT,GBP,2025-06-23,active,1000,2025-06-23 10:02:22
ACC000518,CUST00265,savings,JPY,2025-05-26,FROZEN,0,2025-05-26 12:14:03
ACC000519,CUST00266,checking,usd,2025-05-18,CLOSED,0,2025-05-18 22:52:21
ACC000520,CUST00266,credit,usd,2025-02-06,closed,1000,2025-02-06 01:23:47
ACC000521,CUST00267,CREDIT,usd,2024-12-04,ACTIVE,0,2024-12-04 09:31:08
ACC000522,CUST00268,CHECKING,JPY,2024-12-11,FROZEN,0,2024-12-11 13:06:03
ACC000523,CUST00268,checking,gbp,2024-09-21,FROZEN,0,2024-09-21 18:06:40
ACC000524,CUST00269,CHECKING,EUR,2024-11-12,FROZEN,0,2024-11-12 23:50:11
ACC000525,CUST00269,CREDIT,GBP,2024-04-07,closed,5000,2024-04-07 01:56:47
ACC000526,CUST00270,SAVINGS,NGN,2025-04-13,closed,0,2025-04-13 09:33:06
ACC000527,CUST00270,CREDIT,usd,2024-05-03,closed,10000,2024-05-03 23:59:56
ACC000528,CUST00270,SAVINGS,USD,2025-03-21,ACTIVE,0,2025-03-21 19:40:45
ACC000529,CUST00271,SAVINGS,GBP,2024-12-03,FROZEN,0,2024-12-03 15:47:08
ACC000530,CUST00271,CHECKING,EUR,2025-06-02,active,0,2025-06-02 21:01:16
ACC000531,CUST00272,credit,GBP,2024-12-11,CLOSED,0,2024-12-11 00:21:36
ACC000532,CUST00272,CREDIT,USD,2024-05-25,FROZEN,5000,2024-05-25 15:10:34
ACC000533,CUST00272,savings,usd,2024-05-23,closed,0,2024-05-23 23:07:10
ACC000534,CUST00273,SAVINGS,USD,2024-04-30,ACTIVE,0,2024-04-30 13:23:40
ACC000535,CUST00273,savings,JPY,2024-02-17,active,0,2024-02-17 15:38:01
ACC000536,CUST00274,savings,INR,2025-01-10,FROZEN,0,2025-01-10 00:38:17
ACC000537,CUST00274,checking,USD,2025-06-26,ACTIVE,0,2025-06-26 12:29:52
ACC000538,CUST00274,checking,JPY,2024-09-06,closed,0,2024-09-06 05:38:07
ACC000539,CUST00275,CREDIT,USD,2024-05-05,CLOSED,1000,2024-05-05 01:18:45
ACC000540,CUST00275,credit,NGN,2025-02-08,CLOSED,0,2025-02-08 00:02:09
ACC000541,CUST00276,CHECKING,INR,2024-06-27,ACTIVE,0,2024-06-27 00:13:37
ACC000542,CUST00276,SAVINGS,GBP,2024-12-22,FROZEN,0,2024-12-22 14:35:11
ACC000543,CUST00276,CHECKING,GBP,2025-02-14,active,0,2025-02-14 01:24:45
ACC000544,CUST00277,checking,NGN,2024-12-21,closed,0,2024-12-21 21:40:10
ACC000545,CUST00278,CHECKING,GBP,2024-09-25,ACTIVE,0,2024-09-25 18:41:52
ACC000546,CUST00278,CHECKING,EUR,2024-10-07,CLOSED,0,2024-10-07 18:04:21
ACC000547,CUST00278,SAVINGS,USD,2024-11-17,FROZEN,0,2024-11-17 03:15:11
ACC000548,CUST00279,credit,gbp,2025-05-20,active,0,2025-05-20 21:50:54
ACC000549,CUST00279,savings,INR,2025-05-23,ACTIVE,0,2025-05-23 18:58:02
ACC000550,CUST00280,CHECKING,gbp,2025-01-26,closed,0,2025-01-26 21:55:54
ACC000551,CUST00280,savings,CAD,2025-02-20,active,0,2025-02-20 23:22:53
ACC000552,CUST00280,credit,CAD,2025-04-08,closed,0,2025-04-08 03:03:17
ACC000553,CUST00281,checking,JPY,2025-06-07,FROZEN,0,2025-06-07 22:12:04
ACC000554,CUST00281,credit,JPY,2025-04-03,ACTIVE,5000,2025-04-03 21:59:25
ACC000555,CUST00282,savings,INR,2024-12-20,FROZEN,0,2024-12-20 14:52:35
ACC000556,CUST00283,checking,JPY,2024-07-12,active,0,2024-07-12 02:32:20
ACC000557,CUST00284,checking,usd,2025-03-10,FROZEN,0,2025-03-10 12:01:37
ACC000558,CUST00284,CHECKING,GBP,2024-04-25,CLOSED,0,2024-04-25 06:20:57
ACC000559,CUST00285,savings,usd,2025-05-09,ACTIVE,0,2025-05-09 18:47:07
ACC000560,CUST00285,CHECKING,gbp,2025-01-26,FROZEN,0,2025-01-26 18:09:17
ACC000561,CUST00285,savings,gbp,2025-03-02,ACTIVE,0,2025-03-02 10:47:44
ACC000562,CUST00286,CREDIT,INR,2025-03-16,ACTIVE,1000,2025-03-16 04:39:54
ACC000563,CUST00287,savings,USD,2025-05-02,active,0,2025-05-02 16:39:38
ACC000564,CUST00287,savings,EUR,2025-03-28,CLOSED,0,2025-03-28 22:46:18
ACC000565,CUST00288,credit,USD,2024-04-05,closed,0,2024-04-05 14:11:25
ACC000566,CUST00288,CHECKING,CAD,2024-11-21,FROZEN,0,2024-11-21 03:32:47
ACC000567,CUST00288,checking,USD,2025-05-29,FROZEN,0,2025-05-29 00:16:02
ACC000568,CUST00289,savings,NGN,2025-05-11,ACTIVE,0,2025-05-11 18:10:07
ACC000569,CUST00289,CREDIT,gbp,2024-04-08,closed,1000,2024-04-08 19:49:32
ACC000570,CUST00289,savings,JPY,2025-01-09,FROZEN,0,2025-01-09 00:18:48
ACC000571,CUST00290,savings,GBP,2025-04-26,active,0,2025-04-26 01:53:24
ACC000572,CUST00291,credit,usd,2024-11-29,active,0,2024-11-29 00:18:53
ACC000573,CUST00292,SAVINGS,NGN,2024-12-28,ACTIVE,0,2024-12-28 18:34:34
ACC000574,CUST00292,SAVINGS,gbp,2024-12-12,FROZEN,0,2024-12-12 00:45:40
ACC000575,CUST00292,CHECKING,gbp,2024-05-22,closed,0,2024-05-22 14:01:04
ACC000576,CUST00293,SAVINGS,EUR,2025-04-08,CLOSED,0,2025-04-08 15:50:16
ACC000577,CUST00293,CHECKING,INR,2025-06-02,ACTIVE,0,2025-06-02 16:54:10
ACC000578,CUST00293,CHECKING,CAD,2025-06-04,CLOSED,0,2025-06-04 03:31:52
ACC000579,CUST00294,checking,NGN,2025-06-11,ACTIVE,0,2025-06-11 03:57:59
ACC000580,CUST00294,CHECKING,gbp,2025-06-20,closed,0,2025-06-20 01:59:12
ACC000581,CUST00294,SAVINGS,usd,2025-06-09,CLOSED,0,2025-06-09 03:52:00
ACC000582,CUST00295,SAVINGS,gbp,2024-12-29,CLOSED,0,2024-12-29 04:47:56
ACC000583,CUST00296,credit,EUR,2025-03-16,closed,0,2025-03-16 03:50:56
ACC000584,CUST00297,checking,usd,2024-10-17,ACTIVE,0,2024-10-17 06:06:57
ACC000585,CUST00297,credit,INR,2024-12-08,closed,5000,2024-12-08 13:23:08
ACC000586,CUST00297,CHECKING,JPY,2025-01-29,active,0,2025-01-29 05:46:16
ACC000587,CUST00298,SAVINGS,gbp,2025-04-05,ACTIVE,0,2025-04-05 12:05:04
ACC000588,CUST00299,CREDIT,USD,2025-02-12,closed,10000,2025-02-12 10:38:33
ACC000589,CUST00299,SAVINGS,usd,2024-11-12,ACTIVE,0,2024-11-12 07:03:59
ACC000590,CUST00299,savings,usd,2025-06-11,closed,0,2025-06-11 18:00:29
ACC000591,CUST00300,checking,CAD,2025-03-05,closed,0,2025-03-05 00:24:03
ACC000592,CUST00301,savings,usd,2025-05-30,CLOSED,0,2025-05-30 11:31:53
ACC000593,CUST00301,checking,USD,2024-12-26,FROZEN,0,2024-12-26 22:32:16
ACC000594,CUST00302,SAVINGS,CAD,2025-06-01,CLOSED,0,2025-06-01 01:06:45
ACC000595,CUST00302,credit,INR,2025-06-22,FROZEN,0,2025-06-22 06:09:03
ACC000596,CUST00302,CHECKING,EUR,2025-04-29,FROZEN,0,2025-04-29 18:20:25
ACC000597,CUST00303,checking,USD,2024-09-25,ACTIVE,0,2024-09-25 22:15:31
ACC000598,CUST00304,SAVINGS,JPY,2025-02-03,closed,0,2025-02-03 01:33:59
ACC000599,CUST00304,CREDIT,CAD,2025-05-25,active,10000,2025-05-25 03:13:17
ACC000600,CUST00304,CREDIT,EUR,2025-03-07,CLOSED,0,2025-03-07 13:31:15
ACC000601,CUST00305,CHECKING,GBP,2024-09-09,closed,0,2024-09-09 11:09:36
ACC000602,CUST00305,CREDIT,JPY,2025-02-21,CLOSED,10000,2025-02-21 12:55:18
ACC000603,CUST00305,credit,JPY,2025-03-07,ACTIVE,0,2025-03-07 07:32:24
ACC000604,CUST00306,credit,JPY,2025-04-29,CLOSED,5000,2025-04-29 17:12:48
ACC000605,CUST00306,SAVINGS,GBP,2025-03-30,closed,0,2025-03-30 13:02:40
ACC000606,CUST00306,checking,CAD,2025-03-25,active,0,2025-03-25 21:46:59
ACC000607,CUST00307,savings,CAD,2024-07-29,ACTIVE,0,2024-07-29 08:06:52
ACC000608,CUST00307,savings,NGN,2024-08-06,FROZEN,0,2024-08-06 05:25:55
ACC000609,CUST00308,CREDIT,usd,2025-01-20,FROZEN,5000,2025-01-20 16:44:03
ACC000610,CUST00309,CREDIT,INR,2025-06-21,CLOSED,0,2025-06-21 00:38:49
ACC000611,CUST00309,CREDIT,EUR,2025-03-14,closed,25000,2025-03-14 05:32:57
ACC000612,CUST00309,savings,EUR,2025-03-20,closed,0,2025-03-20 03:02:34
ACC000613,CUST00310,SAVINGS,CAD,2024-12-22,ACTIVE,0,2024-12-22 19:55:39
ACC000614,CUST00310,savings,NGN,2024-07-16,closed,0,2024-07-16 07:22:52
ACC000615,CUST00311,savings,GBP,2025-06-02,active,0,2025-06-02 20:24:33
ACC000616,CUST00312,checking,usd,2024-10-22,CLOSED,0,2024-10-22 00:35:04
ACC000617,CUST00312,CREDIT,INR,2025-01-26,ACTIVE,10000,2025-01-26 06:50:36
ACC000618,CUST00313,savings,USD,2024-03-07,active,0,2024-03-07 11:12:59
ACC000619,CUST00314,CREDIT,JPY,2024-12-17,CLOSED,25000,2024-12-17 09:51:00
ACC000620,CUST00315,checking,NGN,2025-01-26,closed,0,2025-01-26 05:53:38
ACC000621,CUST00315,credit,usd,2024-10-30,FROZEN,0,2024-10-30 12:40:22
ACC000622,CUST00316,CREDIT,usd,2025-05-15,ACTIVE,5000,2025-05-15 16:58:28
ACC000623,CUST00316,credit,INR,2024-10-26,CLOSED,0,2024-10-26 15:25:24
ACC000624,CUST00317,credit,NGN,2025-03-25,FROZEN,25000,2025-03-25 08:01:00
ACC000625,CUST00317,credit,EUR,2025-04-15,closed,0,2025-04-15 13:54:04
ACC000626,CUST00317,CHECKING,EUR,2025-05-10,ACTIVE,0,2025-05-10 15:25:09
ACC000627,CUST00318,SAVINGS,INR,2025-04-30,CLOSED,0,2025-04-30 07:36:38
ACC000628,CUST00318,savings,EUR,2025-01-14,closed,0,2025-01-14 10:41:17
ACC000629,CUST00318,CREDIT,usd,2025-06-19,active,0,2025-06-19 14:29:50
ACC000630,CUST00319,SAVINGS,USD,2025-03-31,closed,0,2025-03-31 03:39:24
ACC000631,CUST00319,CREDIT,JPY,2025-04-19,CLOSED,5000,2025-04-19 02:12:38
ACC000632,CUST00320,savings,CAD,2025-02-10,active,0,2025-02-10 08:42:53
ACC000633,CUST00320,CHECKING,GBP,2024-12-02,CLOSED,0,2024-12-02 14:41:19
ACC000634,CUST00321,CREDIT,CAD,2025-03-07,ACTIVE,5000,2025-03-07 00:46:04
ACC000635,CUST00321,SAVINGS,EUR,2025-03-20,ACTIVE,0,2025-03-20 10:44:52
ACC000636,CUST00321,SAVINGS,INR,2025-03-08,CLOSED,0,2025-03-08 21:26:46
ACC000637,CUST00322,SAVINGS,gbp,2024-07-09,closed,0,2024-07-09 12:22:04
ACC000638,CUST00323,credit,EUR,2025-03-28,ACTIVE,0,2025-03-28 23:40:54
ACC000639,CUST00324,CREDIT,EUR,2025-06-13,ACTIVE,25000,2025-06-13 21:04:21
ACC000640,CUST00325,CREDIT,GBP,2024-06-07,ACTIVE,5000,2024-06-07 20:54:04
ACC000641,CUST00325,CHECKING,CAD,2025-05-22,active,0,2025-05-22 07:48:00
ACC000642,CUST00325,CREDIT,INR,2024-12-12,closed,1000,2024-12-12 21:49:55
ACC000643,CUST00326,savings,gbp,2025-05-21,ACTIVE,0,2025-05-21 17:50:01
ACC000644,CUST00327,CHECKING,INR,2025-03-31,CLOSED,0,2025-03-31 07:24:00
ACC000645,CUST00327,SAVINGS,usd,2025-01-07,active,0,2025-01-07 13:28:29
ACC000646,CUST00327,credit,usd,2024-10-16,FROZEN,10000,2024-10-16 03:22:18
ACC000647,CUST00328,credit,CAD,2025-01-06,active,0,2025-01-06 09:18:27
ACC000648,CUST00329,SAVINGS,INR,2025-03-31,closed,0,2025-03-31 02:47:04
ACC000649,CUST00329,CHECKING,CAD,2025-06-04,ACTIVE,0,2025-06-04 12:07:36
ACC000650,CUST00329,CHECKING,JPY,2025-04-19,FROZEN,0,2025-04-19 03:41:10
ACC000651,CUST00330,credit,USD,2025-06-24,ACTIVE,25000,2025-06-24 13:02:53
ACC000652,CUST00331,CREDIT,GBP,2024-12-07,active,1000,2024-12-07 03:45:51
ACC000653,CUST00332,checking,INR,2025-02-07,active,0,2025-02-07 13:47:35
ACC000654,CUST00332,savings,gbp,2025-05-20,active,0,2025-05-20 21:16:52
ACC000655,CUST00333,CHECKING,JPY,2025-06-05,active,0,2025-06-05 06:15:19
ACC000656,CUST00334,CHECKING,INR,2025-06-02,closed,0,2025-06-02 16:08:40
ACC000657,CUST00335,credit,USD,2025-01-22,CLOSED,0,2025-01-22 23:47:55
ACC000658,CUST00335,CREDIT,GBP,2025-02-13,FROZEN,1000,2025-02-13 04:01:32
ACC000659,CUST00335,CREDIT,EUR,2025-05-10,FROZEN,10000,2025-05-10 01:22:45
ACC000660,CUST00336,credit,INR,2024-10-16,CLOSED,1000,2024-10-16 21:26:07
ACC000661,CUST00337,CREDIT,gbp,2024-12-19,ACTIVE,1000,2024-12-19 09:20:45
ACC000662,CUST00337,CHECKING,gbp,2024-09-03,CLOSED,0,2024-09-03 01:09:39
ACC000663,CUST00337,SAVINGS,GBP,2025-02-27,CLOSED,0,2025-02-27 07:54:26
ACC000664,CUST00338,savings,CAD,2024-10-17,ACTIVE,0,2024-10-17 10:15:04
ACC000665,CUST00339,credit,INR,2025-05-17,CLOSED,0,2025-05-17 14:27:40
ACC000666,CUST00339,credit,USD,2025-05-23,FROZEN,0,2025-05-23 00:08:43
ACC000667,CUST00340,checking,NGN,2024-12-30,ACTIVE,0,2024-12-30 02:07:31
ACC000668,CUST00340,SAVINGS,gbp,2025-01-20,FROZEN,0,2025-01-20 08:37:04
ACC000669,CUST00341,savings,NGN,2025-04-24,CLOSED,0,2025-04-24 23:54:39
ACC000670,CUST00341,CHECKING,gbp,2025-03-05,CLOSED,0,2025-03-05 05:53:39
ACC000671,CUST00342,SAVINGS,USD,2024-09-21,FROZEN,0,2024-09-21 01:29:24
ACC000672,CUST00342,savings,GBP,2025-03-17,closed,0,2025-03-17 16:32:46
ACC000673,CUST00342,CREDIT,usd,2024-08-11,closed,0,2024-08-11 08:26:24
ACC000674,CUST00343,checking,JPY,2025-02-23,ACTIVE,0,2025-02-23 00:26:22
ACC000675,CUST00343,credit,NGN,2025-06-23,ACTIVE,0,2025-06-23 12:37:08
ACC000676,CUST00343,credit,CAD,2025-05-21,closed,0,2025-05-21 13:05:01
ACC000677,CUST00344,CHECKING,JPY,2025-06-27,active,0,2025-06-27 04:12:08
ACC000678,CUST00345,checking,EUR,2025-01-29,closed,0,2025-01-29 22:58:01
ACC000679,CUST00345,credit,gbp,2024-12-06,active,0,2024-12-06 14:34:19
ACC000680,CUST00346,savings,GBP,2025-02-06,closed,0,2025-02-06 17:49:25
ACC000681,CUST00346,CHECKING,USD,2025-01-05,ACTIVE,0,2025-01-05 14:05:12
ACC000682,CUST00347,CREDIT,INR,2024-05-25,ACTIVE,1000,2024-05-25 15:07:29
ACC000683,CUST00347,SAVINGS,gbp,2024-07-06,ACTIVE,0,2024-07-06 21:40:34
ACC000684,CUST00347,credit,GBP,2024-09-01,ACTIVE,25000,2024-09-01 15:36:30
ACC000685,CUST00348,savings,NGN,2025-03-22,active,0,2025-03-22 00:13:02
ACC000686,CUST00348,CHECKING,usd,2025-04-19,ACTIVE,0,2025-04-19 10:17:05
ACC000687,CUST00349,CHECKING,USD,2025-04-09,closed,0,2025-04-09 07:37:20
ACC000688,CUST00349,checking,usd,2025-06-21,closed,0,2025-06-21 21:48:51
ACC000689,CUST00349,checking,gbp,2025-03-30,FROZEN,0,2025-03-30 21:32:20
ACC000690,CUST00350,credit,gbp,2025-05-02,FROZEN,0,2025-05-02 23:30:02
ACC000691,CUST00350,checking,usd,2025-04-12,FROZEN,0,2025-04-12 05:18:38
ACC000692,CUST00351,savings,NGN,2025-05-14,FROZEN,0,2025-05-14 13:10:06
ACC000693,CUST00351,CHECKING,GBP,2025-01-20,CLOSED,0,2025-01-20 15:06:17
ACC000694,CUST00351,SAVINGS,INR,2025-05-02,FROZEN,0,2025-05-02 17:43:41
ACC000695,CUST00352,CREDIT,NGN,2025-04-10,ACTIVE,0,2025-04-10 01:49:14
ACC000696,CUST00352,credit,CAD,2025-03-27,closed,1000,2025-03-27 00:42:03
ACC000697,CUST00352,CHECKING,INR,2025-06-19,active,0,2025-06-19 12:21:23
ACC000698,CUST00353,savings,GBP,2024-09-28,CLOSED,0,2024-09-28 16:00:32
ACC000699,CUST00353,savings,usd,2025-02-09,FROZEN,0,2025-02-09 14:59:14
ACC000700,CUST00353,checking,usd,2025-01-26,ACTIVE,0,2025-01-26 02:31:23
ACC000701,CUST00354,checking,INR,2024-09-29,closed,0,2024-09-29 11:09:18
ACC000702,CUST00354,CHECKING,EUR,2024-12-01,CLOSED,0,2024-12-01 03:45:39
ACC000703,CUST00354,CREDIT,GBP,2025-05-23,ACTIVE,10000,2025-05-23 18:57:10
ACC000704,CUST00355,savings,gbp,2024-11-20,FROZEN,0,2024-11-20 21:01:57
ACC000705,CUST00355,CHECKING,CAD,2024-10-12,closed,0,2024-10-12 11:48:19
ACC000706,CUST00356,CHECKING,gbp,2025-02-06,active,0,2025-02-06 21:10:26
ACC000707,CUST00356,CREDIT,INR,2025-06-22,closed,25000,2025-06-22 05:27:48
ACC000708,CUST00356,SAVINGS,GBP,2025-03-15,FROZEN,0,2025-03-15 02:37:04
ACC000709,CUST00357,savings,JPY,2025-05-19,closed,0,2025-05-19 15:33:54
ACC000710,CUST00357,credit,usd,2025-06-17,ACTIVE,10000,2025-06-17 17:36:45
ACC000711,CUST00358,CHECKING,NGN,2025-05-08,active,0,2025-05-08 13:32:03
ACC000712,CUST00358,CHECKING,EUR,2025-05-30,closed,0,2025-05-30 22:41:43
ACC000713,CUST00359,checking,GBP,2024-09-16,CLOSED,0,2024-09-16 04:15:14
ACC000714,CUST00359,CHECKING,NGN,2024-09-13,CLOSED,0,2024-09-13 03:25:50
ACC000715,CUST00359,credit,JPY,2024-10-05,CLOSED,25000,2024-10-05 07:14:42
ACC000716,CUST00360,savings,USD,2025-05-18,FROZEN,0,2025-05-18 09:24:56
ACC000717,CUST00361,SAVINGS,gbp,2025-04-15,closed,0,2025-04-15 13:28:51
ACC000718,CUST00362,CREDIT,EUR,2025-04-18,active,10000,2025-04-18 07:51:34
ACC000719,CUST00362,CREDIT,GBP,2025-03-17,closed,10000,2025-03-17 16:49:48
ACC000720,CUST00363,CREDIT,gbp,2025-05-10,CLOSED,5000,2025-05-10 02:09:56
ACC000721,CUST00363,checking,CAD,2025-05-27,active,0,2025-05-27 21:10:40
ACC000722,CUST00363,CREDIT,INR,2025-03-30,ACTIVE,10000,2025-03-30 21:24:19
ACC000723,CUST00364,checking,EUR,2025-02-19,CLOSED,0,2025-02-19 16:13:28
ACC000724,CUST00364,CHECKING,gbp,2024-10-07,active,0,2024-10-07 00:55:57
ACC000725,CUST00365,CREDIT,CAD,2025-01-01,ACTIVE,1000,2025-01-01 10:43:31
ACC000726,CUST00366,CREDIT,usd,2025-06-13,FROZEN,0,2025-06-13 00:32:44
ACC000727,CUST00367,SAVINGS,USD,2025-02-28,active,0,2025-02-28 18:44:51
ACC000728,CUST00367,SAVINGS,NGN,2025-03-19,closed,0,2025-03-19 15:16:36
ACC000729,CUST00367,SAVINGS,NGN,2025-03-31,FROZEN,0,2025-03-31 17:47:58
ACC000730,CUST00368,credit,GBP,2025-06-09,ACTIVE,10000,2025-06-09 02:38:37
ACC000731,CUST00368,checking,usd,2025-06-29,active,0,2025-06-29 03:47:49
ACC000732,CUST00368,checking,gbp,2025-02-27,closed,0,2025-02-27 17:39:15
ACC000733,CUST00369,CREDIT,NGN,2024-05-02,FROZEN,5000,2024-05-02 09:56:07
ACC000734,CUST00370,CREDIT,INR,2025-05-01,active,0,2025-05-01 22:50:54
ACC000735,CUST00370,CHECKING,GBP,2024-06-06,active,0,2024-06-06 13:35:59
ACC000736,CUST00370,CREDIT,EUR,2024-04-07,active,0,2024-04-07 22:40:07
ACC000737,CUST00371,SAVINGS,usd,2024-10-08,ACTIVE,0,2024-10-08 02:18:03
ACC000738,CUST00371,CREDIT,INR,2024-11-30,CLOSED,25000,2024-11-30 04:41:55
ACC000739,CUST00372,SAVINGS,gbp,2025-04-30,closed,0,2025-04-30 08:55:18
ACC000740,CUST00372,checking,JPY,2024-07-29,CLOSED,0,2024-07-29 02:33:54
ACC000741,CUST00372,savings,INR,2025-02-16,FROZEN,0,2025-02-16 01:33:35
ACC000742,CUST00373,SAVINGS,JPY,2025-04-09,ACTIVE,0,2025-04-09 10:31:07
ACC000743,CUST00373,checking,EUR,2025-06-13,FROZEN,0,2025-06-13 05:07:10
ACC000744,CUST00374,savings,JPY,2024-10-26,CLOSED,0,2024-10-26 11:46:31
ACC000745,CUST00374,credit,gbp,2025-03-10,ACTIVE,25000,2025-03-10 08:00:09
ACC000746,CUST00374,savings,CAD,2025-04-05,active,0,2025-04-05 16:03:08
ACC000747,CUST00375,savings,CAD,2025-03-04,CLOSED,0,2025-03-04 00:54:10
ACC000748,CUST00376,checking,NGN,2025-06-09,FROZEN,0,2025-06-09 19:19:00
ACC000749,CUST00377,CHECKING,GBP,2025-05-26,CLOSED,0,2025-05-26 08:24:09
ACC000750,CUST00378,checking,USD,2025-04-10,closed,0,2025-04-10 13:23:56
ACC000751,CUST00378,SAVINGS,usd,2024-10-25,FROZEN,0,2024-10-25 02:06:07
ACC000752,CUST00379,CHECKING,gbp,2025-03-19,ACTIVE,0,2025-03-19 06:22:25
ACC000753,CUST00379,SAVINGS,INR,2025-05-14,CLOSED,0,2025-05-14 08:30:36
ACC000754,CUST00380,SAVINGS,USD,2025-04-15,closed,0,2025-04-15 03:14:32
ACC000755,CUST00381,CREDIT,INR,2025-04-07,CLOSED,10000,2025-04-07 20:15:38
ACC000756,CUST00382,credit,JPY,2025-04-19,ACTIVE,25000,2025-04-19 17:43:05
ACC000757,CUST00383,CHECKING,EUR,2025-03-05,active,0,2025-03-05 12:18:18
ACC000758,CUST00384,savings,usd,2024-05-10,ACTIVE,0,2024-05-10 07:57:46
ACC000759,CUST00385,credit,CAD,2025-06-15,ACTIVE,0,2025-06-15 18:51:48
ACC000760,CUST00385,SAVINGS,GBP,2025-05-28,closed,0,2025-05-28 15:36:46
ACC000761,CUST00386,SAVINGS,CAD,2024-04-19,active,0,2024-04-19 22:50:03
ACC000762,CUST00386,CREDIT,NGN,2025-01-16,CLOSED,0,2025-01-16 11:31:02
ACC000763,CUST00386,CHECKING,GBP,2024-05-24,closed,0,2024-05-24 18:08:01
ACC000764,CUST00387,SAVINGS,usd,2025-05-17,active,0,2025-05-17 13:11:10
ACC000765,CUST00388,SAVINGS,GBP,2024-06-24,closed,0,2024-06-24 13:41:50
ACC000766,CUST00388,checking,USD,2025-04-03,FROZEN,0,2025-04-03 21:00:04
ACC000767,CUST00389,SAVINGS,usd,2025-06-15,FROZEN,0,2025-06-15 09:35:03
ACC000768,CUST00389,CREDIT,usd,2025-04-03,closed,25000,2025-04-03 03:34:20
ACC000769,CUST00390,CHECKING,usd,2024-07-12,active,0,2024-07-12 11:27:28
ACC000770,CUST00390,checking,CAD,2024-07-11,closed,0,2024-07-11 02:56:30
ACC000771,CUST00391,checking,USD,2025-02-10,active,0,2025-02-10 21:42:25
ACC000772,CUST00391,SAVINGS,INR,2025-06-10,ACTIVE,0,2025-06-10 21:02:31
ACC000773,CUST00391,checking,gbp,2025-06-27,active,0,2025-06-27 15:22:27
ACC000774,CUST00392,credit,gbp,2025-05-21,ACTIVE,0,2025-05-21 12:52:11
ACC000775,CUST00392,credit,EUR,2024-12-26,FROZEN,0,2024-12-26 07:25:46
ACC000776,CUST00392,CREDIT,NGN,2024-09-24,active,0,2024-09-24 12:51:57
ACC000777,CUST00393,checking,EUR,2025-04-11,FROZEN,0,2025-04-11 23:20:14
ACC000778,CUST00394,SAVINGS,usd,2025-04-05,CLOSED,0,2025-04-05 10:42:24
ACC000779,CUST00394,CREDIT,CAD,2025-01-29,closed,0,2025-01-29 20:32:01
ACC000780,CUST00395,credit,EUR,2025-05-22,ACTIVE,25000,2025-05-22 01:35:32
ACC000781,CUST00395,savings,EUR,2025-05-04,closed,0,2025-05-04 06:40:24
ACC000782,CUST00396,credit,CAD,2024-10-13,FROZEN,1000,2024-10-13 19:31:10
ACC000783,CUST00396,SAVINGS,JPY,2024-10-12,closed,0,2024-10-12 13:32:44
ACC000784,CUST00396,credit,gbp,2025-06-11,ACTIVE,25000,2025-06-11 06:50:03
ACC000785,CUST00397,SAVINGS,GBP,2024-07-05,CLOSED,0,2024-07-05 16:08:33
ACC000786,CUST00397,CHECKING,usd,2024-08-13,closed,0,2024-08-13 14:31:13
ACC000787,CUST00397,credit,INR,2025-06-18,active,0,2025-06-18 08:12:04
ACC000788,CUST00398,SAVINGS,CAD,2025-04-06,closed,0,2025-04-06 21:33:57
ACC000789,CUST00398,credit,USD,2025-01-15,FROZEN,5000,2025-01-15 18:22:40
ACC000790,CUST00399,credit,USD,2024-09-28,active,0,2024-09-28 15:03:48
ACC000791,CUST00399,savings,CAD,2025-01-29,FROZEN,0,2025-01-29 15:48:18
ACC000792,CUST00399,CHECKING,EUR,2025-04-27,FROZEN,0,2025-04-27 14:41:29
ACC000793,CUST00400,savings,JPY,2025-02-08,active,0,2025-02-08 04:53:57
ACC000794,CUST00400,savings,INR,2024-12-15,closed,0,2024-12-15 10:43:27
ACC000795,CUST00401,savings,NGN,2025-06-17,CLOSED,0,2025-06-17 17:11:40
ACC000796,CUST00401,SAVINGS,CAD,2024-12-24,closed,0,2024-12-24 14:24:41
ACC000797,CUST00401,savings,NGN,2025-01-30,FROZEN,0,2025-01-30 05:15:13
ACC000798,CUST00402,CREDIT,NGN,2025-02-03,CLOSED,0,2025-02-03 23:51:45
ACC000799,CUST00403,savings,USD,2025-06-14,active,0,2025-06-14 13:09:23
ACC000800,CUST00403,checking,gbp,2025-04-24,closed,0,2025-04-24 20:10:52
ACC000801,CUST00404,checking,EUR,2025-02-14,active,0,2025-02-14 12:49:49
ACC000802,CUST00404,SAVINGS,USD,2025-04-09,ACTIVE,0,2025-04-09 15:23:45
ACC000803,CUST00404,checking,CAD,2024-11-23,CLOSED,0,2024-11-23 02:38:17
ACC000804,CUST00405,savings,USD,2024-06-16,active,0,2024-06-16 10:11:59
ACC000805,CUST00405,checking,gbp,2024-07-13,FROZEN,0,2024-07-13 15:50:54
ACC000806,CUST00406,checking,GBP,2024-09-20,CLOSED,0,2024-09-20 16:32:15
ACC000807,CUST00407,checking,JPY,2024-12-03,FROZEN,0,2024-12-03 02:08:41
ACC000808,CUST00408,checking,CAD,2025-04-24,ACTIVE,0,2025-04-24 16:35:04
ACC000809,CUST00409,credit,GBP,2025-06-02,CLOSED,1000,2025-06-02 12:46:42
ACC000810,CUST00409,savings,GBP,2025-03-27,ACTIVE,0,2025-03-27 03:17:30
ACC000811,CUST00410,SAVINGS,EUR,2024-11-19,CLOSED,0,2024-11-19 21:43:44
ACC000812,CUST00410,SAVINGS,NGN,2025-02-05,closed,0,2025-02-05 00:54:11
ACC000813,CUST00411,CHECKING,CAD,2025-04-13,CLOSED,0,2025-04-13 17:09:25
ACC000814,CUST00411,credit,USD,2025-05-10,active,5000,2025-05-10 01:51:05
ACC000815,CUST00412,checking,CAD,2025-02-07,FROZEN,0,2025-02-07 04:34:18
ACC000816,CUST00412,CREDIT,USD,2025-04-10,closed,25000,2025-04-10 23:38:25
ACC000817,CUST00412,CHECKING,GBP,2025-05-03,active,0,2025-05-03 15:18:49
ACC000818,CUST00413,CHECKING,GBP,2024-12-23,FROZEN,0,2024-12-23 00:00:45
ACC000819,CUST00413,CHECKING,CAD,2025-03-29,CLOSED,0,2025-03-29 02:13:40
ACC000820,CUST00414,savings,EUR,2024-10-17,FROZEN,0,2024-10-17 17:07:30
ACC000821,CUST00414,savings,INR,2025-01-27,ACTIVE,0,2025-01-27 15:10:35
ACC000822,CUST00414,savings,EUR,2024-12-19,active,0,2024-12-19 17:45:21
ACC000823,CUST00415,CHECKING,INR,2025-05-15,ACTIVE,0,2025-05-15 22:02:17
ACC000824,CUST00415,credit,usd,2025-03-10,CLOSED,10000,2025-03-10 11:37:39
ACC000825,CUST00416,SAVINGS,EUR,2024-08-04,closed,0,2024-08-04 23:05:27
ACC000826,CUST00417,credit,USD,2025-02-16,CLOSED,1000,2025-02-16 03:02:55
ACC000827,CUST00417,credit,NGN,2025-05-31,ACTIVE,1000,2025-05-31 22:01:05
ACC000828,CUST00417,savings,gbp,2025-01-15,ACTIVE,0,2025-01-15 15:44:26
ACC000829,CUST00418,CREDIT,INR,2025-04-27,FROZEN,0,2025-04-27 10:24:36
ACC000830,CUST00418,SAVINGS,usd,2025-05-13,active,0,2025-05-13 21:23:35
ACC000831,CUST00418,CREDIT,NGN,2025-04-22,ACTIVE,25000,2025-04-22 08:17:12
ACC000832,CUST00419,SAVINGS,gbp,2024-02-05,active,0,2024-02-05 09:40:58
ACC000833,CUST00420,credit,INR,2025-06-06,CLOSED,25000,2025-06-06 07:52:16
ACC000834,CUST00420,savings,gbp,2025-02-16,ACTIVE,0,2025-02-16 10:13:46
ACC000835,CUST00420,savings,INR,2025-03-02,FROZEN,0,2025-03-02 14:28:14
ACC000836,CUST00421,SAVINGS,NGN,2025-01-29,FROZEN,0,2025-01-29 20:11:03
ACC000837,CUST00422,CHECKING,JPY,2025-02-24,FROZEN,0,2025-02-24 00:15:58
ACC000838,CUST00422,SAVINGS,CAD,2025-01-09,CLOSED,0,2025-01-09 09:52:02
ACC000839,CUST00422,savings,CAD,2024-11-07,FROZEN,0,2024-11-07 19:17:19
ACC000840,CUST00423,CREDIT,CAD,2025-02-05,ACTIVE,0,2025-02-05 21:58:41
ACC000841,CUST00423,credit,GBP,2025-05-13,active,1000,2025-05-13 03:53:26
ACC000842,CUST00423,CREDIT,EUR,2025-02-15,active,0,2025-02-15 07:41:12
ACC000843,CUST00424,savings,gbp,2025-04-08,FROZEN,0,2025-04-08 19:38:42
ACC000844,CUST00424,credit,GBP,2025-04-01,closed,5000,2025-04-01 22:34:42
ACC000845,CUST00424,savings,USD,2025-04-23,ACTIVE,0,2025-04-23 12:03:01
ACC000846,CUST00425,CHECKING,EUR,2025-04-12,closed,0,2025-04-12 18:42:15
ACC000847,CUST00425,savings,JPY,2024-12-28,ACTIVE,0,2024-12-28 06:31:55
ACC000848,CUST00426,credit,NGN,2025-05-06,CLOSED,0,2025-05-06 15:25:42
ACC000849,CUST00426,checking,gbp,2025-01-07,ACTIVE,0,2025-01-07 08:18:52
ACC000850,CUST00427,checking,gbp,2024-08-09,FROZEN,0,2024-08-09 05:09:49
ACC000851,CUST00427,CREDIT,GBP,2025-02-19,ACTIVE,5000,2025-02-19 01:38:06
ACC000852,CUST00428,savings,GBP,2025-06-02,CLOSED,0,2025-06-02 07:56:22
ACC000853,CUST00428,credit,EUR,2025-04-05,FROZEN,10000,2025-04-05 08:35:56
ACC000854,CUST00429,CHECKING,NGN,2025-06-29,active,0,2025-06-29 12:32:31
ACC000855,CUST00429,SAVINGS,USD,2024-09-02,CLOSED,0,2024-09-02 07:09:14
ACC000856,CUST00429,CHECKING,NGN,2024-07-03,active,0,2024-07-03 21:18:04
ACC000857,CUST00430,savings,CAD,2024-12-12,ACTIVE,0,2024-12-12 17:07:01
ACC000858,CUST00430,checking,USD,2024-11-24,FROZEN,0,2024-11-24 22:53:10
ACC000859,CUST00431,CREDIT,INR,2024-12-08,closed,0,2024-12-08 17:56:10
ACC000860,CUST00432,CREDIT,INR,2024-12-28,closed,1000,2024-12-28 08:22:54
ACC000861,CUST00432,SAVINGS,CAD,2024-04-26,FROZEN,0,2024-04-26 18:16:12
ACC000862,CUST00433,savings,EUR,2025-06-14,CLOSED,0,2025-06-14 17:43:39
ACC000863,CUST00433,credit,GBP,2025-06-20,closed,1000,2025-06-20 21:35:14
ACC000864,CUST00434,credit,gbp,2025-01-25,CLOSED,1000,2025-01-25 00:19:11
ACC000865,CUST00434,credit,usd,2024-12-29,CLOSED,25000,2024-12-29 06:22:22
ACC000866,CUST00434,SAVINGS,usd,2025-04-10,active,0,2025-04-10 23:58:03
ACC000867,CUST00435,SAVINGS,gbp,2025-04-23,FROZEN,0,2025-04-23 20:04:35
ACC000868,CUST00435,SAVINGS,INR,2025-06-05,CLOSED,0,2025-06-05 19:14:58
ACC000869,CUST00435,checking,EUR,2025-01-16,closed,0,2025-01-16 17:46:51
ACC000870,CUST00436,savings,NGN,2025-03-26,ACTIVE,0,2025-03-26 09:10:44
ACC000871,CUST00436,SAVINGS,JPY,2025-06-06,CLOSED,0,2025-06-06 19:26:51
ACC000872,CUST00437,CREDIT,NGN,2025-03-27,closed,0,2025-03-27 20:57:06
ACC000873,CUST00438,savings,GBP,2024-09-06,active,0,2024-09-06 15:55:02
ACC000874,CUST00439,SAVINGS,EUR,2025-05-30,active,0,2025-05-30 15:43:44
ACC000875,CUST00440,CREDIT,CAD,2024-12-09,active,1000,2024-12-09 13:21:13
ACC000876,CUST00440,CREDIT,CAD,2024-12-22,FROZEN,0,2024-12-22 19:26:24
ACC000877,CUST00440,CHECKING,CAD,2025-06-05,closed,0,2025-06-05 13:11:23
ACC000878,CUST00441,checking,NGN,2025-05-10,CLOSED,0,2025-05-10 07:19:14
ACC000879,CUST00441,SAVINGS,INR,2025-06-07,active,0,2025-06-07 03:59:28
ACC000880,CUST00441,savings,gbp,2025-02-15,ACTIVE,0,2025-02-15 23:36:00
ACC000881,CUST00442,savings,EUR,2025-02-19,ACTIVE,0,2025-02-19 11:14:01
ACC000882,CUST00442,CREDIT,NGN,2025-03-29,CLOSED,10000,2025-03-29 18:13:32
ACC000883,CUST00442,checking,USD,2025-04-19,closed,0,2025-04-19 16:25:51
ACC000884,CUST00443,CREDIT,JPY,2024-07-10,ACTIVE,5000,2024-07-10 15:10:12
ACC000885,CUST00444,credit,USD,2025-01-31,FROZEN,1000,2025-01-31 14:14:05
ACC000886,CUST00444,checking,EUR,2025-02-15,closed,0,2025-02-15 19:51:52
ACC000887,CUST00444,savings,usd,2025-02-21,FROZEN,0,2025-02-21 22:02:13
ACC000888,CUST00445,CREDIT,NGN,2025-06-28,closed,25000,2025-06-28 12:56:21
ACC000889,CUST00446,checking,INR,2024-06-02,FROZEN,0,2024-06-02 22:22:09
ACC000890,CUST00446,checking,INR,2024-07-08,active,0,2024-07-08 21:09:39
ACC000891,CUST00446,checking,gbp,2024-09-11,ACTIVE,0,2024-09-11 16:00:54
ACC000892,CUST00447,CREDIT,INR,2025-02-14,active,1000,2025-02-14 04:43:25
ACC000893,CUST00448,savings,GBP,2025-05-28,active,0,2025-05-28 13:22:34
ACC000894,CUST00448,CREDIT,usd,2025-02-07,closed,10000,2025-02-07 09:14:07
ACC000895,CUST00448,checking,GBP,2024-10-29,CLOSED,0,2024-10-29 07:07:10
ACC000896,CUST00449,CHECKING,USD,2025-03-04,CLOSED,0,2025-03-04 13:29:18
ACC000897,CUST00449,savings,NGN,2025-05-30,ACTIVE,0,2025-05-30 22:17:31
ACC000898,CUST00449,SAVINGS,JPY,2025-05-10,ACTIVE,0,2025-05-10 23:46:42
ACC000899,CUST00450,credit,USD,2025-05-14,CLOSED,5000,2025-05-14 10:52:11
ACC000900,CUST00450,credit,gbp,2025-02-05,CLOSED,0,2025-02-05 10:54:09
ACC000901,CUST00450,SAVINGS,NGN,2024-02-28,closed,0,2024-02-28 23:54:37
ACC000902,CUST00451,savings,NGN,2025-06-17,ACTIVE,0,2025-06-17 13:58:38
ACC000903,CUST00451,checking,gbp,2024-04-19,closed,0,2024-04-19 11:40:22
ACC000904,CUST00451,credit,CAD,2024-04-25,CLOSED,0,2024-04-25 19:47:59
ACC000905,CUST00452,checking,GBP,2024-12-12,CLOSED,0,2024-12-12 22:58:35
ACC000906,CUST00452,SAVINGS,usd,2024-09-03,FROZEN,0,2024-09-03 04:16:04
ACC000907,CUST00452,savings,INR,2024-05-20,active,0,2024-05-20 12:45:23
ACC000908,CUST00453,SAVINGS,INR,2025-04-18,FROZEN,0,2025-04-18 11:53:58
ACC000909,CUST00453,credit,gbp,2025-05-09,closed,0,2025-05-09 10:54:18
ACC000910,CUST00454,checking,EUR,2025-05-21,closed,0,2025-05-21 16:02:32
ACC000911,CUST00455,checking,CAD,2024-12-27,closed,0,2024-12-27 00:53:29
ACC000912,CUST00455,credit,gbp,2025-03-02,active,0,2025-03-02 10:25:02
ACC000913,CUST00456,SAVINGS,INR,2025-05-22,CLOSED,0,2025-05-22 04:19:32
ACC000914,CUST00456,SAVINGS,EUR,2025-06-06,active,0,2025-06-06 11:24:44
ACC000915,CUST00456,CREDIT,NGN,2024-11-13,FROZEN,0,2024-11-13 21:43:21
ACC000916,CUST00457,CHECKING,GBP,2024-11-09,closed,0,2024-11-09 00:42:00
ACC000917,CUST00457,checking,USD,2025-01-06,FROZEN,0,2025-01-06 07:31:11
ACC000918,CUST00457,credit,JPY,2025-02-22,CLOSED,5000,2025-02-22 20:28:04
ACC000919,CUST00458,SAVINGS,EUR,2024-07-18,closed,0,2024-07-18 08:40:29
ACC000920,CUST00458,SAVINGS,JPY,2025-04-01,FROZEN,0,2025-04-01 05:05:35
ACC000921,CUST00459,credit,JPY,2025-04-30,CLOSED,0,2025-04-30 21:38:13
ACC000922,CUST00459,savings,NGN,2024-09-02,ACTIVE,0,2024-09-02 05:27:26
ACC000923,CUST00460,SAVINGS,GBP,2024-08-15,FROZEN,0,2024-08-15 03:32:16
ACC000924,CUST00460,checking,EUR,2024-10-09,FROZEN,0,2024-10-09 04:03:36
ACC000925,CUST00460,credit,usd,2025-03-14,active,25000,2025-03-14 08:56:50
ACC000926,CUST00461,savings,USD,2025-03-25,closed,0,2025-03-25 17:03:43
ACC000927,CUST00461,credit,CAD,2024-12-10,ACTIVE,0,2024-12-10 16:34:29
ACC000928,CUST00462,CHECKING,CAD,2025-03-22,closed,0,2025-03-22 06:29:24
ACC000929,CUST00462,SAVINGS,JPY,2024-08-17,closed,0,2024-08-17 02:19:41
ACC000930,CUST00463,CHECKING,USD,2025-05-23,CLOSED,0,2025-05-23 15:59:48
ACC000931,CUST00463,CREDIT,GBP,2025-06-15,FROZEN,0,2025-06-15 04:05:38
ACC000932,CUST00463,credit,GBP,2024-08-20,active,10000,2024-08-20 21:29:19
ACC000933,CUST00464,savings,EUR,2025-06-13,ACTIVE,0,2025-06-13 07:14:04
ACC000934,CUST00464,SAVINGS,JPY,2025-05-23,FROZEN,0,2025-05-23 06:47:14
ACC000935,CUST00464,credit,usd,2025-02-11,active,0,2025-02-11 17:45:52
ACC000936,CUST00465,CHECKING,GBP,2025-02-06,active,0,2025-02-06 13:56:08
ACC000937,CUST00465,CREDIT,INR,2025-01-14,CLOSED,25000,2025-01-14 17:41:28
ACC000938,CUST00465,CREDIT,USD,2024-11-19,FROZEN,25000,2024-11-19 03:56:41
ACC000939,CUST00466,checking,INR,2024-06-23,ACTIVE,0,2024-06-23 17:50:07
ACC000940,CUST00466,CHECKING,INR,2025-04-06,active,0,2025-04-06 05:34:37
ACC000941,CUST00466,CREDIT,GBP,2024-07-14,closed,5000,2024-07-14 13:49:18
ACC000942,CUST00467,CREDIT,NGN,2025-03-14,ACTIVE,0,2025-03-14 11:50:19
ACC000943,CUST00467,credit,INR,2025-05-08,ACTIVE,0,2025-05-08 21:43:14
ACC000944,CUST00468,savings,gbp,2025-04-30,CLOSED,0,2025-04-30 01:00:40
ACC000945,CUST00468,checking,CAD,2025-03-13,closed,0,2025-03-13 02:32:28
ACC000946,CUST00469,SAVINGS,gbp,2025-04-25,FROZEN,0,2025-04-25 16:41:36
ACC000947,CUST00469,checking,CAD,2025-05-02,FROZEN,0,2025-05-02 16:22:14
ACC000948,CUST00470,CREDIT,INR,2025-06-17,ACTIVE,0,2025-06-17 23:40:52
ACC000949,CUST00470,savings,USD,2025-04-05,FROZEN,0,2025-04-05 09:01:17
ACC000950,CUST00470,savings,INR,2025-06-07,active,0,2025-06-07 22:39:55
ACC000951,CUST00471,savings,gbp,2024-06-15,ACTIVE,0,2024-06-15 22:07:01
ACC000952,CUST00472,credit,JPY,2024-12-21,active,10000,2024-12-21 23:23:23
ACC000953,CUST00472,CHECKING,GBP,2024-08-28,active,0,2024-08-28 08:52:54
ACC000954,CUST00473,SAVINGS,CAD,2025-04-04,closed,0,2025-04-04 17:51:03
ACC000955,CUST00473,CHECKING,gbp,2025-03-12,closed,0,2025-03-12 12:23:58
ACC000956,CUST00474,credit,CAD,2025-06-29,active,0,2025-06-29 12:22:06
ACC000957,CUST00475,checking,EUR,2024-12-17,closed,0,2024-12-17 18:26:55
ACC000958,CUST00476,SAVINGS,JPY,2025-01-03,CLOSED,0,2025-01-03 00:34:57
ACC000959,CUST00476,savings,gbp,2025-06-22,active,0,2025-06-22 03:56:32
ACC000960,CUST00476,savings,gbp,2025-02-13,FROZEN,0,2025-02-13 01:59:24
ACC000961,CUST00477,SAVINGS,CAD,2024-10-20,FROZEN,0,2024-10-20 20:35:07
ACC000962,CUST00478,savings,NGN,2025-04-24,CLOSED,0,2025-04-24 19:27:45
ACC000963,CUST00478,savings,USD,2025-02-25,CLOSED,0,2025-02-25 02:26:09
ACC000964,CUST00479,checking,INR,2025-04-17,FROZEN,0,2025-04-17 19:13:27
ACC000965,CUST00479,credit,GBP,2024-08-17,FROZEN,0,2024-08-17 13:33:47
ACC000966,CUST00480,CHECKING,CAD,2025-03-11,CLOSED,0,2025-03-11 01:02:27
ACC000967,CUST00480,SAVINGS,JPY,2025-03-14,closed,0,2025-03-14 12:17:07
ACC000968,CUST00481,checking,JPY,2024-08-04,CLOSED,0,2024-08-04 22:03:26
ACC000969,CUST00481,CHECKING,usd,2024-10-01,active,0,2024-10-01 19:02:27
ACC000970,CUST00481,SAVINGS,INR,2024-07-05,closed,0,2024-07-05 14:24:26
ACC000971,CUST00482,credit,INR,2024-06-22,active,1000,2024-06-22 17:30:04
ACC000972,CUST00482,CREDIT,NGN,2024-12-21,ACTIVE,5000,2024-12-21 14:14:12
ACC000973,CUST00483,credit,gbp,2024-02-15,closed,0,2024-02-15 14:03:04
ACC000974,CUST00484,SAVINGS,usd,2025-05-14,CLOSED,0,2025-05-14 03:36:54
ACC000975,CUST00484,credit,CAD,2025-01-16,CLOSED,0,2025-01-16 03:37:27
ACC000976,CUST00485,CREDIT,GBP,2024-11-22,closed,0,2024-11-22 10:00:43
ACC000977,CUST00486,checking,CAD,2024-12-31,closed,0,2024-12-31 09:46:51
ACC000978,CUST00487,credit,JPY,2025-04-01,closed,0,2025-04-01 05:41:29
ACC000979,CUST00487,SAVINGS,USD,2025-04-22,active,0,2025-04-22 09:52:52
ACC000980,CUST00487,CHECKING,CAD,2025-04-04,FROZEN,0,2025-04-04 20:30:00
ACC000981,CUST00488,checking,CAD,2025-03-05,CLOSED,0,2025-03-05 10:12:02
ACC000982,CUST00488,savings,CAD,2025-03-10,FROZEN,0,2025-03-10 10:09:09
ACC000983,CUST00489,SAVINGS,USD,2025-03-16,active,0,2025-03-16 14:17:44
ACC000984,CUST00490,savings,NGN,2025-03-03,CLOSED,0,2025-03-03 01:28:28
ACC000985,CUST00491,CHECKING,JPY,2025-03-28,FROZEN,0,2025-03-28 05:01:14
ACC000986,CUST00492,savings,USD,2025-05-28,closed,0,2025-05-28 20:25:15
ACC000987,CUST00493,savings,gbp,2025-04-10,closed,0,2025-04-10 12:08:06
ACC000988,CUST00493,credit,usd,2024-11-02,closed,0,2024-11-02 05:35:55
ACC000989,CUST00494,CHECKING,JPY,2025-05-07,active,0,2025-05-07 09:49:22
ACC000990,CUST00495,CREDIT,GBP,2025-02-28,ACTIVE,1000,2025-02-28 00:51:09
ACC000991,CUST00495,savings,gbp,2025-06-23,CLOSED,0,2025-06-23 19:27:09
ACC000992,CUST00495,credit,CAD,2025-05-09,ACTIVE,0,2025-05-09 15:09:26
ACC000993,CUST00496,savings,JPY,2025-01-13,CLOSED,0,2025-01-13 22:30:44
ACC000994,CUST00497,CREDIT,USD,2025-03-20,closed,0,2025-03-20 22:58:02
ACC000995,CUST00498,CHECKING,GBP,2024-12-28,FROZEN,0,2024-12-28 15:56:53
ACC000996,CUST00498,checking,gbp,2025-03-17,active,0,2025-03-17 22:39:41
ACC000997,CUST00499,SAVINGS,JPY,2025-06-25,CLOSED,0,2025-06-25 23:34:34
ACC000998,CUST00499,credit,CAD,2025-06-21,closed,0,2025-06-21 22:03:21
ACC000999,CUST00499,checking,EUR,2025-03-16,active,0,2025-03-16 15:11:23
ACC001000,CUST00500,CHECKING,USD,2024-10-25,closed,0,2024-10-25 01:01:18
ACC001001,CUST00500,checking,JPY,2024-07-06,FROZEN,0,2024-07-06 15:26:58
ACC001002,CUST00501,SAVINGS,GBP,2025-02-19,active,0,2025-02-19 04:09:29
ACC001003,CUST00502,checking,NGN,2024-11-21,FROZEN,0,2024-11-21 15:30:27
ACC001004,CUST00503,SAVINGS,USD,2024-07-17,active,0,2024-07-17 17:34:08
ACC001005,CUST00504,savings,USD,2024-08-03,CLOSED,0,2024-08-03 19:28:09
ACC001006,CUST00504,credit,GBP,2025-05-19,CLOSED,25000,2025-05-19 21:59:29
ACC001007,CUST00505,savings,NGN,2024-12-24,active,0,2024-12-24 01:11:11
ACC001008,CUST00506,savings,usd,2025-05-02,ACTIVE,0,2025-05-02 10:05:21
ACC001009,CUST00507,CREDIT,JPY,2025-03-21,ACTIVE,10000,2025-03-21 18:49:02
ACC001010,CUST00508,CHECKING,INR,2024-12-26,closed,0,2024-12-26 09:58:03
ACC001011,CUST00509,SAVINGS,NGN,2025-06-15,active,0,2025-06-15 13:46:26
ACC001012,CUST00509,CHECKING,JPY,2025-03-02,FROZEN,0,2025-03-02 20:11:49
ACC001013,CUST00510,CREDIT,INR,2024-12-21,ACTIVE,0,2024-12-21 06:50:55
ACC001014,CUST00510,savings,NGN,2024-06-11,CLOSED,0,2024-06-11 15:15:14
ACC001015,CUST00511,SAVINGS,gbp,2024-11-04,ACTIVE,0,2024-11-04 17:52:02
ACC001016,CUST00512,checking,usd,2025-03-16,CLOSED,0,2025-03-16 18:40:31
ACC001017,CUST00512,CHECKING,gbp,2025-05-22,FROZEN,0,2025-05-22 01:24:26
ACC001018,CUST00513,checking,EUR,2024-08-20,closed,0,2024-08-20 15:45:10
ACC001019,CUST00514,CREDIT,EUR,2024-11-07,CLOSED,0,2024-11-07 16:33:52
ACC001020,CUST00515,CREDIT,GBP,2025-01-03,FROZEN,25000,2025-01-03 21:07:34
ACC001021,CUST00516,checking,NGN,2025-03-06,active,0,2025-03-06 05:51:21
ACC001022,CUST00516,CREDIT,EUR,2024-08-31,FROZEN,0,2024-08-31 15:28:42
ACC001023,CUST00517,CHECKING,INR,2025-03-13,active,0,2025-03-13 12:42:58
ACC001024,CUST00518,credit,gbp,2024-11-13,closed,0,2024-11-13 12:39:41
ACC001025,CUST00518,CHECKING,USD,2024-09-10,FROZEN,0,2024-09-10 09:13:46
ACC001026,CUST00519,CHECKING,EUR,2025-02-21,CLOSED,0,2025-02-21 10:47:56
ACC001027,CUST00520,savings,JPY,2025-04-03,active,0,2025-04-03 18:08:07
ACC001028,CUST00521,CHECKING,CAD,2025-01-29,active,0,2025-01-29 10:34:15
ACC001029,CUST00522,CHECKING,usd,2025-04-27,CLOSED,0,2025-04-27 01:35:31
ACC001030,CUST00523,CREDIT,EUR,2025-05-11,closed,1000,2025-05-11 14:23:53
ACC001031,CUST00523,CHECKING,gbp,2025-06-23,CLOSED,0,2025-06-23 15:57:37
ACC001032,CUST00524,checking,CAD,2024-12-04,closed,0,2024-12-04 12:14:51
ACC001033,CUST00524,CREDIT,usd,2025-02-26,CLOSED,10000,2025-02-26 22:57:21
ACC001034,CUST00525,CREDIT,EUR,2025-04-22,active,0,2025-04-22 18:33:57
ACC001035,CUST00525,checking,EUR,2025-01-21,active,0,2025-01-21 21:40:08
ACC001036,CUST00526,credit,NGN,2024-11-02,FROZEN,0,2024-11-02 22:03:24
ACC001037,CUST00526,CHECKING,GBP,2025-05-28,active,0,2025-05-28 20:21:04
ACC001038,CUST00526,checking,gbp,2025-01-07,FROZEN,0,2025-01-07 08:25:13
ACC001039,CUST00527,credit,JPY,2025-05-09,closed,5000,2025-05-09 11:32:32
ACC001040,CUST00527,SAVINGS,EUR,2025-06-23,FROZEN,0,2025-06-23 03:35:14
ACC001041,CUST00527,SAVINGS,EUR,2025-04-23,closed,0,2025-04-23 21:31:13
ACC001042,CUST00528,credit,NGN,2024-09-02,ACTIVE,25000,2024-09-02 07:00:10
ACC001043,CUST00528,checking,EUR,2025-06-24,ACTIVE,0,2025-06-24 10:25:57
ACC001044,CUST00528,credit,GBP,2024-10-14,active,0,2024-10-14 12:25:55
ACC001045,CUST00529,CHECKING,INR,2024-11-18,CLOSED,0,2024-11-18 12:26:21
ACC001046,CUST00529,checking,NGN,2024-12-05,CLOSED,0,2024-12-05 02:47:37
ACC001047,CUST00530,CREDIT,JPY,2025-04-02,CLOSED,0,2025-04-02 00:02:06
ACC001048,CUST00531,credit,JPY,2024-10-07,FROZEN,25000,2024-10-07 22:37:34
ACC001049,CUST00532,SAVINGS,CAD,2024-08-06,CLOSED,0,2024-08-06 17:14:43
ACC001050,CUST00532,savings,usd,2025-05-15,FROZEN,0,2025-05-15 08:15:08
ACC001051,CUST00533,CHECKING,CAD,2025-02-24,CLOSED,0,2025-02-24 01:01:55
ACC001052,CUST00533,CHECKING,JPY,2025-05-08,active,0,2025-05-08 17:18:03
ACC001053,CUST00533,checking,INR,2025-01-22,ACTIVE,0,2025-01-22 08:47:28
ACC001054,CUST00534,credit,EUR,2025-06-11,FROZEN,0,2025-06-11 21:21:06
ACC001055,CUST00535,savings,JPY,2024-12-01,ACTIVE,0,2024-12-01 18:12:35
ACC001056,CUST00535,CREDIT,NGN,2025-06-19,closed,0,2025-06-19 06:29:57
ACC001057,CUST00536,credit,USD,2024-10-14,active,0,2024-10-14 00:49:05
ACC001058,CUST00537,CREDIT,EUR,2025-03-15,closed,5000,2025-03-15 10:55:38
ACC001059,CUST00537,CREDIT,JPY,2025-05-23,FROZEN,0,2025-05-23 01:11:31
ACC001060,CUST00537,checking,JPY,2025-05-26,active,0,2025-05-26 12:06:20
ACC001061,CUST00538,CHECKING,EUR,2025-02-22,closed,0,2025-02-22 19:49:39
ACC001062,CUST00538,credit,JPY,2025-03-07,closed,0,2025-03-07 22:26:10
ACC001063,CUST00539,checking,gbp,2025-05-28,ACTIVE,0,2025-05-28 07:53:27
ACC001064,CUST00539,SAVINGS,NGN,2024-12-01,closed,0,2024-12-01 16:24:20
ACC001065,CUST00540,savings,CAD,2025-05-08,active,0,2025-05-08 01:43:44
ACC001066,CUST00540,CHECKING,usd,2025-02-28,FROZEN,0,2025-02-28 12:08:21
ACC001067,CUST00541,checking,usd,2025-04-15,ACTIVE,0,2025-04-15 00:22:20
ACC001068,CUST00541,checking,EUR,2025-05-23,CLOSED,0,2025-05-23 08:58:37
ACC001069,CUST00541,checking,NGN,2025-02-15,active,0,2025-02-15 05:39:56
ACC001070,CUST00542,savings,GBP,2025-03-29,active,0,2025-03-29 17:26:58
ACC001071,CUST00542,CHECKING,GBP,2025-03-03,FROZEN,0,2025-03-03 02:01:59
ACC001072,CUST00542,savings,usd,2024-12-11,closed,0,2024-12-11 12:59:55
ACC001073,CUST00543,checking,INR,2024-12-19,active,0,2024-12-19 23:18:33
ACC001074,CUST00543,SAVINGS,USD,2025-02-05,ACTIVE,0,2025-02-05 23:34:09
ACC001075,CUST00543,SAVINGS,JPY,2025-05-12,ACTIVE,0,2025-05-12 04:31:57
ACC001076,CUST00544,savings,GBP,2025-06-05,CLOSED,0,2025-06-05 19:51:04
ACC001077,CUST00544,CHECKING,JPY,2024-10-16,closed,0,2024-10-16 02:26:59
ACC001078,CUST00544,checking,usd,2025-02-13,FROZEN,0,2025-02-13 22:01:22
ACC001079,CUST00545,savings,gbp,2024-05-30,ACTIVE,0,2024-05-30 19:45:59
ACC001080,CUST00545,savings,EUR,2025-04-26,CLOSED,0,2025-04-26 08:40:08
ACC001081,CUST00546,CREDIT,usd,2024-09-02,closed,0,2024-09-02 11:28:13
ACC001082,CUST00546,SAVINGS,GBP,2025-06-20,CLOSED,0,2025-06-20 07:02:42
ACC001083,CUST00547,savings,USD,2025-01-11,ACTIVE,0,2025-01-11 22:58:50
ACC001084,CUST00547,SAVINGS,gbp,2025-06-28,FROZEN,0,2025-06-28 23:56:35
ACC001085,CUST00547,CREDIT,NGN,2025-04-02,FROZEN,0,2025-04-02 15:42:22
ACC001086,CUST00548,CHECKING,usd,2025-01-01,CLOSED,0,2025-01-01 06:29:10
ACC001087,CUST00548,CREDIT,GBP,2025-03-04,closed,1000,2025-03-04 06:32:24
ACC001088,CUST00549,CHECKING,INR,2025-02-23,closed,0,2025-02-23 05:00:30
ACC001089,CUST00549,savings,JPY,2025-06-19,CLOSED,0,2025-06-19 15:57:40
ACC001090,CUST00550,CHECKING,usd,2025-06-23,closed,0,2025-06-23 07:47:54
ACC001091,CUST00551,checking,CAD,2025-01-01,closed,0,2025-01-01 14:55:51
ACC001092,CUST00552,CREDIT,NGN,2025-06-25,ACTIVE,1000,2025-06-25 17:36:08
ACC001093,CUST00552,credit,INR,2025-04-16,CLOSED,25000,2025-04-16 10:33:21
ACC001094,CUST00552,CREDIT,NGN,2025-05-30,CLOSED,0,2025-05-30 07:58:51
ACC001095,CUST00553,checking,EUR,2024-05-06,ACTIVE,0,2024-05-06 21:58:29
ACC001096,CUST00553,CHECKING,gbp,2024-12-28,CLOSED,0,2024-12-28 12:18:02
ACC001097,CUST00553,credit,gbp,2024-05-09,FROZEN,1000,2024-05-09 00:56:25
ACC001098,CUST00554,SAVINGS,GBP,2025-01-15,FROZEN,0,2025-01-15 05:33:06
ACC001099,CUST00554,CHECKING,CAD,2025-04-04,CLOSED,0,2025-04-04 10:10:22
ACC001100,CUST00554,checking,GBP,2024-11-13,closed,0,2024-11-13 09:54:47
ACC001101,CUST00555,credit,CAD,2025-03-28,active,1000,2025-03-28 00:08:59
ACC001102,CUST00555,CHECKING,CAD,2025-06-05,FROZEN,0,2025-06-05 02:48:46
ACC001103,CUST00555,credit,GBP,2025-06-20,FROZEN,25000,2025-06-20 00:42:41
ACC001104,CUST00556,credit,NGN,2024-08-22,FROZEN,0,2024-08-22 08:10:02
ACC001105,CUST00556,savings,EUR,2025-03-12,CLOSED,0,2025-03-12 11:35:36
ACC001106,CUST00557,credit,CAD,2024-12-22,FROZEN,1000,2024-12-22 14:00:00
ACC001107,CUST00558,checking,EUR,2024-10-12,FROZEN,0,2024-10-12 18:09:45
ACC001108,CUST00558,CHECKING,GBP,2024-01-18,closed,0,2024-01-18 08:54:25
ACC001109,CUST00559,credit,JPY,2025-03-27,FROZEN,10000,2025-03-27 13:22:24
ACC001110,CUST00559,CREDIT,NGN,2025-04-17,closed,0,2025-04-17 10:50:39
ACC001111,CUST00560,checking,usd,2024-06-12,ACTIVE,0,2024-06-12 23:32:15
ACC001112,CUST00560,SAVINGS,EUR,2025-02-23,FROZEN,0,2025-02-23 06:58:55
ACC001113,CUST00560,SAVINGS,NGN,2025-06-02,active,0,2025-06-02 20:37:45
ACC001114,CUST00561,credit,gbp,2025-01-27,closed,25000,2025-01-27 02:55:56
ACC001115,CUST00561,CHECKING,CAD,2025-04-27,active,0,2025-04-27 16:53:24
ACC001116,CUST00562,CHECKING,GBP,2025-06-30,closed,0,2025-06-30 20:07:38
ACC001117,CUST00562,credit,USD,2024-10-13,CLOSED,0,2024-10-13 04:48:53
ACC001118,CUST00563,checking,GBP,2025-01-12,CLOSED,0,2025-01-12 00:59:47
ACC001119,CUST00564,checking,USD,2024-11-18,FROZEN,0,2024-11-18 17:56:13
ACC001120,CUST00564,CHECKING,INR,2024-12-10,CLOSED,0,2024-12-10 06:31:41
ACC001121,CUST00564,CREDIT,GBP,2025-04-21,CLOSED,5000,2025-04-21 23:19:18
ACC001122,CUST00565,CREDIT,NGN,2025-06-06,closed,5000,2025-06-06 15:31:21
ACC001123,CUST00566,credit,CAD,2025-02-22,FROZEN,25000,2025-02-22 13:17:04
ACC001124,CUST00566,SAVINGS,CAD,2025-04-29,active,0,2025-04-29 12:08:39
ACC001125,CUST00567,SAVINGS,usd,2025-01-31,active,0,2025-01-31 20:36:18
ACC001126,CUST00567,credit,JPY,2024-11-07,closed,0,2024-11-07 22:06:44
ACC001127,CUST00568,CREDIT,INR,2024-11-25,closed,10000,2024-11-25 12:34:36
ACC001128,CUST00569,CREDIT,CAD,2024-12-17,closed,0,2024-12-17 16:52:40
ACC001129,CUST00569,savings,gbp,2025-02-01,closed,0,2025-02-01 23:29:38
ACC001130,CUST00570,CREDIT,INR,2025-01-20,closed,1000,2025-01-20 11:28:27
ACC001131,CUST00571,checking,USD,2024-04-26,closed,0,2024-04-26 05:18:28
ACC001132,CUST00571,CREDIT,USD,2025-02-18,FROZEN,10000,2025-02-18 08:03:16
ACC001133,CUST00572,CHECKING,CAD,2024-08-31,ACTIVE,0,2024-08-31 20:41:07
ACC001134,CUST00572,CREDIT,USD,2024-12-09,closed,0,2024-12-09 10:41:51
ACC001135,CUST00573,credit,EUR,2025-02-28,CLOSED,25000,2025-02-28 07:37:36
ACC001136,CUST00573,credit,gbp,2024-12-06,closed,1000,2024-12-06 13:50:52
ACC001137,CUST00574,SAVINGS,CAD,2025-04-07,active,0,2025-04-07 00:21:28
ACC001138,CUST00574,CREDIT,EUR,2025-02-25,closed,1000,2025-02-25 07:27:20
ACC001139,CUST00574,CREDIT,USD,2025-04-09,closed,0,2025-04-09 14:22:43
ACC001140,CUST00575,SAVINGS,usd,2025-03-23,ACTIVE,0,2025-03-23 13:22:51
ACC001141,CUST00576,CREDIT,EUR,2025-02-04,active,1000,2025-02-04 08:31:53
ACC001142,CUST00576,CREDIT,EUR,2025-03-12,active,25000,2025-03-12 07:29:23
ACC001143,CUST00576,credit,usd,2025-01-28,FROZEN,1000,2025-01-28 17:25:19
ACC001144,CUST00577,savings,NGN,2024-06-03,CLOSED,0,2024-06-03 03:17:46
ACC001145,CUST00578,checking,CAD,2025-04-23,active,0,2025-04-23 11:35:52
ACC001146,CUST00578,SAVINGS,CAD,2024-07-03,active,0,2024-07-03 11:01:17
ACC001147,CUST00579,SAVINGS,INR,2024-11-23,ACTIVE,0,2024-11-23 03:15:15
ACC001148,CUST00579,SAVINGS,NGN,2024-08-19,active,0,2024-08-19 16:17:00
ACC001149,CUST00579,SAVINGS,usd,2024-09-05,FROZEN,0,2024-09-05 00:26:23
ACC001150,CUST00580,CREDIT,USD,2024-05-28,closed,0,2024-05-28 00:48:24
ACC001151,CUST00580,CREDIT,CAD,2024-05-02,ACTIVE,0,2024-05-02 07:16:29
ACC001152,CUST00581,CREDIT,USD,2024-02-23,FROZEN,0,2024-02-23 08:13:44
ACC001153,CUST00582,CHECKING,CAD,2025-01-19,ACTIVE,0,2025-01-19 22:35:10
ACC001154,CUST00582,checking,INR,2024-11-28,active,0,2024-11-28 22:49:07
ACC001155,CUST00583,SAVINGS,usd,2025-03-18,active,0,2025-03-18 09:41:45
ACC001156,CUST00583,SAVINGS,EUR,2025-05-31,CLOSED,0,2025-05-31 10:53:23
ACC001157,CUST00583,checking,JPY,2025-06-21,active,0,2025-06-21 03:54:41
ACC001158,CUST00584,CREDIT,JPY,2024-12-08,ACTIVE,0,2024-12-08 18:48:17
ACC001159,CUST00584,SAVINGS,usd,2025-03-28,FROZEN,0,2025-03-28 00:55:53
ACC001160,CUST00585,CREDIT,EUR,2024-10-11,ACTIVE,5000,2024-10-11 03:12:43
ACC001161,CUST00585,checking,EUR,2025-06-14,closed,0,2025-06-14 12:53:16
ACC001162,CUST00585,savings,JPY,2025-02-10,CLOSED,0,2025-02-10 01:31:48
ACC001163,CUST00586,credit,usd,2024-08-31,FROZEN,5000,2024-08-31 09:30:38
ACC001164,CUST00586,SAVINGS,EUR,2024-12-10,active,0,2024-12-10 05:54:50
ACC001165,CUST00587,savings,USD,2024-05-29,FROZEN,0,2024-05-29 06:54:55
ACC001166,CUST00587,savings,usd,2024-02-18,closed,0,2024-02-18 12:50:02
ACC001167,CUST00588,CREDIT,JPY,2024-11-23,closed,5000,2024-11-23 23:32:31
ACC001168,CUST00589,CREDIT,GBP,2025-05-16,FROZEN,10000,2025-05-16 23:31:08
ACC001169,CUST00589,checking,INR,2025-02-21,active,0,2025-02-21 04:46:57
ACC001170,CUST00590,savings,NGN,2025-06-14,CLOSED,0,2025-06-14 14:57:09
ACC001171,CUST00590,CHECKING,INR,2025-04-27,ACTIVE,0,2025-04-27 05:15:33
ACC001172,CUST00591,SAVINGS,JPY,2024-12-10,CLOSED,0,2024-12-10 12:19:08
ACC001173,CUST00591,savings,gbp,2025-06-24,CLOSED,0,2025-06-24 18:28:23
ACC001174,CUST00592,CREDIT,USD,2024-06-25,active,25000,2024-06-25 19:25:41
ACC001175,CUST00592,SAVINGS,JPY,2024-07-22,active,0,2024-07-22 06:34:31
ACC001176,CUST00593,credit,JPY,2024-12-13,ACTIVE,0,2024-12-13 14:55:38
ACC001177,CUST00593,SAVINGS,NGN,2024-05-20,active,0,2024-05-20 16:00:44
ACC001178,CUST00593,CREDIT,NGN,2025-01-12,closed,0,2025-01-12 05:23:10
ACC001179,CUST00594,CREDIT,USD,2024-08-16,active,0,2024-08-16 11:34:07
ACC001180,CUST00594,savings,EUR,2024-06-15,active,0,2024-06-15 14:58:58
ACC001181,CUST00594,CHECKING,GBP,2024-12-04,CLOSED,0,2024-12-04 19:01:15
ACC001182,CUST00595,credit,USD,2025-06-06,ACTIVE,5000,2025-06-06 19:27:37
ACC001183,CUST00596,credit,gbp,2025-01-13,ACTIVE,0,2025-01-13 00:20:14
ACC001184,CUST00596,credit,CAD,2025-01-26,active,25000,2025-01-26 08:34:22
ACC001185,CUST00597,SAVINGS,NGN,2024-11-07,ACTIVE,0,2024-11-07 09:09:33
ACC001186,CUST00597,checking,GBP,2024-09-12,closed,0,2024-09-12 02:43:37
ACC001187,CUST00598,savings,gbp,2024-12-11,active,0,2024-12-11 12:55:21
ACC001188,CUST00598,savings,USD,2024-12-22,CLOSED,0,2024-12-22 17:54:38
ACC001189,CUST00598,savings,gbp,2025-04-11,active,0,2025-04-11 06:48:20
ACC001190,CUST00599,CREDIT,NGN,2025-01-11,ACTIVE,0,2025-01-11 10:05:48
ACC001191,CUST00599,checking,GBP,2025-03-28,ACTIVE,0,2025-03-28 10:10:41
ACC001192,CUST00600,CHECKING,EUR,2024-12-08,CLOSED,0,2024-12-08 10:06:08
ACC001193,CUST00600,checking,JPY,2024-11-19,FROZEN,0,2024-11-19 19:49:40
ACC001194,CUST00600,credit,NGN,2024-12-28,FROZEN,0,2024-12-28 23:58:15
ACC001195,CUST00601,SAVINGS,gbp,2025-03-12,ACTIVE,0,2025-03-12 14:54:08
ACC001196,CUST00601,CHECKING,NGN,2025-06-12,active,0,2025-06-12 18:28:01
ACC001197,CUST00601,CREDIT,INR,2025-02-01,active,25000,2025-02-01 19:08:00
ACC001198,CUST00602,CHECKING,INR,2025-06-15,CLOSED,0,2025-06-15 12:25:28
ACC001199,CUST00603,checking,USD,2024-09-26,CLOSED,0,2024-09-26 06:23:06
ACC001200,CUST00604,credit,usd,2024-09-13,active,25000,2024-09-13 11:16:59
ACC001201,CUST00605,SAVINGS,INR,2025-06-29,active,0,2025-06-29 11:36:10
ACC001202,CUST00605,CREDIT,USD,2025-05-26,closed,25000,2025-05-26 19:58:49
ACC001203,CUST00606,checking,CAD,2025-05-21,ACTIVE,0,2025-05-21 11:23:52
ACC001204,CUST00607,checking,CAD,2025-03-02,FROZEN,0,2025-03-02 18:13:43
ACC001205,CUST00607,SAVINGS,INR,2025-04-03,active,0,2025-04-03 02:01:28
ACC001206,CUST00607,savings,NGN,2025-03-10,active,0,2025-03-10 22:58:27
ACC001207,CUST00608,CHECKING,GBP,2025-03-03,active,0,2025-03-03 08:28:59
ACC001208,CUST00608,checking,CAD,2025-04-19,CLOSED,0,2025-04-19 14:03:17
ACC001209,CUST00609,CHECKING,GBP,2025-02-13,closed,0,2025-02-13 04:05:01
ACC001210,CUST00610,CREDIT,EUR,2025-01-18,closed,0,2025-01-18 18:33:04
ACC001211,CUST00610,CHECKING,usd,2025-01-30,ACTIVE,0,2025-01-30 07:48:49
ACC001212,CUST00610,CREDIT,USD,2025-03-07,closed,5000,2025-03-07 04:46:12
ACC001213,CUST00611,credit,CAD,2024-08-13,ACTIVE,0,2024-08-13 23:43:29
ACC001214,CUST00611,CHECKING,GBP,2024-08-03,ACTIVE,0,2024-08-03 17:23:27
ACC001215,CUST00611,CHECKING,USD,2024-11-04,CLOSED,0,2024-11-04 01:09:58
ACC001216,CUST00612,checking,USD,2025-03-12,closed,0,2025-03-12 05:34:21
ACC001217,CUST00612,CHECKING,USD,2025-06-02,CLOSED,0,2025-06-02 22:35:56
ACC001218,CUST00612,credit,gbp,2025-06-07,closed,1000,2025-06-07 23:20:42
ACC001219,CUST00613,credit,INR,2025-03-01,closed,0,2025-03-01 15:14:21
ACC001220,CUST00613,SAVINGS,INR,2024-12-14,CLOSED,0,2024-12-14 02:33:47
ACC001221,CUST00614,CREDIT,GBP,2025-05-02,active,0,2025-05-02 04:50:00
ACC001222,CUST00615,credit,NGN,2025-04-07,FROZEN,0,2025-04-07 10:08:20
ACC001223,CUST00615,SAVINGS,USD,2024-10-04,CLOSED,0,2024-10-04 06:15:34
ACC001224,CUST00616,CHECKING,INR,2024-08-12,CLOSED,0,2024-08-12 20:03:07
ACC001225,CUST00616,checking,NGN,2025-06-17,active,0,2025-06-17 14:15:50
ACC001226,CUST00617,checking,NGN,2025-03-24,CLOSED,0,2025-03-24 12:49:33
ACC001227,CUST00617,savings,INR,2025-04-06,CLOSED,0,2025-04-06 02:44:33
ACC001228,CUST00617,savings,CAD,2025-03-31,FROZEN,0,2025-03-31 10:16:29
ACC001229,CUST00618,checking,JPY,2025-04-20,active,0,2025-04-20 21:51:34
ACC001230,CUST00618,checking,GBP,2025-02-20,closed,0,2025-02-20 12:57:09
ACC001231,CUST00619,savings,JPY,2025-03-29,CLOSED,0,2025-03-29 03:16:20
ACC001232,CUST00620,SAVINGS,GBP,2025-04-23,CLOSED,0,2025-04-23 01:15:27
ACC001233,CUST00620,savings,usd,2025-01-15,closed,0,2025-01-15 10:39:08
ACC001234,CUST00621,SAVINGS,NGN,2025-02-27,ACTIVE,0,2025-02-27 07:51:08
ACC001235,CUST00621,checking,CAD,2024-08-14,closed,0,2024-08-14 21:16:01
ACC001236,CUST00621,credit,JPY,2024-07-12,CLOSED,1000,2024-07-12 17:27:37
ACC001237,CUST00622,CHECKING,GBP,2025-01-28,CLOSED,0,2025-01-28 01:45:07
ACC001238,CUST00623,checking,gbp,2025-05-28,closed,0,2025-05-28 12:24:54
ACC001239,CUST00623,checking,NGN,2025-06-17,closed,0,2025-06-17 08:55:06
ACC001240,CUST00623,checking,EUR,2025-06-19,CLOSED,0,2025-06-19 19:43:35
ACC001241,CUST00624,checking,EUR,2025-05-30,CLOSED,0,2025-05-30 23:44:23
ACC001242,CUST00624,CREDIT,JPY,2025-05-01,ACTIVE,25000,2025-05-01 09:40:00
ACC001243,CUST00625,CHECKING,usd,2024-04-22,ACTIVE,0,2024-04-22 09:24:55
ACC001244,CUST00625,CHECKING,CAD,2024-02-13,ACTIVE,0,2024-02-13 17:35:45
ACC001245,CUST00625,SAVINGS,GBP,2024-10-07,active,0,2024-10-07 08:13:16
ACC001246,CUST00626,CHECKING,CAD,2024-09-07,closed,0,2024-09-07 21:22:05
ACC001247,CUST00627,savings,INR,2025-03-29,FROZEN,0,2025-03-29 04:16:07
ACC001248,CUST00627,checking,gbp,2025-06-30,FROZEN,0,2025-06-30 12:06:52
ACC001249,CUST00628,checking,EUR,2024-09-04,CLOSED,0,2024-09-04 03:07:08
ACC001250,CUST00629,CREDIT,EUR,2025-02-04,closed,1000,2025-02-04 17:26:37
ACC001251,CUST00630,savings,gbp,2025-06-12,active,0,2025-06-12 07:29:27
ACC001252,CUST00630,credit,INR,2024-05-08,ACTIVE,0,2024-05-08 01:11:30
ACC001253,CUST00630,checking,NGN,2024-03-11,CLOSED,0,2024-03-11 14:03:56
ACC001254,CUST00631,checking,USD,2025-06-02,closed,0,2025-06-02 04:50:39
ACC001255,CUST00631,savings,EUR,2025-04-18,CLOSED,0,2025-04-18 17:39:56
ACC001256,CUST00632,savings,CAD,2025-06-25,FROZEN,0,2025-06-25 19:49:14
ACC001257,CUST00633,SAVINGS,usd,2025-06-03,active,0,2025-06-03 06:41:32
ACC001258,CUST00634,SAVINGS,NGN,2025-05-05,active,0,2025-05-05 16:46:58
ACC001259,CUST00635,credit,CAD,2025-06-08,FROZEN,0,2025-06-08 14:10:33
ACC001260,CUST00636,SAVINGS,INR,2024-05-23,ACTIVE,0,2024-05-23 12:35:14
ACC001261,CUST00636,savings,EUR,2025-06-21,FROZEN,0,2025-06-21 12:24:48
ACC001262,CUST00636,checking,JPY,2024-10-02,FROZEN,0,2024-10-02 06:57:48
ACC001263,CUST00637,savings,CAD,2024-05-04,active,0,2024-05-04 05:02:03
ACC001264,CUST00637,credit,gbp,2024-05-26,FROZEN,0,2024-05-26 09:33:23
ACC001265,CUST00637,savings,CAD,2025-03-30,ACTIVE,0,2025-03-30 16:40:53
ACC001266,CUST00638,credit,CAD,2025-02-12,closed,0,2025-02-12 19:22:13
ACC001267,CUST00638,checking,USD,2024-03-18,closed,0,2024-03-18 08:51:00
ACC001268,CUST00639,savings,GBP,2024-12-28,CLOSED,0,2024-12-28 02:55:55
ACC001269,CUST00640,CHECKING,gbp,2025-04-14,CLOSED,0,2025-04-14 20:07:25
ACC001270,CUST00640,SAVINGS,JPY,2025-03-25,CLOSED,0,2025-03-25 08:20:38
ACC001271,CUST00641,checking,CAD,2025-01-08,FROZEN,0,2025-01-08 17:44:27
ACC001272,CUST00641,checking,INR,2025-06-21,FROZEN,0,2025-06-21 01:09:32
ACC001273,CUST00642,savings,usd,2024-12-31,FROZEN,0,2024-12-31 08:28:09
ACC001274,CUST00642,CHECKING,USD,2025-06-14,active,0,2025-06-14 14:16:42
ACC001275,CUST00643,CHECKING,EUR,2024-09-10,FROZEN,0,2024-09-10 17:07:18
ACC001276,CUST00644,CREDIT,GBP,2024-10-07,ACTIVE,25000,2024-10-07 19:26:28
ACC001277,CUST00645,credit,CAD,2025-02-07,closed,0,2025-02-07 20:57:00
ACC001278,CUST00646,CREDIT,INR,2024-06-12,FROZEN,10000,2024-06-12 08:35:43
ACC001279,CUST00647,CREDIT,USD,2024-08-16,active,0,2024-08-16 02:25:57
ACC001280,CUST00647,credit,EUR,2024-09-21,ACTIVE,0,2024-09-21 11:40:24
ACC001281,CUST00647,CHECKING,USD,2025-04-10,CLOSED,0,2025-04-10 22:36:58
ACC001282,CUST00648,checking,USD,2025-03-31,ACTIVE,0,2025-03-31 06:12:42
ACC001283,CUST00648,SAVINGS,JPY,2025-04-30,active,0,2025-04-30 03:05:20
ACC001284,CUST00648,checking,INR,2025-05-17,closed,0,2025-05-17 10:31:34
ACC001285,CUST00649,savings,gbp,2025-01-07,closed,0,2025-01-07 06:15:01
ACC001286,CUST00649,savings,EUR,2024-11-19,closed,0,2024-11-19 19:02:37
ACC001287,CUST00649,CHECKING,EUR,2024-10-29,active,0,2024-10-29 10:50:42
ACC001288,CUST00650,CREDIT,GBP,2025-01-27,ACTIVE,5000,2025-01-27 22:35:20
ACC001289,CUST00650,CHECKING,GBP,2025-05-16,active,0,2025-05-16 11:36:09
ACC001290,CUST00651,checking,NGN,2024-07-05,closed,0,2024-07-05 20:55:31
ACC001291,CUST00651,CREDIT,JPY,2024-08-28,FROZEN,1000,2024-08-28 11:15:08
ACC001292,CUST00652,SAVINGS,CAD,2025-04-19,active,0,2025-04-19 15:29:07
ACC001293,CUST00653,credit,gbp,2024-11-20,FROZEN,10000,2024-11-20 17:05:12
ACC001294,CUST00653,CHECKING,USD,2025-01-19,ACTIVE,0,2025-01-19 15:05:27
ACC001295,CUST00653,SAVINGS,USD,2025-05-28,closed,0,2025-05-28 19:41:47
ACC001296,CUST00654,credit,INR,2025-03-07,ACTIVE,25000,2025-03-07 12:36:05
ACC001297,CUST00654,CHECKING,CAD,2025-06-30,closed,0,2025-06-30 23:24:11
ACC001298,CUST00655,credit,gbp,2025-06-15,FROZEN,0,2025-06-15 07:27:57
ACC001299,CUST00655,SAVINGS,INR,2025-02-15,FROZEN,0,2025-02-15 03:16:40
ACC001300,CUST00656,savings,CAD,2025-01-04,closed,0,2025-01-04 14:30:23
ACC001301,CUST00656,checking,GBP,2025-06-26,closed,0,2025-06-26 07:37:03
ACC001302,CUST00657,credit,NGN,2024-09-13,CLOSED,0,2024-09-13 13:59:16
ACC001303,CUST00658,savings,INR,2024-11-10,CLOSED,0,2024-11-10 23:19:36
ACC001304,CUST00658,checking,EUR,2024-12-30,CLOSED,0,2024-12-30 14:35:22
ACC001305,CUST00659,checking,CAD,2024-03-02,CLOSED,0,2024-03-02 00:20:12
ACC001306,CUST00659,checking,NGN,2025-06-17,FROZEN,0,2025-06-17 00:55:56
ACC001307,CUST00660,credit,EUR,2025-03-05,closed,0,2025-03-05 09:27:13
ACC001308,CUST00661,CHECKING,USD,2024-10-22,CLOSED,0,2024-10-22 13:03:26
ACC001309,CUST00662,SAVINGS,CAD,2024-09-16,active,0,2024-09-16 05:10:03
ACC001310,CUST00662,savings,NGN,2024-07-28,active,0,2024-07-28 10:04:42
ACC001311,CUST00663,SAVINGS,GBP,2025-06-01,active,0,2025-06-01 16:13:40
ACC001312,CUST00663,CREDIT,INR,2025-04-13,CLOSED,10000,2025-04-13 21:39:55
ACC001313,CUST00664,savings,USD,2025-03-13,FROZEN,0,2025-03-13 00:49:05
ACC001314,CUST00664,CHECKING,CAD,2025-03-02,CLOSED,0,2025-03-02 14:02:57
ACC001315,CUST00665,checking,GBP,2025-03-17,closed,0,2025-03-17 04:20:15
ACC001316,CUST00665,checking,NGN,2025-04-25,CLOSED,0,2025-04-25 23:17:10
ACC001317,CUST00665,SAVINGS,EUR,2025-01-22,FROZEN,0,2025-01-22 12:26:00
ACC001318,CUST00666,credit,NGN,2025-03-24,closed,5000,2025-03-24 07:33:23
ACC001319,CUST00666,CREDIT,JPY,2025-02-15,FROZEN,0,2025-02-15 15:50:59
ACC001320,CUST00666,credit,EUR,2025-03-30,FROZEN,0,2025-03-30 05:37:42
ACC001321,CUST00667,CHECKING,USD,2025-03-22,CLOSED,0,2025-03-22 19:06:33
ACC001322,CUST00667,savings,GBP,2025-01-01,active,0,2025-01-01 09:27:31
ACC001323,CUST00667,credit,CAD,2024-11-28,CLOSED,0,2024-11-28 08:49:12
ACC001324,CUST00668,SAVINGS,CAD,2025-04-10,active,0,2025-04-10 01:52:14
ACC001325,CUST00668,SAVINGS,GBP,2024-05-12,closed,0,2024-05-12 17:55:40
ACC001326,CUST00669,checking,INR,2025-01-09,closed,0,2025-01-09 01:10:00
ACC001327,CUST00669,CHECKING,CAD,2025-04-09,closed,0,2025-04-09 10:24:39
ACC001328,CUST00669,savings,EUR,2024-11-15,closed,0,2024-11-15 02:53:41
ACC001329,CUST00670,CREDIT,INR,2024-12-22,closed,1000,2024-12-22 13:50:32
ACC001330,CUST00670,CHECKING,INR,2025-03-04,CLOSED,0,2025-03-04 07:22:04
ACC001331,CUST00671,credit,CAD,2024-12-21,ACTIVE,0,2024-12-21 06:28:01
ACC001332,CUST00672,checking,USD,2024-10-10,FROZEN,0,2024-10-10 12:41:20
ACC001333,CUST00672,CREDIT,JPY,2025-01-03,active,1000,2025-01-03 15:28:01
ACC001334,CUST00673,SAVINGS,INR,2025-06-28,FROZEN,0,2025-06-28 12:47:18
ACC001335,CUST00673,CREDIT,GBP,2025-02-11,closed,0,2025-02-11 20:52:28
ACC001336,CUST00674,SAVINGS,USD,2025-01-19,active,0,2025-01-19 08:55:46
ACC001337,CUST00674,CREDIT,GBP,2025-04-07,CLOSED,0,2025-04-07 15:41:49
ACC001338,CUST00674,credit,USD,2025-03-19,FROZEN,25000,2025-03-19 03:16:56
ACC001339,CUST00675,checking,gbp,2025-01-28,ACTIVE,0,2025-01-28 15:49:39
ACC001340,CUST00675,credit,NGN,2024-12-25,ACTIVE,10000,2024-12-25 14:19:00
ACC001341,CUST00676,checking,INR,2025-02-20,CLOSED,0,2025-02-20 13:33:00
ACC001342,CUST00676,checking,INR,2025-03-27,FROZEN,0,2025-03-27 15:26:20
ACC001343,CUST00677,savings,gbp,2025-03-12,active,0,2025-03-12 02:50:41
ACC001344,CUST00678,SAVINGS,EUR,2025-04-13,closed,0,2025-04-13 02:44:55
ACC001345,CUST00678,SAVINGS,USD,2024-08-03,ACTIVE,0,2024-08-03 20:04:43
ACC001346,CUST00678,SAVINGS,JPY,2024-06-05,CLOSED,0,2024-06-05 17:14:40
ACC001347,CUST00679,SAVINGS,NGN,2025-03-23,closed,0,2025-03-23 12:36:58
ACC001348,CUST00679,credit,CAD,2025-02-28,CLOSED,1000,2025-02-28 22:40:36
ACC001349,CUST00680,CREDIT,USD,2024-09-11,FROZEN,25000,2024-09-11 16:27:37
ACC001350,CUST00681,CREDIT,JPY,2025-01-13,ACTIVE,0,2025-01-13 15:55:53
ACC001351,CUST00681,credit,EUR,2025-03-15,CLOSED,10000,2025-03-15 16:46:00
ACC001352,CUST00682,checking,EUR,2024-04-08,ACTIVE,0,2024-04-08 17:38:53
ACC001353,CUST00683,credit,usd,2024-06-09,FROZEN,0,2024-06-09 21:39:22
ACC001354,CUST00683,SAVINGS,usd,2024-11-07,CLOSED,0,2024-11-07 08:28:22
ACC001355,CUST00683,CHECKING,INR,2024-10-27,CLOSED,0,2024-10-27 20:40:00
ACC001356,CUST00684,CREDIT,NGN,2025-01-03,active,1000,2025-01-03 01:38:31
ACC001357,CUST00684,CHECKING,GBP,2025-04-07,CLOSED,0,2025-04-07 10:19:10
ACC001358,CUST00684,CHECKING,gbp,2025-01-21,active,0,2025-01-21 21:16:31
ACC001359,CUST00685,credit,JPY,2024-05-26,ACTIVE,10000,2024-05-26 21:30:02
ACC001360,CUST00686,savings,USD,2024-08-11,ACTIVE,0,2024-08-11 03:59:42
ACC001361,CUST00687,checking,EUR,2025-06-04,active,0,2025-06-04 13:59:27
ACC001362,CUST00688,SAVINGS,NGN,2025-01-06,CLOSED,0,2025-01-06 01:34:25
ACC001363,CUST00688,CREDIT,gbp,2024-09-11,CLOSED,25000,2024-09-11 11:28:35
ACC001364,CUST00688,credit,NGN,2024-09-13,closed,10000,2024-09-13 03:09:29
ACC001365,CUST00689,checking,USD,2024-07-07,active,0,2024-07-07 04:04:40
ACC001366,CUST00690,savings,USD,2025-06-18,FROZEN,0,2025-06-18 15:02:44
ACC001367,CUST00691,CREDIT,JPY,2024-12-12,active,0,2024-12-12 07:30:07
ACC001368,CUST00691,checking,EUR,2025-04-14,closed,0,2025-04-14 05:59:59
ACC001369,CUST00691,credit,gbp,2024-11-13,FROZEN,10000,2024-11-13 20:30:23
ACC001370,CUST00692,CREDIT,EUR,2025-05-11,active,1000,2025-05-11 08:44:03
ACC001371,CUST00692,SAVINGS,GBP,2025-03-26,FROZEN,0,2025-03-26 12:41:10
ACC001372,CUST00692,savings,usd,2025-03-28,FROZEN,0,2025-03-28 02:33:42
ACC001373,CUST00693,savings,JPY,2024-04-02,CLOSED,0,2024-04-02 09:11:48
ACC001374,CUST00693,checking,usd,2024-08-16,ACTIVE,0,2024-08-16 21:50:06
ACC001375,CUST00694,credit,GBP,2024-04-23,active,25000,2024-04-23 21:35:03
ACC001376,CUST00694,credit,gbp,2025-04-18,active,10000,2025-04-18 21:25:42
ACC001377,CUST00695,SAVINGS,CAD,2025-05-24,CLOSED,0,2025-05-24 15:00:37
ACC001378,CUST00695,credit,GBP,2024-08-01,closed,10000,2024-08-01 02:44:32
ACC001379,CUST00695,SAVINGS,GBP,2025-06-21,closed,0,2025-06-21 17:19:33
ACC001380,CUST00696,CHECKING,GBP,2024-12-18,active,0,2024-12-18 08:29:31
ACC001381,CUST00697,savings,NGN,2025-03-07,FROZEN,0,2025-03-07 03:20:47
ACC001382,CUST00697,savings,EUR,2025-06-12,CLOSED,0,2025-06-12 19:47:28
ACC001383,CUST00698,CREDIT,GBP,2025-06-27,ACTIVE,0,2025-06-27 14:37:35
ACC001384,CUST00698,CHECKING,USD,2024-07-10,closed,0,2024-07-10 07:30:03
ACC001385,CUST00699,SAVINGS,USD,2024-04-19,FROZEN,0,2024-04-19 17:00:18
ACC001386,CUST00700,credit,EUR,2024-12-15,ACTIVE,5000,2024-12-15 03:06:02
ACC001387,CUST00700,SAVINGS,GBP,2024-08-09,active,0,2024-08-09 19:00:31
ACC001388,CUST00701,CHECKING,gbp,2025-05-03,CLOSED,0,2025-05-03 18:56:35
ACC001389,CUST00701,SAVINGS,USD,2024-12-18,ACTIVE,0,2024-12-18 16:43:55
ACC001390,CUST00702,SAVINGS,INR,2024-05-23,active,0,2024-05-23 04:03:12
ACC001391,CUST00702,credit,USD,2024-05-06,CLOSED,10000,2024-05-06 11:01:15
ACC001392,CUST00703,CHECKING,usd,2024-12-07,active,0,2024-12-07 13:41:46
ACC001393,CUST00704,SAVINGS,USD,2025-03-13,closed,0,2025-03-13 01:47:54
ACC001394,CUST00704,CHECKING,EUR,2025-06-01,active,0,2025-06-01 07:21:39
ACC001395,CUST00705,credit,USD,2025-01-02,ACTIVE,1000,2025-01-02 09:19:53
ACC001396,CUST00706,savings,NGN,2024-12-23,active,0,2024-12-23 23:04:33
ACC001397,CUST00706,CREDIT,usd,2024-07-14,FROZEN,0,2024-07-14 03:40:35
ACC001398,CUST00707,credit,GBP,2025-03-02,FROZEN,1000,2025-03-02 16:12:17
ACC001399,CUST00707,credit,GBP,2025-01-11,active,0,2025-01-11 17:46:20
ACC001400,CUST00707,savings,USD,2025-05-20,ACTIVE,0,2025-05-20 22:07:09
ACC001401,CUST00708,CREDIT,INR,2025-03-20,active,10000,2025-03-20 03:24:34
ACC001402,CUST00708,SAVINGS,CAD,2024-05-22,ACTIVE,0,2024-05-22 17:38:02
ACC001403,CUST00708,savings,INR,2025-01-26,closed,0,2025-01-26 06:54:54
ACC001404,CUST00709,credit,JPY,2024-12-03,closed,0,2024-12-03 23:06:17
ACC001405,CUST00710,credit,CAD,2025-04-29,CLOSED,10000,2025-04-29 06:37:21
ACC001406,CUST00711,savings,CAD,2025-04-19,CLOSED,0,2025-04-19 07:57:57
ACC001407,CUST00712,SAVINGS,EUR,2025-06-28,CLOSED,0,2025-06-28 23:52:41
ACC001408,CUST00712,CREDIT,CAD,2025-05-24,CLOSED,1000,2025-05-24 10:04:48
ACC001409,CUST00713,SAVINGS,EUR,2025-04-27,FROZEN,0,2025-04-27 22:13:52
ACC001410,CUST00714,savings,JPY,2025-04-30,active,0,2025-04-30 09:13:07
ACC001411,CUST00714,SAVINGS,JPY,2024-06-05,active,0,2024-06-05 05:01:28
ACC001412,CUST00715,CREDIT,EUR,2024-12-05,closed,10000,2024-12-05 16:24:27
ACC001413,CUST00715,checking,NGN,2024-09-18,ACTIVE,0,2024-09-18 04:25:57
ACC001414,CUST00715,savings,usd,2025-06-10,closed,0,2025-06-10 19:02:54
ACC001415,CUST00716,CREDIT,USD,2024-10-18,FROZEN,0,2024-10-18 07:16:02
ACC001416,CUST00716,credit,GBP,2025-05-03,FROZEN,0,2025-05-03 18:33:08
ACC001417,CUST00716,CHECKING,CAD,2025-04-09,FROZEN,0,2025-04-09 23:29:16
ACC001418,CUST00717,CREDIT,NGN,2025-02-04,active,10000,2025-02-04 09:17:55
ACC001419,CUST00717,SAVINGS,NGN,2025-04-16,ACTIVE,0,2025-04-16 02:12:39
ACC001420,CUST00717,credit,INR,2024-11-30,active,10000,2024-11-30 16:44:47
ACC001421,CUST00718,credit,JPY,2024-09-13,ACTIVE,0,2024-09-13 06:44:48
ACC001422,CUST00718,checking,usd,2025-05-09,FROZEN,0,2025-05-09 15:15:05
ACC001423,CUST00718,savings,gbp,2024-10-24,active,0,2024-10-24 20:06:01
ACC001424,CUST00719,checking,USD,2024-07-30,ACTIVE,0,2024-07-30 00:30:58
ACC001425,CUST00719,SAVINGS,usd,2024-06-09,active,0,2024-06-09 03:41:54
ACC001426,CUST00719,credit,usd,2024-10-07,FROZEN,0,2024-10-07 05:57:43
ACC001427,CUST00720,savings,CAD,2024-08-14,CLOSED,0,2024-08-14 04:43:18
ACC001428,CUST00720,credit,gbp,2024-07-03,FROZEN,5000,2024-07-03 02:30:18
ACC001429,CUST00721,checking,gbp,2024-10-18,CLOSED,0,2024-10-18 04:56:22
ACC001430,CUST00721,CREDIT,USD,2025-04-25,CLOSED,1000,2025-04-25 23:48:05
ACC001431,CUST00722,SAVINGS,CAD,2025-04-03,ACTIVE,0,2025-04-03 04:17:23
ACC001432,CUST00723,savings,JPY,2025-04-26,ACTIVE,0,2025-04-26 20:29:49
ACC001433,CUST00723,credit,CAD,2025-03-18,CLOSED,5000,2025-03-18 07:43:48
ACC001434,CUST00724,CHECKING,INR,2024-12-17,ACTIVE,0,2024-12-17 03:06:13
ACC001435,CUST00725,CREDIT,usd,2024-09-30,active,0,2024-09-30 20:32:08
ACC001436,CUST00725,savings,NGN,2024-05-31,FROZEN,0,2024-05-31 00:23:30
ACC001437,CUST00726,CHECKING,CAD,2025-05-01,FROZEN,0,2025-05-01 12:00:14
ACC001438,CUST00727,checking,NGN,2025-04-30,ACTIVE,0,2025-04-30 10:57:31
ACC001439,CUST00727,credit,USD,2024-05-22,closed,0,2024-05-22 23:53:35
ACC001440,CUST00727,CHECKING,JPY,2025-04-25,active,0,2025-04-25 04:46:30
ACC001441,CUST00728,credit,NGN,2024-12-15,closed,5000,2024-12-15 09:32:46
ACC001442,CUST00728,SAVINGS,usd,2024-06-22,closed,0,2024-06-22 20:06:40
ACC001443,CUST00729,savings,gbp,2024-09-30,active,0,2024-09-30 02:04:44
ACC001444,CUST00729,SAVINGS,CAD,2024-06-17,CLOSED,0,2024-06-17 22:13:59
ACC001445,CUST00730,CHECKING,GBP,2024-05-25,CLOSED,0,2024-05-25 05:36:36
ACC001446,CUST00731,CHECKING,NGN,2024-09-24,active,0,2024-09-24 17:14:45
ACC001447,CUST00731,savings,USD,2025-04-15,FROZEN,0,2025-04-15 23:52:26
ACC001448,CUST00732,SAVINGS,INR,2024-08-21,active,0,2024-08-21 12:54:00
ACC001449,CUST00733,credit,usd,2025-02-17,active,0,2025-02-17 09:10:57
ACC001450,CUST00733,checking,USD,2024-06-25,CLOSED,0,2024-06-25 02:58:30
ACC001451,CUST00733,SAVINGS,NGN,2025-03-29,ACTIVE,0,2025-03-29 08:49:31
ACC001452,CUST00734,credit,JPY,2024-12-31,ACTIVE,0,2024-12-31 22:59:16
ACC001453,CUST00734,savings,USD,2024-11-20,FROZEN,0,2024-11-20 13:51:50
ACC001454,CUST00734,CREDIT,NGN,2024-11-27,ACTIVE,10000,2024-11-27 10:31:40
ACC001455,CUST00735,SAVINGS,CAD,2024-08-20,CLOSED,0,2024-08-20 21:09:47
ACC001456,CUST00736,checking,EUR,2025-05-10,ACTIVE,0,2025-05-10 22:38:27
ACC001457,CUST00736,checking,usd,2024-11-04,closed,0,2024-11-04 08:42:53
ACC001458,CUST00737,savings,JPY,2025-02-01,FROZEN,0,2025-02-01 07:40:17
ACC001459,CUST00738,savings,usd,2025-01-28,active,0,2025-01-28 03:23:59
ACC001460,CUST00738,savings,usd,2025-06-01,closed,0,2025-06-01 01:45:23
ACC001461,CUST00738,checking,GBP,2024-11-02,active,0,2024-11-02 10:33:02
ACC001462,CUST00739,credit,NGN,2024-08-17,ACTIVE,10000,2024-08-17 11:18:15
ACC001463,CUST00739,CHECKING,JPY,2025-02-18,ACTIVE,0,2025-02-18 19:56:45
ACC001464,CUST00740,credit,JPY,2025-02-26,ACTIVE,0,2025-02-26 10:33:55
ACC001465,CUST00741,SAVINGS,GBP,2024-11-14,CLOSED,0,2024-11-14 05:30:30
ACC001466,CUST00741,checking,INR,2024-12-13,CLOSED,0,2024-12-13 22:31:59
ACC001467,CUST00742,CHECKING,EUR,2025-04-10,CLOSED,0,2025-04-10 13:52:59
ACC001468,CUST00742,credit,JPY,2025-06-15,ACTIVE,10000,2025-06-15 09:19:06
ACC001469,CUST00743,checking,JPY,2025-05-18,active,0,2025-05-18 12:49:44
ACC001470,CUST00744,CREDIT,EUR,2025-06-06,active,0,2025-06-06 12:22:42
ACC001471,CUST00745,savings,CAD,2025-03-27,active,0,2025-03-27 14:19:30
ACC001472,CUST00745,SAVINGS,NGN,2025-04-25,ACTIVE,0,2025-04-25 13:17:32
ACC001473,CUST00745,savings,USD,2025-03-27,FROZEN,0,2025-03-27 04:36:19
ACC001474,CUST00746,checking,CAD,2024-08-04,CLOSED,0,2024-08-04 17:51:31
ACC001475,CUST00746,CREDIT,GBP,2025-01-15,active,25000,2025-01-15 16:42:14
ACC001476,CUST00747,CREDIT,EUR,2025-05-30,active,1000,2025-05-30 14:29:16
ACC001477,CUST00747,CREDIT,INR,2025-05-18,ACTIVE,0,2025-05-18 05:46:30
ACC001478,CUST00748,savings,usd,2024-05-23,closed,0,2024-05-23 00:16:44
ACC001479,CUST00748,credit,EUR,2024-07-03,ACTIVE,25000,2024-07-03 21:34:54
ACC001480,CUST00749,savings,gbp,2024-10-10,CLOSED,0,2024-10-10 10:54:49
ACC001481,CUST00749,SAVINGS,JPY,2024-11-29,closed,0,2024-11-29 05:41:51
ACC001482,CUST00750,savings,JPY,2025-03-08,CLOSED,0,2025-03-08 20:02:42
ACC001483,CUST00750,credit,JPY,2025-03-23,closed,5000,2025-03-23 23:19:39
ACC001484,CUST00751,savings,CAD,2024-08-26,ACTIVE,0,2024-08-26 14:50:55
ACC001485,CUST00751,SAVINGS,JPY,2025-05-27,closed,0,2025-05-27 08:12:48
ACC001486,CUST00751,SAVINGS,gbp,2024-06-29,FROZEN,0,2024-06-29 21:10:54
ACC001487,CUST00752,CREDIT,CAD,2025-04-14,FROZEN,0,2025-04-14 20:31:29
ACC001488,CUST00752,CREDIT,CAD,2024-11-27,FROZEN,0,2024-11-27 23:30:27
ACC001489,CUST00753,CREDIT,NGN,2024-11-26,FROZEN,10000,2024-11-26 04:49:27
ACC001490,CUST00754,savings,GBP,2025-06-02,closed,0,2025-06-02 03:31:54
ACC001491,CUST00754,credit,GBP,2024-12-06,FROZEN,0,2024-12-06 02:09:43
ACC001492,CUST00755,checking,INR,2025-04-10,closed,0,2025-04-10 17:15:53
ACC001493,CUST00755,checking,usd,2025-06-26,FROZEN,0,2025-06-26 23:48:05
ACC001494,CUST00755,checking,CAD,2025-03-12,active,0,2025-03-12 22:27:35
ACC001495,CUST00756,SAVINGS,GBP,2025-03-08,CLOSED,0,2025-03-08 23:55:31
ACC001496,CUST00756,credit,INR,2025-02-27,closed,0,2025-02-27 04:48:49
ACC001497,CUST00756,checking,gbp,2024-11-08,closed,0,2024-11-08 04:08:48
ACC001498,CUST00757,CHECKING,NGN,2024-09-19,closed,0,2024-09-19 03:36:23
ACC001499,CUST00758,CHECKING,GBP,2024-06-26,FROZEN,0,2024-06-26 06:27:04
ACC001500,CUST00758,savings,INR,2025-06-20,closed,0,2025-06-20 07:46:33
ACC001501,CUST00759,CREDIT,NGN,2025-04-13,active,5000,2025-04-13 19:20:26
ACC001502,CUST00759,CHECKING,NGN,2025-04-11,CLOSED,0,2025-04-11 14:15:26
ACC001503,CUST00759,CHECKING,INR,2025-06-14,CLOSED,0,2025-06-14 14:10:03
ACC001504,CUST00760,CHECKING,EUR,2024-12-19,active,0,2024-12-19 14:41:41
ACC001505,CUST00760,SAVINGS,USD,2024-10-06,ACTIVE,0,2024-10-06 17:39:56
ACC001506,CUST00761,CHECKING,JPY,2025-03-30,closed,0,2025-03-30 20:34:21
ACC001507,CUST00762,CHECKING,NGN,2024-08-15,active,0,2024-08-15 23:19:13
ACC001508,CUST00762,credit,USD,2024-06-09,ACTIVE,5000,2024-06-09 00:29:12
ACC001509,CUST00763,CREDIT,gbp,2025-04-04,FROZEN,10000,2025-04-04 02:42:53
ACC001510,CUST00764,checking,GBP,2024-10-27,closed,0,2024-10-27 22:36:19
ACC001511,CUST00764,CREDIT,GBP,2024-11-17,active,0,2024-11-17 04:18:54
ACC001512,CUST00765,CREDIT,GBP,2025-05-31,active,0,2025-05-31 00:57:12
ACC001513,CUST00766,CREDIT,USD,2025-03-18,active,5000,2025-03-18 10:42:23
ACC001514,CUST00766,CREDIT,gbp,2025-02-24,CLOSED,10000,2025-02-24 16:55:08
ACC001515,CUST00767,checking,NGN,2025-02-27,active,0,2025-02-27 13:55:05
ACC001516,CUST00768,CREDIT,EUR,2025-04-16,active,0,2025-04-16 21:49:26
ACC001517,CUST00769,CHECKING,GBP,2024-09-20,FROZEN,0,2024-09-20 16:55:06
ACC001518,CUST00769,CREDIT,NGN,2025-01-26,CLOSED,25000,2025-01-26 00:17:43
ACC001519,CUST00770,CHECKING,usd,2025-02-26,CLOSED,0,2025-02-26 02:02:26
ACC001520,CUST00771,savings,EUR,2025-04-29,CLOSED,0,2025-04-29 11:37:12
ACC001521,CUST00771,CHECKING,JPY,2025-04-04,FROZEN,0,2025-04-04 15:22:21
ACC001522,CUST00771,credit,NGN,2025-01-26,closed,1000,2025-01-26 15:56:19
ACC001523,CUST00772,CHECKING,INR,2024-10-07,closed,0,2024-10-07 04:00:24
ACC001524,CUST00772,savings,INR,2025-05-23,closed,0,2025-05-23 04:19:15
ACC001525,CUST00773,checking,usd,2025-03-17,closed,0,2025-03-17 10:07:28
ACC001526,CUST00774,savings,EUR,2025-05-15,CLOSED,0,2025-05-15 08:37:00
ACC001527,CUST00774,checking,CAD,2024-11-11,FROZEN,0,2024-11-11 10:36:00
ACC001528,CUST00774,SAVINGS,GBP,2025-01-27,FROZEN,0,2025-01-27 07:49:37
ACC001529,CUST00775,CREDIT,USD,2024-11-20,closed,1000,2024-11-20 08:40:29
ACC001530,CUST00776,credit,INR,2025-04-04,ACTIVE,0,2025-04-04 16:17:02
ACC001531,CUST00777,SAVINGS,NGN,2025-02-17,ACTIVE,0,2025-02-17 02:41:56
ACC001532,CUST00777,savings,INR,2025-06-10,CLOSED,0,2025-06-10 08:06:38
ACC001533,CUST00778,SAVINGS,CAD,2025-04-30,active,0,2025-04-30 22:15:22
ACC001534,CUST00779,SAVINGS,INR,2024-11-30,active,0,2024-11-30 17:49:17
ACC001535,CUST00779,checking,JPY,2024-06-29,closed,0,2024-06-29 21:50:39
ACC001536,CUST00780,CHECKING,NGN,2024-09-14,FROZEN,0,2024-09-14 00:20:25
ACC001537,CUST00780,checking,usd,2024-05-22,active,0,2024-05-22 06:23:04
ACC001538,CUST00780,CREDIT,JPY,2024-06-25,ACTIVE,10000,2024-06-25 18:01:40
ACC001539,CUST00781,CREDIT,INR,2024-07-29,active,0,2024-07-29 13:25:37
ACC001540,CUST00781,checking,NGN,2025-01-11,FROZEN,0,2025-01-11 16:45:52
ACC001541,CUST00782,savings,gbp,2025-02-02,active,0,2025-02-02 11:37:50
ACC001542,CUST00783,checking,usd,2024-11-07,closed,0,2024-11-07 22:25:28
ACC001543,CUST00783,CREDIT,EUR,2024-11-02,FROZEN,10000,2024-11-02 06:02:27
ACC001544,CUST00783,savings,NGN,2025-05-13,active,0,2025-05-13 19:09:26
ACC001545,CUST00784,checking,usd,2024-02-06,ACTIVE,0,2024-02-06 08:17:31
ACC001546,CUST00785,checking,JPY,2025-03-26,ACTIVE,0,2025-03-26 11:40:22
ACC001547,CUST00786,SAVINGS,EUR,2025-04-30,active,0,2025-04-30 22:25:19
ACC001548,CUST00786,checking,GBP,2025-04-23,ACTIVE,0,2025-04-23 06:02:48
ACC001549,CUST00787,SAVINGS,JPY,2024-10-14,ACTIVE,0,2024-10-14 17:14:28
ACC001550,CUST00787,CREDIT,NGN,2025-02-19,active,0,2025-02-19 12:50:54
ACC001551,CUST00788,savings,EUR,2024-07-03,active,0,2024-07-03 18:36:11
ACC001552,CUST00789,CREDIT,CAD,2025-06-27,closed,25000,2025-06-27 15:31:01
ACC001553,CUST00790,checking,INR,2025-04-02,active,0,2025-04-02 18:57:52
ACC001554,CUST00790,CHECKING,GBP,2025-05-20,active,0,2025-05-20 21:48:52
ACC001555,CUST00791,CHECKING,usd,2025-04-21,CLOSED,0,2025-04-21 16:51:33
ACC001556,CUST00791,CHECKING,gbp,2024-04-21,CLOSED,0,2024-04-21 13:26:20
ACC001557,CUST00791,savings,NGN,2025-02-20,closed,0,2025-02-20 19:16:51
ACC001558,CUST00792,savings,JPY,2025-05-10,CLOSED,0,2025-05-10 01:00:00
ACC001559,CUST00792,CREDIT,NGN,2025-04-09,FROZEN,0,2025-04-09 09:46:10
ACC001560,CUST00792,savings,EUR,2025-02-20,closed,0,2025-02-20 07:05:52
ACC001561,CUST00793,CHECKING,GBP,2024-09-01,ACTIVE,0,2024-09-01 00:38:26
ACC001562,CUST00793,SAVINGS,gbp,2025-03-03,ACTIVE,0,2025-03-03 22:31:28
ACC001563,CUST00794,savings,NGN,2025-04-13,FROZEN,0,2025-04-13 03:58:04
ACC001564,CUST00794,CHECKING,CAD,2025-03-29,CLOSED,0,2025-03-29 02:25:21
ACC001565,CUST00794,CHECKING,GBP,2025-01-20,CLOSED,0,2025-01-20 04:02:41
ACC001566,CUST00795,checking,INR,2025-05-25,closed,0,2025-05-25 09:44:44
ACC001567,CUST00795,credit,gbp,2025-06-10,CLOSED,0,2025-06-10 00:13:13
ACC001568,CUST00795,checking,USD,2024-11-09,active,0,2024-11-09 22:49:42
ACC001569,CUST00796,savings,NGN,2024-09-02,CLOSED,0,2024-09-02 10:46:10
ACC001570,CUST00796,SAVINGS,GBP,2025-02-14,CLOSED,0,2025-02-14 08:02:39
ACC001571,CUST00797,CHECKING,GBP,2025-01-11,active,0,2025-01-11 11:32:13
ACC001572,CUST00798,SAVINGS,CAD,2024-08-12,ACTIVE,0,2024-08-12 16:05:10
ACC001573,CUST00798,savings,NGN,2025-02-22,CLOSED,0,2025-02-22 06:49:15
ACC001574,CUST00798,CREDIT,CAD,2024-07-25,closed,0,2024-07-25 16:19:37
ACC001575,CUST00799,CHECKING,INR,2025-05-13,ACTIVE,0,2025-05-13 06:58:11
ACC001576,CUST00799,SAVINGS,GBP,2025-03-25,FROZEN,0,2025-03-25 21:22:27
ACC001577,CUST00799,checking,USD,2025-05-24,ACTIVE,0,2025-05-24 18:56:59
ACC001578,CUST00800,credit,gbp,2025-06-14,ACTIVE,5000,2025-06-14 12:51:54
ACC001579,CUST00801,checking,JPY,2025-05-13,FROZEN,0,2025-05-13 20:56:48
ACC001580,CUST00802,savings,CAD,2025-03-16,closed,0,2025-03-16 03:00:20
ACC001581,CUST00803,CREDIT,gbp,2025-02-16,FROZEN,0,2025-02-16 17:34:56
ACC001582,CUST00803,CREDIT,usd,2024-10-24,CLOSED,5000,2024-10-24 18:34:29
ACC001583,CUST00804,CREDIT,JPY,2025-04-21,closed,0,2025-04-21 15:18:50
ACC001584,CUST00804,CHECKING,EUR,2025-06-16,CLOSED,0,2025-06-16 23:32:58
ACC001585,CUST00805,credit,gbp,2025-04-01,active,1000,2025-04-01 13:23:23
ACC001586,CUST00805,checking,usd,2024-09-12,closed,0,2024-09-12 05:30:17
ACC001587,CUST00806,savings,GBP,2024-10-06,ACTIVE,0,2024-10-06 02:16:04
ACC001588,CUST00806,SAVINGS,USD,2024-07-08,active,0,2024-07-08 02:14:05
ACC001589,CUST00807,CREDIT,NGN,2025-02-23,active,0,2025-02-23 11:32:44
ACC001590,CUST00808,CREDIT,GBP,2025-04-11,ACTIVE,0,2025-04-11 05:27:56
ACC001591,CUST00808,checking,USD,2025-01-07,FROZEN,0,2025-01-07 20:38:45
ACC001592,CUST00809,CHECKING,GBP,2025-03-05,CLOSED,0,2025-03-05 21:31:11
ACC001593,CUST00809,credit,usd,2024-07-02,ACTIVE,1000,2024-07-02 15:04:51
ACC001594,CUST00809,SAVINGS,CAD,2025-02-15,CLOSED,0,2025-02-15 23:40:55
ACC001595,CUST00810,CREDIT,CAD,2025-06-04,FROZEN,5000,2025-06-04 02:26:05
ACC001596,CUST00810,checking,JPY,2025-05-15,FROZEN,0,2025-05-15 13:17:06
ACC001597,CUST00811,checking,USD,2024-11-03,CLOSED,0,2024-11-03 12:39:32
ACC001598,CUST00811,SAVINGS,CAD,2025-05-07,closed,0,2025-05-07 11:09:14
ACC001599,CUST00811,savings,NGN,2024-12-16,ACTIVE,0,2024-12-16 11:00:40
ACC001600,CUST00812,SAVINGS,usd,2025-02-17,active,0,2025-02-17 07:41:50
ACC001601,CUST00812,checking,GBP,2025-04-07,active,0,2025-04-07 18:33:11
ACC001602,CUST00812,checking,usd,2025-03-21,closed,0,2025-03-21 04:00:59
ACC001603,CUST00813,savings,NGN,2025-03-24,CLOSED,0,2025-03-24 11:40:10
ACC001604,CUST00813,SAVINGS,gbp,2025-05-03,ACTIVE,0,2025-05-03 00:25:15
ACC001605,CUST00813,checking,INR,2025-03-01,ACTIVE,0,2025-03-01 02:06:17
ACC001606,CUST00814,savings,NGN,2024-03-30,CLOSED,0,2024-03-30 04:44:58
ACC001607,CUST00814,savings,INR,2024-06-13,ACTIVE,0,2024-06-13 15:37:28
ACC001608,CUST00815,CHECKING,gbp,2025-02-21,active,0,2025-02-21 16:23:07
ACC001609,CUST00815,savings,NGN,2025-05-22,closed,0,2025-05-22 21:23:21
ACC001610,CUST00816,savings,GBP,2025-05-08,FROZEN,0,2025-05-08 09:50:05
ACC001611,CUST00817,checking,CAD,2025-06-18,active,0,2025-06-18 02:57:00
ACC001612,CUST00818,CREDIT,usd,2025-02-20,ACTIVE,1000,2025-02-20 01:11:34
ACC001613,CUST00818,CHECKING,USD,2024-11-16,active,0,2024-11-16 21:10:46
ACC001614,CUST00818,savings,INR,2025-05-13,ACTIVE,0,2025-05-13 20:37:03
ACC001615,CUST00819,checking,USD,2025-05-31,ACTIVE,0,2025-05-31 07:01:54
ACC001616,CUST00819,checking,USD,2025-01-13,active,0,2025-01-13 23:57:23
ACC001617,CUST00819,SAVINGS,CAD,2024-08-27,closed,0,2024-08-27 08:31:08
ACC001618,CUST00820,checking,gbp,2024-10-09,FROZEN,0,2024-10-09 16:50:00
ACC001619,CUST00821,CREDIT,USD,2025-02-01,closed,0,2025-02-01 13:29:02
ACC001620,CUST00822,checking,NGN,2024-11-01,CLOSED,0,2024-11-01 15:52:57
ACC001621,CUST00823,CREDIT,JPY,2025-04-03,ACTIVE,0,2025-04-03 21:50:58
ACC001622,CUST00824,checking,usd,2025-01-11,CLOSED,0,2025-01-11 11:13:05
ACC001623,CUST00824,SAVINGS,EUR,2025-05-16,closed,0,2025-05-16 09:53:33
ACC001624,CUST00824,savings,GBP,2024-10-30,FROZEN,0,2024-10-30 07:54:18
ACC001625,CUST00825,SAVINGS,EUR,2025-04-10,CLOSED,0,2025-04-10 18:41:34
ACC001626,CUST00826,CREDIT,gbp,2024-10-30,CLOSED,0,2024-10-30 07:48:36
ACC001627,CUST00826,checking,gbp,2024-11-22,FROZEN,0,2024-11-22 07:45:32
ACC001628,CUST00827,savings,EUR,2024-10-08,active,0,2024-10-08 22:37:27
ACC001629,CUST00828,CHECKING,usd,2024-11-17,active,0,2024-11-17 20:33:24
ACC001630,CUST00829,checking,EUR,2025-01-20,ACTIVE,0,2025-01-20 16:28:44
ACC001631,CUST00830,credit,GBP,2024-12-13,CLOSED,0,2024-12-13 10:30:12
ACC001632,CUST00830,savings,usd,2025-03-03,closed,0,2025-03-03 03:13:46
ACC001633,CUST00831,SAVINGS,GBP,2025-06-23,CLOSED,0,2025-06-23 02:44:39
ACC001634,CUST00831,SAVINGS,EUR,2025-03-07,CLOSED,0,2025-03-07 13:41:16
ACC001635,CUST00831,SAVINGS,usd,2025-04-07,ACTIVE,0,2025-04-07 04:24:05
ACC001636,CUST00832,savings,EUR,2024-07-21,CLOSED,0,2024-07-21 21:00:44
ACC001637,CUST00833,savings,CAD,2025-06-15,CLOSED,0,2025-06-15 20:02:15
ACC001638,CUST00833,SAVINGS,NGN,2025-03-05,FROZEN,0,2025-03-05 19:22:26
ACC001639,CUST00834,CHECKING,EUR,2025-01-31,FROZEN,0,2025-01-31 10:38:56
ACC001640,CUST00834,CHECKING,INR,2025-05-01,FROZEN,0,2025-05-01 11:32:47
ACC001641,CUST00834,CHECKING,EUR,2025-01-17,active,0,2025-01-17 13:01:25
ACC001642,CUST00835,savings,gbp,2025-03-29,active,0,2025-03-29 12:57:34
ACC001643,CUST00835,checking,NGN,2025-05-13,ACTIVE,0,2025-05-13 22:11:50
ACC001644,CUST00835,CHECKING,CAD,2025-06-02,FROZEN,0,2025-06-02 08:56:07
ACC001645,CUST00836,SAVINGS,USD,2025-03-20,ACTIVE,0,2025-03-20 17:40:09
ACC001646,CUST00836,CREDIT,GBP,2025-06-14,active,0,2025-06-14 00:00:49
ACC001647,CUST00836,credit,JPY,2025-02-17,FROZEN,10000,2025-02-17 06:34:59
ACC001648,CUST00837,CREDIT,GBP,2025-04-14,CLOSED,5000,2025-04-14 17:29:47
ACC001649,CUST00837,savings,JPY,2024-11-29,FROZEN,0,2024-11-29 07:28:11
ACC001650,CUST00837,savings,USD,2025-06-11,FROZEN,0,2025-06-11 05:54:27
ACC001651,CUST00838,savings,usd,2025-01-23,CLOSED,0,2025-01-23 11:29:22
ACC001652,CUST00838,savings,INR,2025-06-30,closed,0,2025-06-30 01:59:45
ACC001653,CUST00839,SAVINGS,GBP,2024-09-28,CLOSED,0,2024-09-28 16:33:56
ACC001654,CUST00839,SAVINGS,USD,2024-10-11,active,0,2024-10-11 19:11:15
ACC001655,CUST00839,CREDIT,NGN,2025-03-17,FROZEN,0,2025-03-17 14:14:23
ACC001656,CUST00840,checking,USD,2025-05-12,active,0,2025-05-12 05:45:47
ACC001657,CUST00841,savings,USD,2024-08-31,CLOSED,0,2024-08-31 14:54:34
ACC001658,CUST00841,CHECKING,gbp,2024-04-05,closed,0,2024-04-05 02:22:51
ACC001659,CUST00842,savings,USD,2025-06-20,closed,0,2025-06-20 12:19:48
ACC001660,CUST00842,credit,gbp,2025-06-06,closed,25000,2025-06-06 15:43:02
ACC001661,CUST00842,CHECKING,INR,2025-04-27,closed,0,2025-04-27 19:16:05
ACC001662,CUST00843,credit,gbp,2025-05-06,ACTIVE,5000,2025-05-06 20:09:33
ACC001663,CUST00844,CREDIT,CAD,2025-01-28,active,10000,2025-01-28 01:59:23
ACC001664,CUST00845,checking,USD,2025-06-28,CLOSED,0,2025-06-28 14:38:15
ACC001665,CUST00845,SAVINGS,GBP,2024-04-06,CLOSED,0,2024-04-06 21:17:05
ACC001666,CUST00845,CHECKING,EUR,2024-02-21,FROZEN,0,2024-02-21 01:42:22
ACC001667,CUST00846,SAVINGS,gbp,2025-05-25,CLOSED,0,2025-05-25 07:56:41
ACC001668,CUST00847,checking,EUR,2025-02-07,FROZEN,0,2025-02-07 05:35:34
ACC001669,CUST00848,SAVINGS,JPY,2025-02-27,closed,0,2025-02-27 03:36:38
ACC001670,CUST00849,CHECKING,EUR,2025-01-19,ACTIVE,0,2025-01-19 07:39:05
ACC001671,CUST00849,CHECKING,GBP,2025-06-20,ACTIVE,0,2025-06-20 15:24:33
ACC001672,CUST00849,SAVINGS,EUR,2025-06-06,ACTIVE,0,2025-06-06 04:50:28
ACC001673,CUST00850,CHECKING,JPY,2024-12-30,closed,0,2024-12-30 04:00:44
ACC001674,CUST00850,CREDIT,INR,2025-04-08,closed,0,2025-04-08 09:46:08
ACC001675,CUST00851,CHECKING,CAD,2025-06-10,ACTIVE,0,2025-06-10 12:40:52
ACC001676,CUST00851,checking,NGN,2025-03-18,active,0,2025-03-18 14:13:06
ACC001677,CUST00852,credit,usd,2025-01-10,ACTIVE,0,2025-01-10 04:44:26
ACC001678,CUST00852,checking,CAD,2024-12-07,active,0,2024-12-07 00:40:20
ACC001679,CUST00852,credit,GBP,2025-04-25,CLOSED,5000,2025-04-25 18:12:02
ACC001680,CUST00853,CHECKING,CAD,2025-03-23,CLOSED,0,2025-03-23 05:33:41
ACC001681,CUST00853,savings,usd,2025-06-16,closed,0,2025-06-16 22:05:17
ACC001682,CUST00853,savings,GBP,2025-06-13,active,0,2025-06-13 15:46:47
ACC001683,CUST00854,credit,usd,2025-06-15,active,1000,2025-06-15 09:40:43
ACC001684,CUST00855,CREDIT,INR,2025-05-17,CLOSED,25000,2025-05-17 23:57:19
ACC001685,CUST00855,credit,GBP,2025-04-14,ACTIVE,0,2025-04-14 13:37:33
ACC001686,CUST00855,savings,GBP,2025-02-18,ACTIVE,0,2025-02-18 01:32:26
ACC001687,CUST00856,CHECKING,CAD,2025-04-20,FROZEN,0,2025-04-20 00:23:02
ACC001688,CUST00856,credit,USD,2025-05-01,FROZEN,25000,2025-05-01 16:31:38
ACC001689,CUST00856,CHECKING,EUR,2025-05-10,ACTIVE,0,2025-05-10 23:58:45
ACC001690,CUST00857,CREDIT,usd,2025-04-20,closed,25000,2025-04-20 01:46:18
ACC001691,CUST00857,savings,INR,2025-02-04,closed,0,2025-02-04 08:44:07
ACC001692,CUST00857,credit,CAD,2025-04-26,ACTIVE,25000,2025-04-26 02:39:49
ACC001693,CUST00858,credit,GBP,2024-05-20,FROZEN,0,2024-05-20 05:28:22
ACC001694,CUST00858,savings,gbp,2025-06-16,ACTIVE,0,2025-06-16 03:55:31
ACC001695,CUST00858,CHECKING,gbp,2024-07-16,active,0,2024-07-16 18:41:16
ACC001696,CUST00859,savings,EUR,2025-03-18,FROZEN,0,2025-03-18 03:40:42
ACC001697,CUST00859,savings,usd,2025-04-03,closed,0,2025-04-03 00:14:26
ACC001698,CUST00859,CHECKING,INR,2025-04-07,FROZEN,0,2025-04-07 15:21:43
ACC001699,CUST00860,savings,USD,2025-03-15,ACTIVE,0,2025-03-15 05:15:47
ACC001700,CUST00860,SAVINGS,EUR,2025-03-12,ACTIVE,0,2025-03-12 08:55:10
ACC001701,CUST00860,CREDIT,usd,2025-02-11,FROZEN,5000,2025-02-11 16:26:44
ACC001702,CUST00861,SAVINGS,CAD,2024-04-22,FROZEN,0,2024-04-22 21:51:35
ACC001703,CUST00862,CREDIT,usd,2025-01-18,active,0,2025-01-18 22:07:55
ACC001704,CUST00863,SAVINGS,JPY,2025-03-31,closed,0,2025-03-31 09:18:20
ACC001705,CUST00864,CREDIT,JPY,2025-06-02,FROZEN,25000,2025-06-02 08:55:04
ACC001706,CUST00865,CHECKING,NGN,2024-11-06,ACTIVE,0,2024-11-06 02:39:38
ACC001707,CUST00865,savings,usd,2024-11-17,FROZEN,0,2024-11-17 06:05:30
ACC001708,CUST00865,credit,EUR,2024-10-14,ACTIVE,0,2024-10-14 23:25:18
ACC001709,CUST00866,CHECKING,usd,2025-06-24,CLOSED,0,2025-06-24 05:41:47
ACC001710,CUST00867,SAVINGS,NGN,2025-02-22,closed,0,2025-02-22 05:28:35
ACC001711,CUST00868,checking,JPY,2025-01-01,active,0,2025-01-01 15:17:20
ACC001712,CUST00869,checking,EUR,2025-01-21,closed,0,2025-01-21 17:41:28
ACC001713,CUST00870,credit,USD,2025-01-26,CLOSED,25000,2025-01-26 08:10:26
ACC001714,CUST00870,credit,EUR,2025-03-11,active,10000,2025-03-11 19:48:07
ACC001715,CUST00870,savings,USD,2025-03-19,closed,0,2025-03-19 15:47:15
ACC001716,CUST00871,credit,GBP,2025-03-24,CLOSED,25000,2025-03-24 22:17:41
ACC001717,CUST00871,checking,USD,2025-03-02,CLOSED,0,2025-03-02 07:19:42
ACC001718,CUST00872,credit,GBP,2025-06-28,closed,1000,2025-06-28 01:59:21
ACC001719,CUST00873,checking,NGN,2025-01-29,closed,0,2025-01-29 09:37:05
ACC001720,CUST00873,CREDIT,gbp,2025-03-22,active,0,2025-03-22 15:43:04
ACC001721,CUST00874,CHECKING,NGN,2025-06-13,FROZEN,0,2025-06-13 11:48:10
ACC001722,CUST00874,CREDIT,USD,2025-03-24,ACTIVE,1000,2025-03-24 18:56:40
ACC001723,CUST00874,CREDIT,gbp,2024-12-20,active,0,2024-12-20 11:57:10
ACC001724,CUST00875,credit,usd,2024-08-26,active,5000,2024-08-26 14:20:25
ACC001725,CUST00875,credit,GBP,2024-08-06,active,0,2024-08-06 10:30:36
ACC001726,CUST00875,CHECKING,usd,2025-04-01,CLOSED,0,2025-04-01 06:47:10
ACC001727,CUST00876,SAVINGS,usd,2025-02-09,closed,0,2025-02-09 17:10:18
ACC001728,CUST00877,credit,USD,2024-09-15,CLOSED,0,2024-09-15 06:30:16
ACC001729,CUST00878,checking,INR,2025-04-02,active,0,2025-04-02 06:50:19
ACC001730,CUST00879,CHECKING,CAD,2025-06-24,FROZEN,0,2025-06-24 06:54:43
ACC001731,CUST00880,credit,gbp,2025-03-07,CLOSED,5000,2025-03-07 03:56:20
ACC001732,CUST00880,credit,GBP,2024-10-20,CLOSED,0,2024-10-20 13:08:40
ACC001733,CUST00881,credit,GBP,2025-01-08,CLOSED,25000,2025-01-08 00:17:36
ACC001734,CUST00881,SAVINGS,NGN,2025-05-04,ACTIVE,0,2025-05-04 21:00:15
ACC001735,CUST00882,savings,INR,2024-07-12,active,0,2024-07-12 04:29:49
ACC001736,CUST00882,CHECKING,INR,2024-08-03,closed,0,2024-08-03 20:19:56
ACC001737,CUST00883,savings,usd,2025-03-06,FROZEN,0,2025-03-06 03:55:31
ACC001738,CUST00883,SAVINGS,gbp,2025-02-09,active,0,2025-02-09 15:23:56
ACC001739,CUST00884,CHECKING,INR,2025-06-30,closed,0,2025-06-30 08:02:57
ACC001740,CUST00884,CREDIT,CAD,2025-02-13,FROZEN,1000,2025-02-13 16:17:48
ACC001741,CUST00885,savings,GBP,2024-09-12,FROZEN,0,2024-09-12 02:46:27
ACC001742,CUST00885,savings,NGN,2025-05-09,FROZEN,0,2025-05-09 00:24:30
ACC001743,CUST00885,savings,GBP,2024-08-18,CLOSED,0,2024-08-18 07:34:46
ACC001744,CUST00886,checking,INR,2024-10-01,CLOSED,0,2024-10-01 15:48:36
ACC001745,CUST00887,CREDIT,EUR,2025-05-13,ACTIVE,10000,2025-05-13 03:19:31
ACC001746,CUST00888,SAVINGS,JPY,2025-05-28,FROZEN,0,2025-05-28 01:14:04
ACC001747,CUST00888,CHECKING,gbp,2025-05-21,closed,0,2025-05-21 23:12:13
ACC001748,CUST00889,CHECKING,usd,2025-04-29,closed,0,2025-04-29 18:53:38
ACC001749,CUST00889,checking,gbp,2025-01-04,FROZEN,0,2025-01-04 14:25:22
ACC001750,CUST00890,CREDIT,JPY,2025-05-25,active,5000,2025-05-25 21:54:22
ACC001751,CUST00891,CREDIT,EUR,2025-06-25,ACTIVE,0,2025-06-25 01:26:07
ACC001752,CUST00891,credit,JPY,2025-02-13,CLOSED,25000,2025-02-13 06:44:36
ACC001753,CUST00891,CHECKING,INR,2025-02-24,active,0,2025-02-24 02:13:24
ACC001754,CUST00892,credit,NGN,2024-07-16,FROZEN,0,2024-07-16 05:57:25
ACC001755,CUST00893,CREDIT,NGN,2025-04-17,closed,0,2025-04-17 19:20:22
ACC001756,CUST00893,CREDIT,usd,2025-06-13,CLOSED,0,2025-06-13 18:05:45
ACC001757,CUST00893,CREDIT,GBP,2025-05-26,FROZEN,0,2025-05-26 15:00:04
ACC001758,CUST00894,SAVINGS,CAD,2025-05-22,CLOSED,0,2025-05-22 03:14:32
ACC001759,CUST00895,SAVINGS,INR,2025-03-25,active,0,2025-03-25 14:15:29
ACC001760,CUST00896,CHECKING,usd,2025-04-22,ACTIVE,0,2025-04-22 20:33:12
ACC001761,CUST00896,checking,GBP,2025-04-24,CLOSED,0,2025-04-24 23:19:35
ACC001762,CUST00897,savings,NGN,2025-02-27,closed,0,2025-02-27 14:21:34
ACC001763,CUST00898,CHECKING,JPY,2025-03-14,CLOSED,0,2025-03-14 02:21:32
ACC001764,CUST00898,checking,GBP,2025-03-26,active,0,2025-03-26 08:30:24
ACC001765,CUST00898,CHECKING,USD,2025-05-11,FROZEN,0,2025-05-11 00:24:43
ACC001766,CUST00899,CHECKING,gbp,2025-05-21,closed,0,2025-05-21 21:26:39
ACC001767,CUST00900,CHECKING,CAD,2024-10-23,active,0,2024-10-23 09:36:59
ACC001768,CUST00900,CHECKING,gbp,2024-08-14,closed,0,2024-08-14 06:12:10
ACC001769,CUST00901,CHECKING,INR,2025-03-01,FROZEN,0,2025-03-01 16:14:24
ACC001770,CUST00901,checking,USD,2025-06-26,CLOSED,0,2025-06-26 03:11:09
ACC001771,CUST00901,savings,CAD,2025-02-20,ACTIVE,0,2025-02-20 00:36:28
ACC001772,CUST00902,CREDIT,gbp,2025-05-30,ACTIVE,0,2025-05-30 05:39:25
ACC001773,CUST00903,SAVINGS,INR,2025-01-26,closed,0,2025-01-26 01:03:49
ACC001774,CUST00903,CHECKING,usd,2024-09-04,closed,0,2024-09-04 14:40:07
ACC001775,CUST00904,checking,EUR,2024-09-09,active,0,2024-09-09 19:10:47
ACC001776,CUST00905,credit,GBP,2024-10-22,active,0,2024-10-22 13:20:00
ACC001777,CUST00906,SAVINGS,INR,2024-08-09,ACTIVE,0,2024-08-09 12:11:02
ACC001778,CUST00907,checking,EUR,2025-04-17,ACTIVE,0,2025-04-17 02:40:20
ACC001779,CUST00907,credit,GBP,2024-08-02,FROZEN,10000,2024-08-02 13:22:19
ACC001780,CUST00907,credit,EUR,2024-12-21,ACTIVE,1000,2024-12-21 16:49:48
ACC001781,CUST00908,savings,USD,2025-03-14,active,0,2025-03-14 22:58:05
ACC001782,CUST00909,CREDIT,NGN,2024-09-27,ACTIVE,0,2024-09-27 15:25:50
ACC001783,CUST00909,checking,GBP,2024-10-16,ACTIVE,0,2024-10-16 22:38:52
ACC001784,CUST00910,CHECKING,NGN,2025-05-07,active,0,2025-05-07 14:17:11
ACC001785,CUST00911,SAVINGS,JPY,2024-08-06,closed,0,2024-08-06 01:59:27
ACC001786,CUST00911,CREDIT,CAD,2025-05-16,CLOSED,5000,2025-05-16 08:03:20
ACC001787,CUST00911,CREDIT,GBP,2024-07-30,CLOSED,5000,2024-07-30 06:05:44
ACC001788,CUST00912,CREDIT,INR,2024-09-12,FROZEN,25000,2024-09-12 20:24:52
ACC001789,CUST00912,SAVINGS,GBP,2024-11-07,ACTIVE,0,2024-11-07 14:49:07
ACC001790,CUST00913,SAVINGS,NGN,2025-02-07,closed,0,2025-02-07 04:57:41
ACC001791,CUST00914,CREDIT,EUR,2024-03-30,ACTIVE,0,2024-03-30 16:49:27
ACC001792,CUST00914,credit,JPY,2024-07-16,ACTIVE,10000,2024-07-16 10:37:24
ACC001793,CUST00915,savings,EUR,2025-06-16,ACTIVE,0,2025-06-16 03:36:06
ACC001794,CUST00915,CREDIT,EUR,2025-02-19,active,0,2025-02-19 19:47:18
ACC001795,CUST00915,CREDIT,JPY,2024-12-31,ACTIVE,25000,2024-12-31 17:06:01
ACC001796,CUST00916,CREDIT,CAD,2025-04-02,closed,0,2025-04-02 07:52:15
ACC001797,CUST00917,SAVINGS,gbp,2025-03-11,FROZEN,0,2025-03-11 03:54:42
ACC001798,CUST00917,checking,EUR,2025-06-07,ACTIVE,0,2025-06-07 14:05:38
ACC001799,CUST00917,savings,GBP,2025-05-15,active,0,2025-05-15 01:19:22
ACC001800,CUST00918,credit,JPY,2025-03-12,active,0,2025-03-12 09:03:35
ACC001801,CUST00919,CHECKING,NGN,2025-05-24,closed,0,2025-05-24 18:58:44
ACC001802,CUST00919,credit,CAD,2025-01-04,CLOSED,25000,2025-01-04 03:06:58
ACC001803,CUST00919,credit,CAD,2025-02-05,ACTIVE,0,2025-02-05 22:30:21
ACC001804,CUST00920,CHECKING,USD,2024-01-27,ACTIVE,0,2024-01-27 22:55:39
ACC001805,CUST00921,checking,usd,2024-11-13,ACTIVE,0,2024-11-13 11:46:21
ACC001806,CUST00922,savings,usd,2024-07-20,CLOSED,0,2024-07-20 21:43:25
ACC001807,CUST00922,credit,USD,2025-04-17,closed,0,2025-04-17 16:16:20
ACC001808,CUST00922,credit,CAD,2024-03-15,FROZEN,0,2024-03-15 01:42:57
ACC001809,CUST00923,CREDIT,gbp,2025-01-29,FROZEN,10000,2025-01-29 17:20:46
ACC001810,CUST00923,checking,usd,2025-03-27,closed,0,2025-03-27 06:52:12
ACC001811,CUST00924,credit,JPY,2025-06-19,CLOSED,5000,2025-06-19 03:39:05
ACC001812,CUST00925,CREDIT,usd,2025-03-06,active,25000,2025-03-06 11:29:52
ACC001813,CUST00925,SAVINGS,JPY,2024-07-04,closed,0,2024-07-04 11:45:02
ACC001814,CUST00926,savings,INR,2025-03-26,ACTIVE,0,2025-03-26 23:52:32
ACC001815,CUST00927,savings,USD,2025-02-08,ACTIVE,0,2025-02-08 15:12:26
ACC001816,CUST00927,CHECKING,USD,2025-06-16,FROZEN,0,2025-06-16 10:06:53
ACC001817,CUST00927,savings,CAD,2024-09-14,FROZEN,0,2024-09-14 18:33:18
ACC001818,CUST00928,credit,gbp,2024-10-30,closed,5000,2024-10-30 18:13:42
ACC001819,CUST00929,savings,usd,2025-02-23,active,0,2025-02-23 17:09:54
ACC001820,CUST00930,SAVINGS,JPY,2024-10-15,active,0,2024-10-15 23:19:32
ACC001821,CUST00930,SAVINGS,USD,2024-12-21,FROZEN,0,2024-12-21 21:54:21
ACC001822,CUST00931,CREDIT,USD,2024-08-29,closed,1000,2024-08-29 05:25:21
ACC001823,CUST00931,credit,USD,2024-05-19,CLOSED,1000,2024-05-19 14:01:18
ACC001824,CUST00932,savings,JPY,2025-02-03,CLOSED,0,2025-02-03 08:35:45
ACC001825,CUST00933,CHECKING,JPY,2024-10-28,active,0,2024-10-28 21:33:29
ACC001826,CUST00933,CHECKING,USD,2024-07-31,FROZEN,0,2024-07-31 20:13:49
ACC001827,CUST00933,CHECKING,usd,2025-04-20,CLOSED,0,2025-04-20 11:07:23
ACC001828,CUST00934,CHECKING,JPY,2025-06-19,closed,0,2025-06-19 13:22:01
ACC001829,CUST00934,SAVINGS,gbp,2024-05-08,active,0,2024-05-08 20:40:47
ACC001830,CUST00935,savings,GBP,2025-06-01,closed,0,2025-06-01 21:19:21
ACC001831,CUST00935,savings,GBP,2024-10-27,closed,0,2024-10-27 13:44:29
ACC001832,CUST00935,savings,gbp,2024-07-18,active,0,2024-07-18 20:08:22
ACC001833,CUST00936,checking,NGN,2024-04-02,closed,0,2024-04-02 21:34:41
ACC001834,CUST00937,credit,JPY,2024-12-05,closed,0,2024-12-05 15:00:27
ACC001835,CUST00937,credit,gbp,2025-04-20,CLOSED,10000,2025-04-20 13:34:12
ACC001836,CUST00937,checking,USD,2024-12-06,active,0,2024-12-06 13:42:33
ACC001837,CUST00938,credit,CAD,2025-06-08,closed,0,2025-06-08 21:26:59
ACC001838,CUST00938,checking,usd,2025-04-06,FROZEN,0,2025-04-06 16:05:18
ACC001839,CUST00939,savings,USD,2024-05-20,CLOSED,0,2024-05-20 19:43:39
ACC001840,CUST00939,credit,EUR,2024-10-30,FROZEN,1000,2024-10-30 12:17:23
ACC001841,CUST00940,SAVINGS,USD,2025-06-24,active,0,2025-06-24 05:53:04
ACC001842,CUST00940,checking,CAD,2025-02-06,FROZEN,0,2025-02-06 14:50:03
ACC001843,CUST00941,checking,gbp,2025-05-17,active,0,2025-05-17 07:43:50
ACC001844,CUST00941,CHECKING,usd,2025-06-04,CLOSED,0,2025-06-04 05:04:05
ACC001845,CUST00941,SAVINGS,NGN,2025-01-18,FROZEN,0,2025-01-18 12:25:18
ACC001846,CUST00942,CREDIT,JPY,2025-03-20,closed,25000,2025-03-20 05:19:17
ACC001847,CUST00942,checking,usd,2024-09-10,FROZEN,0,2024-09-10 17:38:25
ACC001848,CUST00943,credit,JPY,2025-02-10,active,5000,2025-02-10 23:08:14
ACC001849,CUST00944,credit,INR,2024-12-08,closed,0,2024-12-08 18:16:53
ACC001850,CUST00944,credit,CAD,2025-06-21,ACTIVE,0,2025-06-21 00:30:11
ACC001851,CUST00945,credit,gbp,2025-05-20,active,0,2025-05-20 08:50:52
ACC001852,CUST00945,checking,GBP,2025-02-15,FROZEN,0,2025-02-15 17:41:27
ACC001853,CUST00946,CREDIT,CAD,2025-06-22,ACTIVE,0,2025-06-22 21:12:32
ACC001854,CUST00947,checking,usd,2024-08-23,ACTIVE,0,2024-08-23 08:07:15
ACC001855,CUST00947,credit,INR,2024-05-16,closed,5000,2024-05-16 11:00:13
ACC001856,CUST00948,CHECKING,JPY,2025-04-29,ACTIVE,0,2025-04-29 02:33:11
ACC001857,CUST00948,checking,GBP,2025-03-15,closed,0,2025-03-15 12:35:03
ACC001858,CUST00949,credit,INR,2025-05-30,active,0,2025-05-30 12:05:02
ACC001859,CUST00950,credit,GBP,2024-11-18,ACTIVE,0,2024-11-18 06:49:20
ACC001860,CUST00951,credit,usd,2025-03-01,closed,0,2025-03-01 17:58:53
ACC001861,CUST00951,savings,CAD,2025-06-01,CLOSED,0,2025-06-01 00:56:28
ACC001862,CUST00952,CREDIT,NGN,2025-04-28,closed,25000,2025-04-28 07:28:41
ACC001863,CUST00953,CREDIT,USD,2025-06-11,active,0,2025-06-11 18:36:20
ACC001864,CUST00953,CHECKING,USD,2025-02-04,closed,0,2025-02-04 12:37:44
ACC001865,CUST00953,SAVINGS,NGN,2025-01-15,ACTIVE,0,2025-01-15 17:28:17
ACC001866,CUST00954,CREDIT,USD,2024-11-27,active,5000,2024-11-27 16:10:47
ACC001867,CUST00954,SAVINGS,INR,2025-03-04,CLOSED,0,2025-03-04 12:36:29
ACC001868,CUST00954,credit,usd,2025-01-19,CLOSED,0,2025-01-19 11:36:23
ACC001869,CUST00955,savings,CAD,2024-10-20,closed,0,2024-10-20 23:41:22
ACC001870,CUST00956,CHECKING,usd,2024-08-31,FROZEN,0,2024-08-31 00:34:01
ACC001871,CUST00956,CHECKING,JPY,2024-07-13,closed,0,2024-07-13 01:54:29
ACC001872,CUST00957,CREDIT,GBP,2024-04-25,active,0,2024-04-25 13:13:31
ACC001873,CUST00957,CREDIT,CAD,2024-12-05,ACTIVE,1000,2024-12-05 08:39:22
ACC001874,CUST00958,savings,GBP,2024-09-16,active,0,2024-09-16 02:18:39
ACC001875,CUST00958,credit,GBP,2025-06-05,closed,0,2025-06-05 11:51:04
ACC001876,CUST00958,CREDIT,usd,2025-03-14,active,0,2025-03-14 18:42:59
ACC001877,CUST00959,SAVINGS,CAD,2025-03-31,CLOSED,0,2025-03-31 09:41:04
ACC001878,CUST00959,CHECKING,gbp,2025-02-20,ACTIVE,0,2025-02-20 21:39:21
ACC001879,CUST00960,checking,JPY,2024-09-21,closed,0,2024-09-21 07:35:42
ACC001880,CUST00960,credit,CAD,2024-12-18,ACTIVE,0,2024-12-18 07:39:05
ACC001881,CUST00960,checking,INR,2024-10-25,CLOSED,0,2024-10-25 03:18:12
ACC001882,CUST00961,credit,JPY,2025-05-03,ACTIVE,0,2025-05-03 12:58:37
ACC001883,CUST00961,credit,NGN,2025-03-02,ACTIVE,0,2025-03-02 14:59:17
ACC001884,CUST00962,CHECKING,JPY,2025-04-04,active,0,2025-04-04 11:09:32
ACC001885,CUST00963,savings,usd,2025-03-10,ACTIVE,0,2025-03-10 16:33:36
ACC001886,CUST00963,checking,INR,2025-03-09,ACTIVE,0,2025-03-09 00:25:44
ACC001887,CUST00964,credit,usd,2025-06-22,active,0,2025-06-22 04:19:02
ACC001888,CUST00964,checking,gbp,2025-04-16,FROZEN,0,2025-04-16 02:30:02
ACC001889,CUST00965,savings,JPY,2025-01-23,closed,0,2025-01-23 02:34:48
ACC001890,CUST00965,savings,usd,2025-02-17,CLOSED,0,2025-02-17 14:43:26
ACC001891,CUST00966,savings,JPY,2025-04-28,active,0,2025-04-28 22:05:28
ACC001892,CUST00966,CREDIT,gbp,2024-09-27,FROZEN,25000,2024-09-27 18:41:21
ACC001893,CUST00966,CHECKING,GBP,2024-05-18,FROZEN,0,2024-05-18 08:01:35
ACC001894,CUST00967,CREDIT,GBP,2025-02-03,FROZEN,1000,2025-02-03 23:06:38
ACC001895,CUST00967,checking,INR,2025-04-01,closed,0,2025-04-01 22:49:56
ACC001896,CUST00967,CREDIT,NGN,2025-06-26,ACTIVE,0,2025-06-26 01:04:32
ACC001897,CUST00968,credit,usd,2024-10-30,ACTIVE,0,2024-10-30 13:22:06
ACC001898,CUST00969,savings,USD,2025-04-10,closed,0,2025-04-10 21:53:45
ACC001899,CUST00970,SAVINGS,usd,2025-04-14,FROZEN,0,2025-04-14 12:39:10
ACC001900,CUST00971,checking,USD,2025-06-25,CLOSED,0,2025-06-25 22:52:59
ACC001901,CUST00971,CREDIT,EUR,2025-02-22,CLOSED,25000,2025-02-22 03:02:47
ACC001902,CUST00972,CREDIT,NGN,2025-03-27,FROZEN,5000,2025-03-27 19:07:23
ACC001903,CUST00972,CHECKING,JPY,2025-04-24,FROZEN,0,2025-04-24 08:13:35
ACC001904,CUST00972,CREDIT,CAD,2024-08-25,closed,25000,2024-08-25 18:22:15
ACC001905,CUST00973,checking,CAD,2024-11-02,closed,0,2024-11-02 18:47:54
ACC001906,CUST00973,SAVINGS,USD,2024-07-12,closed,0,2024-07-12 23:00:53
ACC001907,CUST00974,CREDIT,GBP,2025-05-26,active,25000,2025-05-26 13:58:34
ACC001908,CUST00974,CHECKING,EUR,2025-03-13,active,0,2025-03-13 23:12:54
ACC001909,CUST00975,checking,NGN,2025-06-07,CLOSED,0,2025-06-07 03:02:57
ACC001910,CUST00975,CREDIT,NGN,2025-03-15,closed,0,2025-03-15 00:04:12
ACC001911,CUST00976,CREDIT,EUR,2025-01-05,CLOSED,1000,2025-01-05 11:00:16
ACC001912,CUST00976,CHECKING,INR,2025-05-05,CLOSED,0,2025-05-05 07:43:55
ACC001913,CUST00976,CHECKING,INR,2025-06-23,active,0,2025-06-23 03:11:31
ACC001914,CUST00977,SAVINGS,JPY,2024-10-04,active,0,2024-10-04 16:47:43
ACC001915,CUST00977,CREDIT,CAD,2025-05-28,closed,0,2025-05-28 21:23:11
ACC001916,CUST00977,credit,JPY,2025-01-26,active,0,2025-01-26 00:28:22
ACC001917,CUST00978,CHECKING,gbp,2025-02-26,ACTIVE,0,2025-02-26 22:19:39
ACC001918,CUST00978,savings,usd,2024-12-04,active,0,2024-12-04 20:40:38
ACC001919,CUST00978,CREDIT,NGN,2025-04-19,FROZEN,5000,2025-04-19 23:12:10
ACC001920,CUST00979,savings,CAD,2025-02-13,closed,0,2025-02-13 04:23:54
ACC001921,CUST00980,savings,gbp,2024-08-03,ACTIVE,0,2024-08-03 21:03:02
ACC001922,CUST00980,savings,NGN,2025-06-13,FROZEN,0,2025-06-13 16:11:16
ACC001923,CUST00980,credit,GBP,2025-02-22,ACTIVE,0,2025-02-22 01:37:50
ACC001924,CUST00981,savings,usd,2025-04-29,active,0,2025-04-29 13:57:08
ACC001925,CUST00981,checking,JPY,2025-06-23,FROZEN,0,2025-06-23 20:06:25
ACC001926,CUST00981,SAVINGS,usd,2025-05-16,FROZEN,0,2025-05-16 23:24:56
ACC001927,CUST00982,savings,JPY,2024-12-10,active,0,2024-12-10 10:07:04
ACC001928,CUST00983,SAVINGS,JPY,2025-06-10,FROZEN,0,2025-06-10 02:28:00
ACC001929,CUST00984,CHECKING,EUR,2024-05-12,CLOSED,0,2024-05-12 12:07:54
ACC001930,CUST00984,CHECKING,USD,2024-10-01,closed,0,2024-10-01 18:43:00
ACC001931,CUST00984,CREDIT,NGN,2025-03-14,ACTIVE,1000,2025-03-14 06:58:19
ACC001932,CUST00985,savings,JPY,2025-03-03,active,0,2025-03-03 16:15:09
ACC001933,CUST00986,credit,CAD,2024-12-30,ACTIVE,0,2024-12-30 12:58:13
ACC001934,CUST00987,savings,JPY,2024-05-06,ACTIVE,0,2024-05-06 10:28:32
ACC001935,CUST00988,SAVINGS,usd,2025-03-07,FROZEN,0,2025-03-07 18:27:21
ACC001936,CUST00988,CREDIT,CAD,2025-02-28,ACTIVE,0,2025-02-28 14:44:22
ACC001937,CUST00988,savings,EUR,2024-12-21,closed,0,2024-12-21 23:32:31
ACC001938,CUST00989,savings,NGN,2025-06-27,active,0,2025-06-27 04:56:36
ACC001939,CUST00990,SAVINGS,GBP,2025-06-30,FROZEN,0,2025-06-30 17:56:11
ACC001940,CUST00991,savings,INR,2024-06-14,CLOSED,0,2024-06-14 12:45:15
ACC001941,CUST00991,SAVINGS,NGN,2025-01-26,active,0,2025-01-26 13:33:12
ACC001942,CUST00992,checking,NGN,2025-04-13,CLOSED,0,2025-04-13 18:26:03
ACC001943,CUST00993,CREDIT,CAD,2024-09-09,ACTIVE,0,2024-09-09 11:57:21
ACC001944,CUST00993,CHECKING,INR,2025-02-21,CLOSED,0,2025-02-21 17:18:15
ACC001945,CUST00993,CHECKING,EUR,2024-12-17,closed,0,2024-12-17 07:32:59
ACC001946,CUST00994,CHECKING,gbp,2025-03-23,ACTIVE,0,2025-03-23 17:09:56
ACC001947,CUST00994,CREDIT,JPY,2025-01-03,FROZEN,10000,2025-01-03 06:54:27
ACC001948,CUST00994,checking,GBP,2024-08-28,active,0,2024-08-28 01:57:31
ACC001949,CUST00995,CHECKING,EUR,2025-02-23,FROZEN,0,2025-02-23 01:43:31
ACC001950,CUST00995,credit,GBP,2025-03-19,FROZEN,0,2025-03-19 11:50:12
ACC001951,CUST00996,savings,JPY,2025-01-31,ACTIVE,0,2025-01-31 02:38:26
ACC001952,CUST00996,CHECKING,GBP,2025-04-10,active,0,2025-04-10 03:35:07
ACC001953,CUST00997,CHECKING,EUR,2024-12-14,ACTIVE,0,2024-12-14 11:30:28
ACC001954,CUST00997,CHECKING,GBP,2025-04-01,CLOSED,0,2025-04-01 12:16:04
ACC001955,CUST00997,CREDIT,CAD,2025-02-05,active,10000,2025-02-05 10:04:08
ACC001956,CUST00998,CREDIT,CAD,2025-06-22,CLOSED,5000,2025-06-22 12:42:25
ACC001957,CUST00998,checking,GBP,2025-01-28,CLOSED,0,2025-01-28 02:15:51
ACC001958,CUST00999,SAVINGS,gbp,2025-06-06,FROZEN,0,2025-06-06 17:31:40
ACC001959,CUST01000,credit,CAD,2024-06-11,ACTIVE,0,2024-06-11 04:51:36
ACC001960,CUST01000,savings,gbp,2024-08-21,closed,0,2024-08-21 09:39:19
ACC001961,CUST01000,CHECKING,NGN,2024-06-06,FROZEN,0,2024-06-06 09:36:05
ACC001962,CUST01001,checking,INR,2024-06-02,active,0,2024-06-02 02:07:47
ACC001963,CUST01001,CHECKING,NGN,2024-11-02,CLOSED,0,2024-11-02 06:41:07
ACC001964,CUST01002,checking,INR,2024-05-13,CLOSED,0,2024-05-13 02:32:03
ACC001965,CUST01002,checking,EUR,2025-03-23,ACTIVE,0,2025-03-23 18:17:52
ACC001966,CUST01002,checking,usd,2024-02-29,CLOSED,0,2024-02-29 21:13:51
ACC001967,CUST01003,checking,usd,2025-03-21,active,0,2025-03-21 12:18:45
ACC001968,CUST01003,CREDIT,EUR,2024-08-19,closed,1000,2024-08-19 19:13:34
ACC001969,CUST01003,SAVINGS,INR,2025-03-29,closed,0,2025-03-29 04:30:33
ACC001970,CUST01004,savings,GBP,2024-11-08,closed,0,2024-11-08 19:46:30
ACC001971,CUST01004,CHECKING,JPY,2024-11-12,active,0,2024-11-12 09:11:53
ACC001972,CUST01005,savings,USD,2025-04-08,FROZEN,0,2025-04-08 16:05:28
ACC001973,CUST01005,CREDIT,INR,2025-03-04,ACTIVE,25000,2025-03-04 21:34:47
ACC001974,CUST01005,credit,JPY,2025-06-15,CLOSED,5000,2025-06-15 09:28:19
ACC001975,CUST01006,CHECKING,INR,2025-05-01,CLOSED,0,2025-05-01 09:00:22
ACC001976,CUST01006,CHECKING,NGN,2025-05-08,CLOSED,0,2025-05-08 21:30:45
ACC001977,CUST01007,CREDIT,EUR,2025-04-23,ACTIVE,25000,2025-04-23 15:49:53
ACC001978,CUST01008,savings,JPY,2024-10-06,active,0,2024-10-06 20:59:06
ACC001979,CUST01008,credit,EUR,2024-11-07,active,25000,2024-11-07 18:13:20
ACC001980,CUST01009,SAVINGS,EUR,2024-12-04,ACTIVE,0,2024-12-04 07:29:42
ACC001981,CUST01010,CHECKING,CAD,2025-04-01,closed,0,2025-04-01 03:44:41
ACC001982,CUST01010,CHECKING,gbp,2025-05-02,CLOSED,0,2025-05-02 16:58:24
ACC001983,CUST01011,credit,JPY,2024-07-05,active,0,2024-07-05 18:33:01
ACC001984,CUST01011,CREDIT,CAD,2024-05-06,closed,0,2024-05-06 12:13:09
ACC001985,CUST01011,savings,USD,2025-01-14,closed,0,2025-01-14 01:57:39
ACC001986,CUST01012,credit,GBP,2025-04-22,CLOSED,0,2025-04-22 11:39:34
ACC001987,CUST01012,CREDIT,gbp,2025-05-27,closed,5000,2025-05-27 02:51:14
ACC001988,CUST01012,checking,EUR,2024-10-03,ACTIVE,0,2024-10-03 06:40:50
ACC001989,CUST01013,CREDIT,GBP,2024-06-26,closed,10000,2024-06-26 08:08:50
ACC001990,CUST01013,credit,gbp,2025-05-02,closed,5000,2025-05-02 10:31:02
ACC001991,CUST01014,checking,gbp,2025-03-29,closed,0,2025-03-29 19:15:09
ACC001992,CUST01014,credit,JPY,2024-11-29,closed,5000,2024-11-29 03:47:14
ACC001993,CUST01015,credit,gbp,2024-04-17,FROZEN,0,2024-04-17 06:39:03
ACC001994,CUST01015,credit,JPY,2025-02-10,CLOSED,5000,2025-02-10 23:20:56
ACC001995,CUST01015,credit,INR,2024-03-24,ACTIVE,10000,2024-03-24 19:21:02
ACC001996,CUST01016,checking,JPY,2025-03-08,CLOSED,0,2025-03-08 18:23:51
ACC001997,CUST01016,savings,INR,2025-04-29,active,0,2025-04-29 21:52:12
ACC001998,CUST01017,CHECKING,INR,2025-02-19,FROZEN,0,2025-02-19 12:44:20
ACC001999,CUST01017,CHECKING,usd,2025-05-05,CLOSED,0,2025-05-05 18:02:06
ACC002000,CUST01017,CREDIT,INR,2025-06-19,CLOSED,5000,2025-06-19 04:47:09
ACC002001,CUST01018,CREDIT,NGN,2024-11-17,closed,5000,2024-11-17 05:19:42
ACC002002,CUST01018,credit,EUR,2025-04-01,active,25000,2025-04-01 02:28:58
ACC002003,CUST01018,CREDIT,GBP,2025-01-22,CLOSED,5000,2025-01-22 07:41:59
ACC002004,CUST01019,credit,CAD,2024-02-20,closed,5000,2024-02-20 15:43:31
ACC002005,CUST01019,savings,EUR,2024-01-22,active,0,2024-01-22 12:12:11
ACC002006,CUST01019,CHECKING,gbp,2024-11-03,ACTIVE,0,2024-11-03 08:42:37
ACC002007,CUST01020,savings,NGN,2025-03-12,closed,0,2025-03-12 22:46:23
ACC002008,CUST01020,credit,USD,2025-03-01,ACTIVE,1000,2025-03-01 21:19:01
ACC002009,CUST01020,checking,gbp,2024-12-11,closed,0,2024-12-11 11:27:28
ACC002010,CUST01021,SAVINGS,gbp,2025-03-29,FROZEN,0,2025-03-29 01:33:24
ACC002011,CUST01022,savings,INR,2025-02-11,closed,0,2025-02-11 08:09:53
ACC002012,CUST01023,checking,CAD,2024-12-07,closed,0,2024-12-07 03:51:07
ACC002013,CUST01023,checking,GBP,2025-01-14,active,0,2025-01-14 05:48:21
ACC002014,CUST01024,credit,gbp,2025-03-25,CLOSED,5000,2025-03-25 21:09:10
ACC002015,CUST01024,checking,JPY,2024-11-25,closed,0,2024-11-25 07:01:39
ACC002016,CUST01024,SAVINGS,NGN,2024-10-10,active,0,2024-10-10 00:59:09
ACC002017,CUST01025,credit,CAD,2024-07-21,active,10000,2024-07-21 19:58:51
ACC002018,CUST01025,credit,EUR,2025-02-07,FROZEN,1000,2025-02-07 10:41:15
ACC002019,CUST01026,CREDIT,NGN,2024-09-10,closed,0,2024-09-10 02:53:04
ACC002020,CUST01026,credit,CAD,2024-10-01,closed,0,2024-10-01 01:56:51
ACC002021,CUST01027,credit,usd,2025-05-11,active,0,2025-05-11 13:48:34
ACC002022,CUST01027,CREDIT,JPY,2025-06-11,CLOSED,0,2025-06-11 03:58:37
ACC002023,CUST01027,SAVINGS,USD,2024-12-02,CLOSED,0,2024-12-02 09:29:10
ACC002024,CUST01028,savings,JPY,2024-09-21,FROZEN,0,2024-09-21 03:52:01
ACC002025,CUST01028,CREDIT,INR,2024-03-13,FROZEN,0,2024-03-13 03:24:33
ACC002026,CUST01028,checking,USD,2024-09-20,active,0,2024-09-20 06:34:20
ACC002027,CUST01029,CREDIT,JPY,2025-06-03,closed,0,2025-06-03 21:08:59
ACC002028,CUST01029,CHECKING,INR,2024-03-30,closed,0,2024-03-30 20:57:37
ACC002029,CUST01030,CHECKING,GBP,2025-02-18,closed,0,2025-02-18 00:05:35
ACC002030,CUST01030,credit,GBP,2025-06-27,FROZEN,0,2025-06-27 18:10:32
ACC002031,CUST01031,SAVINGS,GBP,2024-09-07,CLOSED,0,2024-09-07 09:40:22
ACC002032,CUST01032,SAVINGS,gbp,2024-04-20,CLOSED,0,2024-04-20 12:18:08
ACC002033,CUST01032,SAVINGS,CAD,2024-05-05,active,0,2024-05-05 12:22:01
ACC002034,CUST01033,credit,CAD,2024-07-12,closed,0,2024-07-12 05:38:22
ACC002035,CUST01034,savings,INR,2025-05-28,closed,0,2025-05-28 18:00:25
ACC002036,CUST01035,savings,INR,2024-12-03,FROZEN,0,2024-12-03 11:42:28
ACC002037,CUST01036,CREDIT,EUR,2024-10-27,ACTIVE,0,2024-10-27 05:39:35
ACC002038,CUST01037,CHECKING,USD,2025-05-14,FROZEN,0,2025-05-14 22:40:38
ACC002039,CUST01037,savings,NGN,2024-09-26,closed,0,2024-09-26 20:47:11
ACC002040,CUST01038,credit,JPY,2024-09-13,CLOSED,5000,2024-09-13 09:15:00
ACC002041,CUST01038,CHECKING,EUR,2025-03-03,CLOSED,0,2025-03-03 01:25:30
ACC002042,CUST01038,SAVINGS,CAD,2024-07-30,active,0,2024-07-30 14:41:44
ACC002043,CUST01039,CREDIT,CAD,2025-06-25,CLOSED,5000,2025-06-25 10:25:20
ACC002044,CUST01040,SAVINGS,JPY,2024-12-08,CLOSED,0,2024-12-08 03:31:56
ACC002045,CUST01041,SAVINGS,JPY,2024-07-03,CLOSED,0,2024-07-03 08:04:47
ACC002046,CUST01041,CREDIT,gbp,2025-05-03,FROZEN,1000,2025-05-03 08:30:02
ACC002047,CUST01042,savings,CAD,2024-07-03,closed,0,2024-07-03 08:35:24
ACC002048,CUST01043,CREDIT,CAD,2025-02-07,closed,10000,2025-02-07 14:11:20
ACC002049,CUST01043,SAVINGS,CAD,2025-04-03,closed,0,2025-04-03 20:59:43
ACC002050,CUST01044,CREDIT,gbp,2024-05-25,closed,0,2024-05-25 01:58:05
ACC002051,CUST01044,CHECKING,NGN,2024-04-09,FROZEN,0,2024-04-09 03:56:28
ACC002052,CUST01045,CHECKING,USD,2025-03-03,ACTIVE,0,2025-03-03 10:23:23
ACC002053,CUST01046,SAVINGS,GBP,2024-10-02,closed,0,2024-10-02 07:56:09
ACC002054,CUST01047,checking,usd,2025-05-23,active,0,2025-05-23 03:21:12
ACC002055,CUST01047,credit,usd,2024-08-05,FROZEN,25000,2024-08-05 22:12:02
ACC002056,CUST01047,SAVINGS,usd,2025-05-19,active,0,2025-05-19 06:52:04
ACC002057,CUST01048,SAVINGS,INR,2025-04-19,ACTIVE,0,2025-04-19 19:40:50
ACC002058,CUST01049,credit,NGN,2024-10-06,closed,10000,2024-10-06 06:16:06
ACC002059,CUST01049,checking,usd,2025-05-01,FROZEN,0,2025-05-01 16:06:15
ACC002060,CUST01049,SAVINGS,JPY,2024-11-13,closed,0,2024-11-13 18:36:38
ACC002061,CUST01050,savings,INR,2025-02-24,active,0,2025-02-24 18:26:54
ACC002062,CUST01050,credit,NGN,2025-04-11,CLOSED,0,2025-04-11 00:27:52
ACC002063,CUST01050,savings,gbp,2025-06-03,CLOSED,0,2025-06-03 12:16:11
ACC002064,CUST01051,checking,CAD,2024-05-19,closed,0,2024-05-19 22:39:33
ACC002065,CUST01052,checking,CAD,2025-05-29,FROZEN,0,2025-05-29 15:24:23
ACC002066,CUST01052,CHECKING,JPY,2025-02-22,active,0,2025-02-22 14:42:48
ACC002067,CUST01052,checking,JPY,2025-06-18,ACTIVE,0,2025-06-18 09:21:54
ACC002068,CUST01053,checking,usd,2024-09-30,active,0,2024-09-30 22:24:52
ACC002069,CUST01053,CREDIT,USD,2024-10-26,FROZEN,0,2024-10-26 17:49:22
ACC002070,CUST01053,CHECKING,USD,2025-04-09,CLOSED,0,2025-04-09 08:44:02
ACC002071,CUST01054,CHECKING,JPY,2024-09-22,active,0,2024-09-22 03:38:09
ACC002072,CUST01054,SAVINGS,INR,2025-02-27,active,0,2025-02-27 07:30:37
ACC002073,CUST01054,credit,INR,2024-12-07,FROZEN,5000,2024-12-07 05:01:02
ACC002074,CUST01055,checking,INR,2025-06-04,CLOSED,0,2025-06-04 19:22:55
ACC002075,CUST01056,CHECKING,INR,2025-03-27,active,0,2025-03-27 05:57:02
ACC002076,CUST01056,checking,CAD,2025-04-27,CLOSED,0,2025-04-27 14:39:12
ACC002077,CUST01056,SAVINGS,gbp,2024-12-23,FROZEN,0,2024-12-23 07:13:48
ACC002078,CUST01057,SAVINGS,INR,2025-03-26,active,0,2025-03-26 18:54:35
ACC002079,CUST01057,checking,USD,2024-12-20,FROZEN,0,2024-12-20 03:41:36
ACC002080,CUST01057,CREDIT,JPY,2024-09-19,CLOSED,0,2024-09-19 07:41:26
ACC002081,CUST01058,CREDIT,usd,2025-06-15,CLOSED,0,2025-06-15 17:00:03
ACC002082,CUST01058,CREDIT,EUR,2025-02-18,CLOSED,25000,2025-02-18 07:26:50
ACC002083,CUST01059,savings,EUR,2025-06-02,ACTIVE,0,2025-06-02 07:30:23
ACC002084,CUST01060,checking,INR,2024-08-17,active,0,2024-08-17 01:10:04
ACC002085,CUST01060,credit,EUR,2025-05-15,ACTIVE,5000,2025-05-15 10:45:36
ACC002086,CUST01061,checking,EUR,2024-08-03,closed,0,2024-08-03 04:47:50
ACC002087,CUST01061,CREDIT,NGN,2025-05-29,active,0,2025-05-29 07:18:31
ACC002088,CUST01062,SAVINGS,usd,2024-12-17,FROZEN,0,2024-12-17 17:43:19
ACC002089,CUST01063,CREDIT,GBP,2025-02-21,active,0,2025-02-21 19:36:17
ACC002090,CUST01064,SAVINGS,GBP,2025-05-08,closed,0,2025-05-08 17:22:50
ACC002091,CUST01064,checking,CAD,2025-03-25,closed,0,2025-03-25 18:41:21
ACC002092,CUST01065,savings,usd,2024-11-01,CLOSED,0,2024-11-01 05:06:26
ACC002093,CUST01065,credit,INR,2025-04-02,active,10000,2025-04-02 15:27:25
ACC002094,CUST01066,SAVINGS,GBP,2024-11-28,ACTIVE,0,2024-11-28 07:34:33
ACC002095,CUST01067,SAVINGS,gbp,2025-04-28,closed,0,2025-04-28 14:08:27
ACC002096,CUST01067,CREDIT,usd,2025-05-30,active,10000,2025-05-30 17:23:42
ACC002097,CUST01067,CREDIT,INR,2025-05-20,ACTIVE,25000,2025-05-20 18:21:48
ACC002098,CUST01068,checking,INR,2025-06-12,ACTIVE,0,2025-06-12 21:15:15
ACC002099,CUST01069,SAVINGS,GBP,2024-12-24,closed,0,2024-12-24 12:42:54
ACC002100,CUST01070,CREDIT,usd,2025-06-19,active,1000,2025-06-19 01:20:33
ACC002101,CUST01070,credit,CAD,2025-03-06,active,25000,2025-03-06 10:11:00
ACC002102,CUST01071,CREDIT,EUR,2025-05-17,active,0,2025-05-17 15:41:40
ACC002103,CUST01071,credit,usd,2024-03-31,active,25000,2024-03-31 19:25:07
ACC002104,CUST01071,savings,USD,2024-12-17,closed,0,2024-12-17 23:10:47
ACC002105,CUST01072,CHECKING,USD,2024-09-25,FROZEN,0,2024-09-25 06:57:33
ACC002106,CUST01073,CREDIT,INR,2025-05-15,closed,25000,2025-05-15 22:39:03
ACC002107,CUST01073,CREDIT,INR,2025-05-18,FROZEN,25000,2025-05-18 18:17:49
ACC002108,CUST01073,checking,CAD,2025-06-22,closed,0,2025-06-22 17:47:39
ACC002109,CUST01074,checking,JPY,2025-03-26,CLOSED,0,2025-03-26 20:33:37
ACC002110,CUST01074,CHECKING,GBP,2025-03-02,ACTIVE,0,2025-03-02 19:43:33
ACC002111,CUST01075,checking,NGN,2024-12-15,ACTIVE,0,2024-12-15 07:48:32
ACC002112,CUST01075,CREDIT,usd,2025-03-30,CLOSED,0,2025-03-30 09:37:59
ACC002113,CUST01076,checking,GBP,2024-11-09,closed,0,2024-11-09 17:13:31
ACC002114,CUST01077,checking,EUR,2024-11-23,closed,0,2024-11-23 20:53:22
ACC002115,CUST01078,credit,usd,2025-03-13,FROZEN,0,2025-03-13 05:54:08
ACC002116,CUST01078,savings,gbp,2025-01-14,closed,0,2025-01-14 05:19:06
ACC002117,CUST01078,CHECKING,GBP,2025-01-11,ACTIVE,0,2025-01-11 21:30:15
ACC002118,CUST01079,savings,usd,2025-05-03,active,0,2025-05-03 09:31:38
ACC002119,CUST01079,CHECKING,usd,2025-06-05,active,0,2025-06-05 03:04:54
ACC002120,CUST01079,CHECKING,EUR,2025-04-26,active,0,2025-04-26 11:56:47
ACC002121,CUST01080,checking,usd,2024-10-28,CLOSED,0,2024-10-28 11:40:09
ACC002122,CUST01081,credit,USD,2025-05-18,ACTIVE,0,2025-05-18 09:10:29
ACC002123,CUST01081,CHECKING,usd,2024-07-29,CLOSED,0,2024-07-29 07:29:26
ACC002124,CUST01082,checking,EUR,2025-01-26,ACTIVE,0,2025-01-26 14:03:43
ACC002125,CUST01082,CREDIT,USD,2025-02-01,CLOSED,10000,2025-02-01 23:23:56
ACC002126,CUST01083,credit,JPY,2025-02-15,CLOSED,10000,2025-02-15 08:50:42
ACC002127,CUST01084,CREDIT,GBP,2025-03-29,ACTIVE,10000,2025-03-29 10:31:12
ACC002128,CUST01085,checking,NGN,2025-03-07,CLOSED,0,2025-03-07 02:20:37
ACC002129,CUST01085,checking,JPY,2024-12-05,ACTIVE,0,2024-12-05 23:59:12
ACC002130,CUST01086,savings,gbp,2024-09-06,closed,0,2024-09-06 10:53:17
ACC002131,CUST01086,checking,gbp,2024-08-08,active,0,2024-08-08 05:53:51
ACC002132,CUST01086,CHECKING,gbp,2024-08-07,ACTIVE,0,2024-08-07 00:20:33
ACC002133,CUST01087,savings,JPY,2025-03-09,active,0,2025-03-09 06:24:36
ACC002134,CUST01087,SAVINGS,USD,2025-06-10,closed,0,2025-06-10 01:00:03
ACC002135,CUST01087,SAVINGS,EUR,2025-03-02,active,0,2025-03-02 05:32:09
ACC002136,CUST01088,savings,EUR,2025-02-03,ACTIVE,0,2025-02-03 08:21:30
ACC002137,CUST01088,checking,CAD,2025-06-01,FROZEN,0,2025-06-01 16:15:31
ACC002138,CUST01088,CHECKING,USD,2025-03-11,active,0,2025-03-11 18:28:34
ACC002139,CUST01089,CREDIT,EUR,2025-05-18,closed,0,2025-05-18 20:30:25
ACC002140,CUST01089,CHECKING,usd,2025-03-23,active,0,2025-03-23 16:30:47
ACC002141,CUST01089,CHECKING,EUR,2025-02-18,FROZEN,0,2025-02-18 10:13:15
ACC002142,CUST01090,SAVINGS,JPY,2025-01-19,FROZEN,0,2025-01-19 05:21:45
ACC002143,CUST01091,savings,gbp,2025-03-14,active,0,2025-03-14 09:48:15
ACC002144,CUST01091,CHECKING,gbp,2025-01-13,ACTIVE,0,2025-01-13 08:06:02
ACC002145,CUST01091,CHECKING,EUR,2024-12-22,CLOSED,0,2024-12-22 15:36:54
ACC002146,CUST01092,CHECKING,CAD,2025-05-23,closed,0,2025-05-23 01:36:38
ACC002147,CUST01093,checking,JPY,2025-03-26,CLOSED,0,2025-03-26 01:44:55
ACC002148,CUST01094,checking,USD,2025-01-13,CLOSED,0,2025-01-13 17:03:36
ACC002149,CUST01094,credit,NGN,2025-05-21,CLOSED,0,2025-05-21 14:02:30
ACC002150,CUST01095,savings,GBP,2024-05-20,active,0,2024-05-20 09:12:02
ACC002151,CUST01095,SAVINGS,JPY,2024-08-09,ACTIVE,0,2024-08-09 05:48:35
ACC002152,CUST01095,SAVINGS,gbp,2025-01-23,active,0,2025-01-23 22:37:05
ACC002153,CUST01096,checking,gbp,2024-04-09,ACTIVE,0,2024-04-09 21:15:15
ACC002154,CUST01096,CHECKING,usd,2024-10-14,ACTIVE,0,2024-10-14 22:41:51
ACC002155,CUST01096,savings,INR,2025-01-11,closed,0,2025-01-11 02:17:31
ACC002156,CUST01097,SAVINGS,NGN,2025-05-19,FROZEN,0,2025-05-19 16:04:41
ACC002157,CUST01097,SAVINGS,INR,2024-07-23,closed,0,2024-07-23 09:29:43
ACC002158,CUST01097,SAVINGS,gbp,2025-02-28,CLOSED,0,2025-02-28 07:47:20
ACC002159,CUST01098,SAVINGS,INR,2024-10-05,ACTIVE,0,2024-10-05 03:35:26
ACC002160,CUST01099,savings,NGN,2024-07-25,ACTIVE,0,2024-07-25 00:50:05
ACC002161,CUST01100,CREDIT,usd,2024-11-20,closed,0,2024-11-20 03:15:42
ACC002162,CUST01101,checking,USD,2025-01-11,CLOSED,0,2025-01-11 12:29:48
ACC002163,CUST01102,CHECKING,INR,2024-10-27,CLOSED,0,2024-10-27 12:43:55
ACC002164,CUST01102,CHECKING,INR,2024-12-02,active,0,2024-12-02 12:10:54
ACC002165,CUST01102,CREDIT,JPY,2025-03-27,ACTIVE,0,2025-03-27 04:18:10
ACC002166,CUST01103,credit,CAD,2024-10-26,CLOSED,10000,2024-10-26 20:05:52
ACC002167,CUST01103,checking,USD,2024-10-30,ACTIVE,0,2024-10-30 17:03:38
ACC002168,CUST01103,credit,INR,2025-01-30,ACTIVE,0,2025-01-30 02:22:21
ACC002169,CUST01104,CHECKING,NGN,2025-05-29,CLOSED,0,2025-05-29 17:08:37
ACC002170,CUST01105,CHECKING,INR,2024-12-07,active,0,2024-12-07 17:34:28
ACC002171,CUST01106,CHECKING,gbp,2024-11-19,FROZEN,0,2024-11-19 22:55:42
ACC002172,CUST01106,SAVINGS,INR,2025-05-14,FROZEN,0,2025-05-14 02:25:40
ACC002173,CUST01107,checking,usd,2024-12-07,active,0,2024-12-07 04:02:40
ACC002174,CUST01108,CREDIT,EUR,2024-08-22,FROZEN,1000,2024-08-22 18:27:20
ACC002175,CUST01109,credit,INR,2025-06-08,CLOSED,0,2025-06-08 13:13:42
ACC002176,CUST01109,CREDIT,INR,2025-05-20,ACTIVE,0,2025-05-20 09:32:41
ACC002177,CUST01109,CHECKING,JPY,2025-04-06,ACTIVE,0,2025-04-06 17:19:39
ACC002178,CUST01110,credit,GBP,2024-10-05,closed,25000,2024-10-05 12:58:21
ACC002179,CUST01110,checking,INR,2025-03-12,FROZEN,0,2025-03-12 16:37:56
ACC002180,CUST01111,savings,EUR,2025-01-16,ACTIVE,0,2025-01-16 20:50:32
ACC002181,CUST01111,CREDIT,JPY,2025-01-01,active,0,2025-01-01 04:22:37
ACC002182,CUST01112,savings,USD,2025-06-27,ACTIVE,0,2025-06-27 07:12:03
ACC002183,CUST01113,savings,NGN,2025-01-20,CLOSED,0,2025-01-20 07:20:25
ACC002184,CUST01114,SAVINGS,USD,2025-02-24,ACTIVE,0,2025-02-24 15:00:49
ACC002185,CUST01115,savings,INR,2024-06-07,CLOSED,0,2024-06-07 06:50:02
ACC002186,CUST01116,CHECKING,USD,2024-10-07,FROZEN,0,2024-10-07 23:31:22
ACC002187,CUST01117,CREDIT,JPY,2024-08-05,ACTIVE,25000,2024-08-05 06:27:48
ACC002188,CUST01117,credit,gbp,2025-04-16,closed,25000,2025-04-16 05:36:14
ACC002189,CUST01117,SAVINGS,GBP,2024-02-06,ACTIVE,0,2024-02-06 08:25:31
ACC002190,CUST01118,CHECKING,gbp,2024-08-04,closed,0,2024-08-04 16:33:36
ACC002191,CUST01118,CHECKING,gbp,2025-04-17,closed,0,2025-04-17 18:54:06
ACC002192,CUST01119,CREDIT,INR,2025-03-30,active,5000,2025-03-30 09:40:07
ACC002193,CUST01119,checking,INR,2024-11-22,closed,0,2024-11-22 06:56:59
ACC002194,CUST01120,CHECKING,NGN,2025-04-09,CLOSED,0,2025-04-09 02:06:50
ACC002195,CUST01120,CREDIT,gbp,2025-03-08,ACTIVE,10000,2025-03-08 04:14:45
ACC002196,CUST01121,CHECKING,EUR,2024-12-17,active,0,2024-12-17 17:04:15
ACC002197,CUST01121,SAVINGS,USD,2025-03-07,CLOSED,0,2025-03-07 16:13:27
ACC002198,CUST01122,SAVINGS,GBP,2025-05-20,active,0,2025-05-20 12:32:42
ACC002199,CUST01122,SAVINGS,NGN,2024-07-16,active,0,2024-07-16 07:14:16
ACC002200,CUST01123,credit,gbp,2025-06-07,closed,5000,2025-06-07 03:45:55
ACC002201,CUST01124,CREDIT,USD,2024-09-07,ACTIVE,1000,2024-09-07 05:58:59
ACC002202,CUST01124,SAVINGS,EUR,2025-04-27,CLOSED,0,2025-04-27 07:32:18
ACC002203,CUST01124,credit,USD,2025-06-19,active,0,2025-06-19 09:03:56
ACC002204,CUST01125,CREDIT,JPY,2024-04-09,active,1000,2024-04-09 14:21:03
ACC002205,CUST01125,CHECKING,NGN,2024-05-22,ACTIVE,0,2024-05-22 02:13:35
ACC002206,CUST01126,credit,USD,2025-03-11,FROZEN,10000,2025-03-11 14:41:30
ACC002207,CUST01127,CREDIT,usd,2025-06-06,active,25000,2025-06-06 23:01:35
ACC002208,CUST01128,CREDIT,JPY,2025-06-08,closed,5000,2025-06-08 22:41:47
ACC002209,CUST01128,checking,usd,2025-03-05,ACTIVE,0,2025-03-05 10:08:31
ACC002210,CUST01129,credit,JPY,2024-04-07,closed,25000,2024-04-07 09:48:41
ACC002211,CUST01129,SAVINGS,JPY,2025-06-20,ACTIVE,0,2025-06-20 10:32:29
ACC002212,CUST01130,savings,gbp,2025-05-13,FROZEN,0,2025-05-13 03:25:30
ACC002213,CUST01131,checking,usd,2025-02-01,CLOSED,0,2025-02-01 16:29:46
ACC002214,CUST01131,CREDIT,GBP,2025-04-27,closed,5000,2025-04-27 06:38:04
ACC002215,CUST01131,CREDIT,INR,2025-05-30,ACTIVE,0,2025-05-30 00:23:34
ACC002216,CUST01132,CHECKING,USD,2024-12-21,FROZEN,0,2024-12-21 00:30:57
ACC002217,CUST01132,CHECKING,NGN,2025-05-12,CLOSED,0,2025-05-12 18:03:00
ACC002218,CUST01132,savings,usd,2025-02-16,active,0,2025-02-16 08:27:46
ACC002219,CUST01133,CREDIT,gbp,2024-11-29,closed,0,2024-11-29 16:11:09
ACC002220,CUST01134,credit,usd,2024-11-10,active,10000,2024-11-10 12:52:34
ACC002221,CUST01134,savings,gbp,2025-04-22,active,0,2025-04-22 09:55:01
ACC002222,CUST01135,savings,JPY,2025-06-30,closed,0,2025-06-30 17:23:30
ACC002223,CUST01135,savings,NGN,2024-05-22,closed,0,2024-05-22 20:20:57
ACC002224,CUST01135,savings,USD,2025-06-30,FROZEN,0,2025-06-30 14:51:11
ACC002225,CUST01136,checking,usd,2025-01-14,FROZEN,0,2025-01-14 10:59:31
ACC002226,CUST01137,CREDIT,usd,2025-04-17,FROZEN,1000,2025-04-17 20:25:13
ACC002227,CUST01138,savings,JPY,2025-02-09,active,0,2025-02-09 13:09:13
ACC002228,CUST01138,savings,gbp,2025-03-07,closed,0,2025-03-07 09:00:58
ACC002229,CUST01139,SAVINGS,NGN,2024-12-29,FROZEN,0,2024-12-29 01:02:58
ACC002230,CUST01139,savings,NGN,2024-11-13,active,0,2024-11-13 13:23:42
ACC002231,CUST01139,credit,NGN,2025-01-24,FROZEN,0,2025-01-24 17:33:31
ACC002232,CUST01140,savings,JPY,2024-12-06,active,0,2024-12-06 03:30:22
ACC002233,CUST01140,SAVINGS,NGN,2025-04-18,ACTIVE,0,2025-04-18 18:11:40
ACC002234,CUST01140,savings,JPY,2024-10-24,FROZEN,0,2024-10-24 03:59:16
ACC002235,CUST01141,savings,USD,2024-12-01,active,0,2024-12-01 03:36:22
ACC002236,CUST01142,CHECKING,NGN,2025-03-15,active,0,2025-03-15 15:16:39
ACC002237,CUST01142,SAVINGS,GBP,2025-02-09,CLOSED,0,2025-02-09 00:45:20
ACC002238,CUST01142,CREDIT,EUR,2025-03-03,ACTIVE,5000,2025-03-03 10:36:18
ACC002239,CUST01143,checking,gbp,2025-03-31,closed,0,2025-03-31 20:51:33
ACC002240,CUST01143,CREDIT,JPY,2025-01-23,active,10000,2025-01-23 09:29:13
ACC002241,CUST01143,CHECKING,NGN,2025-04-16,active,0,2025-04-16 11:38:33
ACC002242,CUST01144,savings,EUR,2025-01-01,closed,0,2025-01-01 22:50:52
ACC002243,CUST01144,CREDIT,usd,2025-02-09,CLOSED,5000,2025-02-09 18:39:02
ACC002244,CUST01145,CHECKING,gbp,2024-12-13,ACTIVE,0,2024-12-13 15:01:25
ACC002245,CUST01146,CREDIT,GBP,2024-04-05,FROZEN,25000,2024-04-05 17:28:11
ACC002246,CUST01147,credit,EUR,2025-05-11,active,25000,2025-05-11 19:01:58
ACC002247,CUST01147,CHECKING,GBP,2024-12-13,active,0,2024-12-13 10:06:15
ACC002248,CUST01147,credit,USD,2025-02-04,FROZEN,1000,2025-02-04 00:41:58
ACC002249,CUST01148,CHECKING,gbp,2024-12-15,FROZEN,0,2024-12-15 13:21:23
ACC002250,CUST01149,CHECKING,NGN,2025-03-11,FROZEN,0,2025-03-11 22:32:33
ACC002251,CUST01149,checking,CAD,2024-02-26,FROZEN,0,2024-02-26 00:49:15
ACC002252,CUST01149,savings,EUR,2024-09-30,FROZEN,0,2024-09-30 15:19:53
ACC002253,CUST01150,CHECKING,NGN,2025-05-26,FROZEN,0,2025-05-26 16:04:16
ACC002254,CUST01151,checking,gbp,2024-11-14,FROZEN,0,2024-11-14 06:12:52
ACC002255,CUST01151,CREDIT,NGN,2024-11-12,ACTIVE,1000,2024-11-12 23:21:19
ACC002256,CUST01151,credit,usd,2025-05-03,closed,1000,2025-05-03 13:08:53
ACC002257,CUST01152,SAVINGS,JPY,2025-05-19,closed,0,2025-05-19 23:08:36
ACC002258,CUST01153,CREDIT,USD,2024-04-08,CLOSED,5000,2024-04-08 11:47:04
ACC002259,CUST01153,CREDIT,usd,2025-02-28,FROZEN,0,2025-02-28 15:10:44
ACC002260,CUST01153,savings,gbp,2024-05-07,CLOSED,0,2024-05-07 20:12:51
ACC002261,CUST01154,checking,CAD,2024-07-04,closed,0,2024-07-04 05:37:45
ACC002262,CUST01154,savings,NGN,2024-09-04,FROZEN,0,2024-09-04 11:12:21
ACC002263,CUST01154,savings,JPY,2025-06-12,closed,0,2025-06-12 00:35:36
ACC002264,CUST01155,savings,JPY,2025-06-16,CLOSED,0,2025-06-16 22:29:08
ACC002265,CUST01156,savings,gbp,2025-01-22,ACTIVE,0,2025-01-22 19:00:08
ACC002266,CUST01156,SAVINGS,gbp,2024-11-14,FROZEN,0,2024-11-14 02:54:18
ACC002267,CUST01157,CHECKING,usd,2024-09-27,closed,0,2024-09-27 03:30:51
ACC002268,CUST01157,credit,EUR,2024-10-30,ACTIVE,5000,2024-10-30 08:07:33
ACC002269,CUST01157,savings,CAD,2025-06-01,active,0,2025-06-01 23:31:22
ACC002270,CUST01158,credit,CAD,2025-04-21,ACTIVE,0,2025-04-21 03:44:37
ACC002271,CUST01158,savings,usd,2024-12-21,CLOSED,0,2024-12-21 08:01:23
ACC002272,CUST01158,checking,JPY,2024-12-18,closed,0,2024-12-18 00:38:36
ACC002273,CUST01159,savings,CAD,2024-12-13,active,0,2024-12-13 10:41:56
ACC002274,CUST01159,credit,EUR,2025-03-02,ACTIVE,10000,2025-03-02 12:50:11
ACC002275,CUST01160,SAVINGS,CAD,2025-03-19,closed,0,2025-03-19 22:29:36
ACC002276,CUST01160,savings,INR,2024-12-30,ACTIVE,0,2024-12-30 16:11:58
ACC002277,CUST01160,CHECKING,gbp,2024-12-28,active,0,2024-12-28 02:07:38
ACC002278,CUST01161,checking,USD,2024-12-15,FROZEN,0,2024-12-15 08:23:49
ACC002279,CUST01161,savings,gbp,2025-03-23,closed,0,2025-03-23 07:24:08
ACC002280,CUST01162,savings,INR,2025-01-14,CLOSED,0,2025-01-14 19:16:22
ACC002281,CUST01162,SAVINGS,NGN,2024-03-21,FROZEN,0,2024-03-21 20:06:40
ACC002282,CUST01162,CHECKING,gbp,2024-06-16,FROZEN,0,2024-06-16 16:42:59
ACC002283,CUST01163,savings,INR,2024-10-19,FROZEN,0,2024-10-19 20:56:50
ACC002284,CUST01163,CHECKING,INR,2025-03-03,FROZEN,0,2025-03-03 12:03:39
ACC002285,CUST01164,checking,JPY,2025-03-10,closed,0,2025-03-10 17:22:39
ACC002286,CUST01164,savings,EUR,2024-12-26,active,0,2024-12-26 05:17:12
ACC002287,CUST01165,savings,NGN,2025-04-12,active,0,2025-04-12 02:46:47
ACC002288,CUST01165,checking,NGN,2025-06-24,FROZEN,0,2025-06-24 00:28:45
ACC002289,CUST01166,CHECKING,usd,2024-11-08,CLOSED,0,2024-11-08 07:27:01
ACC002290,CUST01166,SAVINGS,CAD,2025-03-21,active,0,2025-03-21 16:28:59
ACC002291,CUST01166,CHECKING,NGN,2024-08-08,active,0,2024-08-08 20:30:41
ACC002292,CUST01167,checking,EUR,2024-12-03,FROZEN,0,2024-12-03 23:42:04
ACC002293,CUST01168,savings,INR,2025-02-01,CLOSED,0,2025-02-01 00:31:03
ACC002294,CUST01169,checking,CAD,2024-12-18,closed,0,2024-12-18 15:34:58
ACC002295,CUST01169,savings,USD,2024-04-03,ACTIVE,0,2024-04-03 07:09:52
ACC002296,CUST01170,SAVINGS,usd,2025-01-04,ACTIVE,0,2025-01-04 16:37:04
ACC002297,CUST01171,SAVINGS,JPY,2025-04-18,closed,0,2025-04-18 23:19:10
ACC002298,CUST01171,CHECKING,USD,2025-01-19,closed,0,2025-01-19 13:24:35
ACC002299,CUST01172,savings,JPY,2024-08-09,CLOSED,0,2024-08-09 01:52:30
ACC002300,CUST01173,savings,JPY,2025-05-29,active,0,2025-05-29 01:20:47
ACC002301,CUST01173,CHECKING,EUR,2025-02-18,closed,0,2025-02-18 00:53:04
ACC002302,CUST01174,SAVINGS,INR,2025-06-10,ACTIVE,0,2025-06-10 08:38:53
ACC002303,CUST01174,SAVINGS,INR,2025-06-19,active,0,2025-06-19 18:42:22
ACC002304,CUST01174,savings,gbp,2025-05-09,active,0,2025-05-09 11:25:10
ACC002305,CUST01175,CHECKING,EUR,2025-02-05,ACTIVE,0,2025-02-05 01:10:36
ACC002306,CUST01175,CHECKING,GBP,2024-10-26,closed,0,2024-10-26 22:24:21
ACC002307,CUST01175,checking,INR,2024-11-29,FROZEN,0,2024-11-29 13:37:10
ACC002308,CUST01176,SAVINGS,NGN,2024-12-14,closed,0,2024-12-14 01:20:29
ACC002309,CUST01177,CREDIT,EUR,2025-02-17,FROZEN,0,2025-02-17 02:44:07
ACC002310,CUST01178,checking,gbp,2025-02-03,active,0,2025-02-03 15:21:00
ACC002311,CUST01178,credit,GBP,2024-09-04,closed,5000,2024-09-04 22:13:34
ACC002312,CUST01179,SAVINGS,CAD,2025-05-31,FROZEN,0,2025-05-31 05:36:40
ACC002313,CUST01179,CHECKING,NGN,2024-07-12,FROZEN,0,2024-07-12 07:27:40
ACC002314,CUST01180,SAVINGS,INR,2024-12-19,FROZEN,0,2024-12-19 09:20:24
ACC002315,CUST01180,checking,usd,2024-06-30,ACTIVE,0,2024-06-30 02:57:48
ACC002316,CUST01181,checking,EUR,2025-06-26,CLOSED,0,2025-06-26 19:02:44
ACC002317,CUST01182,CREDIT,INR,2025-06-23,closed,25000,2025-06-23 15:41:25
ACC002318,CUST01182,savings,INR,2024-12-29,CLOSED,0,2024-12-29 23:00:56
ACC002319,CUST01183,credit,EUR,2025-04-13,CLOSED,0,2025-04-13 03:58:42
ACC002320,CUST01184,checking,JPY,2025-03-01,closed,0,2025-03-01 23:05:46
ACC002321,CUST01185,CHECKING,INR,2024-08-24,FROZEN,0,2024-08-24 19:44:04
ACC002322,CUST01185,credit,USD,2024-04-24,ACTIVE,5000,2024-04-24 19:10:17
ACC002323,CUST01186,checking,USD,2025-02-26,FROZEN,0,2025-02-26 14:39:59
ACC002324,CUST01186,credit,GBP,2025-01-12,ACTIVE,10000,2025-01-12 12:05:48
ACC002325,CUST01186,CREDIT,GBP,2025-02-26,FROZEN,25000,2025-02-26 06:59:19
ACC002326,CUST01187,CREDIT,EUR,2025-05-29,FROZEN,25000,2025-05-29 13:28:36
ACC002327,CUST01187,SAVINGS,GBP,2024-09-26,FROZEN,0,2024-09-26 05:01:13
ACC002328,CUST01187,CHECKING,usd,2024-04-10,closed,0,2024-04-10 04:15:11
ACC002329,CUST01188,savings,INR,2025-06-08,CLOSED,0,2025-06-08 17:43:52
ACC002330,CUST01189,CREDIT,NGN,2024-11-19,FROZEN,0,2024-11-19 07:21:32
ACC002331,CUST01189,SAVINGS,gbp,2024-10-05,FROZEN,0,2024-10-05 21:29:10
ACC002332,CUST01189,SAVINGS,gbp,2025-04-17,FROZEN,0,2025-04-17 05:05:39
ACC002333,CUST01190,CREDIT,JPY,2024-07-03,FROZEN,0,2024-07-03 13:04:25
ACC002334,CUST01190,savings,GBP,2024-07-13,CLOSED,0,2024-07-13 05:32:05
ACC002335,CUST01191,CREDIT,USD,2025-04-28,FROZEN,0,2025-04-28 14:00:10
ACC002336,CUST01191,credit,usd,2024-09-29,active,5000,2024-09-29 13:34:13
ACC002337,CUST01191,savings,JPY,2025-01-22,closed,0,2025-01-22 09:45:44
ACC002338,CUST01192,CREDIT,NGN,2025-01-13,closed,10000,2025-01-13 05:01:46
ACC002339,CUST01192,CREDIT,JPY,2025-05-14,closed,1000,2025-05-14 13:11:52
ACC002340,CUST01192,credit,USD,2024-12-05,FROZEN,5000,2024-12-05 04:44:16
ACC002341,CUST01193,CREDIT,EUR,2025-04-28,CLOSED,10000,2025-04-28 10:44:41
ACC002342,CUST01193,SAVINGS,INR,2025-02-14,active,0,2025-02-14 07:43:24
ACC002343,CUST01194,checking,USD,2025-03-10,ACTIVE,0,2025-03-10 16:50:49
ACC002344,CUST01194,credit,EUR,2025-03-14,FROZEN,0,2025-03-14 04:39:54
ACC002345,CUST01195,CREDIT,GBP,2024-10-12,closed,10000,2024-10-12 05:53:50
ACC002346,CUST01196,CREDIT,GBP,2024-05-17,closed,0,2024-05-17 09:34:56
ACC002347,CUST01196,checking,usd,2024-04-01,closed,0,2024-04-01 03:50:59
ACC002348,CUST01197,savings,EUR,2024-06-30,closed,0,2024-06-30 08:47:53
ACC002349,CUST01197,checking,JPY,2024-11-17,closed,0,2024-11-17 04:21:58
ACC002350,CUST01198,CREDIT,GBP,2025-06-02,active,5000,2025-06-02 04:43:08
ACC002351,CUST01199,CHECKING,usd,2024-12-27,ACTIVE,0,2024-12-27 00:58:53
ACC002352,CUST01200,checking,USD,2025-01-30,ACTIVE,0,2025-01-30 07:56:11
ACC002353,CUST01201,savings,INR,2025-05-04,CLOSED,0,2025-05-04 11:11:13
ACC002354,CUST01202,CHECKING,USD,2025-02-28,closed,0,2025-02-28 06:08:29
ACC002355,CUST01202,CREDIT,JPY,2025-06-08,CLOSED,10000,2025-06-08 14:26:23
ACC002356,CUST01203,CHECKING,USD,2025-03-25,closed,0,2025-03-25 23:57:36
ACC002357,CUST01203,SAVINGS,GBP,2024-11-28,FROZEN,0,2024-11-28 11:18:53
ACC002358,CUST01203,CHECKING,gbp,2025-03-25,ACTIVE,0,2025-03-25 00:29:28
ACC002359,CUST01204,CREDIT,CAD,2024-11-13,active,0,2024-11-13 08:31:09
ACC002360,CUST01204,CHECKING,JPY,2025-04-19,ACTIVE,0,2025-04-19 23:58:54
ACC002361,CUST01204,savings,gbp,2025-06-15,CLOSED,0,2025-06-15 07:37:27
ACC002362,CUST01205,checking,GBP,2025-04-27,FROZEN,0,2025-04-27 13:40:27
ACC002363,CUST01205,savings,CAD,2025-02-22,ACTIVE,0,2025-02-22 01:34:56
ACC002364,CUST01205,CHECKING,GBP,2024-12-30,ACTIVE,0,2024-12-30 18:30:08
ACC002365,CUST01206,checking,USD,2024-12-22,FROZEN,0,2024-12-22 00:16:57
ACC002366,CUST01206,SAVINGS,NGN,2024-09-15,CLOSED,0,2024-09-15 15:57:43
ACC002367,CUST01207,CHECKING,USD,2024-11-23,CLOSED,0,2024-11-23 09:52:57
ACC002368,CUST01208,savings,gbp,2025-05-14,ACTIVE,0,2025-05-14 17:13:27
ACC002369,CUST01208,CHECKING,NGN,2025-03-14,FROZEN,0,2025-03-14 08:03:10
ACC002370,CUST01209,credit,GBP,2025-01-18,FROZEN,0,2025-01-18 14:37:39
ACC002371,CUST01209,savings,JPY,2024-12-16,FROZEN,0,2024-12-16 14:46:45
ACC002372,CUST01210,CREDIT,gbp,2025-04-10,closed,25000,2025-04-10 18:36:17
ACC002373,CUST01211,CREDIT,USD,2024-06-08,FROZEN,5000,2024-06-08 14:08:51
ACC002374,CUST01211,savings,NGN,2024-10-05,closed,0,2024-10-05 04:29:21
ACC002375,CUST01212,CREDIT,NGN,2025-01-30,closed,0,2025-01-30 06:09:10
ACC002376,CUST01213,checking,NGN,2025-03-14,closed,0,2025-03-14 18:31:37
ACC002377,CUST01213,CHECKING,JPY,2025-04-25,active,0,2025-04-25 14:29:34
ACC002378,CUST01213,savings,JPY,2025-06-27,closed,0,2025-06-27 09:07:45
ACC002379,CUST01214,savings,JPY,2024-08-11,CLOSED,0,2024-08-11 21:31:09
ACC002380,CUST01214,SAVINGS,USD,2024-07-07,FROZEN,0,2024-07-07 10:15:14
ACC002381,CUST01214,checking,CAD,2025-04-10,CLOSED,0,2025-04-10 00:33:35
ACC002382,CUST01215,savings,USD,2025-04-22,closed,0,2025-04-22 23:56:51
ACC002383,CUST01216,CHECKING,usd,2024-10-15,active,0,2024-10-15 03:06:16
ACC002384,CUST01217,savings,JPY,2025-02-22,closed,0,2025-02-22 11:02:56
ACC002385,CUST01217,savings,USD,2024-10-12,FROZEN,0,2024-10-12 01:40:54
ACC002386,CUST01218,CHECKING,CAD,2025-02-14,active,0,2025-02-14 21:05:33
ACC002387,CUST01219,SAVINGS,CAD,2025-05-26,closed,0,2025-05-26 12:20:53
ACC002388,CUST01220,CHECKING,INR,2025-06-29,CLOSED,0,2025-06-29 07:10:48
ACC002389,CUST01220,SAVINGS,usd,2024-12-11,active,0,2024-12-11 10:47:09
ACC002390,CUST01221,savings,EUR,2024-10-18,ACTIVE,0,2024-10-18 12:42:47
ACC002391,CUST01221,CREDIT,JPY,2024-05-16,active,10000,2024-05-16 00:13:56
ACC002392,CUST01222,CREDIT,NGN,2024-07-15,active,10000,2024-07-15 16:35:21
ACC002393,CUST01222,SAVINGS,EUR,2024-11-26,active,0,2024-11-26 05:24:50
ACC002394,CUST01223,savings,CAD,2025-05-20,closed,0,2025-05-20 05:50:42
ACC002395,CUST01224,savings,USD,2024-09-16,FROZEN,0,2024-09-16 21:54:24
ACC002396,CUST01224,credit,gbp,2025-05-26,active,0,2025-05-26 00:15:49
ACC002397,CUST01224,CREDIT,gbp,2024-09-28,FROZEN,0,2024-09-28 20:52:07
ACC002398,CUST01225,SAVINGS,NGN,2024-12-06,closed,0,2024-12-06 14:53:32
ACC002399,CUST01225,CHECKING,EUR,2025-01-07,active,0,2025-01-07 02:18:39
ACC002400,CUST01226,CHECKING,USD,2025-06-06,ACTIVE,0,2025-06-06 23:43:31
ACC002401,CUST01226,credit,GBP,2024-07-05,FROZEN,1000,2024-07-05 05:17:23
ACC002402,CUST01227,CHECKING,INR,2024-08-28,active,0,2024-08-28 16:24:11
ACC002403,CUST01227,checking,gbp,2024-07-10,CLOSED,0,2024-07-10 02:23:51
ACC002404,CUST01228,checking,JPY,2025-05-04,closed,0,2025-05-04 09:13:10
ACC002405,CUST01229,SAVINGS,USD,2025-05-22,ACTIVE,0,2025-05-22 01:19:15
ACC002406,CUST01229,savings,JPY,2024-09-18,closed,0,2024-09-18 13:09:42
ACC002407,CUST01230,credit,INR,2024-11-13,active,0,2024-11-13 11:51:44
ACC002408,CUST01231,savings,usd,2024-08-02,CLOSED,0,2024-08-02 21:56:21
ACC002409,CUST01232,CHECKING,INR,2024-12-23,ACTIVE,0,2024-12-23 19:51:50
ACC002410,CUST01232,SAVINGS,JPY,2024-04-23,ACTIVE,0,2024-04-23 18:18:03
ACC002411,CUST01232,CHECKING,CAD,2024-05-19,ACTIVE,0,2024-05-19 01:03:54
ACC002412,CUST01233,savings,usd,2025-02-04,ACTIVE,0,2025-02-04 03:04:57
ACC002413,CUST01233,checking,NGN,2025-03-29,ACTIVE,0,2025-03-29 07:51:28
ACC002414,CUST01233,credit,GBP,2024-12-13,CLOSED,0,2024-12-13 22:33:50
ACC002415,CUST01234,checking,GBP,2025-05-10,ACTIVE,0,2025-05-10 04:14:07
ACC002416,CUST01235,CHECKING,NGN,2025-05-07,closed,0,2025-05-07 18:49:32
ACC002417,CUST01236,CHECKING,USD,2025-03-20,CLOSED,0,2025-03-20 06:35:02
ACC002418,CUST01236,credit,usd,2024-10-06,closed,25000,2024-10-06 14:03:38
ACC002419,CUST01237,CREDIT,CAD,2024-09-17,FROZEN,10000,2024-09-17 12:55:04
ACC002420,CUST01237,credit,JPY,2024-07-13,CLOSED,0,2024-07-13 07:38:56
ACC002421,CUST01237,CREDIT,GBP,2024-12-04,CLOSED,5000,2024-12-04 22:41:15
ACC002422,CUST01238,CREDIT,gbp,2025-01-08,CLOSED,0,2025-01-08 01:42:57
ACC002423,CUST01238,savings,usd,2025-01-01,closed,0,2025-01-01 21:09:47
ACC002424,CUST01239,checking,INR,2024-12-29,active,0,2024-12-29 21:04:32
ACC002425,CUST01239,SAVINGS,JPY,2025-04-21,ACTIVE,0,2025-04-21 13:01:57
ACC002426,CUST01239,credit,usd,2024-09-03,ACTIVE,25000,2024-09-03 19:19:48
ACC002427,CUST01240,CHECKING,EUR,2024-11-22,FROZEN,0,2024-11-22 01:10:07
ACC002428,CUST01240,CREDIT,NGN,2025-05-12,active,10000,2025-05-12 20:34:14
ACC002429,CUST01241,CHECKING,INR,2024-11-18,FROZEN,0,2024-11-18 03:19:22
ACC002430,CUST01241,credit,INR,2024-11-29,FROZEN,0,2024-11-29 20:25:59
ACC002431,CUST01241,checking,CAD,2025-03-30,active,0,2025-03-30 12:12:03
ACC002432,CUST01242,CHECKING,NGN,2025-04-15,FROZEN,0,2025-04-15 19:23:45
ACC002433,CUST01242,savings,USD,2025-04-21,CLOSED,0,2025-04-21 22:00:47
ACC002434,CUST01243,CREDIT,GBP,2024-06-21,FROZEN,5000,2024-06-21 11:52:34
ACC002435,CUST01243,CREDIT,GBP,2024-09-11,closed,5000,2024-09-11 16:29:46
ACC002436,CUST01244,SAVINGS,GBP,2025-02-10,CLOSED,0,2025-02-10 08:18:19
ACC002437,CUST01244,credit,gbp,2025-06-10,CLOSED,25000,2025-06-10 21:59:15
ACC002438,CUST01245,CHECKING,CAD,2025-04-22,FROZEN,0,2025-04-22 21:28:39
ACC002439,CUST01246,savings,gbp,2025-03-09,ACTIVE,0,2025-03-09 00:30:38
ACC002440,CUST01247,savings,CAD,2025-01-06,FROZEN,0,2025-01-06 20:25:55
ACC002441,CUST01247,SAVINGS,NGN,2024-09-20,active,0,2024-09-20 02:13:42
ACC002442,CUST01248,checking,USD,2025-01-15,closed,0,2025-01-15 06:11:00
ACC002443,CUST01249,SAVINGS,CAD,2025-03-03,ACTIVE,0,2025-03-03 01:00:51
ACC002444,CUST01250,credit,gbp,2025-05-26,ACTIVE,10000,2025-05-26 05:21:13
ACC002445,CUST01251,CHECKING,GBP,2025-04-17,ACTIVE,0,2025-04-17 01:13:45
ACC002446,CUST01251,CHECKING,INR,2024-09-28,closed,0,2024-09-28 08:44:07
ACC002447,CUST01251,CHECKING,USD,2025-01-24,active,0,2025-01-24 15:29:32
ACC002448,CUST01252,credit,NGN,2025-03-11,ACTIVE,1000,2025-03-11 12:57:53
ACC002449,CUST01252,checking,USD,2025-01-24,CLOSED,0,2025-01-24 19:08:07
ACC002450,CUST01253,checking,CAD,2025-05-10,FROZEN,0,2025-05-10 01:29:44
ACC002451,CUST01253,credit,USD,2025-01-18,ACTIVE,0,2025-01-18 07:05:13
ACC002452,CUST01253,checking,INR,2025-02-07,FROZEN,0,2025-02-07 12:27:52
ACC002453,CUST01254,CHECKING,USD,2025-02-16,active,0,2025-02-16 13:22:56
ACC002454,CUST01254,credit,usd,2025-04-04,FROZEN,0,2025-04-04 10:08:01
ACC002455,CUST01254,SAVINGS,GBP,2024-08-09,active,0,2024-08-09 05:04:27
ACC002456,CUST01255,SAVINGS,INR,2025-06-11,closed,0,2025-06-11 20:51:10
ACC002457,CUST01255,CHECKING,INR,2024-11-30,FROZEN,0,2024-11-30 22:02:17
ACC002458,CUST01256,CHECKING,INR,2025-04-28,active,0,2025-04-28 14:20:36
ACC002459,CUST01257,CREDIT,USD,2025-05-11,FROZEN,5000,2025-05-11 00:58:41
ACC002460,CUST01258,CREDIT,CAD,2025-06-28,ACTIVE,10000,2025-06-28 07:23:35
ACC002461,CUST01258,credit,usd,2025-03-20,ACTIVE,25000,2025-03-20 18:40:19
ACC002462,CUST01258,savings,gbp,2025-02-05,closed,0,2025-02-05 21:18:40
ACC002463,CUST01259,credit,GBP,2025-02-23,closed,0,2025-02-23 02:04:02
ACC002464,CUST01260,SAVINGS,CAD,2024-02-06,active,0,2024-02-06 08:00:08
ACC002465,CUST01261,savings,USD,2024-09-03,closed,0,2024-09-03 14:48:41
ACC002466,CUST01262,SAVINGS,usd,2025-05-28,ACTIVE,0,2025-05-28 08:37:57
ACC002467,CUST01262,SAVINGS,usd,2025-03-28,active,0,2025-03-28 18:53:59
ACC002468,CUST01262,SAVINGS,EUR,2025-05-10,closed,0,2025-05-10 23:10:26
ACC002469,CUST01263,checking,CAD,2024-12-22,closed,0,2024-12-22 09:57:43
ACC002470,CUST01263,checking,USD,2024-12-20,FROZEN,0,2024-12-20 05:23:17
ACC002471,CUST01264,CHECKING,USD,2024-05-25,CLOSED,0,2024-05-25 21:13:45
ACC002472,CUST01264,CREDIT,USD,2025-04-14,ACTIVE,5000,2025-04-14 04:20:20
ACC002473,CUST01265,savings,JPY,2025-06-15,ACTIVE,0,2025-06-15 15:48:30
ACC002474,CUST01265,CREDIT,INR,2024-05-25,CLOSED,1000,2024-05-25 05:38:20
ACC002475,CUST01266,credit,INR,2024-04-23,closed,0,2024-04-23 05:52:31
ACC002476,CUST01266,credit,EUR,2024-10-13,active,10000,2024-10-13 10:16:56
ACC002477,CUST01267,CREDIT,gbp,2024-11-18,FROZEN,25000,2024-11-18 06:46:12
ACC002478,CUST01267,credit,GBP,2025-04-17,ACTIVE,0,2025-04-17 15:48:28
ACC002479,CUST01267,savings,INR,2024-09-05,CLOSED,0,2024-09-05 01:54:10
ACC002480,CUST01268,checking,CAD,2025-04-29,FROZEN,0,2025-04-29 16:10:54
ACC002481,CUST01268,checking,EUR,2024-07-12,FROZEN,0,2024-07-12 03:01:51
ACC002482,CUST01269,savings,GBP,2024-10-18,CLOSED,0,2024-10-18 07:16:37
ACC002483,CUST01270,checking,NGN,2025-02-18,active,0,2025-02-18 12:52:12
ACC002484,CUST01270,CHECKING,INR,2025-02-24,closed,0,2025-02-24 12:14:47
ACC002485,CUST01271,CREDIT,EUR,2024-07-27,closed,0,2024-07-27 17:43:32
ACC002486,CUST01271,checking,GBP,2024-07-01,FROZEN,0,2024-07-01 01:58:49
ACC002487,CUST01272,CHECKING,USD,2025-01-17,ACTIVE,0,2025-01-17 23:47:03
ACC002488,CUST01272,credit,USD,2024-12-27,FROZEN,1000,2024-12-27 11:16:41
ACC002489,CUST01273,credit,JPY,2025-02-19,closed,25000,2025-02-19 02:11:04
ACC002490,CUST01274,SAVINGS,GBP,2025-04-13,ACTIVE,0,2025-04-13 11:13:50
ACC002491,CUST01274,CHECKING,usd,2024-07-08,CLOSED,0,2024-07-08 15:32:45
ACC002492,CUST01275,checking,EUR,2025-03-23,closed,0,2025-03-23 05:31:28
ACC002493,CUST01275,CHECKING,gbp,2025-06-25,FROZEN,0,2025-06-25 02:32:56
ACC002494,CUST01276,CREDIT,JPY,2024-11-25,CLOSED,5000,2024-11-25 17:52:45
ACC002495,CUST01276,CREDIT,EUR,2024-11-21,ACTIVE,25000,2024-11-21 13:09:56
ACC002496,CUST01277,credit,NGN,2025-04-27,FROZEN,5000,2025-04-27 11:04:00
ACC002497,CUST01278,CHECKING,GBP,2025-03-21,active,0,2025-03-21 17:57:29
ACC002498,CUST01279,CHECKING,EUR,2024-09-28,CLOSED,0,2024-09-28 04:10:29
ACC002499,CUST01279,SAVINGS,JPY,2025-02-23,active,0,2025-02-23 10:07:12
ACC002500,CUST01280,savings,INR,2024-10-23,ACTIVE,0,2024-10-23 17:06:03
ACC002501,CUST01281,checking,USD,2025-04-29,CLOSED,0,2025-04-29 09:36:36
ACC002502,CUST01281,CHECKING,CAD,2024-10-24,active,0,2024-10-24 11:32:18
ACC002503,CUST01281,credit,JPY,2024-12-06,ACTIVE,25000,2024-12-06 15:12:29
ACC002504,CUST01282,savings,EUR,2025-01-19,ACTIVE,0,2025-01-19 10:01:41
ACC002505,CUST01283,credit,EUR,2025-06-27,ACTIVE,10000,2025-06-27 01:27:33
ACC002506,CUST01283,CREDIT,usd,2025-05-08,closed,25000,2025-05-08 11:06:10
ACC002507,CUST01283,savings,USD,2025-06-20,FROZEN,0,2025-06-20 05:40:40
ACC002508,CUST01284,savings,usd,2024-10-27,ACTIVE,0,2024-10-27 16:27:43
ACC002509,CUST01284,savings,GBP,2025-04-04,closed,0,2025-04-04 09:32:18
ACC002510,CUST01284,SAVINGS,JPY,2025-02-12,closed,0,2025-02-12 05:57:48
ACC002511,CUST01285,CREDIT,INR,2025-04-04,CLOSED,10000,2025-04-04 12:52:50
ACC002512,CUST01286,savings,JPY,2024-05-13,closed,0,2024-05-13 03:56:51
ACC002513,CUST01287,CHECKING,CAD,2025-05-11,active,0,2025-05-11 15:23:09
ACC002514,CUST01288,CHECKING,JPY,2024-10-30,CLOSED,0,2024-10-30 17:32:53
ACC002515,CUST01288,CREDIT,INR,2024-09-13,active,5000,2024-09-13 01:27:12
ACC002516,CUST01289,SAVINGS,gbp,2024-10-25,ACTIVE,0,2024-10-25 11:04:53
ACC002517,CUST01289,CREDIT,EUR,2024-06-07,CLOSED,0,2024-06-07 13:05:38
ACC002518,CUST01289,CHECKING,USD,2024-07-29,active,0,2024-07-29 05:28:21
ACC002519,CUST01290,CREDIT,JPY,2024-08-24,active,0,2024-08-24 00:36:56
ACC002520,CUST01290,checking,EUR,2024-09-04,ACTIVE,0,2024-09-04 14:07:47
ACC002521,CUST01290,CHECKING,gbp,2024-09-22,FROZEN,0,2024-09-22 16:54:45
ACC002522,CUST01291,credit,EUR,2024-11-25,closed,0,2024-11-25 12:29:02
ACC002523,CUST01291,CHECKING,NGN,2024-07-17,FROZEN,0,2024-07-17 05:04:21
ACC002524,CUST01292,credit,USD,2025-06-19,active,0,2025-06-19 23:10:48
ACC002525,CUST01292,credit,EUR,2025-06-29,ACTIVE,0,2025-06-29 14:53:08
ACC002526,CUST01292,CHECKING,gbp,2025-01-17,active,0,2025-01-17 17:22:25
ACC002527,CUST01293,checking,INR,2024-10-09,CLOSED,0,2024-10-09 22:52:39
ACC002528,CUST01294,credit,GBP,2024-04-14,FROZEN,0,2024-04-14 19:01:58
ACC002529,CUST01294,CHECKING,EUR,2024-06-05,closed,0,2024-06-05 15:44:16
ACC002530,CUST01295,SAVINGS,USD,2025-01-07,CLOSED,0,2025-01-07 14:45:19
ACC002531,CUST01296,checking,USD,2025-03-08,ACTIVE,0,2025-03-08 17:48:09
ACC002532,CUST01296,credit,GBP,2025-02-16,CLOSED,25000,2025-02-16 18:21:38
ACC002533,CUST01297,SAVINGS,NGN,2025-05-28,closed,0,2025-05-28 11:46:18
ACC002534,CUST01297,CREDIT,GBP,2025-01-07,active,5000,2025-01-07 06:21:15
ACC002535,CUST01298,credit,usd,2024-11-19,CLOSED,0,2024-11-19 21:36:32
ACC002536,CUST01299,savings,gbp,2024-07-10,CLOSED,0,2024-07-10 11:58:23
ACC002537,CUST01299,checking,JPY,2024-06-14,active,0,2024-06-14 17:59:44
ACC002538,CUST01299,CHECKING,gbp,2024-08-14,active,0,2024-08-14 16:30:10
ACC002539,CUST01300,SAVINGS,usd,2025-05-23,closed,0,2025-05-23 04:27:49
ACC002540,CUST01300,savings,EUR,2025-03-24,active,0,2025-03-24 08:01:39
ACC002541,CUST01300,CHECKING,GBP,2025-06-02,ACTIVE,0,2025-06-02 09:22:54
ACC002542,CUST01301,CHECKING,JPY,2025-04-20,ACTIVE,0,2025-04-20 03:30:08
ACC002543,CUST01301,savings,JPY,2025-01-16,FROZEN,0,2025-01-16 23:22:18
ACC002544,CUST01302,savings,USD,2025-02-20,CLOSED,0,2025-02-20 10:49:38
ACC002545,CUST01302,credit,EUR,2024-10-19,ACTIVE,1000,2024-10-19 15:36:47
ACC002546,CUST01303,savings,CAD,2025-04-07,FROZEN,0,2025-04-07 19:04:28
ACC002547,CUST01303,SAVINGS,gbp,2024-04-21,FROZEN,0,2024-04-21 22:46:05
ACC002548,CUST01303,credit,INR,2024-10-25,CLOSED,0,2024-10-25 09:47:01
ACC002549,CUST01304,credit,GBP,2025-02-10,active,0,2025-02-10 06:05:17
ACC002550,CUST01304,SAVINGS,USD,2025-05-06,FROZEN,0,2025-05-06 21:09:29
ACC002551,CUST01305,checking,INR,2025-05-10,active,0,2025-05-10 09:13:52
ACC002552,CUST01305,checking,NGN,2025-02-03,active,0,2025-02-03 06:48:05
ACC002553,CUST01305,CHECKING,usd,2025-06-01,FROZEN,0,2025-06-01 11:40:50
ACC002554,CUST01306,checking,NGN,2025-03-04,active,0,2025-03-04 07:32:34
ACC002555,CUST01307,credit,CAD,2025-03-31,FROZEN,5000,2025-03-31 16:55:53
ACC002556,CUST01307,checking,usd,2025-06-03,closed,0,2025-06-03 18:45:57
ACC002557,CUST01307,credit,JPY,2025-05-03,CLOSED,0,2025-05-03 15:51:46
ACC002558,CUST01308,CHECKING,NGN,2025-06-08,active,0,2025-06-08 21:22:27
ACC002559,CUST01308,checking,gbp,2025-06-17,ACTIVE,0,2025-06-17 08:17:33
ACC002560,CUST01308,CREDIT,NGN,2025-06-24,FROZEN,5000,2025-06-24 13:08:39
ACC002561,CUST01309,CREDIT,GBP,2024-12-30,active,0,2024-12-30 01:34:43
ACC002562,CUST01310,savings,EUR,2024-11-24,FROZEN,0,2024-11-24 19:53:33
ACC002563,CUST01310,SAVINGS,JPY,2024-06-03,active,0,2024-06-03 17:48:04
ACC002564,CUST01310,checking,gbp,2024-10-11,active,0,2024-10-11 16:40:45
ACC002565,CUST01311,CHECKING,usd,2024-09-04,FROZEN,0,2024-09-04 02:26:01
ACC002566,CUST01312,savings,NGN,2025-04-13,ACTIVE,0,2025-04-13 17:19:40
ACC002567,CUST01312,credit,CAD,2025-03-14,CLOSED,0,2025-03-14 14:19:24
ACC002568,CUST01312,credit,gbp,2025-06-01,CLOSED,1000,2025-06-01 03:25:47
ACC002569,CUST01313,savings,gbp,2025-02-22,FROZEN,0,2025-02-22 03:13:08
ACC002570,CUST01313,SAVINGS,GBP,2024-11-15,CLOSED,0,2024-11-15 10:14:51
ACC002571,CUST01314,savings,gbp,2025-04-18,CLOSED,0,2025-04-18 13:54:39
ACC002572,CUST01314,credit,JPY,2025-03-15,CLOSED,5000,2025-03-15 01:57:45
ACC002573,CUST01315,checking,gbp,2025-02-28,active,0,2025-02-28 08:21:13
ACC002574,CUST01316,SAVINGS,gbp,2024-09-24,FROZEN,0,2024-09-24 13:04:12
ACC002575,CUST01317,credit,CAD,2025-02-13,closed,0,2025-02-13 23:05:42
ACC002576,CUST01318,CHECKING,CAD,2025-06-09,active,0,2025-06-09 14:39:21
ACC002577,CUST01318,CREDIT,CAD,2025-03-16,FROZEN,0,2025-03-16 23:46:51
ACC002578,CUST01319,savings,gbp,2024-11-13,CLOSED,0,2024-11-13 03:42:07
ACC002579,CUST01319,CHECKING,GBP,2024-06-11,ACTIVE,0,2024-06-11 03:34:41
ACC002580,CUST01319,SAVINGS,EUR,2025-01-08,active,0,2025-01-08 00:15:59
ACC002581,CUST01320,credit,usd,2025-06-26,FROZEN,5000,2025-06-26 20:42:28
ACC002582,CUST01320,savings,usd,2025-03-03,FROZEN,0,2025-03-03 06:16:59
ACC002583,CUST01321,SAVINGS,JPY,2025-04-22,closed,0,2025-04-22 07:23:42
ACC002584,CUST01322,checking,NGN,2024-11-23,ACTIVE,0,2024-11-23 11:33:26
ACC002585,CUST01323,SAVINGS,GBP,2025-01-17,ACTIVE,0,2025-01-17 00:21:58
ACC002586,CUST01323,CREDIT,GBP,2025-05-02,CLOSED,1000,2025-05-02 16:54:01
ACC002587,CUST01324,credit,USD,2024-08-08,closed,0,2024-08-08 23:21:27
ACC002588,CUST01325,savings,JPY,2024-07-25,FROZEN,0,2024-07-25 17:54:28
ACC002589,CUST01325,checking,usd,2024-08-29,ACTIVE,0,2024-08-29 17:19:59
ACC002590,CUST01325,credit,INR,2025-02-02,ACTIVE,5000,2025-02-02 02:44:03
ACC002591,CUST01326,SAVINGS,EUR,2024-10-20,active,0,2024-10-20 01:43:26
ACC002592,CUST01326,credit,EUR,2024-11-20,CLOSED,0,2024-11-20 21:03:26
ACC002593,CUST01326,CREDIT,INR,2025-06-13,FROZEN,25000,2025-06-13 07:45:34
ACC002594,CUST01327,credit,INR,2025-05-05,ACTIVE,10000,2025-05-05 19:58:09
ACC002595,CUST01327,savings,GBP,2024-07-25,active,0,2024-07-25 15:54:38
ACC002596,CUST01328,credit,NGN,2024-04-19,FROZEN,5000,2024-04-19 15:54:25
ACC002597,CUST01328,checking,INR,2024-07-23,CLOSED,0,2024-07-23 15:14:16
ACC002598,CUST01328,checking,NGN,2025-03-17,CLOSED,0,2025-03-17 19:54:17
ACC002599,CUST01329,savings,GBP,2025-03-07,active,0,2025-03-07 21:32:51
ACC002600,CUST01329,CHECKING,usd,2025-04-04,FROZEN,0,2025-04-04 21:10:50
ACC002601,CUST01329,CHECKING,USD,2025-06-29,FROZEN,0,2025-06-29 21:41:32
ACC002602,CUST01330,CREDIT,USD,2025-04-09,FROZEN,0,2025-04-09 14:50:14
ACC002603,CUST01331,CREDIT,USD,2025-06-22,ACTIVE,10000,2025-06-22 00:55:07
ACC002604,CUST01331,checking,INR,2025-02-20,active,0,2025-02-20 21:59:12
ACC002605,CUST01332,CHECKING,gbp,2024-12-11,active,0,2024-12-11 17:15:58
ACC002606,CUST01332,savings,GBP,2025-02-24,ACTIVE,0,2025-02-24 04:38:45
ACC002607,CUST01332,CHECKING,gbp,2025-04-06,active,0,2025-04-06 05:13:34
ACC002608,CUST01333,checking,NGN,2024-06-19,closed,0,2024-06-19 20:40:34
ACC002609,CUST01333,savings,EUR,2024-05-22,ACTIVE,0,2024-05-22 10:54:02
ACC002610,CUST01333,CHECKING,GBP,2024-08-17,CLOSED,0,2024-08-17 03:33:10
ACC002611,CUST01334,SAVINGS,EUR,2025-01-29,closed,0,2025-01-29 07:40:43
ACC002612,CUST01334,checking,USD,2025-02-15,closed,0,2025-02-15 18:11:51
ACC002613,CUST01334,checking,INR,2025-05-25,active,0,2025-05-25 10:40:25
ACC002614,CUST01335,credit,CAD,2024-12-18,active,0,2024-12-18 15:22:24
ACC002615,CUST01335,checking,EUR,2025-01-29,active,0,2025-01-29 02:55:19
ACC002616,CUST01336,checking,GBP,2025-05-09,closed,0,2025-05-09 20:24:47
ACC002617,CUST01336,CHECKING,gbp,2024-10-13,FROZEN,0,2024-10-13 09:18:20
ACC002618,CUST01336,credit,GBP,2025-06-02,FROZEN,10000,2025-06-02 22:03:41
ACC002619,CUST01337,checking,NGN,2024-10-20,CLOSED,0,2024-10-20 04:15:21
ACC002620,CUST01338,SAVINGS,USD,2025-02-07,CLOSED,0,2025-02-07 00:18:29
ACC002621,CUST01339,CHECKING,JPY,2025-01-16,CLOSED,0,2025-01-16 14:07:42
ACC002622,CUST01339,CREDIT,NGN,2024-12-29,closed,0,2024-12-29 16:39:56
ACC002623,CUST01340,CREDIT,EUR,2024-08-30,active,25000,2024-08-30 19:44:52
ACC002624,CUST01340,CHECKING,usd,2025-03-21,ACTIVE,0,2025-03-21 00:50:01
ACC002625,CUST01341,checking,NGN,2024-05-20,ACTIVE,0,2024-05-20 20:13:39
ACC002626,CUST01341,credit,JPY,2024-11-15,active,25000,2024-11-15 03:09:12
ACC002627,CUST01342,credit,usd,2025-06-12,CLOSED,0,2025-06-12 03:16:12
ACC002628,CUST01342,credit,gbp,2025-03-06,closed,25000,2025-03-06 16:10:28
ACC002629,CUST01342,savings,INR,2024-10-20,active,0,2024-10-20 14:30:50
ACC002630,CUST01343,SAVINGS,EUR,2025-05-01,active,0,2025-05-01 18:57:51
ACC002631,CUST01343,checking,EUR,2024-11-01,active,0,2024-11-01 23:19:54
ACC002632,CUST01344,CREDIT,usd,2025-05-19,closed,0,2025-05-19 12:58:53
ACC002633,CUST01345,checking,CAD,2024-11-08,closed,0,2024-11-08 13:10:48
ACC002634,CUST01345,credit,EUR,2025-04-19,active,5000,2025-04-19 08:08:32
ACC002635,CUST01346,SAVINGS,NGN,2025-04-29,ACTIVE,0,2025-04-29 03:43:44
ACC002636,CUST01347,CREDIT,GBP,2025-01-03,FROZEN,0,2025-01-03 02:03:39
ACC002637,CUST01347,savings,GBP,2024-11-12,CLOSED,0,2024-11-12 03:35:33
ACC002638,CUST01348,credit,JPY,2024-08-18,ACTIVE,0,2024-08-18 21:24:03
ACC002639,CUST01349,credit,INR,2025-04-08,FROZEN,25000,2025-04-08 05:15:22
ACC002640,CUST01349,checking,USD,2024-08-24,CLOSED,0,2024-08-24 04:47:33
ACC002641,CUST01350,checking,JPY,2024-11-24,FROZEN,0,2024-11-24 20:47:05
ACC002642,CUST01350,credit,CAD,2024-06-27,active,5000,2024-06-27 18:42:16
ACC002643,CUST01350,credit,GBP,2024-04-04,CLOSED,0,2024-04-04 12:37:42
ACC002644,CUST01351,credit,JPY,2025-01-28,FROZEN,0,2025-01-28 16:38:12
ACC002645,CUST01352,checking,INR,2024-12-03,FROZEN,0,2024-12-03 03:25:32
ACC002646,CUST01352,CHECKING,CAD,2024-11-22,FROZEN,0,2024-11-22 21:43:47
ACC002647,CUST01352,CHECKING,CAD,2025-01-31,FROZEN,0,2025-01-31 19:57:56
ACC002648,CUST01353,checking,usd,2025-01-09,FROZEN,0,2025-01-09 05:48:47
ACC002649,CUST01353,savings,gbp,2025-01-14,ACTIVE,0,2025-01-14 14:01:58
ACC002650,CUST01354,credit,CAD,2025-04-13,CLOSED,0,2025-04-13 19:13:32
ACC002651,CUST01355,CREDIT,usd,2024-11-05,closed,10000,2024-11-05 13:35:04
ACC002652,CUST01355,CREDIT,CAD,2025-03-25,CLOSED,0,2025-03-25 00:20:36
ACC002653,CUST01356,SAVINGS,EUR,2025-06-14,ACTIVE,0,2025-06-14 21:07:27
ACC002654,CUST01356,CHECKING,EUR,2025-06-07,ACTIVE,0,2025-06-07 07:27:25
ACC002655,CUST01356,checking,NGN,2025-03-12,active,0,2025-03-12 11:55:06
ACC002656,CUST01357,CHECKING,INR,2024-06-29,ACTIVE,0,2024-06-29 18:57:40
ACC002657,CUST01357,credit,usd,2024-08-15,active,10000,2024-08-15 19:11:41
ACC002658,CUST01357,CHECKING,GBP,2024-10-21,closed,0,2024-10-21 09:55:50
ACC002659,CUST01358,CREDIT,INR,2025-05-13,closed,1000,2025-05-13 11:55:43
ACC002660,CUST01359,savings,USD,2025-05-02,closed,0,2025-05-02 06:41:04
ACC002661,CUST01359,savings,GBP,2025-05-29,ACTIVE,0,2025-05-29 04:45:44
ACC002662,CUST01359,savings,INR,2025-01-10,CLOSED,0,2025-01-10 01:39:58
ACC002663,CUST01360,CREDIT,EUR,2024-11-10,active,25000,2024-11-10 00:44:57
ACC002664,CUST01361,credit,USD,2025-04-04,CLOSED,25000,2025-04-04 11:00:22
ACC002665,CUST01361,credit,JPY,2025-02-24,closed,5000,2025-02-24 09:38:03
ACC002666,CUST01362,credit,NGN,2025-06-01,FROZEN,5000,2025-06-01 01:31:06
ACC002667,CUST01362,credit,gbp,2024-11-28,active,0,2024-11-28 06:18:51
ACC002668,CUST01362,CREDIT,NGN,2024-08-25,FROZEN,0,2024-08-25 13:07:35
ACC002669,CUST01363,CHECKING,JPY,2024-12-18,closed,0,2024-12-18 03:47:33
ACC002670,CUST01363,SAVINGS,EUR,2025-06-10,active,0,2025-06-10 08:39:25
ACC002671,CUST01364,CHECKING,EUR,2024-09-16,ACTIVE,0,2024-09-16 09:59:41
ACC002672,CUST01365,SAVINGS,USD,2024-07-30,FROZEN,0,2024-07-30 21:29:07
ACC002673,CUST01365,savings,gbp,2025-01-08,FROZEN,0,2025-01-08 20:33:03
ACC002674,CUST01365,credit,gbp,2025-02-07,CLOSED,1000,2025-02-07 15:54:59
ACC002675,CUST01366,CHECKING,USD,2025-05-30,active,0,2025-05-30 02:41:15
ACC002676,CUST01367,savings,NGN,2025-04-08,FROZEN,0,2025-04-08 22:41:22
ACC002677,CUST01367,CREDIT,NGN,2024-09-25,CLOSED,10000,2024-09-25 03:39:36
ACC002678,CUST01368,CREDIT,INR,2025-03-05,FROZEN,1000,2025-03-05 15:10:26
ACC002679,CUST01368,savings,GBP,2024-12-14,CLOSED,0,2024-12-14 13:47:26
ACC002680,CUST01369,credit,gbp,2025-03-14,FROZEN,0,2025-03-14 20:14:30
ACC002681,CUST01369,CHECKING,NGN,2024-12-28,active,0,2024-12-28 09:54:48
ACC002682,CUST01370,credit,INR,2024-10-26,active,0,2024-10-26 11:04:49
ACC002683,CUST01370,CREDIT,NGN,2024-03-25,FROZEN,10000,2024-03-25 05:34:05
ACC002684,CUST01371,CREDIT,INR,2024-12-11,CLOSED,0,2024-12-11 08:51:35
ACC002685,CUST01371,CHECKING,CAD,2024-03-16,active,0,2024-03-16 10:07:27
ACC002686,CUST01371,credit,GBP,2025-04-01,FROZEN,1000,2025-04-01 04:42:11
ACC002687,CUST01372,credit,INR,2024-05-19,ACTIVE,0,2024-05-19 11:35:33
ACC002688,CUST01373,SAVINGS,usd,2025-01-15,active,0,2025-01-15 22:04:20
ACC002689,CUST01374,savings,NGN,2024-06-23,active,0,2024-06-23 03:09:50
ACC002690,CUST01374,SAVINGS,GBP,2025-01-15,ACTIVE,0,2025-01-15 07:46:30
ACC002691,CUST01374,CREDIT,JPY,2024-10-19,closed,0,2024-10-19 21:38:13
ACC002692,CUST01375,CREDIT,CAD,2025-05-12,closed,25000,2025-05-12 09:59:26
ACC002693,CUST01375,SAVINGS,gbp,2024-11-19,CLOSED,0,2024-11-19 19:24:53
ACC002694,CUST01375,savings,GBP,2025-03-02,FROZEN,0,2025-03-02 07:57:46
ACC002695,CUST01376,SAVINGS,GBP,2025-02-17,FROZEN,0,2025-02-17 15:27:21
ACC002696,CUST01376,CHECKING,gbp,2025-02-15,closed,0,2025-02-15 23:07:19
ACC002697,CUST01377,CREDIT,GBP,2025-05-15,closed,5000,2025-05-15 19:15:56
ACC002698,CUST01378,SAVINGS,INR,2024-11-30,FROZEN,0,2024-11-30 18:23:31
ACC002699,CUST01379,savings,gbp,2024-11-14,ACTIVE,0,2024-11-14 10:26:20
ACC002700,CUST01380,checking,GBP,2024-09-18,ACTIVE,0,2024-09-18 01:57:35
ACC002701,CUST01380,CREDIT,EUR,2025-01-17,closed,1000,2025-01-17 21:52:04
ACC002702,CUST01380,credit,JPY,2025-05-13,closed,0,2025-05-13 12:26:49
ACC002703,CUST01381,CHECKING,GBP,2024-11-08,active,0,2024-11-08 09:52:15
ACC002704,CUST01381,CHECKING,INR,2024-07-02,active,0,2024-07-02 11:27:19
ACC002705,CUST01381,credit,usd,2024-05-30,CLOSED,0,2024-05-30 12:55:26
ACC002706,CUST01382,SAVINGS,gbp,2025-05-08,closed,0,2025-05-08 23:54:20
ACC002707,CUST01383,SAVINGS,NGN,2024-06-03,FROZEN,0,2024-06-03 16:29:38
ACC002708,CUST01383,savings,EUR,2024-09-23,active,0,2024-09-23 12:08:06
ACC002709,CUST01384,CHECKING,USD,2024-11-10,FROZEN,0,2024-11-10 22:17:19
ACC002710,CUST01385,savings,gbp,2025-01-15,CLOSED,0,2025-01-15 01:53:13
ACC002711,CUST01385,CHECKING,EUR,2025-06-04,closed,0,2025-06-04 17:58:45
ACC002712,CUST01386,CHECKING,EUR,2025-01-05,FROZEN,0,2025-01-05 04:58:49
ACC002713,CUST01387,CHECKING,GBP,2024-05-14,CLOSED,0,2024-05-14 21:56:32
ACC002714,CUST01388,SAVINGS,JPY,2025-01-08,closed,0,2025-01-08 15:02:30
ACC002715,CUST01388,checking,CAD,2025-01-07,closed,0,2025-01-07 04:04:15
ACC002716,CUST01389,credit,INR,2025-03-02,ACTIVE,25000,2025-03-02 21:25:32
ACC002717,CUST01389,savings,usd,2025-02-02,closed,0,2025-02-02 16:29:27
ACC002718,CUST01390,CHECKING,gbp,2024-12-31,FROZEN,0,2024-12-31 19:38:37
ACC002719,CUST01390,SAVINGS,GBP,2025-05-10,FROZEN,0,2025-05-10 14:08:37
ACC002720,CUST01390,savings,NGN,2025-02-12,active,0,2025-02-12 02:14:51
ACC002721,CUST01391,checking,JPY,2024-08-30,closed,0,2024-08-30 03:33:11
ACC002722,CUST01392,checking,gbp,2025-01-12,active,0,2025-01-12 07:57:58
ACC002723,CUST01392,savings,EUR,2025-02-08,active,0,2025-02-08 23:45:53
ACC002724,CUST01393,checking,gbp,2024-08-22,CLOSED,0,2024-08-22 03:22:39
ACC002725,CUST01394,SAVINGS,NGN,2024-09-23,active,0,2024-09-23 02:43:25
ACC002726,CUST01394,CHECKING,USD,2025-03-25,FROZEN,0,2025-03-25 18:34:48
ACC002727,CUST01395,credit,NGN,2025-03-07,closed,5000,2025-03-07 02:49:02
ACC002728,CUST01396,credit,JPY,2025-06-30,ACTIVE,1000,2025-06-30 03:07:51
ACC002729,CUST01396,CREDIT,CAD,2024-02-17,active,25000,2024-02-17 09:00:15
ACC002730,CUST01396,SAVINGS,NGN,2025-04-09,closed,0,2025-04-09 00:26:10
ACC002731,CUST01397,credit,INR,2024-08-29,CLOSED,0,2024-08-29 09:58:33
ACC002732,CUST01398,savings,gbp,2024-12-16,active,0,2024-12-16 00:21:24
ACC002733,CUST01398,SAVINGS,GBP,2024-12-05,FROZEN,0,2024-12-05 13:53:49
ACC002734,CUST01399,checking,JPY,2024-08-26,FROZEN,0,2024-08-26 06:14:58
ACC002735,CUST01400,checking,JPY,2024-09-04,closed,0,2024-09-04 10:42:51
ACC002736,CUST01401,savings,CAD,2025-01-19,active,0,2025-01-19 20:58:02
ACC002737,CUST01401,SAVINGS,EUR,2025-02-09,active,0,2025-02-09 07:49:11
ACC002738,CUST01402,CREDIT,GBP,2025-01-24,ACTIVE,0,2025-01-24 20:05:30
ACC002739,CUST01403,checking,CAD,2024-05-30,CLOSED,0,2024-05-30 14:46:03
ACC002740,CUST01404,checking,GBP,2024-08-21,ACTIVE,0,2024-08-21 17:40:14
ACC002741,CUST01404,CHECKING,GBP,2024-11-24,active,0,2024-11-24 10:19:30
ACC002742,CUST01404,savings,INR,2024-12-13,CLOSED,0,2024-12-13 00:10:17
ACC002743,CUST01405,credit,INR,2024-07-12,FROZEN,1000,2024-07-12 10:11:48
ACC002744,CUST01406,savings,EUR,2025-01-21,CLOSED,0,2025-01-21 22:09:52
ACC002745,CUST01407,SAVINGS,GBP,2025-04-03,ACTIVE,0,2025-04-03 21:45:19
ACC002746,CUST01407,SAVINGS,CAD,2025-01-26,active,0,2025-01-26 09:42:13
ACC002747,CUST01407,CHECKING,EUR,2024-12-11,active,0,2024-12-11 18:25:27
ACC002748,CUST01408,savings,EUR,2024-11-17,active,0,2024-11-17 15:20:34
ACC002749,CUST01408,checking,gbp,2024-05-23,active,0,2024-05-23 13:24:28
ACC002750,CUST01408,checking,JPY,2024-06-06,FROZEN,0,2024-06-06 05:55:50
ACC002751,CUST01409,CREDIT,USD,2024-04-29,ACTIVE,25000,2024-04-29 21:30:05
ACC002752,CUST01409,credit,EUR,2025-02-23,active,0,2025-02-23 19:15:13
ACC002753,CUST01410,SAVINGS,USD,2025-01-12,CLOSED,0,2025-01-12 02:53:34
ACC002754,CUST01410,credit,gbp,2025-06-09,closed,1000,2025-06-09 03:01:33
ACC002755,CUST01411,CHECKING,INR,2025-04-19,CLOSED,0,2025-04-19 08:48:21
ACC002756,CUST01411,SAVINGS,NGN,2024-11-11,ACTIVE,0,2024-11-11 17:00:28
ACC002757,CUST01412,CREDIT,EUR,2025-04-22,FROZEN,25000,2025-04-22 12:12:00
ACC002758,CUST01412,savings,CAD,2024-07-10,closed,0,2024-07-10 10:27:59
ACC002759,CUST01412,CREDIT,INR,2024-09-17,active,25000,2024-09-17 07:25:42
ACC002760,CUST01413,credit,CAD,2025-02-02,closed,0,2025-02-02 09:47:37
ACC002761,CUST01413,checking,EUR,2024-03-24,FROZEN,0,2024-03-24 18:42:20
ACC002762,CUST01413,CHECKING,CAD,2025-05-14,CLOSED,0,2025-05-14 02:23:20
ACC002763,CUST01414,SAVINGS,gbp,2025-06-21,closed,0,2025-06-21 07:09:26
ACC002764,CUST01414,checking,INR,2025-01-22,active,0,2025-01-22 06:10:26
ACC002765,CUST01415,savings,usd,2025-02-27,active,0,2025-02-27 20:48:20
ACC002766,CUST01415,checking,usd,2025-01-24,ACTIVE,0,2025-01-24 17:32:52
ACC002767,CUST01415,CHECKING,JPY,2025-01-04,CLOSED,0,2025-01-04 07:26:06
ACC002768,CUST01416,checking,CAD,2024-02-11,closed,0,2024-02-11 14:15:31
ACC002769,CUST01416,credit,USD,2024-11-28,ACTIVE,5000,2024-11-28 01:28:19
ACC002770,CUST01416,CHECKING,INR,2024-12-27,FROZEN,0,2024-12-27 22:54:07
ACC002771,CUST01417,credit,EUR,2024-08-31,FROZEN,0,2024-08-31 00:02:40
ACC002772,CUST01417,CREDIT,gbp,2024-09-26,FROZEN,5000,2024-09-26 05:19:59
ACC002773,CUST01417,CREDIT,usd,2024-10-25,CLOSED,0,2024-10-25 04:58:13
ACC002774,CUST01418,checking,EUR,2025-02-09,CLOSED,0,2025-02-09 12:40:12
ACC002775,CUST01419,checking,GBP,2024-08-03,closed,0,2024-08-03 16:43:48
ACC002776,CUST01419,checking,EUR,2025-01-05,ACTIVE,0,2025-01-05 22:41:43
ACC002777,CUST01420,checking,EUR,2025-01-02,ACTIVE,0,2025-01-02 16:13:22
ACC002778,CUST01420,checking,NGN,2025-03-10,FROZEN,0,2025-03-10 19:11:30
ACC002779,CUST01421,CREDIT,NGN,2024-09-13,active,10000,2024-09-13 11:17:54
ACC002780,CUST01421,credit,USD,2024-07-24,closed,10000,2024-07-24 16:37:55
ACC002781,CUST01421,checking,gbp,2024-07-24,FROZEN,0,2024-07-24 20:25:18
ACC002782,CUST01422,CHECKING,gbp,2025-01-03,closed,0,2025-01-03 22:44:14
ACC002783,CUST01422,savings,JPY,2025-03-03,closed,0,2025-03-03 18:45:03
ACC002784,CUST01423,CHECKING,gbp,2025-04-30,CLOSED,0,2025-04-30 04:40:40
ACC002785,CUST01423,checking,USD,2025-03-01,FROZEN,0,2025-03-01 00:58:46
ACC002786,CUST01423,credit,JPY,2025-06-24,FROZEN,1000,2025-06-24 04:44:48
ACC002787,CUST01424,SAVINGS,GBP,2025-05-12,CLOSED,0,2025-05-12 16:58:30
ACC002788,CUST01425,CREDIT,EUR,2024-08-27,CLOSED,10000,2024-08-27 21:53:09
ACC002789,CUST01425,credit,GBP,2025-01-06,active,10000,2025-01-06 18:26:31
ACC002790,CUST01426,savings,GBP,2024-10-03,FROZEN,0,2024-10-03 20:35:30
ACC002791,CUST01426,savings,INR,2024-06-23,CLOSED,0,2024-06-23 16:23:55
ACC002792,CUST01426,checking,EUR,2024-10-05,FROZEN,0,2024-10-05 16:51:11
ACC002793,CUST01427,CHECKING,NGN,2024-06-20,ACTIVE,0,2024-06-20 07:30:57
ACC002794,CUST01427,SAVINGS,JPY,2024-12-28,ACTIVE,0,2024-12-28 04:44:57
ACC002795,CUST01427,CREDIT,USD,2024-06-11,FROZEN,0,2024-06-11 02:35:44
ACC002796,CUST01428,checking,gbp,2025-03-25,ACTIVE,0,2025-03-25 14:47:08
ACC002797,CUST01428,SAVINGS,NGN,2025-03-08,active,0,2025-03-08 20:26:57
ACC002798,CUST01428,checking,CAD,2025-03-03,FROZEN,0,2025-03-03 03:55:39
ACC002799,CUST01429,CREDIT,GBP,2025-03-10,CLOSED,1000,2025-03-10 07:01:06
ACC002800,CUST01429,savings,EUR,2024-09-13,CLOSED,0,2024-09-13 21:38:06
ACC002801,CUST01429,CREDIT,gbp,2024-08-16,active,10000,2024-08-16 22:30:57
ACC002802,CUST01430,savings,usd,2025-04-19,FROZEN,0,2025-04-19 18:46:12
ACC002803,CUST01431,CREDIT,USD,2025-01-24,closed,5000,2025-01-24 16:00:08
ACC002804,CUST01431,CHECKING,GBP,2025-02-24,active,0,2025-02-24 21:41:49
ACC002805,CUST01431,checking,JPY,2024-11-26,ACTIVE,0,2024-11-26 13:01:29
ACC002806,CUST01432,CREDIT,GBP,2025-04-06,active,5000,2025-04-06 22:27:39
ACC002807,CUST01433,credit,EUR,2025-06-29,active,0,2025-06-29 00:54:24
ACC002808,CUST01434,CHECKING,CAD,2024-10-07,FROZEN,0,2024-10-07 07:00:38
ACC002809,CUST01435,credit,JPY,2024-08-13,active,0,2024-08-13 11:59:56
ACC002810,CUST01435,CREDIT,JPY,2025-04-21,CLOSED,1000,2025-04-21 05:11:38
ACC002811,CUST01435,SAVINGS,USD,2025-03-25,ACTIVE,0,2025-03-25 19:49:12
ACC002812,CUST01436,CREDIT,gbp,2024-09-13,closed,0,2024-09-13 14:48:24
ACC002813,CUST01436,CHECKING,NGN,2025-02-26,FROZEN,0,2025-02-26 15:22:52
ACC002814,CUST01436,checking,USD,2024-11-28,ACTIVE,0,2024-11-28 16:20:56
ACC002815,CUST01437,CREDIT,INR,2024-09-10,CLOSED,5000,2024-09-10 23:50:52
ACC002816,CUST01437,savings,GBP,2025-06-07,FROZEN,0,2025-06-07 07:50:56
ACC002817,CUST01438,credit,NGN,2024-12-20,FROZEN,1000,2024-12-20 02:35:04
ACC002818,CUST01438,credit,usd,2025-01-17,closed,0,2025-01-17 01:42:23
ACC002819,CUST01438,credit,GBP,2025-01-31,FROZEN,0,2025-01-31 01:42:14
ACC002820,CUST01439,CHECKING,EUR,2025-02-07,CLOSED,0,2025-02-07 00:13:27
ACC002821,CUST01439,checking,EUR,2025-06-09,ACTIVE,0,2025-06-09 00:38:39
ACC002822,CUST01439,checking,USD,2025-02-09,FROZEN,0,2025-02-09 12:52:49
ACC002823,CUST01440,CHECKING,gbp,2024-09-07,active,0,2024-09-07 20:11:10
ACC002824,CUST01440,SAVINGS,JPY,2025-04-08,active,0,2025-04-08 13:46:34
ACC002825,CUST01440,CHECKING,gbp,2025-06-19,CLOSED,0,2025-06-19 01:44:41
ACC002826,CUST01441,credit,usd,2025-05-28,ACTIVE,25000,2025-05-28 08:42:43
ACC002827,CUST01441,CREDIT,EUR,2025-05-09,CLOSED,1000,2025-05-09 11:17:45
ACC002828,CUST01441,CREDIT,gbp,2025-06-01,closed,5000,2025-06-01 04:52:22
ACC002829,CUST01442,CHECKING,EUR,2025-04-02,closed,0,2025-04-02 14:33:36
ACC002830,CUST01442,checking,usd,2025-06-08,closed,0,2025-06-08 04:42:40
ACC002831,CUST01442,CHECKING,GBP,2024-09-17,CLOSED,0,2024-09-17 17:30:13
ACC002832,CUST01443,CHECKING,EUR,2025-05-20,ACTIVE,0,2025-05-20 13:54:21
ACC002833,CUST01443,CHECKING,CAD,2025-03-14,active,0,2025-03-14 02:44:56
ACC002834,CUST01444,CREDIT,GBP,2024-08-15,closed,0,2024-08-15 06:43:53
ACC002835,CUST01444,checking,usd,2025-02-13,ACTIVE,0,2025-02-13 14:31:41
ACC002836,CUST01444,credit,CAD,2024-12-17,active,0,2024-12-17 22:08:35
ACC002837,CUST01445,CREDIT,JPY,2025-02-27,ACTIVE,0,2025-02-27 10:23:20
ACC002838,CUST01445,CREDIT,EUR,2025-03-20,CLOSED,10000,2025-03-20 23:42:56
ACC002839,CUST01446,credit,USD,2024-12-06,ACTIVE,25000,2024-12-06 09:03:12
ACC002840,CUST01446,savings,JPY,2025-03-25,CLOSED,0,2025-03-25 04:34:26
ACC002841,CUST01446,savings,NGN,2024-12-03,active,0,2024-12-03 16:43:19
ACC002842,CUST01447,CREDIT,JPY,2024-09-18,closed,0,2024-09-18 17:18:19
ACC002843,CUST01448,checking,INR,2024-10-10,CLOSED,0,2024-10-10 07:58:36
ACC002844,CUST01448,CREDIT,usd,2024-07-08,closed,0,2024-07-08 16:51:28
ACC002845,CUST01449,savings,INR,2024-08-23,ACTIVE,0,2024-08-23 12:08:12
ACC002846,CUST01449,savings,JPY,2024-10-17,FROZEN,0,2024-10-17 11:55:34
ACC002847,CUST01450,CHECKING,GBP,2024-06-08,active,0,2024-06-08 07:38:50
ACC002848,CUST01451,checking,GBP,2025-05-21,active,0,2025-05-21 21:34:07
ACC002849,CUST01451,CHECKING,JPY,2024-08-20,closed,0,2024-08-20 08:05:41
ACC002850,CUST01451,SAVINGS,EUR,2024-10-14,CLOSED,0,2024-10-14 20:02:29
ACC002851,CUST01452,credit,usd,2025-06-14,closed,25000,2025-06-14 12:36:22
ACC002852,CUST01452,SAVINGS,USD,2025-05-21,CLOSED,0,2025-05-21 14:22:43
ACC002853,CUST01452,savings,NGN,2025-05-22,ACTIVE,0,2025-05-22 15:34:50
ACC002854,CUST01453,savings,CAD,2025-01-30,closed,0,2025-01-30 10:29:09
ACC002855,CUST01453,CHECKING,JPY,2025-02-23,closed,0,2025-02-23 10:30:02
ACC002856,CUST01453,credit,gbp,2025-02-10,active,25000,2025-02-10 12:08:10
ACC002857,CUST01454,checking,INR,2025-04-30,closed,0,2025-04-30 11:26:47
ACC002858,CUST01455,CHECKING,INR,2025-03-23,closed,0,2025-03-23 13:34:50
ACC002859,CUST01455,CHECKING,CAD,2025-05-17,closed,0,2025-05-17 21:58:21
ACC002860,CUST01456,CREDIT,gbp,2025-03-14,FROZEN,10000,2025-03-14 21:44:20
ACC002861,CUST01456,checking,USD,2025-06-20,active,0,2025-06-20 04:50:10
ACC002862,CUST01457,savings,CAD,2024-11-30,CLOSED,0,2024-11-30 12:50:21
ACC002863,CUST01457,savings,EUR,2025-03-21,closed,0,2025-03-21 15:59:39
ACC002864,CUST01457,CREDIT,usd,2024-11-01,active,25000,2024-11-01 21:12:32
ACC002865,CUST01458,checking,gbp,2025-02-17,closed,0,2025-02-17 01:41:19
ACC002866,CUST01458,CREDIT,EUR,2025-03-11,FROZEN,5000,2025-03-11 23:43:27
ACC002867,CUST01459,CREDIT,NGN,2025-03-08,ACTIVE,0,2025-03-08 19:19:02
ACC002868,CUST01459,credit,EUR,2025-06-02,closed,0,2025-06-02 13:31:37
ACC002869,CUST01460,savings,gbp,2024-06-17,CLOSED,0,2024-06-17 10:57:39
ACC002870,CUST01460,CREDIT,NGN,2024-09-18,closed,1000,2024-09-18 20:28:55
ACC002871,CUST01460,CHECKING,INR,2025-01-22,closed,0,2025-01-22 12:31:48
ACC002872,CUST01461,savings,USD,2024-11-20,closed,0,2024-11-20 20:38:06
ACC002873,CUST01461,CREDIT,INR,2024-01-20,FROZEN,25000,2024-01-20 23:43:03
ACC002874,CUST01461,savings,gbp,2025-06-28,closed,0,2025-06-28 22:49:06
ACC002875,CUST01462,CREDIT,gbp,2025-06-14,CLOSED,25000,2025-06-14 03:03:09
ACC002876,CUST01462,CHECKING,JPY,2025-03-26,active,0,2025-03-26 13:19:09
ACC002877,CUST01463,SAVINGS,usd,2025-05-09,CLOSED,0,2025-05-09 21:07:43
ACC002878,CUST01463,checking,gbp,2025-05-01,CLOSED,0,2025-05-01 17:16:40
ACC002879,CUST01463,credit,GBP,2025-05-12,CLOSED,0,2025-05-12 18:39:26
ACC002880,CUST01464,CREDIT,NGN,2025-06-14,FROZEN,0,2025-06-14 15:52:10
ACC002881,CUST01464,CHECKING,gbp,2025-06-12,FROZEN,0,2025-06-12 12:58:02
ACC002882,CUST01464,CHECKING,EUR,2024-12-25,closed,0,2024-12-25 11:21:30
ACC002883,CUST01465,SAVINGS,EUR,2024-01-17,ACTIVE,0,2024-01-17 16:47:14
ACC002884,CUST01465,checking,NGN,2024-02-03,active,0,2024-02-03 09:19:13
ACC002885,CUST01466,savings,NGN,2024-12-27,FROZEN,0,2024-12-27 04:17:38
ACC002886,CUST01466,CHECKING,JPY,2025-01-04,active,0,2025-01-04 18:29:11
ACC002887,CUST01467,SAVINGS,JPY,2025-03-17,ACTIVE,0,2025-03-17 02:59:12
ACC002888,CUST01467,CHECKING,JPY,2025-03-04,closed,0,2025-03-04 23:57:57
ACC002889,CUST01468,checking,USD,2025-06-23,FROZEN,0,2025-06-23 12:06:00
ACC002890,CUST01468,SAVINGS,JPY,2025-04-27,closed,0,2025-04-27 17:50:53
ACC002891,CUST01468,CREDIT,INR,2024-10-19,FROZEN,5000,2024-10-19 01:16:36
ACC002892,CUST01469,CREDIT,NGN,2025-01-23,active,0,2025-01-23 13:55:55
ACC002893,CUST01469,checking,INR,2025-01-05,FROZEN,0,2025-01-05 19:53:45
ACC002894,CUST01469,CHECKING,USD,2025-06-29,ACTIVE,0,2025-06-29 17:08:04
ACC002895,CUST01470,credit,NGN,2024-11-04,CLOSED,0,2024-11-04 20:02:42
ACC002896,CUST01471,credit,USD,2025-04-04,FROZEN,0,2025-04-04 05:08:39
ACC002897,CUST01472,CHECKING,JPY,2024-11-29,FROZEN,0,2024-11-29 09:53:11
ACC002898,CUST01472,checking,INR,2025-06-29,closed,0,2025-06-29 02:34:32
ACC002899,CUST01473,SAVINGS,NGN,2025-06-29,CLOSED,0,2025-06-29 00:27:03
ACC002900,CUST01473,CHECKING,JPY,2025-05-06,CLOSED,0,2025-05-06 13:58:46
ACC002901,CUST01473,CHECKING,usd,2025-06-05,closed,0,2025-06-05 00:09:57
ACC002902,CUST01474,savings,USD,2025-02-18,ACTIVE,0,2025-02-18 10:57:13
ACC002903,CUST01474,credit,GBP,2025-02-08,CLOSED,25000,2025-02-08 22:36:41
ACC002904,CUST01475,CHECKING,GBP,2024-08-02,FROZEN,0,2024-08-02 10:33:38
ACC002905,CUST01475,SAVINGS,gbp,2024-12-14,active,0,2024-12-14 14:52:32
ACC002906,CUST01476,savings,INR,2024-05-09,FROZEN,0,2024-05-09 14:32:02
ACC002907,CUST01476,savings,JPY,2024-12-28,CLOSED,0,2024-12-28 08:56:28
ACC002908,CUST01476,checking,gbp,2025-01-21,ACTIVE,0,2025-01-21 16:03:51
ACC002909,CUST01477,checking,usd,2024-09-02,FROZEN,0,2024-09-02 01:19:49
ACC002910,CUST01477,SAVINGS,NGN,2025-06-27,CLOSED,0,2025-06-27 11:19:01
ACC002911,CUST01478,savings,EUR,2024-10-22,active,0,2024-10-22 23:58:25
ACC002912,CUST01479,CREDIT,CAD,2025-01-21,active,0,2025-01-21 12:00:17
ACC002913,CUST01480,savings,USD,2024-11-17,FROZEN,0,2024-11-17 01:14:42
ACC002914,CUST01481,savings,NGN,2024-11-16,FROZEN,0,2024-11-16 08:16:23
ACC002915,CUST01481,SAVINGS,CAD,2025-02-15,FROZEN,0,2025-02-15 04:11:56
ACC002916,CUST01482,CREDIT,CAD,2024-11-30,active,1000,2024-11-30 12:59:40
ACC002917,CUST01482,checking,JPY,2024-10-12,active,0,2024-10-12 10:24:34
ACC002918,CUST01482,CHECKING,INR,2025-01-04,ACTIVE,0,2025-01-04 09:04:56
ACC002919,CUST01483,SAVINGS,CAD,2024-12-15,active,0,2024-12-15 06:49:35
ACC002920,CUST01484,credit,USD,2024-12-06,ACTIVE,25000,2024-12-06 13:19:16
ACC002921,CUST01485,savings,EUR,2024-09-09,active,0,2024-09-09 12:14:51
ACC002922,CUST01485,CHECKING,INR,2024-05-09,active,0,2024-05-09 23:54:17
ACC002923,CUST01485,credit,INR,2024-06-19,active,1000,2024-06-19 05:11:15
ACC002924,CUST01486,CREDIT,JPY,2024-10-10,active,10000,2024-10-10 06:12:45
ACC002925,CUST01486,CREDIT,CAD,2024-12-08,closed,0,2024-12-08 03:19:20
ACC002926,CUST01487,checking,gbp,2024-10-26,active,0,2024-10-26 09:32:54
ACC002927,CUST01487,SAVINGS,EUR,2025-05-12,FROZEN,0,2025-05-12 13:52:35
ACC002928,CUST01488,CHECKING,JPY,2025-05-08,FROZEN,0,2025-05-08 20:28:15
ACC002929,CUST01489,CREDIT,INR,2025-04-18,ACTIVE,0,2025-04-18 12:08:18
ACC002930,CUST01489,SAVINGS,USD,2025-02-16,closed,0,2025-02-16 15:06:10
ACC002931,CUST01490,SAVINGS,gbp,2024-10-09,closed,0,2024-10-09 07:35:48
ACC002932,CUST01490,SAVINGS,INR,2024-10-27,CLOSED,0,2024-10-27 00:27:24
ACC002933,CUST01490,SAVINGS,INR,2025-01-18,active,0,2025-01-18 07:50:11
ACC002934,CUST01491,checking,CAD,2025-05-29,active,0,2025-05-29 00:13:29
ACC002935,CUST01491,savings,JPY,2025-03-23,FROZEN,0,2025-03-23 18:44:40
ACC002936,CUST01492,CHECKING,CAD,2025-05-12,closed,0,2025-05-12 13:33:11
ACC002937,CUST01493,savings,GBP,2025-06-17,FROZEN,0,2025-06-17 13:37:46
ACC002938,CUST01493,CREDIT,USD,2024-11-10,FROZEN,0,2024-11-10 18:31:35
ACC002939,CUST01494,CREDIT,USD,2025-03-07,active,5000,2025-03-07 15:34:08
ACC002940,CUST01495,CREDIT,NGN,2025-03-06,ACTIVE,0,2025-03-06 05:39:53
ACC002941,CUST01496,checking,JPY,2024-09-05,closed,0,2024-09-05 03:38:35
ACC002942,CUST01497,CHECKING,JPY,2025-02-07,CLOSED,0,2025-02-07 21:05:03
ACC002943,CUST01498,checking,JPY,2025-06-20,ACTIVE,0,2025-06-20 18:04:32
ACC002944,CUST01498,checking,INR,2025-04-10,closed,0,2025-04-10 22:42:57
ACC002945,CUST01498,checking,USD,2025-05-28,FROZEN,0,2025-05-28 13:21:04
ACC002946,CUST01499,checking,CAD,2025-05-17,ACTIVE,0,2025-05-17 20:34:57
ACC002947,CUST01499,checking,usd,2025-03-31,CLOSED,0,2025-03-31 17:40:03
ACC002948,CUST01499,savings,CAD,2025-03-28,active,0,2025-03-28 17:36:21
ACC002949,CUST01500,checking,INR,2025-06-23,closed,0,2025-06-23 13:05:59
ACC002950,CUST01500,CHECKING,JPY,2025-02-11,closed,0,2025-02-11 17:01:43
ACC002951,CUST01501,savings,INR,2024-11-05,active,0,2024-11-05 16:48:11
ACC002952,CUST01502,savings,INR,2024-10-17,ACTIVE,0,2024-10-17 20:58:10
ACC002953,CUST01502,savings,NGN,2025-03-22,active,0,2025-03-22 04:45:51
ACC002954,CUST01503,CREDIT,gbp,2025-04-08,active,0,2025-04-08 17:45:35
ACC002955,CUST01503,savings,EUR,2024-11-14,closed,0,2024-11-14 00:49:20
ACC002956,CUST01503,savings,NGN,2024-12-20,FROZEN,0,2024-12-20 13:56:32
ACC002957,CUST01504,CREDIT,USD,2024-04-20,ACTIVE,5000,2024-04-20 21:37:17
ACC002958,CUST01504,CHECKING,JPY,2024-06-06,closed,0,2024-06-06 02:55:01
ACC002959,CUST01505,savings,GBP,2025-02-06,closed,0,2025-02-06 03:40:47
ACC002960,CUST01505,CREDIT,CAD,2024-10-03,active,0,2024-10-03 14:05:46
ACC002961,CUST01505,credit,JPY,2024-11-02,closed,0,2024-11-02 23:19:30
ACC002962,CUST01506,CREDIT,gbp,2025-03-20,active,0,2025-03-20 16:55:52
ACC002963,CUST01506,SAVINGS,NGN,2025-03-15,FROZEN,0,2025-03-15 15:34:32
ACC002964,CUST01507,CREDIT,INR,2025-02-13,closed,0,2025-02-13 16:50:06
ACC002965,CUST01507,savings,EUR,2024-10-24,closed,0,2024-10-24 22:34:31
ACC002966,CUST01507,savings,CAD,2024-10-25,closed,0,2024-10-25 02:44:03
ACC002967,CUST01508,checking,JPY,2025-06-20,ACTIVE,0,2025-06-20 19:37:30
ACC002968,CUST01508,checking,EUR,2024-06-21,ACTIVE,0,2024-06-21 21:05:12
ACC002969,CUST01509,CREDIT,JPY,2025-06-19,closed,1000,2025-06-19 16:50:54
ACC002970,CUST01509,credit,usd,2025-06-03,active,25000,2025-06-03 05:22:32
ACC002971,CUST01510,CREDIT,INR,2025-06-30,ACTIVE,0,2025-06-30 08:55:29
ACC002972,CUST01510,CHECKING,CAD,2025-06-04,closed,0,2025-06-04 11:17:24
ACC002973,CUST01511,SAVINGS,CAD,2025-03-21,ACTIVE,0,2025-03-21 05:12:00
ACC002974,CUST01511,checking,NGN,2025-03-08,CLOSED,0,2025-03-08 06:08:34
ACC002975,CUST01511,CREDIT,JPY,2025-01-26,ACTIVE,1000,2025-01-26 02:09:07
ACC002976,CUST01512,credit,USD,2024-08-16,active,0,2024-08-16 12:55:26
ACC002977,CUST01513,SAVINGS,NGN,2025-05-15,closed,0,2025-05-15 15:06:46
ACC002978,CUST01513,CHECKING,GBP,2025-03-01,closed,0,2025-03-01 03:38:13
ACC002979,CUST01513,CREDIT,gbp,2025-05-13,FROZEN,0,2025-05-13 11:24:50
ACC002980,CUST01514,CHECKING,EUR,2024-02-09,ACTIVE,0,2024-02-09 19:42:02
ACC002981,CUST01514,savings,USD,2025-01-11,FROZEN,0,2025-01-11 20:53:54
ACC002982,CUST01514,checking,JPY,2024-10-03,CLOSED,0,2024-10-03 03:38:14
ACC002983,CUST01515,checking,GBP,2025-06-09,FROZEN,0,2025-06-09 06:28:11
ACC002984,CUST01515,credit,CAD,2024-11-28,closed,25000,2024-11-28 17:33:01
ACC002985,CUST01516,credit,USD,2024-12-18,FROZEN,1000,2024-12-18 00:38:07
ACC002986,CUST01516,checking,NGN,2025-02-23,ACTIVE,0,2025-02-23 19:00:45
ACC002987,CUST01516,CHECKING,GBP,2025-01-26,closed,0,2025-01-26 04:48:54
ACC002988,CUST01517,checking,JPY,2024-12-02,active,0,2024-12-02 01:15:48
ACC002989,CUST01518,SAVINGS,EUR,2025-05-22,FROZEN,0,2025-05-22 09:47:23
ACC002990,CUST01518,CHECKING,GBP,2025-02-14,CLOSED,0,2025-02-14 12:18:11
ACC002991,CUST01518,CREDIT,JPY,2024-06-20,FROZEN,0,2024-06-20 19:49:50
ACC002992,CUST01519,CREDIT,usd,2024-12-12,ACTIVE,10000,2024-12-12 05:59:16
ACC002993,CUST01519,SAVINGS,USD,2025-02-21,active,0,2025-02-21 01:32:43
ACC002994,CUST01519,checking,INR,2025-02-27,active,0,2025-02-27 06:01:18
ACC002995,CUST01520,SAVINGS,JPY,2024-05-26,CLOSED,0,2024-05-26 02:54:24
ACC002996,CUST01520,savings,NGN,2024-09-08,active,0,2024-09-08 17:26:12
ACC002997,CUST01521,checking,CAD,2024-05-20,closed,0,2024-05-20 06:10:00
ACC002998,CUST01521,savings,GBP,2025-06-28,active,0,2025-06-28 17:03:11
ACC002999,CUST01522,CREDIT,USD,2024-12-22,FROZEN,0,2024-12-22 23:33:07
ACC003000,CUST01522,SAVINGS,NGN,2025-04-19,ACTIVE,0,2025-04-19 11:35:55
ACC003001,CUST01523,SAVINGS,INR,2025-03-01,active,0,2025-03-01 18:46:03
ACC003002,CUST01523,credit,NGN,2024-08-01,CLOSED,0,2024-08-01 09:05:43
ACC003003,CUST01524,savings,EUR,2025-03-15,FROZEN,0,2025-03-15 02:34:27
ACC003004,CUST01525,CHECKING,NGN,2024-12-24,FROZEN,0,2024-12-24 22:18:37
ACC003005,CUST01525,savings,USD,2025-02-13,active,0,2025-02-13 13:48:43
ACC003006,CUST01526,checking,INR,2025-06-13,CLOSED,0,2025-06-13 21:37:51
ACC003007,CUST01526,savings,USD,2025-01-23,active,0,2025-01-23 06:50:00
ACC003008,CUST01526,CREDIT,NGN,2025-04-03,CLOSED,1000,2025-04-03 18:29:47
ACC003009,CUST01527,checking,gbp,2025-03-28,active,0,2025-03-28 15:02:01
ACC003010,CUST01528,savings,gbp,2024-05-20,FROZEN,0,2024-05-20 20:26:45
ACC003011,CUST01528,credit,NGN,2024-05-10,ACTIVE,10000,2024-05-10 08:26:13
ACC003012,CUST01528,CHECKING,INR,2024-04-14,FROZEN,0,2024-04-14 03:44:14
ACC003013,CUST01529,SAVINGS,JPY,2024-10-25,FROZEN,0,2024-10-25 00:35:15
ACC003014,CUST01529,SAVINGS,USD,2025-04-02,FROZEN,0,2025-04-02 03:23:57
ACC003015,CUST01529,CHECKING,GBP,2024-08-23,closed,0,2024-08-23 15:43:28
ACC003016,CUST01530,checking,INR,2024-04-28,active,0,2024-04-28 22:47:15
ACC003017,CUST01530,SAVINGS,EUR,2024-05-04,CLOSED,0,2024-05-04 10:12:42
ACC003018,CUST01530,checking,NGN,2025-03-19,active,0,2025-03-19 23:44:44
ACC003019,CUST01531,SAVINGS,gbp,2024-05-18,FROZEN,0,2024-05-18 13:46:48
ACC003020,CUST01531,CHECKING,JPY,2025-02-15,closed,0,2025-02-15 01:53:38
ACC003021,CUST01531,CREDIT,GBP,2024-08-25,ACTIVE,0,2024-08-25 13:57:30
ACC003022,CUST01532,CREDIT,USD,2025-01-22,CLOSED,25000,2025-01-22 21:53:41
ACC003023,CUST01532,savings,gbp,2025-02-24,closed,0,2025-02-24 08:30:13
ACC003024,CUST01532,credit,EUR,2025-04-16,active,0,2025-04-16 09:13:54
ACC003025,CUST01533,SAVINGS,JPY,2025-06-09,CLOSED,0,2025-06-09 04:38:56
ACC003026,CUST01533,SAVINGS,CAD,2025-04-18,ACTIVE,0,2025-04-18 08:31:53
ACC003027,CUST01533,SAVINGS,JPY,2025-04-12,CLOSED,0,2025-04-12 01:06:12
ACC003028,CUST01534,CHECKING,INR,2025-02-09,FROZEN,0,2025-02-09 08:09:26
ACC003029,CUST01535,credit,JPY,2024-09-09,closed,1000,2024-09-09 06:16:42
ACC003030,CUST01536,savings,gbp,2024-04-17,ACTIVE,0,2024-04-17 01:36:50
ACC003031,CUST01537,checking,JPY,2024-12-29,closed,0,2024-12-29 22:51:31
ACC003032,CUST01538,savings,GBP,2025-05-13,closed,0,2025-05-13 23:58:44
ACC003033,CUST01539,credit,CAD,2025-05-19,closed,10000,2025-05-19 01:24:11
ACC003034,CUST01539,credit,GBP,2025-04-06,CLOSED,0,2025-04-06 04:40:02
ACC003035,CUST01540,savings,INR,2025-06-24,ACTIVE,0,2025-06-24 18:25:41
ACC003036,CUST01540,CHECKING,GBP,2025-03-17,ACTIVE,0,2025-03-17 18:03:57
ACC003037,CUST01541,CREDIT,CAD,2024-10-24,active,0,2024-10-24 20:06:06
ACC003038,CUST01541,credit,NGN,2025-05-07,ACTIVE,25000,2025-05-07 02:15:15
ACC003039,CUST01541,CREDIT,NGN,2024-12-31,active,0,2024-12-31 08:20:45
ACC003040,CUST01542,checking,USD,2024-08-14,FROZEN,0,2024-08-14 10:46:29
ACC003041,CUST01542,credit,EUR,2024-03-14,active,25000,2024-03-14 16:15:28
ACC003042,CUST01543,CHECKING,CAD,2025-05-09,CLOSED,0,2025-05-09 17:50:17
ACC003043,CUST01544,CHECKING,gbp,2024-11-16,FROZEN,0,2024-11-16 00:30:33
ACC003044,CUST01544,CHECKING,USD,2024-10-20,CLOSED,0,2024-10-20 17:49:07
ACC003045,CUST01545,credit,usd,2025-02-22,closed,0,2025-02-22 17:47:12
ACC003046,CUST01545,checking,gbp,2024-09-29,FROZEN,0,2024-09-29 12:47:52
ACC003047,CUST01545,checking,JPY,2025-05-07,ACTIVE,0,2025-05-07 05:25:33
ACC003048,CUST01546,credit,gbp,2025-03-15,ACTIVE,5000,2025-03-15 22:34:30
ACC003049,CUST01547,checking,gbp,2024-08-31,closed,0,2024-08-31 04:36:36
ACC003050,CUST01547,CHECKING,JPY,2025-05-07,CLOSED,0,2025-05-07 15:42:47
ACC003051,CUST01547,credit,gbp,2024-09-05,closed,1000,2024-09-05 07:16:45
ACC003052,CUST01548,checking,EUR,2025-01-31,FROZEN,0,2025-01-31 17:54:22
ACC003053,CUST01548,savings,gbp,2025-01-07,active,0,2025-01-07 04:06:20
ACC003054,CUST01549,CHECKING,gbp,2024-11-15,active,0,2024-11-15 11:23:06
ACC003055,CUST01550,CHECKING,usd,2024-12-08,closed,0,2024-12-08 14:45:10
ACC003056,CUST01551,CHECKING,GBP,2024-09-27,FROZEN,0,2024-09-27 01:06:42
ACC003057,CUST01551,CREDIT,usd,2025-02-02,CLOSED,1000,2025-02-02 13:49:43
ACC003058,CUST01551,CHECKING,INR,2024-11-29,ACTIVE,0,2024-11-29 12:59:28
ACC003059,CUST01552,savings,INR,2025-04-17,active,0,2025-04-17 02:32:12
ACC003060,CUST01553,CHECKING,USD,2024-09-03,closed,0,2024-09-03 15:09:57
ACC003061,CUST01554,checking,NGN,2025-06-20,CLOSED,0,2025-06-20 08:25:12
ACC003062,CUST01554,checking,usd,2025-06-09,closed,0,2025-06-09 02:09:43
ACC003063,CUST01555,savings,JPY,2024-10-08,closed,0,2024-10-08 08:23:15
ACC003064,CUST01555,CHECKING,CAD,2024-08-05,CLOSED,0,2024-08-05 02:35:35
ACC003065,CUST01556,SAVINGS,USD,2025-02-13,ACTIVE,0,2025-02-13 22:13:05
ACC003066,CUST01556,savings,GBP,2024-07-31,active,0,2024-07-31 04:43:53
ACC003067,CUST01557,CHECKING,USD,2025-04-24,CLOSED,0,2025-04-24 16:20:24
ACC003068,CUST01557,CREDIT,usd,2024-12-10,active,1000,2024-12-10 23:01:01
ACC003069,CUST01558,savings,EUR,2025-05-11,active,0,2025-05-11 01:29:06
ACC003070,CUST01559,checking,JPY,2024-10-03,CLOSED,0,2024-10-03 09:25:03
ACC003071,CUST01560,credit,INR,2024-09-16,ACTIVE,5000,2024-09-16 00:32:16
ACC003072,CUST01560,savings,INR,2025-05-12,active,0,2025-05-12 09:50:37
ACC003073,CUST01560,CHECKING,USD,2024-11-11,FROZEN,0,2024-11-11 02:16:13
ACC003074,CUST01561,SAVINGS,NGN,2025-06-21,ACTIVE,0,2025-06-21 20:35:04
ACC003075,CUST01561,CHECKING,EUR,2025-05-11,closed,0,2025-05-11 07:25:29
ACC003076,CUST01562,CHECKING,INR,2025-01-17,FROZEN,0,2025-01-17 03:16:23
ACC003077,CUST01563,savings,USD,2024-09-17,active,0,2024-09-17 02:25:55
ACC003078,CUST01563,checking,gbp,2025-04-30,FROZEN,0,2025-04-30 10:02:50
ACC003079,CUST01564,SAVINGS,EUR,2025-02-11,ACTIVE,0,2025-02-11 07:54:06
ACC003080,CUST01565,CHECKING,EUR,2025-03-12,FROZEN,0,2025-03-12 03:36:19
ACC003081,CUST01565,checking,gbp,2025-01-29,ACTIVE,0,2025-01-29 03:54:40
ACC003082,CUST01565,credit,USD,2025-01-21,closed,10000,2025-01-21 13:22:36
ACC003083,CUST01566,credit,INR,2025-04-01,CLOSED,25000,2025-04-01 11:39:12
ACC003084,CUST01566,savings,USD,2025-02-12,active,0,2025-02-12 00:28:00
ACC003085,CUST01567,savings,CAD,2025-01-25,FROZEN,0,2025-01-25 22:14:58
ACC003086,CUST01567,checking,EUR,2024-12-22,CLOSED,0,2024-12-22 15:37:25
ACC003087,CUST01567,CHECKING,INR,2025-04-23,closed,0,2025-04-23 19:55:33
ACC003088,CUST01568,CREDIT,EUR,2025-04-23,FROZEN,0,2025-04-23 16:45:05
ACC003089,CUST01568,credit,JPY,2024-11-28,FROZEN,0,2024-11-28 23:08:00
ACC003090,CUST01569,CHECKING,EUR,2025-02-16,ACTIVE,0,2025-02-16 21:56:05
ACC003091,CUST01570,credit,CAD,2025-04-16,closed,0,2025-04-16 15:33:57
ACC003092,CUST01571,checking,NGN,2024-04-08,closed,0,2024-04-08 14:50:57
ACC003093,CUST01571,credit,JPY,2024-12-08,CLOSED,0,2024-12-08 06:21:15
ACC003094,CUST01571,savings,JPY,2024-08-14,CLOSED,0,2024-08-14 07:07:23
ACC003095,CUST01572,savings,EUR,2025-06-29,active,0,2025-06-29 20:55:47
ACC003096,CUST01572,savings,USD,2025-01-17,ACTIVE,0,2025-01-17 02:17:51
ACC003097,CUST01572,CREDIT,gbp,2025-02-14,CLOSED,0,2025-02-14 12:24:06
ACC003098,CUST01573,CREDIT,GBP,2024-06-03,CLOSED,10000,2024-06-03 08:35:58
ACC003099,CUST01573,CREDIT,USD,2024-07-23,CLOSED,0,2024-07-23 19:04:42
ACC003100,CUST01574,CREDIT,usd,2025-06-07,CLOSED,0,2025-06-07 08:15:16
ACC003101,CUST01574,CHECKING,USD,2024-10-02,CLOSED,0,2024-10-02 14:51:44
ACC003102,CUST01575,checking,NGN,2025-04-04,closed,0,2025-04-04 22:53:15
ACC003103,CUST01575,checking,GBP,2025-06-18,FROZEN,0,2025-06-18 16:56:40
ACC003104,CUST01575,SAVINGS,JPY,2024-08-16,FROZEN,0,2024-08-16 00:06:31
ACC003105,CUST01576,SAVINGS,INR,2025-04-22,ACTIVE,0,2025-04-22 17:33:59
ACC003106,CUST01576,checking,usd,2025-05-18,active,0,2025-05-18 19:12:07
ACC003107,CUST01576,CREDIT,CAD,2025-06-14,FROZEN,1000,2025-06-14 22:51:11
ACC003108,CUST01577,checking,USD,2025-02-28,active,0,2025-02-28 09:46:28
ACC003109,CUST01577,checking,GBP,2025-02-04,CLOSED,0,2025-02-04 19:12:01
ACC003110,CUST01578,CHECKING,CAD,2025-03-11,FROZEN,0,2025-03-11 19:31:17
ACC003111,CUST01578,checking,GBP,2025-02-11,ACTIVE,0,2025-02-11 06:56:39
ACC003112,CUST01578,CHECKING,USD,2025-02-22,closed,0,2025-02-22 20:05:30
ACC003113,CUST01579,checking,gbp,2025-01-21,CLOSED,0,2025-01-21 17:59:16
ACC003114,CUST01579,checking,usd,2025-03-22,closed,0,2025-03-22 04:40:44
ACC003115,CUST01579,CHECKING,JPY,2024-04-07,closed,0,2024-04-07 18:01:25
ACC003116,CUST01580,CREDIT,usd,2025-04-26,FROZEN,0,2025-04-26 07:22:41
ACC003117,CUST01580,savings,USD,2024-08-17,ACTIVE,0,2024-08-17 06:11:40
ACC003118,CUST01580,CHECKING,NGN,2025-02-12,closed,0,2025-02-12 02:41:00
ACC003119,CUST01581,checking,EUR,2024-09-11,CLOSED,0,2024-09-11 06:29:00
ACC003120,CUST01581,savings,JPY,2024-10-19,closed,0,2024-10-19 13:00:22
ACC003121,CUST01581,credit,USD,2025-05-08,CLOSED,10000,2025-05-08 03:52:24
ACC003122,CUST01582,credit,gbp,2025-02-11,closed,0,2025-02-11 09:43:40
ACC003123,CUST01583,savings,INR,2025-05-27,FROZEN,0,2025-05-27 08:14:57
ACC003124,CUST01584,CHECKING,USD,2024-10-13,ACTIVE,0,2024-10-13 03:02:31
ACC003125,CUST01584,CREDIT,gbp,2025-02-26,active,5000,2025-02-26 17:52:56
ACC003126,CUST01585,CHECKING,usd,2025-03-29,active,0,2025-03-29 18:24:42
ACC003127,CUST01586,CHECKING,JPY,2024-04-01,ACTIVE,0,2024-04-01 01:34:28
ACC003128,CUST01586,CHECKING,JPY,2024-10-01,FROZEN,0,2024-10-01 06:18:07
ACC003129,CUST01587,SAVINGS,JPY,2024-10-23,active,0,2024-10-23 15:20:25
ACC003130,CUST01587,CREDIT,gbp,2025-05-05,active,25000,2025-05-05 20:31:57
ACC003131,CUST01587,checking,gbp,2024-07-22,ACTIVE,0,2024-07-22 01:22:01
ACC003132,CUST01588,checking,CAD,2025-01-10,active,0,2025-01-10 23:09:41
ACC003133,CUST01589,savings,USD,2025-04-10,CLOSED,0,2025-04-10 08:15:17
ACC003134,CUST01589,savings,gbp,2025-03-05,FROZEN,0,2025-03-05 22:00:38
ACC003135,CUST01590,SAVINGS,NGN,2025-05-19,CLOSED,0,2025-05-19 10:15:19
ACC003136,CUST01590,checking,USD,2025-02-06,ACTIVE,0,2025-02-06 12:09:59
ACC003137,CUST01590,CREDIT,gbp,2024-09-10,ACTIVE,0,2024-09-10 17:49:13
ACC003138,CUST01591,CHECKING,JPY,2025-06-08,active,0,2025-06-08 08:32:30
ACC003139,CUST01592,checking,JPY,2025-05-06,CLOSED,0,2025-05-06 17:25:17
ACC003140,CUST01593,CHECKING,EUR,2024-12-14,CLOSED,0,2024-12-14 11:05:19
ACC003141,CUST01593,CHECKING,JPY,2024-08-21,FROZEN,0,2024-08-21 07:33:15
ACC003142,CUST01593,CHECKING,INR,2025-05-27,FROZEN,0,2025-05-27 23:32:05
ACC003143,CUST01594,checking,INR,2025-03-28,active,0,2025-03-28 02:59:53
ACC003144,CUST01594,credit,NGN,2025-04-10,FROZEN,0,2025-04-10 05:33:53
ACC003145,CUST01594,checking,CAD,2025-01-23,CLOSED,0,2025-01-23 01:09:32
ACC003146,CUST01595,SAVINGS,usd,2024-05-28,active,0,2024-05-28 12:59:01
ACC003147,CUST01596,CREDIT,JPY,2024-12-13,FROZEN,0,2024-12-13 18:40:46
ACC003148,CUST01596,CREDIT,NGN,2024-12-18,ACTIVE,0,2024-12-18 15:01:00
ACC003149,CUST01596,credit,CAD,2025-01-14,closed,0,2025-01-14 14:51:52
ACC003150,CUST01597,credit,NGN,2024-10-12,ACTIVE,25000,2024-10-12 19:32:43
ACC003151,CUST01598,savings,EUR,2024-05-28,active,0,2024-05-28 05:59:43
ACC003152,CUST01599,savings,NGN,2024-11-04,ACTIVE,0,2024-11-04 10:40:40
ACC003153,CUST01600,checking,JPY,2024-10-14,active,0,2024-10-14 02:36:57
ACC003154,CUST01601,savings,usd,2024-12-06,ACTIVE,0,2024-12-06 15:52:44
ACC003155,CUST01601,credit,EUR,2024-11-15,active,10000,2024-11-15 20:21:15
ACC003156,CUST01601,CREDIT,NGN,2024-11-30,ACTIVE,10000,2024-11-30 09:08:42
ACC003157,CUST01602,checking,USD,2024-07-27,FROZEN,0,2024-07-27 18:51:54
ACC003158,CUST01602,CREDIT,CAD,2025-06-25,ACTIVE,10000,2025-06-25 14:03:20
ACC003159,CUST01603,savings,NGN,2025-04-07,FROZEN,0,2025-04-07 14:41:26
ACC003160,CUST01603,credit,gbp,2024-09-21,FROZEN,25000,2024-09-21 03:27:03
ACC003161,CUST01604,SAVINGS,EUR,2024-06-15,active,0,2024-06-15 17:34:02
ACC003162,CUST01604,savings,GBP,2025-04-17,FROZEN,0,2025-04-17 14:34:41
ACC003163,CUST01605,CHECKING,usd,2025-06-06,closed,0,2025-06-06 11:35:01
ACC003164,CUST01605,SAVINGS,GBP,2024-08-24,ACTIVE,0,2024-08-24 05:16:07
ACC003165,CUST01606,credit,GBP,2025-04-23,FROZEN,10000,2025-04-23 18:08:46
ACC003166,CUST01606,checking,gbp,2025-04-18,active,0,2025-04-18 00:09:13
ACC003167,CUST01607,CHECKING,INR,2025-05-30,CLOSED,0,2025-05-30 19:58:50
ACC003168,CUST01607,checking,CAD,2025-02-21,ACTIVE,0,2025-02-21 15:54:40
ACC003169,CUST01608,savings,EUR,2024-09-03,CLOSED,0,2024-09-03 00:51:59
ACC003170,CUST01608,CHECKING,JPY,2025-05-14,CLOSED,0,2025-05-14 21:42:36
ACC003171,CUST01608,credit,NGN,2025-04-17,FROZEN,25000,2025-04-17 21:46:49
ACC003172,CUST01609,checking,EUR,2025-02-15,FROZEN,0,2025-02-15 20:04:13
ACC003173,CUST01609,CREDIT,NGN,2024-06-09,closed,1000,2024-06-09 11:42:40
ACC003174,CUST01609,CREDIT,gbp,2025-03-20,closed,25000,2025-03-20 07:26:12
ACC003175,CUST01610,savings,usd,2025-02-06,active,0,2025-02-06 19:31:19
ACC003176,CUST01610,CHECKING,GBP,2025-03-19,FROZEN,0,2025-03-19 13:02:18
ACC003177,CUST01611,savings,usd,2024-05-21,closed,0,2024-05-21 08:23:55
ACC003178,CUST01612,CREDIT,gbp,2025-06-28,active,1000,2025-06-28 09:54:59
ACC003179,CUST01612,checking,CAD,2025-02-02,FROZEN,0,2025-02-02 18:14:55
ACC003180,CUST01613,CHECKING,gbp,2024-10-31,CLOSED,0,2024-10-31 22:04:15
ACC003181,CUST01614,CREDIT,usd,2025-03-30,active,0,2025-03-30 22:58:41
ACC003182,CUST01614,SAVINGS,NGN,2024-12-07,FROZEN,0,2024-12-07 17:47:10
ACC003183,CUST01614,credit,CAD,2025-06-26,active,25000,2025-06-26 19:17:31
ACC003184,CUST01615,CREDIT,EUR,2024-10-25,ACTIVE,25000,2024-10-25 17:20:36
ACC003185,CUST01615,credit,gbp,2024-12-20,FROZEN,10000,2024-12-20 05:11:20
ACC003186,CUST01616,CHECKING,usd,2024-04-18,closed,0,2024-04-18 07:20:48
ACC003187,CUST01616,checking,JPY,2025-02-26,closed,0,2025-02-26 23:15:36
ACC003188,CUST01616,CREDIT,INR,2024-04-12,active,0,2024-04-12 09:02:48
ACC003189,CUST01617,checking,gbp,2025-01-03,active,0,2025-01-03 05:46:57
ACC003190,CUST01618,SAVINGS,JPY,2025-06-06,closed,0,2025-06-06 20:59:36
ACC003191,CUST01618,credit,JPY,2024-12-30,closed,0,2024-12-30 10:15:29
ACC003192,CUST01619,CREDIT,NGN,2025-03-04,CLOSED,0,2025-03-04 01:10:53
ACC003193,CUST01619,CHECKING,CAD,2024-10-30,ACTIVE,0,2024-10-30 16:36:23
ACC003194,CUST01620,checking,usd,2024-06-13,active,0,2024-06-13 23:25:02
ACC003195,CUST01621,checking,gbp,2024-12-09,ACTIVE,0,2024-12-09 13:29:56
ACC003196,CUST01621,checking,USD,2024-09-03,ACTIVE,0,2024-09-03 20:23:25
ACC003197,CUST01622,CHECKING,gbp,2025-02-25,closed,0,2025-02-25 19:32:38
ACC003198,CUST01622,savings,USD,2025-06-04,active,0,2025-06-04 00:37:51
ACC003199,CUST01622,checking,usd,2025-05-10,closed,0,2025-05-10 18:37:24
ACC003200,CUST01623,CHECKING,GBP,2024-05-20,active,0,2024-05-20 01:35:38
ACC003201,CUST01623,credit,usd,2024-05-27,closed,0,2024-05-27 12:44:54
ACC003202,CUST01624,CREDIT,USD,2025-03-08,ACTIVE,5000,2025-03-08 21:26:38
ACC003203,CUST01624,SAVINGS,USD,2024-09-10,ACTIVE,0,2024-09-10 17:52:42
ACC003204,CUST01625,savings,usd,2024-12-24,active,0,2024-12-24 15:49:40
ACC003205,CUST01626,credit,INR,2025-05-17,closed,0,2025-05-17 13:13:51
ACC003206,CUST01627,credit,NGN,2024-03-18,active,0,2024-03-18 09:48:23
ACC003207,CUST01627,credit,USD,2024-11-13,closed,10000,2024-11-13 13:33:04
ACC003208,CUST01628,CREDIT,gbp,2024-08-28,CLOSED,10000,2024-08-28 06:17:35
ACC003209,CUST01628,CREDIT,CAD,2025-06-05,ACTIVE,0,2025-06-05 00:42:27
ACC003210,CUST01629,CHECKING,GBP,2024-07-02,CLOSED,0,2024-07-02 13:54:58
ACC003211,CUST01629,checking,CAD,2024-12-20,closed,0,2024-12-20 15:35:42
ACC003212,CUST01629,credit,USD,2024-08-06,CLOSED,0,2024-08-06 15:54:40
ACC003213,CUST01630,CREDIT,INR,2025-04-29,closed,10000,2025-04-29 08:59:20
ACC003214,CUST01631,savings,EUR,2024-04-08,CLOSED,0,2024-04-08 16:33:25
ACC003215,CUST01631,credit,INR,2024-05-19,ACTIVE,0,2024-05-19 16:21:14
ACC003216,CUST01631,CHECKING,NGN,2025-02-22,ACTIVE,0,2025-02-22 17:30:51
ACC003217,CUST01632,CHECKING,INR,2025-06-21,active,0,2025-06-21 16:06:19
ACC003218,CUST01632,checking,NGN,2024-08-28,FROZEN,0,2024-08-28 19:14:46
ACC003219,CUST01632,savings,usd,2025-05-28,closed,0,2025-05-28 16:45:35
ACC003220,CUST01633,SAVINGS,GBP,2024-12-18,ACTIVE,0,2024-12-18 10:03:44
ACC003221,CUST01634,CREDIT,usd,2025-04-30,ACTIVE,25000,2025-04-30 19:27:47
ACC003222,CUST01634,SAVINGS,JPY,2025-01-28,ACTIVE,0,2025-01-28 16:55:59
ACC003223,CUST01635,credit,CAD,2025-06-19,FROZEN,5000,2025-06-19 16:56:09
ACC003224,CUST01635,CREDIT,USD,2025-03-11,active,0,2025-03-11 18:58:49
ACC003225,CUST01635,SAVINGS,gbp,2025-05-22,active,0,2025-05-22 22:51:10
ACC003226,CUST01636,savings,EUR,2025-01-23,active,0,2025-01-23 19:58:53
ACC003227,CUST01637,CREDIT,NGN,2025-02-26,closed,0,2025-02-26 11:13:59
ACC003228,CUST01638,CREDIT,INR,2025-05-15,FROZEN,0,2025-05-15 12:28:30
ACC003229,CUST01638,credit,USD,2025-05-21,CLOSED,1000,2025-05-21 17:27:27
ACC003230,CUST01638,credit,CAD,2025-06-07,ACTIVE,10000,2025-06-07 20:14:59
ACC003231,CUST01639,credit,GBP,2025-05-10,closed,0,2025-05-10 16:25:49
ACC003232,CUST01639,credit,EUR,2025-01-31,ACTIVE,10000,2025-01-31 15:02:13
ACC003233,CUST01640,credit,NGN,2024-09-30,FROZEN,0,2024-09-30 07:52:46
ACC003234,CUST01640,savings,usd,2024-11-04,ACTIVE,0,2024-11-04 09:17:02
ACC003235,CUST01641,checking,GBP,2024-09-11,FROZEN,0,2024-09-11 17:54:32
ACC003236,CUST01641,credit,gbp,2024-09-26,active,5000,2024-09-26 00:40:18
ACC003237,CUST01642,credit,usd,2025-01-13,closed,10000,2025-01-13 06:52:36
ACC003238,CUST01642,checking,EUR,2025-05-20,FROZEN,0,2025-05-20 00:19:40
ACC003239,CUST01643,SAVINGS,JPY,2025-06-02,ACTIVE,0,2025-06-02 03:46:56
ACC003240,CUST01643,CHECKING,USD,2024-09-28,FROZEN,0,2024-09-28 14:11:23
ACC003241,CUST01643,CHECKING,NGN,2025-06-24,closed,0,2025-06-24 12:36:32
ACC003242,CUST01644,SAVINGS,GBP,2024-05-18,ACTIVE,0,2024-05-18 00:23:12
ACC003243,CUST01645,SAVINGS,usd,2024-06-20,CLOSED,0,2024-06-20 09:32:46
ACC003244,CUST01646,credit,NGN,2025-01-19,FROZEN,5000,2025-01-19 07:01:49
ACC003245,CUST01646,credit,GBP,2025-02-19,active,25000,2025-02-19 00:19:23
ACC003246,CUST01647,SAVINGS,GBP,2025-06-01,FROZEN,0,2025-06-01 07:36:43
ACC003247,CUST01647,CHECKING,usd,2025-05-19,ACTIVE,0,2025-05-19 18:57:20
ACC003248,CUST01647,CHECKING,usd,2025-04-06,FROZEN,0,2025-04-06 06:34:43
ACC003249,CUST01648,SAVINGS,EUR,2025-03-27,CLOSED,0,2025-03-27 16:11:23
ACC003250,CUST01648,CREDIT,NGN,2025-04-13,ACTIVE,25000,2025-04-13 04:06:02
ACC003251,CUST01649,checking,JPY,2025-03-12,FROZEN,0,2025-03-12 23:16:03
ACC003252,CUST01649,credit,usd,2024-11-15,active,25000,2024-11-15 06:58:18
ACC003253,CUST01650,savings,INR,2025-01-01,FROZEN,0,2025-01-01 15:43:37
ACC003254,CUST01650,checking,GBP,2025-01-10,closed,0,2025-01-10 05:54:19
ACC003255,CUST01650,CREDIT,JPY,2025-04-26,ACTIVE,1000,2025-04-26 12:22:21
ACC003256,CUST01651,SAVINGS,EUR,2025-02-09,CLOSED,0,2025-02-09 16:41:59
ACC003257,CUST01651,CHECKING,INR,2025-05-28,active,0,2025-05-28 08:29:44
ACC003258,CUST01652,savings,USD,2025-06-10,active,0,2025-06-10 14:19:42
ACC003259,CUST01653,savings,CAD,2024-10-19,FROZEN,0,2024-10-19 08:40:24
ACC003260,CUST01653,savings,INR,2025-01-28,active,0,2025-01-28 10:31:23
ACC003261,CUST01654,CHECKING,INR,2025-03-15,ACTIVE,0,2025-03-15 12:52:52
ACC003262,CUST01655,checking,USD,2025-01-06,closed,0,2025-01-06 21:57:57
ACC003263,CUST01656,SAVINGS,NGN,2024-05-12,FROZEN,0,2024-05-12 03:37:20
ACC003264,CUST01656,savings,JPY,2025-06-27,active,0,2025-06-27 16:28:29
ACC003265,CUST01657,credit,GBP,2025-06-09,ACTIVE,0,2025-06-09 01:09:53
ACC003266,CUST01657,SAVINGS,gbp,2025-05-05,active,0,2025-05-05 12:04:28
ACC003267,CUST01658,checking,INR,2024-07-21,FROZEN,0,2024-07-21 04:37:30
ACC003268,CUST01658,CHECKING,gbp,2025-05-29,closed,0,2025-05-29 23:25:28
ACC003269,CUST01658,SAVINGS,INR,2025-06-08,active,0,2025-06-08 19:35:37
ACC003270,CUST01659,checking,EUR,2025-02-04,FROZEN,0,2025-02-04 16:08:02
ACC003271,CUST01659,savings,JPY,2025-03-17,CLOSED,0,2025-03-17 09:38:16
ACC003272,CUST01660,checking,JPY,2025-05-04,closed,0,2025-05-04 04:47:36
ACC003273,CUST01661,savings,NGN,2024-12-06,CLOSED,0,2024-12-06 17:53:30
ACC003274,CUST01661,checking,USD,2025-02-24,CLOSED,0,2025-02-24 08:25:45
ACC003275,CUST01662,credit,EUR,2025-05-10,CLOSED,0,2025-05-10 12:11:47
ACC003276,CUST01662,credit,CAD,2025-01-10,active,0,2025-01-10 06:03:25
ACC003277,CUST01662,savings,NGN,2025-05-19,active,0,2025-05-19 16:32:06
ACC003278,CUST01663,checking,JPY,2024-08-28,CLOSED,0,2024-08-28 09:15:32
ACC003279,CUST01663,savings,USD,2025-06-18,CLOSED,0,2025-06-18 10:18:11
ACC003280,CUST01664,SAVINGS,JPY,2024-04-15,closed,0,2024-04-15 11:08:48
ACC003281,CUST01664,CREDIT,GBP,2025-01-22,active,10000,2025-01-22 13:12:55
ACC003282,CUST01664,credit,CAD,2024-05-06,active,0,2024-05-06 16:31:06
ACC003283,CUST01665,SAVINGS,USD,2024-11-04,closed,0,2024-11-04 08:10:13
ACC003284,CUST01665,checking,INR,2025-06-24,active,0,2025-06-24 13:32:24
ACC003285,CUST01666,credit,CAD,2025-03-14,closed,0,2025-03-14 04:34:50
ACC003286,CUST01666,savings,NGN,2025-06-06,FROZEN,0,2025-06-06 18:47:02
ACC003287,CUST01666,CHECKING,CAD,2025-05-22,active,0,2025-05-22 18:48:23
ACC003288,CUST01667,credit,NGN,2025-05-04,CLOSED,0,2025-05-04 20:34:40
ACC003289,CUST01667,credit,JPY,2024-09-14,closed,1000,2024-09-14 10:29:00
ACC003290,CUST01667,savings,CAD,2025-02-18,FROZEN,0,2025-02-18 22:57:11
ACC003291,CUST01668,savings,usd,2024-10-23,closed,0,2024-10-23 15:59:07
ACC003292,CUST01668,CHECKING,GBP,2025-05-23,closed,0,2025-05-23 14:04:39
ACC003293,CUST01669,checking,INR,2024-09-19,active,0,2024-09-19 07:18:33
ACC003294,CUST01669,credit,EUR,2025-04-05,CLOSED,25000,2025-04-05 14:02:51
ACC003295,CUST01670,checking,USD,2024-08-30,active,0,2024-08-30 02:18:54
ACC003296,CUST01670,credit,INR,2024-08-18,ACTIVE,0,2024-08-18 03:13:49
ACC003297,CUST01670,CHECKING,INR,2024-07-22,FROZEN,0,2024-07-22 07:52:36
ACC003298,CUST01671,savings,usd,2025-06-12,CLOSED,0,2025-06-12 08:01:24
ACC003299,CUST01671,savings,EUR,2025-01-14,ACTIVE,0,2025-01-14 09:39:29
ACC003300,CUST01671,checking,JPY,2025-03-28,FROZEN,0,2025-03-28 09:11:59
ACC003301,CUST01672,SAVINGS,JPY,2024-12-05,CLOSED,0,2024-12-05 10:25:14
ACC003302,CUST01673,CHECKING,CAD,2024-11-05,active,0,2024-11-05 17:38:11
ACC003303,CUST01673,savings,USD,2024-07-28,active,0,2024-07-28 10:35:53
ACC003304,CUST01673,checking,USD,2024-09-25,active,0,2024-09-25 03:59:35
ACC003305,CUST01674,CREDIT,JPY,2025-03-22,ACTIVE,25000,2025-03-22 05:41:31
ACC003306,CUST01674,SAVINGS,EUR,2025-01-19,CLOSED,0,2025-01-19 13:47:10
ACC003307,CUST01674,savings,usd,2025-02-22,ACTIVE,0,2025-02-22 03:56:31
ACC003308,CUST01675,CHECKING,INR,2024-06-24,CLOSED,0,2024-06-24 15:07:41
ACC003309,CUST01675,checking,usd,2024-06-20,CLOSED,0,2024-06-20 00:16:39
ACC003310,CUST01676,CHECKING,CAD,2025-03-08,ACTIVE,0,2025-03-08 01:44:32
ACC003311,CUST01677,CREDIT,GBP,2025-03-11,active,0,2025-03-11 02:13:48
ACC003312,CUST01678,checking,gbp,2025-02-07,FROZEN,0,2025-02-07 04:40:48
ACC003313,CUST01678,CREDIT,usd,2025-01-06,CLOSED,0,2025-01-06 07:25:32
ACC003314,CUST01679,SAVINGS,INR,2025-05-22,CLOSED,0,2025-05-22 08:42:31
ACC003315,CUST01680,CHECKING,JPY,2025-03-21,active,0,2025-03-21 05:48:32
ACC003316,CUST01681,credit,CAD,2024-03-15,FROZEN,1000,2024-03-15 06:03:17
ACC003317,CUST01681,checking,CAD,2024-04-06,closed,0,2024-04-06 06:36:59
ACC003318,CUST01681,CREDIT,usd,2025-06-08,closed,0,2025-06-08 22:27:13
ACC003319,CUST01682,checking,INR,2024-09-21,active,0,2024-09-21 15:48:44
ACC003320,CUST01683,CREDIT,usd,2025-02-21,active,25000,2025-02-21 23:25:16
ACC003321,CUST01683,savings,GBP,2025-01-28,FROZEN,0,2025-01-28 18:39:19
ACC003322,CUST01684,SAVINGS,NGN,2024-07-05,ACTIVE,0,2024-07-05 02:16:25
ACC003323,CUST01684,savings,NGN,2024-09-03,CLOSED,0,2024-09-03 10:20:44
ACC003324,CUST01684,credit,EUR,2025-03-31,CLOSED,0,2025-03-31 21:48:36
ACC003325,CUST01685,credit,CAD,2025-05-16,active,0,2025-05-16 09:00:09
ACC003326,CUST01686,SAVINGS,CAD,2025-04-03,ACTIVE,0,2025-04-03 00:04:46
ACC003327,CUST01686,credit,JPY,2025-03-26,closed,0,2025-03-26 21:28:18
ACC003328,CUST01686,SAVINGS,USD,2025-03-23,CLOSED,0,2025-03-23 10:32:36
ACC003329,CUST01687,SAVINGS,NGN,2025-04-16,ACTIVE,0,2025-04-16 07:14:29
ACC003330,CUST01687,CHECKING,JPY,2024-12-10,ACTIVE,0,2024-12-10 21:13:00
ACC003331,CUST01687,credit,EUR,2025-06-21,closed,0,2025-06-21 07:14:58
ACC003332,CUST01688,checking,usd,2024-10-10,FROZEN,0,2024-10-10 10:20:12
ACC003333,CUST01689,CREDIT,gbp,2024-11-15,FROZEN,0,2024-11-15 00:18:23
ACC003334,CUST01689,CREDIT,EUR,2024-06-09,active,0,2024-06-09 20:53:36
ACC003335,CUST01690,checking,GBP,2024-08-15,active,0,2024-08-15 11:07:38
ACC003336,CUST01690,checking,GBP,2024-03-24,FROZEN,0,2024-03-24 02:17:50
ACC003337,CUST01691,checking,CAD,2024-06-26,FROZEN,0,2024-06-26 19:41:47
ACC003338,CUST01692,CHECKING,GBP,2024-10-27,FROZEN,0,2024-10-27 01:27:27
ACC003339,CUST01692,SAVINGS,USD,2025-01-22,active,0,2025-01-22 04:05:18
ACC003340,CUST01693,CREDIT,JPY,2025-05-15,closed,25000,2025-05-15 04:40:21
ACC003341,CUST01693,credit,GBP,2024-09-27,closed,25000,2024-09-27 05:44:50
ACC003342,CUST01694,checking,GBP,2025-04-14,active,0,2025-04-14 05:36:14
ACC003343,CUST01695,checking,NGN,2025-06-14,active,0,2025-06-14 00:43:39
ACC003344,CUST01695,savings,EUR,2025-03-05,ACTIVE,0,2025-03-05 22:43:48
ACC003345,CUST01696,SAVINGS,JPY,2024-08-05,active,0,2024-08-05 08:25:02
ACC003346,CUST01696,checking,gbp,2024-09-11,FROZEN,0,2024-09-11 13:18:21
ACC003347,CUST01696,checking,USD,2024-08-30,CLOSED,0,2024-08-30 03:12:10
ACC003348,CUST01697,savings,CAD,2025-06-28,closed,0,2025-06-28 19:48:33
ACC003349,CUST01697,CREDIT,USD,2025-06-30,ACTIVE,0,2025-06-30 22:07:36
ACC003350,CUST01698,savings,NGN,2024-09-27,active,0,2024-09-27 12:45:23
ACC003351,CUST01699,savings,gbp,2025-03-30,closed,0,2025-03-30 16:45:58
ACC003352,CUST01700,checking,usd,2025-01-22,ACTIVE,0,2025-01-22 21:47:53
ACC003353,CUST01700,checking,gbp,2025-03-05,ACTIVE,0,2025-03-05 02:29:39
ACC003354,CUST01701,savings,CAD,2025-03-07,closed,0,2025-03-07 10:44:42
ACC003355,CUST01701,CHECKING,EUR,2025-06-30,active,0,2025-06-30 17:29:46
ACC003356,CUST01701,savings,usd,2025-04-13,active,0,2025-04-13 19:16:18
ACC003357,CUST01702,SAVINGS,GBP,2025-04-14,CLOSED,0,2025-04-14 01:00:04
ACC003358,CUST01703,SAVINGS,INR,2025-05-20,FROZEN,0,2025-05-20 11:47:33
ACC003359,CUST01704,CREDIT,NGN,2025-06-08,FROZEN,10000,2025-06-08 08:09:31
ACC003360,CUST01705,checking,USD,2024-09-02,closed,0,2024-09-02 22:57:48
ACC003361,CUST01705,CHECKING,INR,2025-01-06,active,0,2025-01-06 08:01:48
ACC003362,CUST01706,CREDIT,EUR,2024-07-10,closed,5000,2024-07-10 18:01:52
ACC003363,CUST01707,checking,gbp,2024-12-17,ACTIVE,0,2024-12-17 23:34:34
ACC003364,CUST01707,checking,usd,2024-09-12,ACTIVE,0,2024-09-12 09:27:53
ACC003365,CUST01708,checking,CAD,2025-06-18,FROZEN,0,2025-06-18 04:40:52
ACC003366,CUST01708,SAVINGS,usd,2025-02-05,FROZEN,0,2025-02-05 22:17:29
ACC003367,CUST01709,CHECKING,usd,2024-04-25,FROZEN,0,2024-04-25 09:50:53
ACC003368,CUST01710,CHECKING,JPY,2025-05-17,CLOSED,0,2025-05-17 17:20:39
ACC003369,CUST01711,savings,EUR,2025-06-18,FROZEN,0,2025-06-18 15:07:34
ACC003370,CUST01711,CREDIT,CAD,2025-05-01,FROZEN,0,2025-05-01 00:43:07
ACC003371,CUST01712,CHECKING,JPY,2024-06-12,closed,0,2024-06-12 02:11:34
ACC003372,CUST01713,SAVINGS,CAD,2025-05-26,closed,0,2025-05-26 00:51:53
ACC003373,CUST01714,checking,USD,2025-06-07,FROZEN,0,2025-06-07 16:51:54
ACC003374,CUST01715,savings,USD,2024-12-12,CLOSED,0,2024-12-12 14:50:30
ACC003375,CUST01715,credit,GBP,2024-12-16,active,1000,2024-12-16 08:23:00
ACC003376,CUST01715,checking,EUR,2025-05-16,closed,0,2025-05-16 00:02:39
ACC003377,CUST01716,SAVINGS,usd,2025-05-01,FROZEN,0,2025-05-01 23:45:02
ACC003378,CUST01716,checking,CAD,2024-07-16,CLOSED,0,2024-07-16 09:32:09
ACC003379,CUST01716,savings,gbp,2025-01-13,ACTIVE,0,2025-01-13 02:56:12
ACC003380,CUST01717,credit,CAD,2025-01-23,closed,5000,2025-01-23 12:51:03
ACC003381,CUST01717,checking,JPY,2025-04-09,active,0,2025-04-09 23:43:52
ACC003382,CUST01717,credit,INR,2025-01-18,active,1000,2025-01-18 12:34:19
ACC003383,CUST01718,CHECKING,JPY,2025-03-29,FROZEN,0,2025-03-29 09:07:01
ACC003384,CUST01718,savings,EUR,2025-05-12,closed,0,2025-05-12 06:20:30
ACC003385,CUST01719,SAVINGS,GBP,2025-01-17,FROZEN,0,2025-01-17 17:55:48
ACC003386,CUST01720,CHECKING,NGN,2024-11-03,active,0,2024-11-03 21:33:06
ACC003387,CUST01720,checking,EUR,2025-03-25,active,0,2025-03-25 10:19:21
ACC003388,CUST01720,CHECKING,usd,2024-10-17,closed,0,2024-10-17 03:14:27
ACC003389,CUST01721,credit,NGN,2024-11-19,active,25000,2024-11-19 23:06:39
ACC003390,CUST01722,checking,JPY,2025-03-08,CLOSED,0,2025-03-08 08:49:29
ACC003391,CUST01722,CREDIT,gbp,2024-08-19,active,25000,2024-08-19 13:40:40
ACC003392,CUST01723,CHECKING,EUR,2024-10-06,active,0,2024-10-06 22:29:16
ACC003393,CUST01723,SAVINGS,usd,2025-01-05,FROZEN,0,2025-01-05 09:56:22
ACC003394,CUST01723,CREDIT,USD,2025-05-11,ACTIVE,0,2025-05-11 06:17:00
ACC003395,CUST01724,savings,EUR,2025-05-25,CLOSED,0,2025-05-25 03:25:58
ACC003396,CUST01724,checking,NGN,2024-12-29,CLOSED,0,2024-12-29 10:33:58
ACC003397,CUST01724,SAVINGS,CAD,2024-12-14,ACTIVE,0,2024-12-14 02:17:58
ACC003398,CUST01725,savings,GBP,2025-02-07,active,0,2025-02-07 07:37:14
ACC003399,CUST01725,savings,gbp,2024-10-15,ACTIVE,0,2024-10-15 22:11:09
ACC003400,CUST01725,credit,usd,2024-09-27,ACTIVE,0,2024-09-27 06:53:03
ACC003401,CUST01726,CREDIT,GBP,2025-03-06,FROZEN,0,2025-03-06 09:20:33
ACC003402,CUST01726,CREDIT,EUR,2025-03-28,active,5000,2025-03-28 23:45:34
ACC003403,CUST01726,SAVINGS,INR,2025-03-21,ACTIVE,0,2025-03-21 03:09:18
ACC003404,CUST01727,savings,USD,2024-10-07,ACTIVE,0,2024-10-07 13:58:25
ACC003405,CUST01728,CREDIT,INR,2024-09-19,CLOSED,0,2024-09-19 06:13:45
ACC003406,CUST01728,CHECKING,CAD,2025-05-24,CLOSED,0,2025-05-24 23:01:55
ACC003407,CUST01729,CHECKING,NGN,2025-05-22,ACTIVE,0,2025-05-22 10:26:40
ACC003408,CUST01729,savings,EUR,2025-06-20,CLOSED,0,2025-06-20 02:00:55
ACC003409,CUST01730,credit,CAD,2024-08-20,ACTIVE,5000,2024-08-20 15:03:33
ACC003410,CUST01730,CREDIT,GBP,2024-03-15,CLOSED,0,2024-03-15 10:30:02
ACC003411,CUST01731,SAVINGS,NGN,2025-02-11,ACTIVE,0,2025-02-11 19:31:57
ACC003412,CUST01732,credit,GBP,2025-05-05,ACTIVE,0,2025-05-05 15:29:22
ACC003413,CUST01732,checking,NGN,2025-03-23,ACTIVE,0,2025-03-23 22:06:00
ACC003414,CUST01733,SAVINGS,gbp,2025-06-29,ACTIVE,0,2025-06-29 16:53:24
ACC003415,CUST01734,checking,GBP,2025-04-02,ACTIVE,0,2025-04-02 09:07:46
ACC003416,CUST01734,SAVINGS,gbp,2025-05-07,FROZEN,0,2025-05-07 02:34:34
ACC003417,CUST01735,savings,EUR,2024-09-21,CLOSED,0,2024-09-21 17:24:01
ACC003418,CUST01736,CREDIT,INR,2025-02-05,CLOSED,0,2025-02-05 15:34:58
ACC003419,CUST01736,savings,GBP,2024-05-04,FROZEN,0,2024-05-04 13:55:32
ACC003420,CUST01737,checking,USD,2025-02-13,FROZEN,0,2025-02-13 18:17:53
ACC003421,CUST01737,savings,usd,2025-06-07,CLOSED,0,2025-06-07 21:05:41
ACC003422,CUST01737,SAVINGS,usd,2025-02-20,closed,0,2025-02-20 15:37:47
ACC003423,CUST01738,CHECKING,usd,2025-04-02,CLOSED,0,2025-04-02 09:57:45
ACC003424,CUST01738,CREDIT,GBP,2025-06-10,active,5000,2025-06-10 16:13:58
ACC003425,CUST01738,credit,USD,2025-02-06,active,0,2025-02-06 10:08:58
ACC003426,CUST01739,checking,INR,2025-06-12,FROZEN,0,2025-06-12 05:54:11
ACC003427,CUST01739,SAVINGS,usd,2024-10-27,CLOSED,0,2024-10-27 01:56:47
ACC003428,CUST01740,SAVINGS,CAD,2025-03-24,CLOSED,0,2025-03-24 12:43:37
ACC003429,CUST01741,CREDIT,NGN,2025-01-01,closed,25000,2025-01-01 06:18:24
ACC003430,CUST01741,savings,USD,2025-01-24,active,0,2025-01-24 05:41:51
ACC003431,CUST01742,CREDIT,GBP,2024-12-03,CLOSED,0,2024-12-03 21:46:50
ACC003432,CUST01742,savings,JPY,2024-08-04,closed,0,2024-08-04 06:25:31
ACC003433,CUST01743,credit,EUR,2024-12-12,active,1000,2024-12-12 01:56:06
ACC003434,CUST01744,credit,gbp,2024-12-03,ACTIVE,10000,2024-12-03 23:59:13
ACC003435,CUST01744,CHECKING,USD,2025-05-23,closed,0,2025-05-23 01:45:46
ACC003436,CUST01744,checking,JPY,2024-09-21,FROZEN,0,2024-09-21 05:37:12
ACC003437,CUST01745,savings,gbp,2024-10-04,active,0,2024-10-04 01:51:13
ACC003438,CUST01745,savings,gbp,2024-04-14,active,0,2024-04-14 23:15:53
ACC003439,CUST01745,CREDIT,USD,2024-10-10,ACTIVE,5000,2024-10-10 13:13:31
ACC003440,CUST01746,savings,JPY,2025-03-12,ACTIVE,0,2025-03-12 14:02:21
ACC003441,CUST01746,credit,USD,2025-03-28,FROZEN,1000,2025-03-28 16:37:16
ACC003442,CUST01746,credit,NGN,2025-06-24,ACTIVE,10000,2025-06-24 19:16:55
ACC003443,CUST01747,savings,JPY,2024-10-02,closed,0,2024-10-02 12:47:03
ACC003444,CUST01747,SAVINGS,GBP,2024-11-02,CLOSED,0,2024-11-02 10:37:04
ACC003445,CUST01748,credit,usd,2025-05-17,closed,1000,2025-05-17 20:39:31
ACC003446,CUST01749,savings,gbp,2025-03-30,CLOSED,0,2025-03-30 11:18:38
ACC003447,CUST01749,checking,NGN,2025-05-14,active,0,2025-05-14 12:03:12
ACC003448,CUST01750,CHECKING,CAD,2025-06-11,FROZEN,0,2025-06-11 11:16:35
ACC003449,CUST01750,CREDIT,JPY,2025-03-12,closed,0,2025-03-12 22:02:43
ACC003450,CUST01751,CHECKING,EUR,2024-04-04,CLOSED,0,2024-04-04 01:34:03
ACC003451,CUST01751,credit,usd,2025-03-13,ACTIVE,0,2025-03-13 05:41:13
ACC003452,CUST01751,SAVINGS,CAD,2025-04-14,ACTIVE,0,2025-04-14 14:00:39
ACC003453,CUST01752,credit,JPY,2025-02-19,CLOSED,25000,2025-02-19 11:31:13
ACC003454,CUST01752,SAVINGS,GBP,2024-09-03,FROZEN,0,2024-09-03 22:27:26
ACC003455,CUST01752,savings,USD,2025-02-02,FROZEN,0,2025-02-02 23:09:44
ACC003456,CUST01753,credit,INR,2024-11-22,FROZEN,0,2024-11-22 00:14:41
ACC003457,CUST01754,CREDIT,GBP,2025-04-28,ACTIVE,0,2025-04-28 23:34:22
ACC003458,CUST01754,savings,INR,2025-03-21,active,0,2025-03-21 23:09:44
ACC003459,CUST01755,savings,usd,2025-03-29,closed,0,2025-03-29 05:23:12
ACC003460,CUST01756,credit,NGN,2025-02-20,CLOSED,0,2025-02-20 02:01:22
ACC003461,CUST01757,credit,usd,2025-06-19,closed,0,2025-06-19 03:59:46
ACC003462,CUST01757,CREDIT,JPY,2024-11-14,closed,1000,2024-11-14 06:28:45
ACC003463,CUST01758,checking,JPY,2025-04-11,FROZEN,0,2025-04-11 19:24:17
ACC003464,CUST01758,savings,INR,2024-12-23,active,0,2024-12-23 03:11:24
ACC003465,CUST01759,checking,gbp,2025-02-11,active,0,2025-02-11 01:22:39
ACC003466,CUST01759,CREDIT,JPY,2025-05-31,CLOSED,10000,2025-05-31 10:41:27
ACC003467,CUST01759,CHECKING,CAD,2025-02-05,FROZEN,0,2025-02-05 06:27:07
ACC003468,CUST01760,CREDIT,EUR,2024-11-08,ACTIVE,0,2024-11-08 02:25:33
ACC003469,CUST01761,CHECKING,gbp,2025-01-09,closed,0,2025-01-09 20:44:26
ACC003470,CUST01761,credit,usd,2024-12-28,closed,25000,2024-12-28 02:48:01
ACC003471,CUST01761,savings,INR,2025-06-17,ACTIVE,0,2025-06-17 16:01:58
ACC003472,CUST01762,checking,EUR,2025-03-10,ACTIVE,0,2025-03-10 12:11:07
ACC003473,CUST01762,savings,EUR,2024-07-04,closed,0,2024-07-04 03:49:36
ACC003474,CUST01763,savings,GBP,2024-02-02,closed,0,2024-02-02 12:27:06
ACC003475,CUST01763,checking,JPY,2025-04-17,closed,0,2025-04-17 13:13:48
ACC003476,CUST01763,credit,JPY,2024-03-24,active,5000,2024-03-24 05:01:30
ACC003477,CUST01764,CREDIT,NGN,2024-10-21,FROZEN,0,2024-10-21 14:27:45
ACC003478,CUST01764,checking,GBP,2025-06-30,CLOSED,0,2025-06-30 19:55:40
ACC003479,CUST01765,credit,JPY,2025-04-13,CLOSED,0,2025-04-13 16:35:33
ACC003480,CUST01766,SAVINGS,EUR,2025-02-24,CLOSED,0,2025-02-24 04:33:53
ACC003481,CUST01766,SAVINGS,EUR,2025-02-15,ACTIVE,0,2025-02-15 02:08:49
ACC003482,CUST01767,credit,GBP,2025-05-19,ACTIVE,10000,2025-05-19 23:36:13
ACC003483,CUST01768,SAVINGS,gbp,2025-02-12,closed,0,2025-02-12 04:46:40
ACC003484,CUST01768,CHECKING,gbp,2024-11-19,FROZEN,0,2024-11-19 11:40:51
ACC003485,CUST01768,CREDIT,INR,2025-06-19,ACTIVE,1000,2025-06-19 15:35:42
ACC003486,CUST01769,checking,usd,2025-02-17,closed,0,2025-02-17 13:21:17
ACC003487,CUST01769,CREDIT,GBP,2024-11-09,ACTIVE,1000,2024-11-09 00:49:48
ACC003488,CUST01770,CREDIT,EUR,2024-10-05,FROZEN,5000,2024-10-05 18:06:34
ACC003489,CUST01770,CREDIT,gbp,2024-09-15,active,5000,2024-09-15 04:47:53
ACC003490,CUST01771,checking,usd,2025-05-21,CLOSED,0,2025-05-21 20:00:13
ACC003491,CUST01772,savings,INR,2024-09-01,closed,0,2024-09-01 17:13:59
ACC003492,CUST01772,savings,NGN,2024-06-11,FROZEN,0,2024-06-11 08:01:33
ACC003493,CUST01772,credit,CAD,2024-11-26,closed,0,2024-11-26 06:32:23
ACC003494,CUST01773,CHECKING,usd,2025-06-09,CLOSED,0,2025-06-09 10:14:37
ACC003495,CUST01773,SAVINGS,EUR,2025-03-18,closed,0,2025-03-18 15:01:08
ACC003496,CUST01773,SAVINGS,USD,2024-08-14,active,0,2024-08-14 04:15:16
ACC003497,CUST01774,CHECKING,INR,2024-02-06,ACTIVE,0,2024-02-06 00:36:39
ACC003498,CUST01774,checking,NGN,2025-04-10,FROZEN,0,2025-04-10 07:36:21
ACC003499,CUST01775,CHECKING,GBP,2024-12-12,ACTIVE,0,2024-12-12 15:00:40
ACC003500,CUST01776,CREDIT,JPY,2025-03-14,ACTIVE,0,2025-03-14 07:40:23
ACC003501,CUST01776,checking,NGN,2025-01-05,active,0,2025-01-05 10:01:29
ACC003502,CUST01776,checking,NGN,2025-02-03,closed,0,2025-02-03 07:46:04
ACC003503,CUST01777,SAVINGS,gbp,2025-06-06,closed,0,2025-06-06 11:11:38
ACC003504,CUST01778,credit,USD,2024-03-18,CLOSED,25000,2024-03-18 10:47:44
ACC003505,CUST01778,CREDIT,CAD,2024-06-17,closed,5000,2024-06-17 09:58:02
ACC003506,CUST01779,credit,usd,2025-04-15,ACTIVE,0,2025-04-15 16:08:38
ACC003507,CUST01780,CHECKING,NGN,2025-05-11,closed,0,2025-05-11 19:49:20
ACC003508,CUST01780,CHECKING,NGN,2025-06-09,ACTIVE,0,2025-06-09 02:18:09
ACC003509,CUST01781,savings,NGN,2025-06-18,active,0,2025-06-18 09:40:08
ACC003510,CUST01782,CHECKING,JPY,2025-04-26,active,0,2025-04-26 11:59:26
ACC003511,CUST01783,CREDIT,INR,2024-07-17,ACTIVE,0,2024-07-17 11:55:57
ACC003512,CUST01784,checking,NGN,2025-06-01,active,0,2025-06-01 01:47:10
ACC003513,CUST01784,SAVINGS,gbp,2025-05-15,FROZEN,0,2025-05-15 14:09:36
ACC003514,CUST01784,SAVINGS,NGN,2025-02-16,active,0,2025-02-16 09:32:51
ACC003515,CUST01785,SAVINGS,JPY,2025-02-22,CLOSED,0,2025-02-22 06:53:34
ACC003516,CUST01785,CHECKING,EUR,2024-11-18,ACTIVE,0,2024-11-18 06:42:33
ACC003517,CUST01785,credit,EUR,2025-03-10,FROZEN,10000,2025-03-10 15:47:25
ACC003518,CUST01786,checking,NGN,2024-12-16,closed,0,2024-12-16 10:39:12
ACC003519,CUST01787,CHECKING,EUR,2025-05-16,active,0,2025-05-16 09:52:44
ACC003520,CUST01788,checking,USD,2025-02-23,active,0,2025-02-23 21:46:26
ACC003521,CUST01788,CREDIT,NGN,2024-12-09,ACTIVE,1000,2024-12-09 19:26:54
ACC003522,CUST01789,credit,INR,2025-03-17,ACTIVE,25000,2025-03-17 14:37:00
ACC003523,CUST01790,SAVINGS,GBP,2025-05-25,CLOSED,0,2025-05-25 21:47:14
ACC003524,CUST01791,credit,USD,2024-10-13,FROZEN,0,2024-10-13 15:15:17
ACC003525,CUST01791,checking,NGN,2025-01-07,FROZEN,0,2025-01-07 19:31:59
ACC003526,CUST01792,credit,INR,2024-03-30,FROZEN,5000,2024-03-30 11:38:03
ACC003527,CUST01792,credit,GBP,2024-09-01,CLOSED,0,2024-09-01 05:24:16
ACC003528,CUST01792,CREDIT,EUR,2024-08-27,ACTIVE,5000,2024-08-27 06:01:25
ACC003529,CUST01793,savings,INR,2025-03-23,active,0,2025-03-23 16:44:29
ACC003530,CUST01793,SAVINGS,gbp,2025-02-11,CLOSED,0,2025-02-11 03:56:47
ACC003531,CUST01794,checking,EUR,2024-10-01,active,0,2024-10-01 03:15:38
ACC003532,CUST01794,CHECKING,NGN,2025-01-16,CLOSED,0,2025-01-16 04:12:03
ACC003533,CUST01795,SAVINGS,usd,2025-04-11,active,0,2025-04-11 17:03:35
ACC003534,CUST01795,CREDIT,INR,2025-03-15,active,0,2025-03-15 14:06:53
ACC003535,CUST01796,SAVINGS,EUR,2024-03-30,closed,0,2024-03-30 05:20:44
ACC003536,CUST01797,checking,EUR,2025-04-26,CLOSED,0,2025-04-26 03:19:30
ACC003537,CUST01797,CREDIT,USD,2025-05-30,CLOSED,0,2025-05-30 10:55:06
ACC003538,CUST01797,savings,usd,2025-05-01,CLOSED,0,2025-05-01 23:08:28
ACC003539,CUST01798,savings,EUR,2025-06-10,active,0,2025-06-10 06:52:23
ACC003540,CUST01798,savings,EUR,2025-04-24,closed,0,2025-04-24 22:39:49
ACC003541,CUST01798,credit,GBP,2025-06-14,active,5000,2025-06-14 03:07:38
ACC003542,CUST01799,credit,NGN,2025-03-06,closed,1000,2025-03-06 09:47:48
ACC003543,CUST01799,savings,INR,2025-02-04,CLOSED,0,2025-02-04 19:58:07
ACC003544,CUST01800,SAVINGS,NGN,2024-11-18,ACTIVE,0,2024-11-18 17:40:45
ACC003545,CUST01800,CHECKING,GBP,2025-01-01,FROZEN,0,2025-01-01 22:31:43
ACC003546,CUST01800,checking,USD,2025-03-29,closed,0,2025-03-29 23:08:34
ACC003547,CUST01801,checking,usd,2025-06-04,FROZEN,0,2025-06-04 01:31:33
ACC003548,CUST01801,CREDIT,GBP,2025-03-16,closed,5000,2025-03-16 20:43:46
ACC003549,CUST01802,checking,NGN,2024-06-02,ACTIVE,0,2024-06-02 04:53:46
ACC003550,CUST01803,CHECKING,gbp,2025-02-17,FROZEN,0,2025-02-17 20:35:38
ACC003551,CUST01804,savings,EUR,2025-05-28,closed,0,2025-05-28 06:31:09
ACC003552,CUST01805,CHECKING,gbp,2025-04-10,active,0,2025-04-10 02:28:44
ACC003553,CUST01805,CHECKING,gbp,2025-05-21,closed,0,2025-05-21 05:40:12
ACC003554,CUST01805,checking,gbp,2024-07-21,ACTIVE,0,2024-07-21 11:07:47
ACC003555,CUST01806,CREDIT,INR,2024-10-12,FROZEN,25000,2024-10-12 13:10:13
ACC003556,CUST01807,CREDIT,EUR,2025-05-29,ACTIVE,1000,2025-05-29 15:50:31
ACC003557,CUST01808,CREDIT,CAD,2025-05-12,CLOSED,1000,2025-05-12 00:37:09
ACC003558,CUST01808,checking,EUR,2025-01-09,FROZEN,0,2025-01-09 09:23:02
ACC003559,CUST01808,SAVINGS,EUR,2024-09-20,ACTIVE,0,2024-09-20 09:51:01
ACC003560,CUST01809,checking,CAD,2024-09-12,active,0,2024-09-12 22:26:05
ACC003561,CUST01809,CREDIT,NGN,2024-07-16,CLOSED,1000,2024-07-16 00:45:24
ACC003562,CUST01809,CHECKING,gbp,2025-02-25,closed,0,2025-02-25 08:51:14
ACC003563,CUST01810,checking,JPY,2024-12-04,ACTIVE,0,2024-12-04 14:35:48
ACC003564,CUST01810,SAVINGS,NGN,2025-03-11,closed,0,2025-03-11 01:26:40
ACC003565,CUST01810,CHECKING,usd,2024-08-22,CLOSED,0,2024-08-22 03:36:46
ACC003566,CUST01811,checking,USD,2024-12-23,CLOSED,0,2024-12-23 02:41:08
ACC003567,CUST01811,savings,usd,2025-01-26,closed,0,2025-01-26 06:49:39
ACC003568,CUST01811,CREDIT,INR,2025-02-12,active,0,2025-02-12 11:12:58
ACC003569,CUST01812,SAVINGS,USD,2025-06-29,FROZEN,0,2025-06-29 14:54:49
ACC003570,CUST01812,SAVINGS,INR,2024-08-27,FROZEN,0,2024-08-27 13:21:18
ACC003571,CUST01812,credit,CAD,2024-05-20,active,0,2024-05-20 14:34:50
ACC003572,CUST01813,savings,CAD,2024-09-06,CLOSED,0,2024-09-06 19:36:46
ACC003573,CUST01814,CHECKING,INR,2024-12-05,CLOSED,0,2024-12-05 22:40:39
ACC003574,CUST01815,credit,usd,2024-07-11,CLOSED,0,2024-07-11 14:04:48
ACC003575,CUST01815,CHECKING,GBP,2024-11-07,CLOSED,0,2024-11-07 13:14:14
ACC003576,CUST01816,credit,USD,2025-06-26,active,0,2025-06-26 12:58:08
ACC003577,CUST01817,CREDIT,usd,2024-09-24,closed,10000,2024-09-24 01:22:26
ACC003578,CUST01817,CREDIT,GBP,2024-06-11,active,1000,2024-06-11 00:07:54
ACC003579,CUST01817,CHECKING,GBP,2024-12-30,FROZEN,0,2024-12-30 23:58:20
ACC003580,CUST01818,SAVINGS,gbp,2024-08-08,FROZEN,0,2024-08-08 19:11:03
ACC003581,CUST01818,SAVINGS,JPY,2025-03-02,closed,0,2025-03-02 09:39:06
ACC003582,CUST01818,SAVINGS,INR,2024-03-19,CLOSED,0,2024-03-19 01:35:32
ACC003583,CUST01819,credit,NGN,2025-06-08,active,5000,2025-06-08 09:44:27
ACC003584,CUST01820,CHECKING,USD,2024-11-23,CLOSED,0,2024-11-23 20:00:02
ACC003585,CUST01821,CHECKING,usd,2025-02-03,CLOSED,0,2025-02-03 14:26:59
ACC003586,CUST01821,credit,CAD,2024-06-25,ACTIVE,5000,2024-06-25 11:58:07
ACC003587,CUST01822,checking,EUR,2025-06-29,closed,0,2025-06-29 22:34:57
ACC003588,CUST01822,SAVINGS,usd,2025-05-21,FROZEN,0,2025-05-21 07:59:41
ACC003589,CUST01823,checking,gbp,2025-03-17,ACTIVE,0,2025-03-17 21:27:18
ACC003590,CUST01823,CREDIT,CAD,2024-07-19,closed,25000,2024-07-19 23:48:03
ACC003591,CUST01824,SAVINGS,JPY,2025-01-01,ACTIVE,0,2025-01-01 10:27:44
ACC003592,CUST01825,SAVINGS,INR,2024-11-10,FROZEN,0,2024-11-10 01:31:47
ACC003593,CUST01825,credit,NGN,2025-01-17,FROZEN,25000,2025-01-17 08:13:09
ACC003594,CUST01825,CREDIT,usd,2025-01-08,CLOSED,10000,2025-01-08 15:41:44
ACC003595,CUST01826,savings,USD,2025-05-11,ACTIVE,0,2025-05-11 01:37:24
ACC003596,CUST01827,CREDIT,USD,2024-08-18,FROZEN,0,2024-08-18 09:23:50
ACC003597,CUST01827,SAVINGS,usd,2024-12-15,closed,0,2024-12-15 20:40:22
ACC003598,CUST01828,checking,JPY,2024-05-06,active,0,2024-05-06 06:32:04
ACC003599,CUST01828,CHECKING,JPY,2024-09-07,ACTIVE,0,2024-09-07 10:05:42
ACC003600,CUST01829,CREDIT,NGN,2024-07-23,active,1000,2024-07-23 08:09:22
ACC003601,CUST01829,checking,JPY,2024-03-13,FROZEN,0,2024-03-13 23:53:38
ACC003602,CUST01829,CREDIT,gbp,2025-04-09,ACTIVE,1000,2025-04-09 12:40:27
ACC003603,CUST01830,CREDIT,USD,2025-05-16,active,5000,2025-05-16 11:58:19
ACC003604,CUST01830,SAVINGS,EUR,2025-04-05,closed,0,2025-04-05 06:36:10
ACC003605,CUST01830,CHECKING,NGN,2025-02-22,FROZEN,0,2025-02-22 11:46:21
ACC003606,CUST01831,credit,GBP,2025-03-23,active,5000,2025-03-23 22:06:09
ACC003607,CUST01831,checking,CAD,2025-05-18,CLOSED,0,2025-05-18 06:30:39
ACC003608,CUST01831,checking,USD,2025-01-23,active,0,2025-01-23 15:52:08
ACC003609,CUST01832,SAVINGS,gbp,2025-02-17,ACTIVE,0,2025-02-17 22:00:59
ACC003610,CUST01832,CREDIT,NGN,2025-03-03,CLOSED,0,2025-03-03 09:34:54
ACC003611,CUST01832,CREDIT,JPY,2024-09-05,CLOSED,10000,2024-09-05 12:47:42
ACC003612,CUST01833,CHECKING,usd,2025-02-21,closed,0,2025-02-21 07:37:19
ACC003613,CUST01834,CHECKING,JPY,2025-02-15,FROZEN,0,2025-02-15 21:27:40
ACC003614,CUST01834,checking,usd,2025-05-24,ACTIVE,0,2025-05-24 04:28:05
ACC003615,CUST01834,credit,EUR,2024-09-07,CLOSED,25000,2024-09-07 13:15:56
ACC003616,CUST01835,CHECKING,CAD,2024-08-11,closed,0,2024-08-11 22:29:26
ACC003617,CUST01835,CREDIT,JPY,2024-10-19,ACTIVE,0,2024-10-19 01:29:46
ACC003618,CUST01836,savings,GBP,2024-08-10,active,0,2024-08-10 07:21:26
ACC003619,CUST01836,CHECKING,usd,2025-02-18,closed,0,2025-02-18 14:18:20
ACC003620,CUST01837,CHECKING,gbp,2024-11-16,CLOSED,0,2024-11-16 05:38:40
ACC003621,CUST01837,credit,EUR,2025-06-22,ACTIVE,0,2025-06-22 01:54:54
ACC003622,CUST01837,checking,INR,2024-09-07,ACTIVE,0,2024-09-07 12:47:56
ACC003623,CUST01838,SAVINGS,CAD,2025-04-04,FROZEN,0,2025-04-04 19:30:44
ACC003624,CUST01838,savings,USD,2024-11-15,closed,0,2024-11-15 02:47:46
ACC003625,CUST01839,checking,GBP,2025-06-26,ACTIVE,0,2025-06-26 15:54:52
ACC003626,CUST01839,CHECKING,gbp,2025-03-27,CLOSED,0,2025-03-27 08:27:03
ACC003627,CUST01839,CREDIT,CAD,2024-11-03,active,5000,2024-11-03 12:24:19
ACC003628,CUST01840,savings,INR,2024-11-21,CLOSED,0,2024-11-21 18:00:48
ACC003629,CUST01840,checking,NGN,2025-01-13,active,0,2025-01-13 12:27:28
ACC003630,CUST01840,SAVINGS,NGN,2024-11-12,ACTIVE,0,2024-11-12 09:21:55
ACC003631,CUST01841,CHECKING,EUR,2024-12-19,CLOSED,0,2024-12-19 03:13:39
ACC003632,CUST01841,credit,gbp,2024-10-18,ACTIVE,5000,2024-10-18 14:40:36
ACC003633,CUST01842,savings,JPY,2025-03-02,CLOSED,0,2025-03-02 11:18:41
ACC003634,CUST01843,savings,JPY,2025-01-12,CLOSED,0,2025-01-12 22:01:42
ACC003635,CUST01844,CHECKING,NGN,2025-02-22,active,0,2025-02-22 04:54:47
ACC003636,CUST01845,savings,GBP,2025-04-30,CLOSED,0,2025-04-30 22:32:59
ACC003637,CUST01846,CHECKING,EUR,2025-02-04,closed,0,2025-02-04 03:16:51
ACC003638,CUST01847,credit,NGN,2024-11-23,FROZEN,10000,2024-11-23 01:42:11
ACC003639,CUST01847,CREDIT,usd,2024-10-23,ACTIVE,5000,2024-10-23 02:41:54
ACC003640,CUST01847,CREDIT,usd,2025-01-12,active,0,2025-01-12 00:34:49
ACC003641,CUST01848,credit,USD,2025-05-16,active,0,2025-05-16 19:44:56
ACC003642,CUST01849,CHECKING,gbp,2025-03-17,FROZEN,0,2025-03-17 06:20:12
ACC003643,CUST01849,credit,INR,2025-03-21,FROZEN,0,2025-03-21 16:42:15
ACC003644,CUST01850,credit,CAD,2025-02-08,active,5000,2025-02-08 02:39:43
ACC003645,CUST01850,CREDIT,EUR,2024-05-08,CLOSED,10000,2024-05-08 01:57:16
ACC003646,CUST01850,CHECKING,JPY,2024-03-14,CLOSED,0,2024-03-14 08:35:57
ACC003647,CUST01851,savings,CAD,2025-02-08,CLOSED,0,2025-02-08 20:02:54
ACC003648,CUST01852,SAVINGS,gbp,2024-10-26,closed,0,2024-10-26 20:33:48
ACC003649,CUST01852,CHECKING,CAD,2024-06-05,FROZEN,0,2024-06-05 11:01:28
ACC003650,CUST01853,CREDIT,gbp,2025-05-21,FROZEN,0,2025-05-21 06:05:44
ACC003651,CUST01853,CREDIT,usd,2025-01-12,closed,0,2025-01-12 10:21:17
ACC003652,CUST01853,credit,usd,2024-10-23,closed,5000,2024-10-23 07:50:01
ACC003653,CUST01854,SAVINGS,CAD,2025-02-04,closed,0,2025-02-04 04:26:33
ACC003654,CUST01854,SAVINGS,gbp,2024-11-27,FROZEN,0,2024-11-27 02:01:50
ACC003655,CUST01854,savings,EUR,2025-02-07,active,0,2025-02-07 14:54:17
ACC003656,CUST01855,credit,EUR,2025-06-05,ACTIVE,0,2025-06-05 05:14:57
ACC003657,CUST01855,CREDIT,USD,2025-04-07,FROZEN,1000,2025-04-07 19:03:14
ACC003658,CUST01855,savings,NGN,2025-05-17,ACTIVE,0,2025-05-17 19:29:35
ACC003659,CUST01856,CHECKING,NGN,2024-12-11,active,0,2024-12-11 04:55:08
ACC003660,CUST01857,savings,USD,2025-01-27,CLOSED,0,2025-01-27 09:34:34
ACC003661,CUST01857,SAVINGS,INR,2024-07-05,active,0,2024-07-05 01:43:38
ACC003662,CUST01858,CHECKING,EUR,2025-03-25,active,0,2025-03-25 17:10:23
ACC003663,CUST01858,CHECKING,CAD,2025-03-05,closed,0,2025-03-05 05:10:33
ACC003664,CUST01859,CHECKING,CAD,2024-03-27,active,0,2024-03-27 02:32:38
ACC003665,CUST01859,CHECKING,INR,2024-03-09,active,0,2024-03-09 09:25:33
ACC003666,CUST01860,credit,NGN,2025-06-26,CLOSED,0,2025-06-26 22:38:22
ACC003667,CUST01860,SAVINGS,NGN,2025-02-24,ACTIVE,0,2025-02-24 05:33:22
ACC003668,CUST01860,CREDIT,USD,2025-04-14,FROZEN,1000,2025-04-14 08:29:21
ACC003669,CUST01861,SAVINGS,gbp,2025-01-30,ACTIVE,0,2025-01-30 19:19:54
ACC003670,CUST01862,CREDIT,gbp,2025-03-21,CLOSED,0,2025-03-21 06:18:52
ACC003671,CUST01863,CHECKING,NGN,2025-03-13,FROZEN,0,2025-03-13 12:36:45
ACC003672,CUST01863,credit,GBP,2025-06-12,ACTIVE,0,2025-06-12 03:00:28
ACC003673,CUST01863,SAVINGS,INR,2025-06-02,closed,0,2025-06-02 01:04:24
ACC003674,CUST01864,credit,usd,2025-01-22,closed,1000,2025-01-22 00:31:01
ACC003675,CUST01865,credit,JPY,2024-11-05,CLOSED,5000,2024-11-05 01:12:21
ACC003676,CUST01865,credit,NGN,2025-03-22,closed,0,2025-03-22 19:57:05
ACC003677,CUST01865,savings,CAD,2024-12-27,CLOSED,0,2024-12-27 10:09:23
ACC003678,CUST01866,checking,GBP,2025-06-15,FROZEN,0,2025-06-15 12:33:50
ACC003679,CUST01867,SAVINGS,JPY,2025-04-21,CLOSED,0,2025-04-21 09:31:58
ACC003680,CUST01867,CREDIT,CAD,2025-02-03,CLOSED,0,2025-02-03 13:45:09
ACC003681,CUST01867,checking,GBP,2024-05-10,CLOSED,0,2024-05-10 04:42:27
ACC003682,CUST01868,CREDIT,GBP,2024-08-11,ACTIVE,0,2024-08-11 21:31:42
ACC003683,CUST01868,CREDIT,EUR,2024-08-20,ACTIVE,0,2024-08-20 21:00:41
ACC003684,CUST01869,savings,INR,2024-11-29,active,0,2024-11-29 18:19:52
ACC003685,CUST01869,checking,EUR,2024-10-05,closed,0,2024-10-05 06:42:57
ACC003686,CUST01869,savings,GBP,2025-04-10,active,0,2025-04-10 07:27:05
ACC003687,CUST01870,SAVINGS,gbp,2025-04-07,ACTIVE,0,2025-04-07 11:22:14
ACC003688,CUST01871,checking,CAD,2025-03-17,active,0,2025-03-17 11:39:54
ACC003689,CUST01872,savings,NGN,2025-04-13,closed,0,2025-04-13 07:38:42
ACC003690,CUST01873,SAVINGS,EUR,2024-09-17,CLOSED,0,2024-09-17 02:47:40
ACC003691,CUST01873,checking,EUR,2025-04-27,active,0,2025-04-27 16:46:25
ACC003692,CUST01873,SAVINGS,EUR,2025-06-14,ACTIVE,0,2025-06-14 11:35:04
ACC003693,CUST01874,credit,USD,2025-02-18,closed,0,2025-02-18 06:33:04
ACC003694,CUST01875,credit,usd,2025-02-16,CLOSED,0,2025-02-16 19:25:57
ACC003695,CUST01876,checking,EUR,2024-10-18,closed,0,2024-10-18 17:19:48
ACC003696,CUST01876,SAVINGS,EUR,2024-12-27,active,0,2024-12-27 15:04:42
ACC003697,CUST01876,savings,usd,2025-01-10,closed,0,2025-01-10 15:02:07
ACC003698,CUST01877,checking,USD,2025-06-27,CLOSED,0,2025-06-27 23:52:58
ACC003699,CUST01877,SAVINGS,usd,2025-04-13,FROZEN,0,2025-04-13 16:51:59
ACC003700,CUST01877,credit,EUR,2025-03-20,CLOSED,0,2025-03-20 08:44:09
ACC003701,CUST01878,SAVINGS,NGN,2025-03-26,closed,0,2025-03-26 18:01:12
ACC003702,CUST01879,CREDIT,GBP,2025-05-26,closed,0,2025-05-26 15:34:14
ACC003703,CUST01879,CHECKING,USD,2024-12-26,ACTIVE,0,2024-12-26 21:08:54
ACC003704,CUST01879,SAVINGS,GBP,2025-03-03,active,0,2025-03-03 18:15:57
ACC003705,CUST01880,checking,NGN,2025-01-08,active,0,2025-01-08 02:08:45
ACC003706,CUST01880,savings,INR,2024-12-28,CLOSED,0,2024-12-28 19:39:55
ACC003707,CUST01880,checking,GBP,2025-05-09,ACTIVE,0,2025-05-09 07:28:13
ACC003708,CUST01881,credit,NGN,2025-02-22,CLOSED,0,2025-02-22 04:50:56
ACC003709,CUST01881,credit,USD,2024-09-14,CLOSED,1000,2024-09-14 00:52:31
ACC003710,CUST01882,CREDIT,USD,2025-01-18,active,0,2025-01-18 12:30:20
ACC003711,CUST01883,SAVINGS,CAD,2025-02-25,active,0,2025-02-25 17:01:46
ACC003712,CUST01883,CREDIT,gbp,2025-06-20,active,25000,2025-06-20 03:36:27
ACC003713,CUST01884,CHECKING,USD,2025-01-01,CLOSED,0,2025-01-01 17:13:20
ACC003714,CUST01884,SAVINGS,USD,2025-06-13,active,0,2025-06-13 23:35:32
ACC003715,CUST01884,SAVINGS,USD,2025-03-23,CLOSED,0,2025-03-23 15:36:17
ACC003716,CUST01885,CREDIT,NGN,2025-02-21,CLOSED,0,2025-02-21 22:05:34
ACC003717,CUST01885,checking,CAD,2025-04-04,closed,0,2025-04-04 09:59:25
ACC003718,CUST01886,checking,USD,2024-12-23,ACTIVE,0,2024-12-23 18:11:13
ACC003719,CUST01887,checking,JPY,2025-01-02,FROZEN,0,2025-01-02 10:43:36
ACC003720,CUST01888,savings,gbp,2025-06-18,CLOSED,0,2025-06-18 07:18:51
ACC003721,CUST01888,CHECKING,gbp,2025-05-24,closed,0,2025-05-24 02:06:22
ACC003722,CUST01888,SAVINGS,CAD,2025-02-03,closed,0,2025-02-03 21:57:13
ACC003723,CUST01889,CREDIT,usd,2025-06-20,closed,0,2025-06-20 18:15:23
ACC003724,CUST01889,CREDIT,INR,2025-01-05,closed,10000,2025-01-05 12:04:46
ACC003725,CUST01890,CREDIT,usd,2025-03-02,FROZEN,25000,2025-03-02 21:14:58
ACC003726,CUST01890,savings,USD,2025-05-30,closed,0,2025-05-30 13:03:51
ACC003727,CUST01890,SAVINGS,USD,2025-03-17,FROZEN,0,2025-03-17 07:57:26
ACC003728,CUST01891,checking,EUR,2025-06-28,CLOSED,0,2025-06-28 12:23:33
ACC003729,CUST01891,SAVINGS,GBP,2025-05-15,active,0,2025-05-15 18:19:26
ACC003730,CUST01891,credit,gbp,2025-03-17,CLOSED,0,2025-03-17 14:10:36
ACC003731,CUST01892,CHECKING,EUR,2024-07-29,closed,0,2024-07-29 18:47:34
ACC003732,CUST01893,CREDIT,usd,2025-05-19,ACTIVE,25000,2025-05-19 16:21:33
ACC003733,CUST01893,CREDIT,JPY,2025-03-07,FROZEN,0,2025-03-07 23:47:15
ACC003734,CUST01893,SAVINGS,USD,2025-02-16,ACTIVE,0,2025-02-16 06:27:23
ACC003735,CUST01894,checking,INR,2024-08-01,CLOSED,0,2024-08-01 21:11:04
ACC003736,CUST01894,checking,GBP,2024-10-10,closed,0,2024-10-10 21:02:49
ACC003737,CUST01894,savings,gbp,2025-01-28,active,0,2025-01-28 06:26:02
ACC003738,CUST01895,SAVINGS,NGN,2024-10-02,CLOSED,0,2024-10-02 18:21:53
ACC003739,CUST01895,CREDIT,INR,2025-05-17,ACTIVE,10000,2025-05-17 22:06:03
ACC003740,CUST01895,CREDIT,JPY,2025-06-26,closed,25000,2025-06-26 00:53:36
ACC003741,CUST01896,checking,INR,2024-05-29,closed,0,2024-05-29 00:24:25
ACC003742,CUST01897,credit,USD,2025-04-12,FROZEN,1000,2025-04-12 01:25:35
ACC003743,CUST01897,CREDIT,gbp,2025-05-25,ACTIVE,25000,2025-05-25 06:08:56
ACC003744,CUST01897,CREDIT,NGN,2025-02-09,ACTIVE,0,2025-02-09 15:47:46
ACC003745,CUST01898,credit,gbp,2024-07-04,closed,10000,2024-07-04 06:56:15
ACC003746,CUST01898,SAVINGS,NGN,2025-06-12,FROZEN,0,2025-06-12 23:50:03
ACC003747,CUST01898,credit,JPY,2025-01-28,FROZEN,5000,2025-01-28 03:33:06
ACC003748,CUST01899,credit,JPY,2024-10-05,CLOSED,0,2024-10-05 12:22:11
ACC003749,CUST01899,savings,gbp,2025-06-19,closed,0,2025-06-19 16:29:39
ACC003750,CUST01900,credit,GBP,2025-01-31,ACTIVE,5000,2025-01-31 21:00:18
ACC003751,CUST01900,checking,GBP,2025-05-09,CLOSED,0,2025-05-09 17:35:39
ACC003752,CUST01901,CREDIT,EUR,2024-12-30,CLOSED,0,2024-12-30 20:15:25
ACC003753,CUST01902,savings,EUR,2025-01-07,ACTIVE,0,2025-01-07 09:50:27
ACC003754,CUST01903,SAVINGS,CAD,2025-03-23,FROZEN,0,2025-03-23 05:02:03
ACC003755,CUST01904,credit,NGN,2025-02-04,FROZEN,5000,2025-02-04 05:29:52
ACC003756,CUST01904,savings,JPY,2024-11-03,CLOSED,0,2024-11-03 17:47:10
ACC003757,CUST01904,SAVINGS,CAD,2024-10-28,CLOSED,0,2024-10-28 11:20:43
ACC003758,CUST01905,checking,gbp,2024-06-20,CLOSED,0,2024-06-20 13:49:31
ACC003759,CUST01905,SAVINGS,USD,2025-03-04,ACTIVE,0,2025-03-04 17:33:12
ACC003760,CUST01906,CREDIT,CAD,2025-02-07,closed,1000,2025-02-07 01:38:49
ACC003761,CUST01907,CREDIT,EUR,2025-04-19,FROZEN,25000,2025-04-19 22:25:47
ACC003762,CUST01907,CHECKING,CAD,2025-03-02,ACTIVE,0,2025-03-02 08:45:20
ACC003763,CUST01908,SAVINGS,gbp,2024-12-19,FROZEN,0,2024-12-19 04:27:05
ACC003764,CUST01908,checking,EUR,2024-05-18,FROZEN,0,2024-05-18 17:30:57
ACC003765,CUST01909,CHECKING,JPY,2024-12-17,closed,0,2024-12-17 22:58:37
ACC003766,CUST01909,SAVINGS,USD,2025-05-31,active,0,2025-05-31 20:29:09
ACC003767,CUST01910,CREDIT,JPY,2024-09-02,CLOSED,1000,2024-09-02 13:55:37
ACC003768,CUST01911,checking,CAD,2025-04-20,CLOSED,0,2025-04-20 12:41:47
ACC003769,CUST01912,CHECKING,INR,2025-04-16,ACTIVE,0,2025-04-16 13:51:42
ACC003770,CUST01913,checking,USD,2025-03-18,closed,0,2025-03-18 01:34:19
ACC003771,CUST01914,checking,GBP,2024-12-10,closed,0,2024-12-10 23:48:09
ACC003772,CUST01914,CHECKING,EUR,2025-04-01,ACTIVE,0,2025-04-01 09:33:06
ACC003773,CUST01915,credit,JPY,2025-01-23,closed,0,2025-01-23 11:33:12
ACC003774,CUST01915,checking,USD,2025-06-29,closed,0,2025-06-29 07:02:52
ACC003775,CUST01915,credit,GBP,2024-12-11,FROZEN,0,2024-12-11 21:52:01
ACC003776,CUST01916,CREDIT,NGN,2024-05-08,ACTIVE,25000,2024-05-08 09:51:30
ACC003777,CUST01916,CREDIT,INR,2025-05-03,active,1000,2025-05-03 10:23:35
ACC003778,CUST01916,SAVINGS,EUR,2024-11-26,closed,0,2024-11-26 20:10:01
ACC003779,CUST01917,checking,CAD,2024-04-21,CLOSED,0,2024-04-21 01:31:26
ACC003780,CUST01917,SAVINGS,JPY,2025-05-14,ACTIVE,0,2025-05-14 07:54:24
ACC003781,CUST01918,CHECKING,INR,2024-11-21,active,0,2024-11-21 19:43:16
ACC003782,CUST01918,savings,INR,2024-12-19,FROZEN,0,2024-12-19 21:52:22
ACC003783,CUST01919,CREDIT,INR,2024-02-20,active,0,2024-02-20 23:58:30
ACC003784,CUST01919,SAVINGS,USD,2025-04-30,FROZEN,0,2025-04-30 02:11:14
ACC003785,CUST01919,credit,JPY,2025-05-08,ACTIVE,25000,2025-05-08 23:27:33
ACC003786,CUST01920,savings,USD,2025-03-24,active,0,2025-03-24 11:42:35
ACC003787,CUST01921,SAVINGS,gbp,2025-05-06,active,0,2025-05-06 05:33:02
ACC003788,CUST01921,CHECKING,GBP,2025-06-01,ACTIVE,0,2025-06-01 09:26:06
ACC003789,CUST01921,CREDIT,EUR,2024-10-13,FROZEN,5000,2024-10-13 18:49:46
ACC003790,CUST01922,CREDIT,USD,2025-01-01,CLOSED,25000,2025-01-01 18:24:48
ACC003791,CUST01922,SAVINGS,EUR,2024-10-24,ACTIVE,0,2024-10-24 12:24:32
ACC003792,CUST01922,CHECKING,INR,2024-11-21,CLOSED,0,2024-11-21 14:15:15
ACC003793,CUST01923,CREDIT,INR,2024-12-16,FROZEN,1000,2024-12-16 21:53:07
ACC003794,CUST01923,CHECKING,gbp,2025-02-16,ACTIVE,0,2025-02-16 17:40:44
ACC003795,CUST01924,credit,JPY,2025-02-23,active,0,2025-02-23 04:38:57
ACC003796,CUST01924,CHECKING,JPY,2024-11-28,closed,0,2024-11-28 05:48:17
ACC003797,CUST01924,checking,CAD,2025-06-19,closed,0,2025-06-19 03:19:08
ACC003798,CUST01925,CREDIT,gbp,2025-03-06,ACTIVE,25000,2025-03-06 10:16:43
ACC003799,CUST01925,savings,EUR,2025-01-16,active,0,2025-01-16 13:55:32
ACC003800,CUST01926,checking,EUR,2025-04-08,CLOSED,0,2025-04-08 15:51:37
ACC003801,CUST01926,credit,CAD,2024-06-27,closed,10000,2024-06-27 02:08:01
ACC003802,CUST01926,credit,gbp,2024-11-08,active,5000,2024-11-08 07:30:26
ACC003803,CUST01927,savings,gbp,2024-12-03,closed,0,2024-12-03 05:10:51
ACC003804,CUST01927,CHECKING,INR,2024-06-22,active,0,2024-06-22 22:42:45
ACC003805,CUST01928,savings,NGN,2024-10-29,active,0,2024-10-29 23:11:18
ACC003806,CUST01928,checking,usd,2025-06-15,FROZEN,0,2025-06-15 06:30:43
ACC003807,CUST01928,CREDIT,usd,2024-12-03,CLOSED,25000,2024-12-03 20:02:38
ACC003808,CUST01929,checking,gbp,2025-02-14,active,0,2025-02-14 10:25:18
ACC003809,CUST01929,SAVINGS,CAD,2024-12-30,closed,0,2024-12-30 03:41:45
ACC003810,CUST01929,savings,JPY,2024-12-03,closed,0,2024-12-03 07:51:55
ACC003811,CUST01930,checking,GBP,2025-04-27,active,0,2025-04-27 06:29:27
ACC003812,CUST01931,checking,INR,2025-03-20,ACTIVE,0,2025-03-20 01:00:26
ACC003813,CUST01931,CREDIT,USD,2025-05-18,active,5000,2025-05-18 10:35:47
ACC003814,CUST01932,savings,USD,2024-12-05,ACTIVE,0,2024-12-05 13:06:16
ACC003815,CUST01933,SAVINGS,gbp,2025-04-13,closed,0,2025-04-13 18:12:08
ACC003816,CUST01933,CHECKING,JPY,2025-04-28,FROZEN,0,2025-04-28 23:43:00
ACC003817,CUST01933,savings,CAD,2025-05-12,FROZEN,0,2025-05-12 23:09:27
ACC003818,CUST01934,savings,NGN,2025-05-18,CLOSED,0,2025-05-18 13:10:52
ACC003819,CUST01935,checking,JPY,2025-02-21,ACTIVE,0,2025-02-21 21:31:21
ACC003820,CUST01935,CREDIT,USD,2025-05-22,CLOSED,5000,2025-05-22 12:28:09
ACC003821,CUST01936,savings,JPY,2024-06-22,ACTIVE,0,2024-06-22 05:07:28
ACC003822,CUST01936,CREDIT,CAD,2024-10-10,CLOSED,0,2024-10-10 23:35:39
ACC003823,CUST01936,CHECKING,JPY,2025-04-22,closed,0,2025-04-22 23:56:20
ACC003824,CUST01937,CREDIT,NGN,2025-01-17,active,5000,2025-01-17 12:51:52
ACC003825,CUST01937,CREDIT,JPY,2025-01-31,FROZEN,0,2025-01-31 06:45:09
ACC003826,CUST01938,savings,NGN,2025-04-03,active,0,2025-04-03 11:16:19
ACC003827,CUST01938,CHECKING,EUR,2025-04-13,ACTIVE,0,2025-04-13 21:00:50
ACC003828,CUST01938,savings,usd,2025-03-09,active,0,2025-03-09 00:57:30
ACC003829,CUST01939,savings,usd,2025-04-05,active,0,2025-04-05 13:28:42
ACC003830,CUST01940,credit,USD,2025-06-03,FROZEN,5000,2025-06-03 13:48:52
ACC003831,CUST01941,CREDIT,JPY,2024-10-16,ACTIVE,25000,2024-10-16 06:13:49
ACC003832,CUST01941,CREDIT,JPY,2024-11-11,closed,10000,2024-11-11 01:46:50
ACC003833,CUST01941,savings,usd,2025-05-19,closed,0,2025-05-19 22:33:27
ACC003834,CUST01942,credit,INR,2025-02-13,ACTIVE,25000,2025-02-13 03:44:43
ACC003835,CUST01943,credit,USD,2024-11-23,ACTIVE,25000,2024-11-23 16:38:43
ACC003836,CUST01943,savings,EUR,2024-07-14,active,0,2024-07-14 06:46:25
ACC003837,CUST01944,CREDIT,EUR,2025-03-22,CLOSED,5000,2025-03-22 11:49:57
ACC003838,CUST01944,CREDIT,GBP,2025-06-09,FROZEN,0,2025-06-09 10:28:05
ACC003839,CUST01945,credit,NGN,2025-05-09,FROZEN,25000,2025-05-09 14:24:55
ACC003840,CUST01945,savings,USD,2025-06-15,active,0,2025-06-15 22:02:55
ACC003841,CUST01945,CHECKING,NGN,2025-02-22,CLOSED,0,2025-02-22 19:02:15
ACC003842,CUST01946,CREDIT,NGN,2024-12-27,closed,5000,2024-12-27 11:31:35
ACC003843,CUST01946,checking,CAD,2024-06-27,FROZEN,0,2024-06-27 23:38:37
ACC003844,CUST01947,CHECKING,INR,2025-01-21,CLOSED,0,2025-01-21 11:44:24
ACC003845,CUST01947,credit,EUR,2024-08-11,active,0,2024-08-11 09:42:02
ACC003846,CUST01947,SAVINGS,CAD,2024-04-27,FROZEN,0,2024-04-27 18:55:55
ACC003847,CUST01948,credit,CAD,2024-06-16,CLOSED,25000,2024-06-16 04:08:11
ACC003848,CUST01948,SAVINGS,EUR,2024-06-08,ACTIVE,0,2024-06-08 10:12:58
ACC003849,CUST01948,savings,GBP,2025-06-25,closed,0,2025-06-25 14:56:11
ACC003850,CUST01949,SAVINGS,USD,2025-03-15,FROZEN,0,2025-03-15 19:14:58
ACC003851,CUST01949,CREDIT,GBP,2025-04-18,ACTIVE,5000,2025-04-18 18:41:41
ACC003852,CUST01950,CHECKING,gbp,2024-11-06,CLOSED,0,2024-11-06 22:06:59
ACC003853,CUST01951,credit,EUR,2025-05-02,active,0,2025-05-02 23:29:40
ACC003854,CUST01952,SAVINGS,USD,2025-06-03,active,0,2025-06-03 01:53:39
ACC003855,CUST01952,CREDIT,usd,2025-01-01,FROZEN,1000,2025-01-01 13:49:42
ACC003856,CUST01952,savings,JPY,2025-03-30,closed,0,2025-03-30 19:22:56
ACC003857,CUST01953,CREDIT,INR,2024-11-03,CLOSED,10000,2024-11-03 13:17:15
ACC003858,CUST01954,CREDIT,EUR,2025-04-23,active,0,2025-04-23 16:24:54
ACC003859,CUST01954,SAVINGS,gbp,2025-05-31,FROZEN,0,2025-05-31 01:04:05
ACC003860,CUST01954,CREDIT,gbp,2025-04-19,CLOSED,0,2025-04-19 18:56:34
ACC003861,CUST01955,SAVINGS,USD,2025-06-03,active,0,2025-06-03 02:46:28
ACC003862,CUST01955,credit,NGN,2025-04-05,FROZEN,25000,2025-04-05 09:03:16
ACC003863,CUST01956,savings,GBP,2025-03-05,active,0,2025-03-05 21:25:00
ACC003864,CUST01957,savings,GBP,2025-02-23,CLOSED,0,2025-02-23 00:04:23
ACC003865,CUST01957,credit,usd,2025-05-06,FROZEN,0,2025-05-06 12:33:33
ACC003866,CUST01957,savings,CAD,2025-06-05,CLOSED,0,2025-06-05 03:21:22
ACC003867,CUST01958,CREDIT,EUR,2024-12-19,CLOSED,10000,2024-12-19 04:51:51
ACC003868,CUST01958,CHECKING,JPY,2025-01-16,CLOSED,0,2025-01-16 16:34:38
ACC003869,CUST01958,credit,USD,2025-05-23,active,0,2025-05-23 07:28:47
ACC003870,CUST01959,CHECKING,CAD,2025-06-09,closed,0,2025-06-09 03:27:27
ACC003871,CUST01959,credit,gbp,2025-03-11,active,10000,2025-03-11 12:21:00
ACC003872,CUST01959,checking,GBP,2025-06-07,active,0,2025-06-07 13:08:44
ACC003873,CUST01960,savings,CAD,2024-03-20,ACTIVE,0,2024-03-20 06:29:14
ACC003874,CUST01960,SAVINGS,gbp,2025-03-12,closed,0,2025-03-12 04:33:38
ACC003875,CUST01961,savings,NGN,2025-06-24,ACTIVE,0,2025-06-24 10:40:49
ACC003876,CUST01962,SAVINGS,gbp,2025-02-24,CLOSED,0,2025-02-24 06:06:23
ACC003877,CUST01962,savings,gbp,2025-06-28,CLOSED,0,2025-06-28 09:15:03
ACC003878,CUST01963,SAVINGS,CAD,2024-12-30,closed,0,2024-12-30 12:12:51
ACC003879,CUST01964,credit,gbp,2024-07-08,closed,1000,2024-07-08 22:45:45
ACC003880,CUST01964,savings,usd,2024-08-03,CLOSED,0,2024-08-03 05:58:35
ACC003881,CUST01965,CHECKING,EUR,2025-04-05,active,0,2025-04-05 08:59:47
ACC003882,CUST01966,credit,NGN,2025-05-13,closed,0,2025-05-13 11:17:16
ACC003883,CUST01967,credit,gbp,2025-01-19,ACTIVE,25000,2025-01-19 22:38:12
ACC003884,CUST01967,SAVINGS,gbp,2025-02-19,CLOSED,0,2025-02-19 06:12:53
ACC003885,CUST01967,credit,gbp,2025-03-22,closed,0,2025-03-22 01:42:18
ACC003886,CUST01968,savings,gbp,2025-05-07,ACTIVE,0,2025-05-07 03:36:18
ACC003887,CUST01969,CREDIT,EUR,2024-09-03,closed,25000,2024-09-03 21:20:52
ACC003888,CUST01969,SAVINGS,GBP,2024-12-20,active,0,2024-12-20 07:30:29
ACC003889,CUST01969,CHECKING,EUR,2025-05-11,CLOSED,0,2025-05-11 06:59:00
ACC003890,CUST01970,credit,NGN,2024-10-06,active,0,2024-10-06 04:58:10
ACC003891,CUST01970,CREDIT,NGN,2024-04-09,CLOSED,0,2024-04-09 13:06:59
ACC003892,CUST01970,savings,usd,2024-12-26,closed,0,2024-12-26 09:43:04
ACC003893,CUST01971,savings,NGN,2025-03-30,CLOSED,0,2025-03-30 15:03:27
ACC003894,CUST01971,CHECKING,EUR,2024-12-04,FROZEN,0,2024-12-04 06:38:07
ACC003895,CUST01971,checking,gbp,2025-04-06,active,0,2025-04-06 01:48:11
ACC003896,CUST01972,checking,EUR,2024-08-20,active,0,2024-08-20 09:54:21
ACC003897,CUST01973,CREDIT,USD,2025-06-17,ACTIVE,5000,2025-06-17 04:08:08
ACC003898,CUST01973,credit,NGN,2025-03-30,closed,1000,2025-03-30 12:52:37
ACC003899,CUST01974,savings,CAD,2025-01-30,closed,0,2025-01-30 23:33:42
ACC003900,CUST01975,CHECKING,INR,2024-05-02,CLOSED,0,2024-05-02 12:58:19
ACC003901,CUST01975,SAVINGS,EUR,2024-06-15,FROZEN,0,2024-06-15 01:17:13
ACC003902,CUST01975,savings,usd,2024-11-20,FROZEN,0,2024-11-20 10:28:12
ACC003903,CUST01976,CREDIT,GBP,2024-09-06,active,0,2024-09-06 10:44:33
ACC003904,CUST01976,SAVINGS,usd,2025-06-24,CLOSED,0,2025-06-24 16:53:52
ACC003905,CUST01977,SAVINGS,NGN,2025-01-17,FROZEN,0,2025-01-17 03:46:34
ACC003906,CUST01977,savings,USD,2024-07-02,ACTIVE,0,2024-07-02 19:53:10
ACC003907,CUST01978,checking,INR,2025-04-17,active,0,2025-04-17 00:37:25
ACC003908,CUST01978,checking,usd,2025-04-15,closed,0,2025-04-15 10:13:19
ACC003909,CUST01978,credit,NGN,2025-04-06,closed,10000,2025-04-06 12:43:26
ACC003910,CUST01979,SAVINGS,EUR,2025-02-01,active,0,2025-02-01 02:09:04
ACC003911,CUST01979,credit,NGN,2025-05-29,FROZEN,1000,2025-05-29 11:05:33
ACC003912,CUST01979,SAVINGS,USD,2024-07-27,ACTIVE,0,2024-07-27 23:42:33
ACC003913,CUST01980,CREDIT,USD,2025-06-27,active,0,2025-06-27 16:02:16
ACC003914,CUST01981,SAVINGS,CAD,2025-04-21,ACTIVE,0,2025-04-21 07:16:55
ACC003915,CUST01981,credit,gbp,2025-03-23,FROZEN,0,2025-03-23 23:06:46
ACC003916,CUST01981,credit,JPY,2025-06-08,CLOSED,0,2025-06-08 08:58:35
ACC003917,CUST01982,checking,JPY,2024-09-15,closed,0,2024-09-15 06:29:58
ACC003918,CUST01982,CREDIT,gbp,2024-11-22,CLOSED,0,2024-11-22 15:09:42
ACC003919,CUST01983,CHECKING,gbp,2024-09-22,FROZEN,0,2024-09-22 07:21:36
ACC003920,CUST01984,credit,usd,2025-03-15,FROZEN,10000,2025-03-15 18:56:26
ACC003921,CUST01984,SAVINGS,GBP,2025-04-25,active,0,2025-04-25 06:26:45
ACC003922,CUST01985,CHECKING,gbp,2024-04-05,closed,0,2024-04-05 01:49:26
ACC003923,CUST01985,CREDIT,INR,2025-01-13,closed,5000,2025-01-13 17:31:23
ACC003924,CUST01986,CHECKING,EUR,2024-06-21,ACTIVE,0,2024-06-21 22:50:29
ACC003925,CUST01986,CHECKING,CAD,2024-08-19,FROZEN,0,2024-08-19 20:55:04
ACC003926,CUST01987,savings,NGN,2025-01-09,CLOSED,0,2025-01-09 09:20:09
ACC003927,CUST01988,checking,USD,2025-05-05,closed,0,2025-05-05 13:16:07
ACC003928,CUST01989,CHECKING,USD,2025-03-31,ACTIVE,0,2025-03-31 23:25:50
ACC003929,CUST01989,credit,INR,2025-06-25,active,5000,2025-06-25 19:39:22
ACC003930,CUST01990,checking,usd,2024-12-31,FROZEN,0,2024-12-31 04:14:08
ACC003931,CUST01991,SAVINGS,GBP,2024-11-14,CLOSED,0,2024-11-14 05:07:31
ACC003932,CUST01992,savings,EUR,2025-02-21,ACTIVE,0,2025-02-21 10:31:32
ACC003933,CUST01992,savings,JPY,2024-01-14,ACTIVE,0,2024-01-14 11:33:32
ACC003934,CUST01993,CHECKING,USD,2025-01-08,closed,0,2025-01-08 06:27:43
ACC003935,CUST01993,savings,JPY,2025-06-24,FROZEN,0,2025-06-24 11:34:45
ACC003936,CUST01993,SAVINGS,EUR,2024-12-13,FROZEN,0,2024-12-13 17:51:10
ACC003937,CUST01994,savings,JPY,2024-11-02,ACTIVE,0,2024-11-02 12:52:06
ACC003938,CUST01994,savings,GBP,2024-12-07,active,0,2024-12-07 10:52:46
ACC003939,CUST01995,SAVINGS,gbp,2025-02-17,active,0,2025-02-17 00:01:10
ACC003940,CUST01995,credit,USD,2025-06-20,CLOSED,0,2025-06-20 05:35:40
ACC003941,CUST01995,CHECKING,EUR,2025-02-09,active,0,2025-02-09 10:54:40
ACC003942,CUST01996,CREDIT,CAD,2024-11-17,FROZEN,1000,2024-11-17 20:30:23
ACC003943,CUST01997,credit,EUR,2024-09-16,active,0,2024-09-16 07:51:07
ACC003944,CUST01997,credit,usd,2024-12-29,FROZEN,0,2024-12-29 23:12:45
ACC003945,CUST01997,CHECKING,NGN,2024-11-07,CLOSED,0,2024-11-07 13:48:55
ACC003946,CUST01998,CHECKING,CAD,2024-11-20,ACTIVE,0,2024-11-20 05:46:20
ACC003947,CUST01998,SAVINGS,EUR,2025-02-13,ACTIVE,0,2025-02-13 10:58:27
ACC003948,CUST01999,savings,GBP,2025-01-25,active,0,2025-01-25 02:00:28
ACC003949,CUST02000,checking,EUR,2025-05-29,active,0,2025-05-29 08:34:48
ACC003950,CUST02000,SAVINGS,USD,2024-08-05,ACTIVE,0,2024-08-05 02:58:09
ACC003951,CUST02000,checking,EUR,2024-12-25,active,0,2024-12-25 04:12:43
