customer_id,first_name,last_name,email,country,kyc_status,signup_date,last_updated_at
CUST00001,Ava,Brown,  ava.brown1@example.com ,France,verified,2024-01-20,2024-01-20 10:14:03
CUST00002,Linda,Jones,  linda.jones2@example.com , United States ,REJECTED,2024-03-20,2024-03-20 14:38:54
CUST00003,Fatima,Johnson,  fatima.johnson3@example.com , United States ,verified,2024-01-24,2024-01-24 03:27:37
CUST00004,Linda,Lopez,  linda.lopez4@example.com ,Germany,,2024-01-21,2024-01-21 14:39:58
CUST00005,Ava,Hassan,  ava.hassan5@example.com , germany,pending,2024-11-21,2024-11-21 20:24:58
CUST00006,Noah,Rodriguez,  noah.rodriguez6@example.com ,United Kingdom,,2024-01-06,2024-01-06 01:08:44
CUST00007,Fatima,Chen,  fatima.chen7@example.com ,uk,verified,2024-08-03,2024-08-03 19:53:50
CUST00008,Aisha,Brown,  aisha.brown8@example.com ,India,VERIFIED,2024-03-13,2024-03-13 00:54:28
CUST00009,Wei,Okafor,  wei.okafor9@example.com ,usa,,2024-07-24,2024-07-24 11:01:34
CUST00010,Yuki,Hassan,  yuki.hassan10@example.com ,India,VERIFIED,2024-04-06,2024-04-06 22:55:41
CUST00011,Liam,Martinez,  liam.martinez11@example.com ,Germany,,2024-10-07,2024-10-07 21:21:55
CUST00012,John,Johnson,  john.johnson12@example.com ,Canada,VERIFIED,2024-06-26,2024-06-26 00:19:54
CUST00013,Linda,Brown,  linda.brown13@example.com ,France,pending,2024-10-22,2024-10-22 06:03:59
CUST00014,Ava,Okafor,  ava.okafor14@example.com ,Nigeria,PENDING,2024-05-06,2024-05-06 08:05:31
CUST00015,Michael,Rodriguez,  michael.rodriguez15@example.com ,United Kingdom,REJECTED,2024-02-25,2024-02-25 11:02:21
CUST00016,Linda,Garcia,  linda.garcia16@example.com ,India,PENDING,2024-12-25,2024-12-25 01:09:17
CUST00017,Ava,Hassan,  ava.hassan17@example.com ,canada,VERIFIED,2024-06-19,2024-06-19 13:55:24
CUST00018,Linda,Johnson,  linda.johnson18@example.com ,India,PENDING,2024-09-02,2024-09-02 00:28:15
CUST00019,John,Miller,  john.miller19@example.com ,Germany,,2024-09-01,2024-09-01 10:01:15
CUST00020,Omar,Khan,  omar.khan20@example.com ,uk,PENDING,2024-12-22,2024-12-22 09:37:06
CUST00021,Robert,Davis,  robert.davis21@example.com ,France,,2025-02-22,2025-02-22 15:15:53
CUST00022,Noah,Nguyen,  noah.nguyen22@example.com ,Nigeria,verified,2024-11-06,2024-11-06 05:21:54
CUST00023,Robert,Lopez,  robert.lopez23@example.com , United States ,VERIFIED,2025-01-18,2025-01-18 07:48:07
CUST00024,Patricia,Jones,  patricia.jones24@example.com ,india,REJECTED,2024-05-04,2024-05-04 06:16:50
CUST00025,John,Khan,  john.khan25@example.com ,Brazil,REJECTED,2024-10-23,2024-10-23 09:53:56
CUST00026,David,Hassan,  david.hassan26@example.com ,UK,,2024-01-09,2024-01-09 22:01:18
CUST00027,Liam,Rodriguez,  liam.rodriguez27@example.com ,UK,PENDING,2024-09-21,2024-09-21 05:19:49
CUST00028,Fatima,Garcia,  fatima.garcia28@example.com ,USA,,2024-12-18,2024-12-18 10:01:22
CUST00029,David,Lopez,  david.lopez29@example.com ,Australia,VERIFIED,2024-05-18,2024-05-18 18:18:44
CUST00030,Ava,Martinez,  ava.martinez30@example.com ,Germany,verified,2025-01-29,2025-01-29 07:31:19
CUST00031,Wei,Garcia,  wei.garcia31@example.com ,Australia,VERIFIED,2025-02-22,2025-02-22 22:45:13
CUST00032,Emma,Chen,  emma.chen32@example.com ,USA,VERIFIED,2025-01-14,2025-01-14 12:16:14
CUST00033,Wei,Martinez,  wei.martinez33@example.com ,usa,verified,2024-07-04,2024-07-04 23:42:52
CUST00034,Noah,Williams,  noah.williams34@example.com ,Japan,VERIFIED,2024-03-07,2024-03-07 12:41:45
CUST00035,Liam,Jones,  liam.jones35@example.com ,Japan,REJECTED,2024-04-09,2024-04-09 17:23:25
CUST00036,Jennifer,Rodriguez,  jennifer.rodriguez36@example.com ,india,verified,2025-02-13,2025-02-13 20:33:08
CUST00037,Liam,Miller,  liam.miller37@example.com ,India,,2024-08-30,2024-08-30 02:48:46
CUST00038,Ava,Okafor,  ava.okafor38@example.com ,Australia,pending,2024-12-06,2024-12-06 06:46:38
CUST00039,Patricia,Davis,  patricia.davis39@example.com , United States ,PENDING,2024-06-23,2024-06-23 12:39:43
CUST00040,James,Ivanov,  james.ivanov40@example.com , germany,VERIFIED,2024-06-27,2024-06-27 17:38:58
CUST00041,John,Johnson,  john.johnson41@example.com , United States ,VERIFIED,2024-06-26,2024-06-26 19:47:03
CUST00042,Aisha,Williams,  aisha.williams42@example.com , germany,PENDING,2025-02-03,2025-02-03 08:33:53
CUST00043,Kwame,Kim,  kwame.kim43@example.com ,uk,,2024-06-15,2024-06-15 09:39:48
CUST00044,Noah,Ivanov,  noah.ivanov44@example.com , germany,pending,2025-01-02,2025-01-02 03:13:35
CUST00045,Fatima,Miller,  fatima.miller45@example.com ,UK,,2024-03-14,2024-03-14 06:21:37
CUST00046,Fatima,Okafor,  fatima.okafor46@example.com ,india,pending,2024-11-25,2024-11-25 00:04:40
CUST00047,Mary,Brown,  mary.brown47@example.com ,India,,2024-02-17,2024-02-17 01:54:07
CUST00048,Aisha,Brown,  aisha.brown48@example.com ,Germany,verified,2024-07-12,2024-07-12 03:17:24
CUST00049,Liam,Singh,  liam.singh49@example.com ,india,verified,2024-04-18,2024-04-18 21:11:14
CUST00050,David,Singh,  david.singh50@example.com , United States ,pending,2024-07-13,2024-07-13 00:43:46
CUST00051,Liam,Brown,  liam.brown51@example.com ,USA,VERIFIED,2024-02-09,2024-02-09 07:02:05
CUST00052,Linda,Garcia,  linda.garcia52@example.com ,Japan,pending,2024-11-11,2024-11-11 16:06:25
CUST00053,Michael,Khan,  michael.khan53@example.com ,United Kingdom,pending,2024-02-15,2024-02-15 13:02:35
CUST00054,James,Khan,  james.khan54@example.com ,Brazil,PENDING,2024-07-24,2024-07-24 23:44:35
CUST00055,Fatima,Hassan,  fatima.hassan55@example.com ,uk,verified,2025-01-13,2025-01-13 00:12:45
CUST00056,Elizabeth,Miller,  elizabeth.miller56@example.com ,usa,,2024-02-15,2024-02-15 10:12:27
CUST00057,Aisha,Johnson,  aisha.johnson57@example.com ,Japan,REJECTED,2024-02-08,2024-02-08 22:43:15
CUST00058,Sofia,Garcia,  sofia.garcia58@example.com ,Australia,VERIFIED,2024-02-14,2024-02-14 04:18:43
CUST00059,Jennifer,Williams,  jennifer.williams59@example.com , germany,pending,2024-02-22,2024-02-22 18:52:56
CUST00060,Patricia,Ivanov,  patricia.ivanov60@example.com ,usa,REJECTED,2024-07-10,2024-07-10 05:47:12
CUST00061,John,Nguyen,  john.nguyen61@example.com ,canada,PENDING,2025-02-10,2025-02-10 01:22:34
CUST00062,Michael,Chen,  michael.chen62@example.com ,France,pending,2024-07-04,2024-07-04 09:25:43
CUST00063,Robert,Martinez,  robert.martinez63@example.com ,canada,VERIFIED,2024-12-21,2024-12-21 03:17:01
CUST00064,James,Singh,  james.singh64@example.com , United States ,REJECTED,2024-03-18,2024-03-18 15:47:08
CUST00065,Michael,Lopez,  michael.lopez65@example.com ,uk,PENDING,2024-07-24,2024-07-24 23:41:38
CUST00066,John,Davis,  john.davis66@example.com ,Canada,verified,2024-10-14,2024-10-14 00:29:03
CUST00067,Yuki,Hassan,  yuki.hassan67@example.com ,Australia,VERIFIED,2024-08-22,2024-08-22 23:19:41
CUST00068,Kwame,Hassan,  kwame.hassan68@example.com ,UK,verified,2024-08-20,2024-08-20 12:49:27
CUST00069,David,Brown,  david.brown69@example.com ,uk,PENDING,2024-03-24,2024-03-24 03:17:42
CUST00070,Elizabeth,Mensah,  elizabeth.mensah70@example.com ,canada,verified,2024-06-12,2024-06-12 14:25:16
CUST00071,Kwame,Rodriguez,  kwame.rodriguez71@example.com ,Japan,PENDING,2025-01-27,2025-01-27 13:30:27
CUST00072,Mary,Williams,  mary.williams72@example.com ,France,VERIFIED,2024-11-25,2024-11-25 00:01:28
CUST00073,James,Chen,  james.chen73@example.com ,France,verified,2024-04-11,2024-04-11 14:39:18
CUST00074,Yuki,Hassan,  yuki.hassan74@example.com ,USA,VERIFIED,2024-11-28,2024-11-28 04:39:43
CUST00075,John,Jones,  john.jones75@example.com ,usa,PENDING,2025-02-27,2025-02-27 18:32:24
CUST00076,Noah,Hassan,  noah.hassan76@example.com ,india,verified,2024-04-25,2024-04-25 00:40:05
CUST00077,Mary,Martinez,  mary.martinez77@example.com ,usa,PENDING,2024-10-10,2024-10-10 05:35:48
CUST00078,Michael,Davis,  michael.davis78@example.com ,Nigeria,REJECTED,2024-03-20,2024-03-20 20:12:43
CUST00079,Fatima,Mensah,  fatima.mensah79@example.com , germany,verified,2024-04-30,2024-04-30 01:04:58
CUST00080,Jennifer,Nguyen,  jennifer.nguyen80@example.com ,United Kingdom,,2024-01-20,2024-01-20 06:03:04
CUST00081,Aisha,Nguyen,  aisha.nguyen81@example.com ,France,verified,2024-07-11,2024-07-11 18:10:21
CUST00082,Patricia,Khan,  patricia.khan82@example.com ,Japan,verified,2024-01-31,2024-01-31 01:52:44
CUST00083,Michael,Singh,  michael.singh83@example.com ,Canada,verified,2024-09-28,2024-09-28 14:06:19
CUST00084,Linda,Smith,  linda.smith84@example.com ,India,PENDING,2024-05-30,2024-05-30 00:12:00
CUST00085,David,Williams,  david.williams85@example.com ,Nigeria,,2024-08-04,2024-08-04 19:16:01
CUST00086,Sofia,Khan,  sofia.khan86@example.com ,canada,VERIFIED,2025-02-20,2025-02-20 11:47:08
CUST00087,Patricia,Rodriguez,  patricia.rodriguez87@example.com ,France,VERIFIED,2024-05-18,2024-05-18 16:44:43
CUST00088,Patricia,Mensah,  patricia.mensah88@example.com ,Nigeria,,2024-12-03,2024-12-03 12:51:20
CUST00089,Aisha,Nguyen,  aisha.nguyen89@example.com ,UK,pending,2025-02-01,2025-02-01 05:37:00
CUST00090,Noah,Miller,  noah.miller90@example.com ,usa,,2024-07-16,2024-07-16 20:22:18
CUST00091,Fatima,Smith,  fatima.smith91@example.com ,Germany,PENDING,2025-02-07,2025-02-07 20:01:03
CUST00092,Fatima,Williams,  fatima.williams92@example.com ,canada,,2024-09-13,2024-09-13 11:22:29
CUST00093,Patricia,Martinez,  patricia.martinez93@example.com ,Canada,,2025-01-28,2025-01-28 21:26:55
CUST00094,Fatima,Chen,  fatima.chen94@example.com ,Canada,REJECTED,2024-11-08,2024-11-08 13:17:12
CUST00095,Robert,Miller,  robert.miller95@example.com ,India,,2024-11-22,2024-11-22 13:41:15
CUST00096,Jennifer,Mensah,  jennifer.mensah96@example.com ,India,REJECTED,2024-08-21,2024-08-21 18:06:44
CUST00097,James,Martinez,  james.martinez97@example.com ,Germany,pending,2024-08-10,2024-08-10 20:27:33
CUST00098,Noah,Mensah,  noah.mensah98@example.com ,Brazil,pending,2024-09-07,2024-09-07 07:09:39
CUST00099,Yuki,Miller,  yuki.miller99@example.com ,Japan,,2025-02-01,2025-02-01 00:58:26
CUST00100,Jennifer,Williams,  jennifer.williams100@example.com ,Australia,,2024-08-08,2024-08-08 10:09:43
CUST00101,Ava,Mensah,  ava.mensah101@example.com , United States ,verified,2024-09-17,2024-09-17 08:21:43
CUST00102,Kwame,Martinez,  kwame.martinez102@example.com ,Germany,verified,2024-06-23,2024-06-23 11:36:19
CUST00103,James,Johnson,  james.johnson103@example.com ,Japan,REJECTED,2024-07-09,2024-07-09 04:11:44
CUST00104,John,Singh,  john.singh104@example.com ,Germany,,2024-11-17,2024-11-17 21:44:25
CUST00105,Carlos,Kim,  carlos.kim105@example.com , germany,verified,2024-11-06,2024-11-06 10:04:09
CUST00106,Ava,Smith,  ava.smith106@example.com ,india,verified,2024-03-23,2024-03-23 18:55:52
CUST00107,Jennifer,Lopez,  jennifer.lopez107@example.com ,usa,REJECTED,2024-12-26,2024-12-26 19:50:15
CUST00108,Linda,Brown,  linda.brown108@example.com ,uk,pending,2024-12-20,2024-12-20 13:03:54
CUST00109,Kwame,Lopez,  kwame.lopez109@example.com ,Brazil,REJECTED,2024-09-03,2024-09-03 10:51:45
CUST00110,Sofia,Nguyen,  sofia.nguyen110@example.com ,Brazil,verified,2025-03-01,2025-03-01 13:04:24
CUST00111,Omar,Singh,  omar.singh111@example.com , germany,,2024-07-20,2024-07-20 07:40:50
CUST00112,David,Lopez,  david.lopez112@example.com , germany,PENDING,2025-01-11,2025-01-11 09:32:35
CUST00113,Yuki,Williams,  yuki.williams113@example.com , germany,PENDING,2024-08-09,2024-08-09 22:21:31
CUST00114,Aisha,Chen,  aisha.chen114@example.com , United States ,verified,2025-02-23,2025-02-23 13:10:02
CUST00115,Robert,Davis,  robert.davis115@example.com ,uk,,2024-10-24,2024-10-24 12:17:43
CUST00116,Michael,Williams,  michael.williams116@example.com ,india,PENDING,2024-11-18,2024-11-18 05:41:53
CUST00117,Liam,Singh,  liam.singh117@example.com ,usa,verified,2024-11-18,2024-11-18 22:35:36
CUST00118,Fatima,Khan,  fatima.khan118@example.com ,India,pending,2024-01-16,2024-01-16 04:06:07
CUST00119,James,Okafor,  james.okafor119@example.com ,India,pending,2024-08-19,2024-08-19 22:32:35
CUST00120,Liam,Hassan,  liam.hassan120@example.com ,Japan,verified,2024-06-20,2024-06-20 07:08:21
CUST00121,David,Nguyen,  david.nguyen121@example.com ,USA,pending,2025-01-12,2025-01-12 05:01:22
CUST00122,Aisha,Khan,  aisha.khan122@example.com ,Brazil,verified,2024-05-08,2024-05-08 04:39:24
CUST00123,Emma,Hassan,  emma.hassan123@example.com ,India,REJECTED,2024-01-21,2024-01-21 22:41:27
CUST00124,Noah,Smith,  noah.smith124@example.com ,india,verified,2024-03-06,2024-03-06 04:53:38
CUST00125,Yuki,Garcia,  yuki.garcia125@example.com ,France,pending,2024-02-09,2024-02-09 01:22:24
CUST00126,Aisha,Miller,  aisha.miller126@example.com ,canada,PENDING,2024-12-19,2024-12-19 04:12:35
CUST00127,Carlos,Rodriguez,  carlos.rodriguez127@example.com ,France,VERIFIED,2024-11-23,2024-11-23 10:32:16
CUST00128,Omar,Smith,  omar.smith128@example.com ,usa,PENDING,2025-02-22,2025-02-22 23:29:59
CUST00129,Linda,Williams,  linda.williams129@example.com ,USA,verified,2024-02-01,2024-02-01 06:27:57
CUST00130,Michael,Smith,  michael.smith130@example.com , germany,verified,2024-04-28,2024-04-28 08:36:46
CUST00131,Omar,Brown,  omar.brown131@example.com ,Brazil,,2024-06-18,2024-06-18 07:09:12
CUST00132,David,Okafor,  david.okafor132@example.com ,UK,verified,2024-05-10,2024-05-10 07:48:58
CUST00133,Elizabeth,Brown,  elizabeth.brown133@example.com ,Canada,REJECTED,2024-01-20,2024-01-20 22:40:49
CUST00134,Kwame,Khan,  kwame.khan134@example.com ,Germany,VERIFIED,2024-11-04,2024-11-04 02:10:28
CUST00135,Noah,Davis,  noah.davis135@example.com ,Canada,,2024-03-20,2024-03-20 03:34:40
CUST00136,Emma,Brown,  emma.brown136@example.com ,Nigeria,REJECTED,2024-02-01,2024-02-01 21:35:02
CUST00137,Fatima,Okafor,  fatima.okafor137@example.com ,Australia,,2024-02-23,2024-02-23 13:26:48
CUST00138,Aisha,Smith,  aisha.smith138@example.com ,Japan,VERIFIED,2024-11-22,2024-11-22 06:27:44
CUST00139,Fatima,Okafor,  fatima.okafor139@example.com ,uk,pending,2024-12-23,2024-12-23 02:09:45
CUST00140,Jennifer,Lopez,  jennifer.lopez140@example.com ,Japan,pending,2024-07-28,2024-07-28 18:42:02
CUST00141,Fatima,Ivanov,  fatima.ivanov141@example.com ,canada,verified,2024-07-27,2024-07-27 11:15:19
CUST00142,John,Rodriguez,  john.rodriguez142@example.com , germany,pending,2024-12-16,2024-12-16 03:33:30
CUST00143,Noah,Mensah,  noah.mensah143@example.com ,canada,VERIFIED,2024-10-21,2024-10-21 08:52:21
CUST00144,Omar,Chen,  omar.chen144@example.com ,Japan,verified,2024-05-21,2024-05-21 05:44:26
CUST00145,Wei,Rodriguez,  wei.rodriguez145@example.com ,France,REJECTED,2024-09-21,2024-09-21 08:22:33
CUST00146,David,Hassan,  david.hassan146@example.com ,Australia,verified,2024-01-08,2024-01-08 21:13:49
CUST00147,John,Davis,  john.davis147@example.com ,Japan,REJECTED,2024-11-11,2024-11-11 16:22:09
CUST00148,Linda,Kim,  linda.kim148@example.com ,Brazil,VERIFIED,2025-01-16,2025-01-16 05:34:22
CUST00149,John,Martinez,  john.martinez149@example.com ,India,,2024-06-21,2024-06-21 02:51:22
CUST00150,Linda,Martinez,  linda.martinez150@example.com ,Japan,REJECTED,2024-10-13,2024-10-13 15:02:23
CUST00151,Sofia,Okafor,  sofia.okafor151@example.com ,canada,PENDING,2024-11-26,2024-11-26 11:57:57
CUST00152,Yuki,Rodriguez,  yuki.rodriguez152@example.com ,France,verified,2024-08-26,2024-08-26 03:52:00
CUST00153,Patricia,Miller,  patricia.miller153@example.com ,UK,,2024-09-02,2024-09-02 02:14:24
CUST00154,Liam,Garcia,  liam.garcia154@example.com ,Germany,,2024-05-28,2024-05-28 18:34:57
CUST00155,Omar,Rodriguez,  omar.rodriguez155@example.com ,Canada,VERIFIED,2025-02-11,2025-02-11 11:56:24
CUST00156,Michael,Martinez,  michael.martinez156@example.com ,Nigeria,verified,2024-06-25,2024-06-25 16:35:36
CUST00157,Elizabeth,Smith,  elizabeth.smith157@example.com ,uk,PENDING,2025-02-18,2025-02-18 20:59:59
CUST00158,Mary,Johnson,  mary.johnson158@example.com ,uk,,2024-08-14,2024-08-14 21:49:18
CUST00159,Omar,Brown,  omar.brown159@example.com ,Canada,pending,2024-01-10,2024-01-10 12:38:37
CUST00160,Omar,Singh,  omar.singh160@example.com ,United Kingdom,VERIFIED,2024-09-21,2024-09-21 15:13:08
CUST00161,David,Kim,  david.kim161@example.com , United States ,pending,2024-03-29,2024-03-29 14:44:18
CUST00162,Omar,Williams,  omar.williams162@example.com ,uk,verified,2024-02-11,2024-02-11 15:20:44
CUST00163,Noah,Martinez,  noah.martinez163@example.com , germany,VERIFIED,2024-03-07,2024-03-07 03:53:13
CUST00164,Liam,Nguyen,  liam.nguyen164@example.com ,Australia,pending,2024-06-24,2024-06-24 07:06:47
CUST00165,Yuki,Singh,  yuki.singh165@example.com ,india,PENDING,2024-08-18,2024-08-18 23:03:50
CUST00166,Noah,Mensah,  noah.mensah166@example.com ,UK,verified,2024-02-16,2024-02-16 18:46:27
CUST00167,Ava,Miller,  ava.miller167@example.com , United States ,verified,2024-07-24,2024-07-24 13:21:40
CUST00168,Linda,Garcia,  linda.garcia168@example.com ,United Kingdom,VERIFIED,2024-02-28,2024-02-28 07:18:38
CUST00169,Fatima,Singh,  fatima.singh169@example.com ,Canada,VERIFIED,2024-12-30,2024-12-30 23:48:12
CUST00170,Linda,Martinez,  linda.martinez170@example.com ,Brazil,VERIFIED,2024-08-07,2024-08-07 14:15:08
CUST00171,Kwame,Davis,  kwame.davis171@example.com ,Germany,pending,2024-07-24,2024-07-24 11:39:20
CUST00172,Patricia,Hassan,  patricia.hassan172@example.com ,uk,PENDING,2024-06-23,2024-06-23 14:45:06
CUST00173,Robert,Williams,  robert.williams173@example.com ,United Kingdom,PENDING,2024-02-16,2024-02-16 07:44:01
CUST00174,Emma,Ivanov,  emma.ivanov174@example.com ,Brazil,VERIFIED,2024-08-12,2024-08-12 04:05:28
CUST00175,Yuki,Martinez,  yuki.martinez175@example.com ,France,REJECTED,2024-11-08,2024-11-08 15:18:09
CUST00176,Liam,Kim,  liam.kim176@example.com , United States ,REJECTED,2024-12-06,2024-12-06 00:25:00
CUST00177,Mary,Nguyen,  mary.nguyen177@example.com ,France,VERIFIED,2024-09-07,2024-09-07 08:30:35
CUST00178,John,Davis,  john.davis178@example.com ,France,REJECTED,2024-01-17,2024-01-17 02:43:23
CUST00179,Mary,Garcia,  mary.garcia179@example.com ,Australia,,2024-12-31,2024-12-31 10:46:15
CUST00180,Yuki,Rodriguez,  yuki.rodriguez180@example.com ,india,,2024-05-20,2024-05-20 23:12:10
CUST00181,Omar,Williams,  omar.williams181@example.com ,Nigeria,pending,2024-12-31,2024-12-31 01:37:43
CUST00182,Aisha,Chen,  aisha.chen182@example.com ,United Kingdom,PENDING,2024-03-22,2024-03-22 05:52:59
CUST00183,Fatima,Kim,  fatima.kim183@example.com ,India,REJECTED,2024-08-11,2024-08-11 20:46:08
CUST00184,Mary,Singh,  mary.singh184@example.com ,canada,PENDING,2024-03-09,2024-03-09 09:33:12
CUST00185,Aisha,Brown,  aisha.brown185@example.com ,Australia,VERIFIED,2024-11-09,2024-11-09 22:22:08
CUST00186,Kwame,Hassan,  kwame.hassan186@example.com ,india,VERIFIED,2024-12-24,2024-12-24 19:51:47
CUST00187,Michael,Lopez,  michael.lopez187@example.com ,Japan,,2024-10-08,2024-10-08 00:03:21
CUST00188,Yuki,Johnson,  yuki.johnson188@example.com ,France,REJECTED,2024-06-07,2024-06-07 02:36:02
CUST00189,Robert,Martinez,  robert.martinez189@example.com ,Japan,VERIFIED,2024-12-06,2024-12-06 07:04:33
CUST00190,James,Mensah,  james.mensah190@example.com ,United Kingdom,PENDING,2024-07-04,2024-07-04 20:49:40
CUST00191,Liam,Smith,  liam.smith191@example.com , United States ,verified,2024-11-12,2024-11-12 21:29:51
CUST00192,Patricia,Singh,  patricia.singh192@example.com ,uk,pending,2024-04-01,2024-04-01 05:43:39
CUST00193,Elizabeth,Lopez,  elizabeth.lopez193@example.com ,india,pending,2024-07-31,2024-07-31 09:00:34
CUST00194,Omar,Davis,  omar.davis194@example.com ,uk,pending,2024-12-20,2024-12-20 19:07:01
CUST00195,Michael,Mensah,  michael.mensah195@example.com ,uk,VERIFIED,2025-01-29,2025-01-29 18:17:48
CUST00196,David,Nguyen,  david.nguyen196@example.com ,Australia,PENDING,2024-09-20,2024-09-20 23:44:01
CUST00197,James,Martinez,  james.martinez197@example.com ,Japan,verified,2024-08-19,2024-08-19 21:29:03
CUST00198,Yuki,Hassan,  yuki.hassan198@example.com ,Nigeria,PENDING,2025-01-11,2025-01-11 04:46:40
CUST00199,Liam,Hassan,  liam.hassan199@example.com ,Brazil,PENDING,2024-10-19,2024-10-19 23:42:18
CUST00200,Michael,Davis,  michael.davis200@example.com , germany,pending,2024-10-24,2024-10-24 11:05:38
CUST00201,Mary,Chen,  mary.chen201@example.com ,India,pending,2025-01-02,2025-01-02 08:54:58
CUST00202,Kwame,Jones,  kwame.jones202@example.com ,usa,verified,2025-01-19,2025-01-19 17:35:42
CUST00203,Sofia,Ivanov,  sofia.ivanov203@example.com ,UK,pending,2024-09-14,2024-09-14 20:49:47
CUST00204,Patricia,Lopez,  patricia.lopez204@example.com ,USA,,2024-12-20,2024-12-20 21:45:24
CUST00205,Robert,Nguyen,  robert.nguyen205@example.com , United States ,pending,2024-04-29,2024-04-29 21:30:06
CUST00206,David,Chen,  david.chen206@example.com , United States ,PENDING,2024-11-04,2024-11-04 17:37:34
CUST00207,Kwame,Hassan,  kwame.hassan207@example.com ,canada,,2024-10-22,2024-10-22 03:53:18
CUST00208,Omar,Hassan,  omar.hassan208@example.com , United States ,verified,2024-01-28,2024-01-28 21:12:27
CUST00209,Ava,Martinez,  ava.martinez209@example.com , United States ,pending,2024-06-25,2024-06-25 16:39:05
CUST00210,Patricia,Brown,  patricia.brown210@example.com ,United Kingdom,,2024-12-10,2024-12-10 14:46:03
CUST00211,Elizabeth,Smith,  elizabeth.smith211@example.com ,canada,VERIFIED,2024-02-05,2024-02-05 17:20:01
CUST00212,Elizabeth,Okafor,  elizabeth.okafor212@example.com ,india,verified,2024-10-18,2024-10-18 03:32:39
CUST00213,Linda,Lopez,  linda.lopez213@example.com ,United Kingdom,verified,2024-11-16,2024-11-16 01:12:04
CUST00214,Jennifer,Williams,  jennifer.williams214@example.com , germany,pending,2024-10-24,2024-10-24 03:08:33
CUST00215,Noah,Jones,  noah.jones215@example.com ,Brazil,,2024-06-29,2024-06-29 08:18:22
CUST00216,David,Singh,  david.singh216@example.com ,USA,pending,2024-07-17,2024-07-17 07:38:05
CUST00217,Elizabeth,Hassan,  elizabeth.hassan217@example.com , United States ,pending,2024-05-02,2024-05-02 16:52:44
CUST00218,Wei,Ivanov,  wei.ivanov218@example.com ,india,,2024-08-20,2024-08-20 08:38:21
CUST00219,David,Singh,  david.singh219@example.com ,Germany,pending,2024-08-22,2024-08-22 15:57:22
CUST00220,Omar,Brown,  omar.brown220@example.com ,India,REJECTED,2024-07-03,2024-07-03 05:50:05
CUST00221,Wei,Ivanov,  wei.ivanov221@example.com ,Canada,VERIFIED,2024-08-17,2024-08-17 19:27:39
CUST00222,Kwame,Khan,  kwame.khan222@example.com ,USA,REJECTED,2024-08-01,2024-08-01 04:41:06
CUST00223,Kwame,Johnson,  kwame.johnson223@example.com ,Canada,verified,2025-01-20,2025-01-20 19:40:03
CUST00224,Emma,Okafor,  emma.okafor224@example.com ,Germany,REJECTED,2024-06-19,2024-06-19 02:32:25
CUST00225,David,Jones,  david.jones225@example.com ,usa,PENDING,2024-03-16,2024-03-16 11:16:00
CUST00226,Yuki,Johnson,  yuki.johnson226@example.com ,uk,VERIFIED,2024-10-10,2024-10-10 09:30:22
CUST00227,Elizabeth,Chen,  elizabeth.chen227@example.com ,United Kingdom,verified,2024-11-18,2024-11-18 17:32:20
CUST00228,Robert,Hassan,  robert.hassan228@example.com ,Australia,REJECTED,2024-10-11,2024-10-11 04:04:43
CUST00229,David,Garcia,  david.garcia229@example.com ,Japan,PENDING,2024-07-18,2024-07-18 14:16:10
CUST00230,Aisha,Brown,  aisha.brown230@example.com , United States ,verified,2024-12-29,2024-12-29 18:19:47
CUST00231,Linda,Khan,  linda.khan231@example.com , United States ,pending,2024-10-11,2024-10-11 02:32:28
CUST00232,James,Rodriguez,  james.rodriguez232@example.com ,UK,pending,2025-02-20,2025-02-20 18:25:58
CUST00233,Wei,Rodriguez,  wei.rodriguez233@example.com ,Nigeria,VERIFIED,2024-10-22,2024-10-22 22:49:48
CUST00234,Kwame,Davis,  kwame.davis234@example.com ,USA,REJECTED,2025-01-01,2025-01-01 04:57:57
CUST00235,Liam,Chen,  liam.chen235@example.com , United States ,,2024-06-20,2024-06-20 22:35:01
CUST00236,Yuki,Martinez,  yuki.martinez236@example.com ,UK,verified,2024-11-13,2024-11-13 03:11:11
CUST00237,Mary,Johnson,  mary.johnson237@example.com ,Japan,VERIFIED,2024-08-24,2024-08-24 09:46:01
CUST00238,Patricia,Davis,  patricia.davis238@example.com ,uk,pending,2025-02-21,2025-02-21 12:35:42
CUST00239,Yuki,Okafor,  yuki.okafor239@example.com ,india,REJECTED,2025-02-23,2025-02-23 13:55:04
CUST00240,Robert,Nguyen,  robert.nguyen240@example.com ,Japan,REJECTED,2024-03-17,2024-03-17 21:53:49
CUST00241,Fatima,Rodriguez,  fatima.rodriguez241@example.com ,Nigeria,verified,2024-01-26,2024-01-26 09:52:32
CUST00242,Yuki,Singh,  yuki.singh242@example.com ,Nigeria,VERIFIED,2024-07-02,2024-07-02 09:27:30
CUST00243,Kwame,Okafor,  kwame.okafor243@example.com ,Nigeria,VERIFIED,2025-02-26,2025-02-26 21:34:45
CUST00244,Carlos,Rodriguez,  carlos.rodriguez244@example.com ,UK,pending,2024-05-27,2024-05-27 10:17:16
CUST00245,John,Miller,  john.miller245@example.com ,usa,PENDING,2024-01-17,2024-01-17 14:07:54
CUST00246,Linda,Jones,  linda.jones246@example.com , United States ,REJECTED,2024-06-08,2024-06-08 09:18:33
CUST00247,Michael,Ivanov,  michael.ivanov247@example.com , germany,PENDING,2024-06-16,2024-06-16 17:37:29
CUST00248,Robert,Mensah,  robert.mensah248@example.com ,France,verified,2024-01-03,2024-01-03 04:51:30
CUST00249,Robert,Hassan,  robert.hassan249@example.com ,United Kingdom,VERIFIED,2024-07-13,2024-07-13 16:31:58
CUST00250,Kwame,Smith,  kwame.smith250@example.com ,USA,PENDING,2024-04-12,2024-04-12 08:59:25
CUST00251,Linda,Ivanov,  linda.ivanov251@example.com ,USA,verified,2024-09-08,2024-09-08 11:32:15
CUST00252,David,Johnson,  david.johnson252@example.com ,india,REJECTED,2024-04-08,2024-04-08 10:57:01
CUST00253,Patricia,Williams,  patricia.williams253@example.com ,Brazil,PENDING,2025-01-04,2025-01-04 21:52:05
CUST00254,Sofia,Ivanov,  sofia.ivanov254@example.com ,Brazil,REJECTED,2024-03-25,2024-03-25 16:54:50
CUST00255,Linda,Mensah,  linda.mensah255@example.com ,Australia,PENDING,2024-02-03,2024-02-03 16:22:58
CUST00256,Yuki,Smith,  yuki.smith256@example.com ,Japan,pending,2024-02-17,2024-02-17 05:52:03
CUST00257,Fatima,Brown,  fatima.brown257@example.com ,Brazil,VERIFIED,2025-01-15,2025-01-15 19:16:25
CUST00258,John,Chen,  john.chen258@example.com , United States ,verified,2024-04-25,2024-04-25 05:08:34
CUST00259,David,Mensah,  david.mensah259@example.com ,canada,pending,2025-03-01,2025-03-01 22:06:17
CUST00260,Emma,Lopez,  emma.lopez260@example.com ,Brazil,REJECTED,2024-08-17,2024-08-17 01:17:32
CUST00261,Emma,Nguyen,  emma.nguyen261@example.com ,UK,,2024-03-18,2024-03-18 00:49:13
CUST00262,Ava,Hassan,  ava.hassan262@example.com ,india,pending,2024-06-16,2024-06-16 00:19:13
CUST00263,Linda,Nguyen,  linda.nguyen263@example.com ,Brazil,pending,2024-09-20,2024-09-20 06:08:35
CUST00264,Fatima,Brown,  fatima.brown264@example.com ,india,PENDING,2024-08-30,2024-08-30 18:19:24
CUST00265,Kwame,Rodriguez,  kwame.rodriguez265@example.com ,uk,,2024-10-17,2024-10-17 17:28:36
CUST00266,Omar,Williams,  omar.williams266@example.com , United States ,VERIFIED,2024-03-11,2024-03-11 20:33:11
CUST00267,Fatima,Brown,  fatima.brown267@example.com ,uk,REJECTED,2024-10-16,2024-10-16 10:38:27
CUST00268,Mary,Ivanov,  mary.ivanov268@example.com ,UK,pending,2024-09-13,2024-09-13 01:02:47
CUST00269,Wei,Nguyen,  wei.nguyen269@example.com ,Canada,REJECTED,2024-02-09,2024-02-09 23:01:27
CUST00270,Elizabeth,Okafor,  elizabeth.okafor270@example.com ,Australia,verified,2024-03-21,2024-03-21 11:15:16
CUST00271,Robert,Kim,  robert.kim271@example.com ,UK,PENDING,2024-06-23,2024-06-23 04:13:38
CUST00272,Liam,Okafor,  liam.okafor272@example.com ,France,REJECTED,2024-03-30,2024-03-30 05:37:02
CUST00273,Linda,Nguyen,  linda.nguyen273@example.com ,France,VERIFIED,2024-01-21,2024-01-21 09:24:24
CUST00274,Jennifer,Rodriguez,  jennifer.rodriguez274@example.com ,canada,PENDING,2024-08-27,2024-08-27 23:53:31
CUST00275,James,Garcia,  james.garcia275@example.com ,India,VERIFIED,2024-04-21,2024-04-21 06:24:04
CUST00276,Robert,Smith,  robert.smith276@example.com ,Australia,verified,2024-03-12,2024-03-12 06:29:13
CUST00277,Carlos,Nguyen,  carlos.nguyen277@example.com ,canada,verified,2024-12-18,2024-12-18 08:34:13
CUST00278,Wei,Martinez,  wei.martinez278@example.com , United States ,VERIFIED,2024-09-08,2024-09-08 22:56:07
CUST00279,Robert,Garcia,  robert.garcia279@example.com , United States ,PENDING,2024-02-08,2024-02-08 15:38:24
CUST00280,Yuki,Nguyen,  yuki.nguyen280@example.com ,Brazil,pending,2025-01-12,2025-01-12 05:23:25
CUST00281,David,Miller,  david.miller281@example.com ,UK,PENDING,2025-02-01,2025-02-01 22:49:38
CUST00282,Fatima,Brown,  fatima.brown282@example.com ,Japan,REJECTED,2024-08-08,2024-08-08 00:05:48
CUST00283,Kwame,Martinez,  kwame.martinez283@example.com , germany,pending,2024-02-05,2024-02-05 06:38:27
CUST00284,Emma,Johnson,  emma.johnson284@example.com ,Germany,PENDING,2024-01-06,2024-01-06 23:17:51
CUST00285,Michael,Jones,  michael.jones285@example.com ,Canada,PENDING,2024-07-17,2024-07-17 11:13:43
CUST00286,Patricia,Smith,  patricia.smith286@example.com ,india,verified,2025-01-21,2025-01-21 07:56:04
CUST00287,Robert,Khan,  robert.khan287@example.com , germany,REJECTED,2025-02-17,2025-02-17 16:03:16
CUST00288,Liam,Okafor,  liam.okafor288@example.com ,India,,2024-02-25,2024-02-25 23:35:04
CUST00289,Mary,Nguyen,  mary.nguyen289@example.com ,Brazil,VERIFIED,2024-01-15,2024-01-15 13:22:03
CUST00290,Aisha,Ivanov,  aisha.ivanov290@example.com ,India,,2024-11-29,2024-11-29 10:26:20
CUST00291,Ava,Nguyen,  ava.nguyen291@example.com ,UK,pending,2024-08-12,2024-08-12 20:57:16
CUST00292,James,Chen,  james.chen292@example.com ,Brazil,,2024-05-13,2024-05-13 11:56:53
CUST00293,Wei,Williams,  wei.williams293@example.com ,UK,verified,2024-12-05,2024-12-05 04:53:51
CUST00294,Fatima,Ivanov,  fatima.ivanov294@example.com ,Australia,VERIFIED,2024-11-07,2024-11-07 00:55:32
CUST00295,Carlos,Martinez,  carlos.martinez295@example.com , germany,PENDING,2024-09-20,2024-09-20 16:59:10
CUST00296,Jennifer,Williams,  jennifer.williams296@example.com ,UK,REJECTED,2025-01-31,2025-01-31 12:05:53
CUST00297,Sofia,Miller,  sofia.miller297@example.com ,Nigeria,,2024-09-28,2024-09-28 08:49:37
CUST00298,Ava,Jones,  ava.jones298@example.com ,UK,verified,2024-07-02,2024-07-02 12:22:14
CUST00299,David,Miller,  david.miller299@example.com ,uk,,2024-05-14,2024-05-14 18:15:22
CUST00300,John,Garcia,  john.garcia300@example.com ,Brazil,REJECTED,2025-01-18,2025-01-18 19:00:32
CUST00301,Noah,Singh,  noah.singh301@example.com ,canada,verified,2024-09-08,2024-09-08 01:02:17
CUST00302,Yuki,Williams,  yuki.williams302@example.com ,Brazil,,2024-12-30,2024-12-30 05:19:21
CUST00303,Elizabeth,Rodriguez,  elizabeth.rodriguez303@example.com ,Nigeria,REJECTED,2024-02-13,2024-02-13 15:07:27
CUST00304,John,Martinez,  john.martinez304@example.com ,Brazil,VERIFIED,2024-12-24,2024-12-24 15:30:13
CUST00305,Mary,Okafor,  mary.okafor305@example.com , United States ,,2024-08-10,2024-08-10 23:30:13
CUST00306,John,Mensah,  john.mensah306@example.com ,India,pending,2025-01-28,2025-01-28 20:25:45
CUST00307,Noah,Hassan,  noah.hassan307@example.com ,Brazil,REJECTED,2024-02-01,2024-02-01 20:43:07
CUST00308,Ava,Miller,  ava.miller308@example.com ,Japan,REJECTED,2024-09-06,2024-09-06 17:41:35
CUST00309,Robert,Johnson,  robert.johnson309@example.com ,UK,PENDING,2024-12-15,2024-12-15 22:21:34
CUST00310,John,Lopez,  john.lopez310@example.com ,usa,verified,2024-05-14,2024-05-14 00:43:52
CUST00311,Yuki,Singh,  yuki.singh311@example.com ,Australia,REJECTED,2025-02-11,2025-02-11 01:20:45
CUST00312,Jennifer,Okafor,  jennifer.okafor312@example.com ,Canada,pending,2024-10-16,2024-10-16 14:27:52
CUST00313,Fatima,Chen,  fatima.chen313@example.com ,canada,VERIFIED,2024-02-10,2024-02-10 16:09:50
CUST00314,Aisha,Brown,  aisha.brown314@example.com ,Canada,PENDING,2024-10-27,2024-10-27 06:04:44
CUST00315,Kwame,Mensah,  kwame.mensah315@example.com ,canada,VERIFIED,2024-04-26,2024-04-26 19:09:43
CUST00316,Noah,Jones,  noah.jones316@example.com ,Canada,,2024-09-28,2024-09-28 17:07:55
CUST00317,Kwame,Khan,  kwame.khan317@example.com , United States ,PENDING,2024-04-10,2024-04-10 03:49:59
CUST00318,Liam,Khan,  liam.khan318@example.com ,uk,,2024-09-12,2024-09-12 03:14:48
CUST00319,Kwame,Lopez,  kwame.lopez319@example.com ,india,REJECTED,2024-03-13,2024-03-13 14:05:22
CUST00320,Wei,Smith,  wei.smith320@example.com ,Canada,verified,2024-10-08,2024-10-08 15:18:37
CUST00321,Michael,Chen,  michael.chen321@example.com ,Germany,verified,2025-01-12,2025-01-12 16:44:49
CUST00322,Robert,Jones,  robert.jones322@example.com ,Canada,VERIFIED,2024-02-29,2024-02-29 22:27:41
CUST00323,Sofia,Hassan,  sofia.hassan323@example.com ,usa,,2025-02-12,2025-02-12 23:15:39
CUST00324,Aisha,Mensah,  aisha.mensah324@example.com ,India,verified,2024-04-11,2024-04-11 18:55:52
CUST00325,Jennifer,Garcia,  jennifer.garcia325@example.com ,Brazil,VERIFIED,2024-05-08,2024-05-08 13:52:25
CUST00326,Fatima,Okafor,  fatima.okafor326@example.com ,Brazil,REJECTED,2024-07-03,2024-07-03 11:53:01
CUST00327,Elizabeth,Singh,  elizabeth.singh327@example.com , germany,PENDING,2024-06-30,2024-06-30 18:07:51
CUST00328,Omar,Miller,  omar.miller328@example.com ,Brazil,pending,2024-10-12,2024-10-12 17:03:08
CUST00329,Elizabeth,Khan,  elizabeth.khan329@example.com ,Australia,pending,2025-01-25,2025-01-25 14:51:36
CUST00330,Jennifer,Miller,  jennifer.miller330@example.com ,France,VERIFIED,2024-04-17,2024-04-17 11:56:08
CUST00331,Ava,Kim,  ava.kim331@example.com ,UK,,2024-10-15,2024-10-15 07:53:42
CUST00332,Sofia,Brown,  sofia.brown332@example.com , United States ,verified,2024-08-09,2024-08-09 09:57:35
CUST00333,David,Singh,  david.singh333@example.com ,uk,pending,2025-02-02,2025-02-02 17:35:19
CUST00334,John,Davis,  john.davis334@example.com ,Nigeria,VERIFIED,2024-12-16,2024-12-16 09:38:06
CUST00335,Fatima,Johnson,  fatima.johnson335@example.com ,Australia,PENDING,2024-11-03,2024-11-03 22:26:15
CUST00336,Linda,Khan,  linda.khan336@example.com ,Nigeria,verified,2024-03-04,2024-03-04 09:14:08
CUST00337,James,Chen,  james.chen337@example.com ,canada,verified,2024-03-17,2024-03-17 23:02:35
CUST00338,Robert,Johnson,  robert.johnson338@example.com ,Japan,,2024-08-10,2024-08-10 19:49:10
CUST00339,Robert,Kim,  robert.kim339@example.com ,USA,VERIFIED,2024-12-14,2024-12-14 10:32:15
CUST00340,James,Rodriguez,  james.rodriguez340@example.com ,uk,REJECTED,2024-06-16,2024-06-16 12:05:44
CUST00341,Emma,Lopez,  emma.lopez341@example.com ,UK,PENDING,2024-11-24,2024-11-24 18:02:26
CUST00342,Linda,Martinez,  linda.martinez342@example.com ,usa,verified,2024-04-04,2024-04-04 15:25:04
CUST00343,Fatima,Mensah,  fatima.mensah343@example.com , United States ,VERIFIED,2024-12-21,2024-12-21 01:12:55
CUST00344,Omar,Mensah,  omar.mensah344@example.com ,USA,,2025-02-20,2025-02-20 08:46:00
CUST00345,Sofia,Ivanov,  sofia.ivanov345@example.com ,uk,PENDING,2024-07-06,2024-07-06 22:03:13
CUST00346,Fatima,Smith,  fatima.smith346@example.com , germany,REJECTED,2024-10-01,2024-10-01 00:58:03
CUST00347,Fatima,Garcia,  fatima.garcia347@example.com ,Australia,PENDING,2024-03-07,2024-03-07 11:57:35
CUST00348,John,Lopez,  john.lopez348@example.com ,Australia,REJECTED,2025-02-26,2025-02-26 14:25:22
CUST00349,Liam,Smith,  liam.smith349@example.com ,Japan,VERIFIED,2024-10-30,2024-10-30 06:35:06
CUST00350,Ava,Khan,  ava.khan350@example.com ,France,,2024-10-16,2024-10-16 22:51:39
CUST00351,James,Okafor,  james.okafor351@example.com ,Nigeria,verified,2024-02-22,2024-02-22 11:24:05
CUST00352,Kwame,Brown,  kwame.brown352@example.com ,uk,VERIFIED,2024-09-15,2024-09-15 06:35:46
CUST00353,Wei,Hassan,  wei.hassan353@example.com ,United Kingdom,,2024-09-19,2024-09-19 22:58:41
CUST00354,Yuki,Kim,  yuki.kim354@example.com ,uk,VERIFIED,2024-05-21,2024-05-21 13:54:29
CUST00355,Yuki,Johnson,  yuki.johnson355@example.com ,Germany,VERIFIED,2024-08-15,2024-08-15 22:09:57
CUST00356,Michael,Johnson,  michael.johnson356@example.com ,Canada,REJECTED,2024-09-02,2024-09-02 03:07:56
CUST00357,Carlos,Hassan,  carlos.hassan357@example.com ,France,VERIFIED,2025-01-02,2025-01-02 16:48:40
CUST00358,Ava,Miller,  ava.miller358@example.com ,Nigeria,VERIFIED,2024-08-10,2024-08-10 05:29:37
CUST00359,Ava,Chen,  ava.chen359@example.com ,UK,PENDING,2024-07-31,2024-07-31 05:07:36
CUST00360,Fatima,Khan,  fatima.khan360@example.com ,India,PENDING,2024-12-07,2024-12-07 13:17:05
CUST00361,Jennifer,Kim,  jennifer.kim361@example.com ,Nigeria,REJECTED,2025-01-21,2025-01-21 10:30:29
CUST00362,David,Williams,  david.williams362@example.com , United States ,pending,2024-11-25,2024-11-25 17:14:50
CUST00363,Emma,Garcia,  emma.garcia363@example.com ,Canada,PENDING,2025-02-27,2025-02-27 16:22:47
CUST00364,Patricia,Williams,  patricia.williams364@example.com ,Canada,PENDING,2024-09-11,2024-09-11 16:52:12
CUST00365,Yuki,Mensah,  yuki.mensah365@example.com ,United Kingdom,,2024-11-26,2024-11-26 23:22:45
CUST00366,Yuki,Okafor,  yuki.okafor366@example.com ,usa,,2024-12-13,2024-12-13 07:06:03
CUST00367,Wei,Mensah,  wei.mensah367@example.com ,France,,2024-12-03,2024-12-03 19:52:43
CUST00368,Mary,Williams,  mary.williams368@example.com ,Nigeria,REJECTED,2024-11-11,2024-11-11 12:18:27
CUST00369,Kwame,Garcia,  kwame.garcia369@example.com ,uk,REJECTED,2024-01-25,2024-01-25 04:30:11
CUST00370,Kwame,Singh,  kwame.singh370@example.com ,uk,VERIFIED,2024-01-28,2024-01-28 00:41:59
CUST00371,Linda,Okafor,  linda.okafor371@example.com ,India,REJECTED,2024-10-08,2024-10-08 06:58:34
CUST00372,Mary,Mensah,  mary.mensah372@example.com ,Brazil,PENDING,2024-04-29,2024-04-29 04:17:40
CUST00373,Wei,Singh,  wei.singh373@example.com ,uk,REJECTED,2024-02-29,2024-02-29 17:14:53
CUST00374,Wei,Khan,  wei.khan374@example.com ,France,verified,2024-09-01,2024-09-01 04:34:09
CUST00375,Patricia,Smith,  patricia.smith375@example.com ,Japan,REJECTED,2024-05-24,2024-05-24 12:11:13
CUST00376,Carlos,Hassan,  carlos.hassan376@example.com ,France,PENDING,2024-04-01,2024-04-01 11:13:26
CUST00377,Yuki,Miller,  yuki.miller377@example.com ,Japan,verified,2024-08-09,2024-08-09 19:32:19
CUST00378,Patricia,Jones,  patricia.jones378@example.com ,Brazil,verified,2024-02-27,2024-02-27 12:25:48
CUST00379,Yuki,Williams,  yuki.williams379@example.com ,Nigeria,,2024-09-05,2024-09-05 05:32:52
CUST00380,John,Hassan,  john.hassan380@example.com ,Canada,PENDING,2025-02-25,2025-02-25 02:48:24
CUST00381,Jennifer,Garcia,  jennifer.garcia381@example.com ,Australia,verified,2024-10-07,2024-10-07 18:42:09
CUST00382,Patricia,Miller,  patricia.miller382@example.com , germany,pending,2024-04-17,2024-04-17 20:51:09
CUST00383,James,Okafor,  james.okafor383@example.com ,Brazil,REJECTED,2024-10-13,2024-10-13 13:00:09
CUST00384,Robert,Mensah,  robert.mensah384@example.com , United States ,PENDING,2024-03-07,2024-03-07 23:10:23
CUST00385,Carlos,Kim,  carlos.kim385@example.com ,india,pending,2025-02-12,2025-02-12 07:40:38
CUST00386,Noah,Williams,  noah.williams386@example.com ,canada,,2024-04-07,2024-04-07 08:15:37
CUST00387,John,Singh,  john.singh387@example.com ,Australia,PENDING,2024-12-27,2024-12-27 19:45:36
CUST00388,Robert,Hassan,  robert.hassan388@example.com ,uk,pending,2024-05-21,2024-05-21 08:02:19
CUST00389,Sofia,Johnson,  sofia.johnson389@example.com ,Australia,verified,2024-04-06,2024-04-06 10:31:51
CUST00390,Elizabeth,Garcia,  elizabeth.garcia390@example.com ,canada,,2024-05-05,2024-05-05 19:16:58
CUST00391,Linda,Okafor,  linda.okafor391@example.com ,Canada,VERIFIED,2025-02-07,2025-02-07 00:57:21
CUST00392,David,Miller,  david.miller392@example.com ,uk,,2024-08-01,2024-08-01 04:08:17
CUST00393,Elizabeth,Mensah,  elizabeth.mensah393@example.com , United States ,REJECTED,2025-02-18,2025-02-18 08:45:04
CUST00394,Ava,Garcia,  ava.garcia394@example.com ,United Kingdom,,2024-04-29,2024-04-29 18:23:22
CUST00395,Emma,Mensah,  emma.mensah395@example.com ,usa,VERIFIED,2024-09-19,2024-09-19 05:41:06
CUST00396,John,Johnson,  john.johnson396@example.com ,Germany,REJECTED,2024-07-24,2024-07-24 13:32:37
CUST00397,Fatima,Mensah,  fatima.mensah397@example.com ,Japan,,2024-01-24,2024-01-24 12:34:12
CUST00398,Liam,Martinez,  liam.martinez398@example.com ,Japan,verified,2024-08-22,2024-08-22 15:26:32
CUST00399,Kwame,Khan,  kwame.khan399@example.com ,Brazil,VERIFIED,2024-08-19,2024-08-19 00:34:09
CUST00400,Mary,Garcia,  mary.garcia400@example.com ,india,pending,2024-12-07,2024-12-07 10:50:25
CUST00401,Yuki,Miller,  yuki.miller401@example.com ,uk,PENDING,2024-09-21,2024-09-21 05:38:56
CUST00402,Aisha,Okafor,  aisha.okafor402@example.com ,uk,PENDING,2024-11-05,2024-11-05 16:36:58
CUST00403,Sofia,Hassan,  sofia.hassan403@example.com ,canada,verified,2024-03-23,2024-03-23 11:24:43
CUST00404,Yuki,Brown,  yuki.brown404@example.com ,Brazil,verified,2024-07-26,2024-07-26 18:02:00
CUST00405,Robert,Brown,  robert.brown405@example.com ,Canada,pending,2024-02-09,2024-02-09 07:21:03
CUST00406,Emma,Nguyen,  emma.nguyen406@example.com ,United Kingdom,PENDING,2024-07-11,2024-07-11 20:05:36
CUST00407,Noah,Chen,  noah.chen407@example.com ,United Kingdom,pending,2024-05-27,2024-05-27 10:45:50
CUST00408,Sofia,Singh,  sofia.singh408@example.com ,Canada,pending,2025-01-22,2025-01-22 09:33:17
CUST00409,James,Williams,  james.williams409@example.com ,Australia,pending,2024-11-01,2024-11-01 10:33:56
CUST00410,Linda,Miller,  linda.miller410@example.com ,usa,VERIFIED,2024-10-01,2024-10-01 02:26:28
CUST00411,Elizabeth,Kim,  elizabeth.kim411@example.com ,Canada,REJECTED,2024-12-31,2024-12-31 12:22:29
CUST00412,James,Brown,  james.brown412@example.com ,uk,PENDING,2024-11-30,2024-11-30 17:04:33
CUST00413,Wei,Khan,  wei.khan413@example.com ,usa,pending,2024-10-11,2024-10-11 05:34:00
CUST00414,Mary,Ivanov,  mary.ivanov414@example.com ,Nigeria,REJECTED,2024-05-31,2024-05-31 04:38:16
CUST00415,Elizabeth,Williams,  elizabeth.williams415@example.com ,Australia,pending,2024-10-27,2024-10-27 02:03:50
CUST00416,Liam,Rodriguez,  liam.rodriguez416@example.com ,uk,VERIFIED,2024-04-02,2024-04-02 06:47:52
CUST00417,Carlos,Okafor,  carlos.okafor417@example.com ,Nigeria,verified,2024-09-20,2024-09-20 09:00:29
CUST00418,Michael,Mensah,  michael.mensah418@example.com ,India,REJECTED,2025-01-30,2025-01-30 10:43:53
CUST00419,Mary,Johnson,  mary.johnson419@example.com ,uk,,2024-01-31,2024-01-31 05:24:32
CUST00420,Aisha,Kim,  aisha.kim420@example.com ,Brazil,verified,2025-02-07,2025-02-07 09:03:48
CUST00421,Emma,Lopez,  emma.lopez421@example.com ,canada,REJECTED,2024-04-18,2024-04-18 13:42:23
CUST00422,Aisha,Garcia,  aisha.garcia422@example.com ,Canada,REJECTED,2024-11-01,2024-11-01 05:12:15
CUST00423,Aisha,Lopez,  aisha.lopez423@example.com ,Japan,,2025-01-30,2025-01-30 21:45:34
CUST00424,Noah,Martinez,  noah.martinez424@example.com ,USA,PENDING,2025-01-03,2025-01-03 20:38:22
CUST00425,Aisha,Brown,  aisha.brown425@example.com ,Canada,,2024-11-19,2024-11-19 12:52:24
CUST00426,Ava,Smith,  ava.smith426@example.com ,France,,2025-01-03,2025-01-03 15:00:10
CUST00427,Noah,Ivanov,  noah.ivanov427@example.com ,usa,REJECTED,2024-06-25,2024-06-25 17:42:47
CUST00428,Omar,Garcia,  omar.garcia428@example.com ,India,verified,2025-02-11,2025-02-11 04:23:56
CUST00429,Kwame,Davis,  kwame.davis429@example.com ,UK,verified,2024-01-25,2024-01-25 12:31:01
CUST00430,James,Singh,  james.singh430@example.com ,india,verified,2024-08-31,2024-08-31 15:39:06
CUST00431,Fatima,Miller,  fatima.miller431@example.com ,Australia,REJECTED,2024-11-14,2024-11-14 17:59:21
CUST00432,Omar,Johnson,  omar.johnson432@example.com ,Australia,verified,2024-04-17,2024-04-17 06:02:38
CUST00433,Liam,Chen,  liam.chen433@example.com ,Australia,pending,2025-01-06,2025-01-06 13:28:53
CUST00434,Aisha,Garcia,  aisha.garcia434@example.com ,canada,REJECTED,2024-12-23,2024-12-23 00:44:57
CUST00435,Wei,Rodriguez,  wei.rodriguez435@example.com ,Germany,verified,2025-01-11,2025-01-11 01:46:16
CUST00436,David,Hassan,  david.hassan436@example.com , germany,PENDING,2024-08-19,2024-08-19 20:25:39
CUST00437,Elizabeth,Miller,  elizabeth.miller437@example.com ,canada,pending,2025-01-14,2025-01-14 19:40:41
CUST00438,Wei,Hassan,  wei.hassan438@example.com ,Canada,VERIFIED,2024-07-31,2024-07-31 09:37:04
CUST00439,Noah,Hassan,  noah.hassan439@example.com ,India,PENDING,2024-10-21,2024-10-21 22:00:45
CUST00440,Robert,Martinez,  robert.martinez440@example.com ,Canada,,2024-02-02,2024-02-02 16:10:34
CUST00441,John,Okafor,  john.okafor441@example.com ,France,,2024-12-09,2024-12-09 14:29:18
CUST00442,Omar,Miller,  omar.miller442@example.com ,France,REJECTED,2024-06-05,2024-06-05 22:49:14
CUST00443,David,Jones,  david.jones443@example.com , germany,verified,2024-03-25,2024-03-25 20:07:51
CUST00444,Mary,Lopez,  mary.lopez444@example.com , germany,VERIFIED,2024-06-24,2024-06-24 06:49:27
CUST00445,Patricia,Nguyen,  patricia.nguyen445@example.com ,Japan,VERIFIED,2024-09-13,2024-09-13 13:07:09
CUST00446,Kwame,Jones,  kwame.jones446@example.com ,United Kingdom,pending,2024-01-05,2024-01-05 00:35:20
CUST00447,Ava,Kim,  ava.kim447@example.com ,Germany,PENDING,2025-01-05,2025-01-05 20:17:07
CUST00448,Aisha,Martinez,  aisha.martinez448@example.com , United States ,,2024-02-15,2024-02-15 22:52:13
CUST00449,Noah,Davis,  noah.davis449@example.com ,usa,verified,2025-02-19,2025-02-19 15:57:41
CUST00450,Fatima,Garcia,  fatima.garcia450@example.com ,India,pending,2024-01-29,2024-01-29 05:25:25
CUST00451,Jennifer,Martinez,  jennifer.martinez451@example.com ,USA,PENDING,2024-01-30,2024-01-30 02:25:12
CUST00452,Noah,Mensah,  noah.mensah452@example.com ,canada,PENDING,2024-03-24,2024-03-24 08:13:47
CUST00453,Yuki,Hassan,  yuki.hassan453@example.com ,Japan,verified,2025-02-11,2025-02-11 06:00:21
CUST00454,Sofia,Singh,  sofia.singh454@example.com ,Germany,VERIFIED,2024-07-30,2024-07-30 22:03:06
CUST00455,Aisha,Garcia,  aisha.garcia455@example.com ,France,,2024-12-22,2024-12-22 10:47:08
CUST00456,Jennifer,Smith,  jennifer.smith456@example.com ,Canada,REJECTED,2024-09-18,2024-09-18 20:13:35
CUST00457,Kwame,Miller,  kwame.miller457@example.com ,India,pending,2024-05-16,2024-05-16 07:27:44
CUST00458,Sofia,Chen,  sofia.chen458@example.com ,India,,2024-03-08,2024-03-08 08:54:33
CUST00459,Patricia,Garcia,  patricia.garcia459@example.com ,Japan,PENDING,2024-04-19,2024-04-19 05:11:43
CUST00460,Linda,Smith,  linda.smith460@example.com ,India,verified,2024-07-21,2024-07-21 13:23:23
CUST00461,Yuki,Rodriguez,  yuki.rodriguez461@example.com ,Canada,REJECTED,2024-09-13,2024-09-13 00:39:39
CUST00462,Noah,Smith,  noah.smith462@example.com ,Nigeria,,2024-07-22,2024-07-22 03:42:14
CUST00463,Linda,Johnson,  linda.johnson463@example.com ,Brazil,PENDING,2024-04-01,2024-04-01 19:52:15
CUST00464,Jennifer,Khan,  jennifer.khan464@example.com ,Canada,,2025-01-25,2025-01-25 07:39:37
CUST00465,Patricia,Martinez,  patricia.martinez465@example.com , germany,verified,2024-10-12,2024-10-12 11:30:53
CUST00466,Robert,Kim,  robert.kim466@example.com ,Brazil,,2024-04-28,2024-04-28 23:35:09
CUST00467,Emma,Okafor,  emma.okafor467@example.com ,Japan,REJECTED,2024-11-18,2024-11-18 23:55:26
CUST00468,Kwame,Miller,  kwame.miller468@example.com , United States ,REJECTED,2024-07-11,2024-07-11 05:05:23
CUST00469,Yuki,Lopez,  yuki.lopez469@example.com , United States ,REJECTED,2024-10-08,2024-10-08 00:09:31
CUST00470,Patricia,Johnson,  patricia.johnson470@example.com ,Australia,verified,2025-03-01,2025-03-01 08:55:18
CUST00471,Noah,Hassan,  noah.hassan471@example.com ,United Kingdom,PENDING,2024-04-26,2024-04-26 09:27:03
CUST00472,Sofia,Singh,  sofia.singh472@example.com ,Germany,,2024-03-31,2024-03-31 06:52:15
CUST00473,Noah,Kim,  noah.kim473@example.com ,Australia,pending,2024-03-11,2024-03-11 15:16:30
CUST00474,Mary,Singh,  mary.singh474@example.com ,Australia,pending,2024-04-12,2024-04-12 11:37:14
CUST00475,Yuki,Ivanov,  yuki.ivanov475@example.com ,Brazil,,2024-02-14,2024-02-14 20:17:29
CUST00476,Elizabeth,Smith,  elizabeth.smith476@example.com ,France,VERIFIED,2024-11-03,2024-11-03 13:01:08
CUST00477,Michael,Ivanov,  michael.ivanov477@example.com ,usa,pending,2024-02-26,2024-02-26 17:22:08
CUST00478,Wei,Williams,  wei.williams478@example.com ,usa,VERIFIED,2025-02-24,2025-02-24 08:01:07
CUST00479,Omar,Johnson,  omar.johnson479@example.com ,india,verified,2024-08-10,2024-08-10 23:45:31
CUST00480,Robert,Nguyen,  robert.nguyen480@example.com ,India,pending,2024-10-17,2024-10-17 20:27:26
CUST00481,Carlos,Khan,  carlos.khan481@example.com ,uk,,2024-03-03,2024-03-03 07:58:05
CUST00482,Wei,Brown,  wei.brown482@example.com ,India,REJECTED,2024-05-18,2024-05-18 14:59:22
CUST00483,Robert,Davis,  robert.davis483@example.com ,USA,PENDING,2024-01-03,2024-01-03 16:44:48
CUST00484,Yuki,Hassan,  yuki.hassan484@example.com ,India,verified,2024-11-25,2024-11-25 10:19:10
CUST00485,Linda,Singh,  linda.singh485@example.com ,uk,PENDING,2024-09-25,2024-09-25 20:53:06
CUST00486,Michael,Brown,  michael.brown486@example.com ,india,REJECTED,2024-01-26,2024-01-26 00:34:27
CUST00487,James,Davis,  james.davis487@example.com , United States ,VERIFIED,2024-06-09,2024-06-09 01:38:23
CUST00488,Emma,Johnson,  emma.johnson488@example.com ,usa,verified,2024-12-12,2024-12-12 18:15:52
CUST00489,Mary,Khan,  mary.khan489@example.com , germany,REJECTED,2024-12-06,2024-12-06 22:51:35
CUST00490,Michael,Johnson,  michael.johnson490@example.com ,Australia,PENDING,2024-04-18,2024-04-18 20:18:59
CUST00491,Linda,Ivanov,  linda.ivanov491@example.com ,canada,verified,2024-09-04,2024-09-04 16:47:44
CUST00492,Elizabeth,Jones,  elizabeth.jones492@example.com , germany,pending,2025-02-08,2025-02-08 20:49:26
CUST00493,Elizabeth,Rodriguez,  elizabeth.rodriguez493@example.com ,United Kingdom,,2024-02-17,2024-02-17 08:19:57
CUST00494,Kwame,Nguyen,  kwame.nguyen494@example.com ,usa,PENDING,2025-01-19,2025-01-19 23:02:28
CUST00495,Ava,Khan,  ava.khan495@example.com ,canada,,2025-02-11,2025-02-11 08:42:00
CUST00496,Fatima,Nguyen,  fatima.nguyen496@example.com ,Canada,pending,2024-04-25,2024-04-25 21:37:04
CUST00497,Jennifer,Hassan,  jennifer.hassan497@example.com , germany,verified,2025-01-02,2025-01-02 19:01:50
CUST00498,Elizabeth,Jones,  elizabeth.jones498@example.com ,usa,REJECTED,2024-12-25,2024-12-25 15:24:52
CUST00499,Fatima,Nguyen,  fatima.nguyen499@example.com ,uk,pending,2025-02-15,2025-02-15 15:45:48
CUST00500,Linda,Rodriguez,  linda.rodriguez500@example.com ,canada,,2024-06-06,2024-06-06 22:28:17
CUST00501,John,Singh,  john.singh501@example.com , United States ,REJECTED,2024-10-15,2024-10-15 05:23:09
CUST00502,Michael,Johnson,  michael.johnson502@example.com ,India,,2024-07-27,2024-07-27 12:29:12
CUST00503,Emma,Mensah,  emma.mensah503@example.com , United States ,verified,2024-01-31,2024-01-31 17:13:11
CUST00504,Noah,Hassan,  noah.hassan504@example.com ,Japan,verified,2024-06-17,2024-06-17 13:28:52
CUST00505,Aisha,Martinez,  aisha.martinez505@example.com ,Germany,verified,2024-01-12,2024-01-12 21:50:27
CUST00506,Patricia,Kim,  patricia.kim506@example.com ,Germany,pending,2024-07-07,2024-07-07 10:15:52
CUST00507,Linda,Hassan,  linda.hassan507@example.com ,Canada,pending,2024-09-06,2024-09-06 19:20:17
CUST00508,Yuki,Hassan,  yuki.hassan508@example.com ,Canada,PENDING,2024-10-06,2024-10-06 01:05:00
CUST00509,Wei,Lopez,  wei.lopez509@example.com ,Brazil,VERIFIED,2025-01-21,2025-01-21 05:55:14
CUST00510,Omar,Chen,  omar.chen510@example.com ,Nigeria,PENDING,2024-06-06,2024-06-06 18:34:15
CUST00511,Fatima,Johnson,  fatima.johnson511@example.com ,uk,VERIFIED,2024-06-20,2024-06-20 20:50:53
CUST00512,David,Hassan,  david.hassan512@example.com ,Canada,verified,2024-11-20,2024-11-20 08:13:10
CUST00513,Michael,Chen,  michael.chen513@example.com ,India,REJECTED,2024-06-27,2024-06-27 15:51:28
CUST00514,Linda,Kim,  linda.kim514@example.com ,France,pending,2024-09-19,2024-09-19 04:39:15
CUST00515,Ava,Kim,  ava.kim515@example.com ,United Kingdom,,2024-12-23,2024-12-23 22:28:30
CUST00516,Wei,Garcia,  wei.garcia516@example.com ,Japan,verified,2024-04-18,2024-04-18 17:00:57
CUST00517,Liam,Johnson,  liam.johnson517@example.com ,usa,VERIFIED,2025-02-10,2025-02-10 23:01:54
CUST00518,Kwame,Johnson,  kwame.johnson518@example.com ,india,verified,2024-01-05,2024-01-05 23:00:11
CUST00519,Ava,Davis,  ava.davis519@example.com ,uk,VERIFIED,2024-02-22,2024-02-22 19:00:51
CUST00520,Michael,Lopez,  michael.lopez520@example.com ,Nigeria,VERIFIED,2024-12-20,2024-12-20 04:38:10
CUST00521,Emma,Mensah,  emma.mensah521@example.com ,Japan,VERIFIED,2025-01-10,2025-01-10 07:34:41
CUST00522,James,Hassan,  james.hassan522@example.com ,USA,VERIFIED,2024-11-15,2024-11-15 11:54:20
CUST00523,Sofia,Rodriguez,  sofia.rodriguez523@example.com ,Canada,VERIFIED,2025-02-20,2025-02-20 02:52:55
CUST00524,Sofia,Nguyen,  sofia.nguyen524@example.com ,UK,VERIFIED,2024-05-19,2024-05-19 05:46:34
CUST00525,Sofia,Jones,  sofia.jones525@example.com ,Germany,REJECTED,2024-07-06,2024-07-06 03:59:04
CUST00526,Sofia,Rodriguez,  sofia.rodriguez526@example.com ,France,pending,2024-10-02,2024-10-02 07:15:39
CUST00527,John,Okafor,  john.okafor527@example.com ,Brazil,REJECTED,2024-11-11,2024-11-11 08:53:58
CUST00528,Linda,Davis,  linda.davis528@example.com , United States ,,2024-08-20,2024-08-20 23:55:57
CUST00529,Ava,Johnson,  ava.johnson529@example.com ,India,pending,2024-03-13,2024-03-13 14:58:32
CUST00530,Carlos,Hassan,  carlos.hassan530@example.com ,usa,,2025-01-04,2025-01-04 17:22:41
CUST00531,James,Garcia,  james.garcia531@example.com ,Japan,pending,2024-03-05,2024-03-05 05:22:51
CUST00532,Ava,Chen,  ava.chen532@example.com ,Australia,VERIFIED,2024-03-15,2024-03-15 01:40:24
CUST00533,Linda,Miller,  linda.miller533@example.com ,France,VERIFIED,2025-01-04,2025-01-04 07:58:04
CUST00534,John,Rodriguez,  john.rodriguez534@example.com ,usa,verified,2025-02-25,2025-02-25 18:49:33
CUST00535,Aisha,Smith,  aisha.smith535@example.com ,uk,,2024-06-09,2024-06-09 21:42:25
CUST00536,Carlos,Williams,  carlos.williams536@example.com ,United Kingdom,REJECTED,2024-08-20,2024-08-20 10:55:32
CUST00537,Linda,Ivanov,  linda.ivanov537@example.com ,canada,pending,2024-10-29,2024-10-29 06:24:17
CUST00538,Robert,Williams,  robert.williams538@example.com ,Nigeria,VERIFIED,2025-01-23,2025-01-23 23:27:19
CUST00539,Patricia,Nguyen,  patricia.nguyen539@example.com , United States ,PENDING,2024-06-29,2024-06-29 07:28:40
CUST00540,Emma,Mensah,  emma.mensah540@example.com ,canada,VERIFIED,2024-11-04,2024-11-04 03:04:50
CUST00541,Ava,Rodriguez,  ava.rodriguez541@example.com ,Japan,verified,2024-12-15,2024-12-15 22:51:51
CUST00542,Wei,Hassan,  wei.hassan542@example.com ,india,verified,2024-10-18,2024-10-18 14:27:59
CUST00543,Kwame,Ivanov,  kwame.ivanov543@example.com , United States ,REJECTED,2024-10-22,2024-10-22 05:04:08
CUST00544,Elizabeth,Davis,  elizabeth.davis544@example.com , United States ,PENDING,2024-02-27,2024-02-27 02:15:50
CUST00545,Robert,Khan,  robert.khan545@example.com ,India,PENDING,2024-04-29,2024-04-29 19:55:46
CUST00546,Wei,Brown,  wei.brown546@example.com ,USA,PENDING,2024-03-12,2024-03-12 02:03:52
CUST00547,Yuki,Okafor,  yuki.okafor547@example.com ,UK,verified,2024-07-28,2024-07-28 12:48:39
CUST00548,John,Garcia,  john.garcia548@example.com ,Brazil,REJECTED,2024-11-30,2024-11-30 18:02:25
CUST00549,Liam,Lopez,  liam.lopez549@example.com ,UK,VERIFIED,2024-11-12,2024-11-12 22:29:41
CUST00550,John,Okafor,  john.okafor550@example.com ,canada,pending,2024-03-13,2024-03-13 06:50:36
CUST00551,James,Martinez,  james.martinez551@example.com ,India,VERIFIED,2024-11-17,2024-11-17 09:58:43
CUST00552,Liam,Davis,  liam.davis552@example.com ,United Kingdom,,2025-02-08,2025-02-08 18:05:33
CUST00553,Carlos,Garcia,  carlos.garcia553@example.com ,France,PENDING,2024-04-17,2024-04-17 20:09:58
CUST00554,David,Kim,  david.kim554@example.com , United States ,verified,2024-04-23,2024-04-23 08:25:20
CUST00555,Fatima,Rodriguez,  fatima.rodriguez555@example.com ,Canada,pending,2024-11-23,2024-11-23 01:54:59
CUST00556,John,Okafor,  john.okafor556@example.com , germany,,2024-07-14,2024-07-14 12:01:23
CUST00557,Ava,Kim,  ava.kim557@example.com ,Brazil,VERIFIED,2024-05-31,2024-05-31 21:16:59
CUST00558,Robert,Martinez,  robert.martinez558@example.com ,India,PENDING,2024-01-06,2024-01-06 06:09:10
CUST00559,Emma,Khan,  emma.khan559@example.com ,Brazil,PENDING,2024-09-12,2024-09-12 23:06:10
CUST00560,Fatima,Mensah,  fatima.mensah560@example.com ,Canada,PENDING,2024-04-15,2024-04-15 17:32:38
CUST00561,Emma,Miller,  emma.miller561@example.com ,canada,verified,2025-01-07,2025-01-07 01:23:19
CUST00562,Carlos,Chen,  carlos.chen562@example.com ,Japan,REJECTED,2024-08-14,2024-08-14 08:59:14
CUST00563,Linda,Chen,  linda.chen563@example.com ,France,pending,2024-10-19,2024-10-19 02:10:44
CUST00564,Wei,Brown,  wei.brown564@example.com ,United Kingdom,,2024-06-04,2024-06-04 04:32:34
CUST00565,Liam,Smith,  liam.smith565@example.com ,Germany,pending,2024-12-24,2024-12-24 13:15:42
CUST00566,Elizabeth,Williams,  elizabeth.williams566@example.com ,Japan,verified,2024-11-13,2024-11-13 18:57:07
CUST00567,Ava,Martinez,  ava.martinez567@example.com ,France,,2024-07-06,2024-07-06 23:36:05
CUST00568,Robert,Nguyen,  robert.nguyen568@example.com , United States ,pending,2024-10-19,2024-10-19 19:37:05
CUST00569,Emma,Kim,  emma.kim569@example.com ,Australia,,2024-11-07,2024-11-07 07:32:54
CUST00570,Fatima,Hassan,  fatima.hassan570@example.com ,Nigeria,,2024-01-29,2024-01-29 13:21:08
CUST00571,Liam,Mensah,  liam.mensah571@example.com ,UK,verified,2024-03-07,2024-03-07 00:10:41
CUST00572,Kwame,Okafor,  kwame.okafor572@example.com ,usa,REJECTED,2024-05-09,2024-05-09 04:46:27
CUST00573,Ava,Khan,  ava.khan573@example.com ,india,VERIFIED,2024-09-14,2024-09-14 13:24:37
CUST00574,James,Brown,  james.brown574@example.com , germany,REJECTED,2024-07-19,2024-07-19 23:13:58
CUST00575,Sofia,Hassan,  sofia.hassan575@example.com ,Brazil,PENDING,2024-06-20,2024-06-20 16:19:48
CUST00576,Carlos,Singh,  carlos.singh576@example.com ,uk,PENDING,2025-01-23,2025-01-23 17:21:30
CUST00577,James,Kim,  james.kim577@example.com ,Canada,pending,2024-03-22,2024-03-22 04:56:28
CUST00578,John,Brown,  john.brown578@example.com ,Nigeria,PENDING,2024-04-20,2024-04-20 01:01:00
CUST00579,Aisha,Singh,  aisha.singh579@example.com ,Australia,pending,2024-06-09,2024-06-09 16:17:11
CUST00580,Wei,Kim,  wei.kim580@example.com ,Brazil,,2024-03-16,2024-03-16 19:49:30
CUST00581,Yuki,Chen,  yuki.chen581@example.com ,Canada,VERIFIED,2024-02-22,2024-02-22 04:13:13
CUST00582,Patricia,Smith,  patricia.smith582@example.com ,UK,,2024-09-23,2024-09-23 11:26:11
CUST00583,Jennifer,Davis,  jennifer.davis583@example.com ,United Kingdom,REJECTED,2025-02-04,2025-02-04 18:49:24
CUST00584,Jennifer,Chen,  jennifer.chen584@example.com ,Brazil,verified,2024-11-27,2024-11-27 04:06:04
CUST00585,Carlos,Garcia,  carlos.garcia585@example.com ,india,pending,2024-05-24,2024-05-24 18:30:14
CUST00586,James,Mensah,  james.mensah586@example.com ,Brazil,REJECTED,2024-06-02,2024-06-02 06:23:38
CUST00587,Fatima,Khan,  fatima.khan587@example.com ,Germany,verified,2024-01-04,2024-01-04 10:57:17
CUST00588,David,Williams,  david.williams588@example.com ,United Kingdom,PENDING,2024-03-20,2024-03-20 00:47:44
CUST00589,Aisha,Miller,  aisha.miller589@example.com ,UK,PENDING,2024-12-21,2024-12-21 09:21:29
CUST00590,Kwame,Kim,  kwame.kim590@example.com ,canada,REJECTED,2025-02-13,2025-02-13 21:19:15
CUST00591,Carlos,Mensah,  carlos.mensah591@example.com ,UK,PENDING,2024-10-31,2024-10-31 21:33:02
CUST00592,Wei,Singh,  wei.singh592@example.com ,Canada,REJECTED,2024-05-14,2024-05-14 00:08:45
CUST00593,Noah,Williams,  noah.williams593@example.com ,canada,VERIFIED,2024-04-14,2024-04-14 00:58:02
CUST00594,Linda,Martinez,  linda.martinez594@example.com ,United Kingdom,PENDING,2024-03-31,2024-03-31 20:05:08
CUST00595,Robert,Lopez,  robert.lopez595@example.com ,india,REJECTED,2024-10-28,2024-10-28 17:28:48
CUST00596,Robert,Ivanov,  robert.ivanov596@example.com ,india,verified,2024-10-25,2024-10-25 00:52:19
CUST00597,Omar,Hassan,  omar.hassan597@example.com ,United Kingdom,pending,2024-05-14,2024-05-14 13:19:50
CUST00598,Elizabeth,Jones,  elizabeth.jones598@example.com ,canada,pending,2024-05-25,2024-05-25 07:46:13
CUST00599,Emma,Johnson,  emma.johnson599@example.com ,USA,pending,2024-10-05,2024-10-05 20:58:30
CUST00600,Robert,Miller,  robert.miller600@example.com ,Australia,,2024-10-25,2024-10-25 05:14:17
CUST00601,Omar,Nguyen,  omar.nguyen601@example.com ,india,,2025-01-16,2025-01-16 22:26:05
CUST00602,Yuki,Kim,  yuki.kim602@example.com , United States ,REJECTED,2024-05-09,2024-05-09 21:49:51
CUST00603,James,Davis,  james.davis603@example.com ,usa,PENDING,2024-08-14,2024-08-14 20:57:02
CUST00604,Linda,Hassan,  linda.hassan604@example.com ,United Kingdom,pending,2024-08-12,2024-08-12 05:12:16
CUST00605,Noah,Kim,  noah.kim605@example.com ,Australia,VERIFIED,2025-03-02,2025-03-02 23:38:19
CUST00606,Noah,Brown,  noah.brown606@example.com ,Nigeria,REJECTED,2024-07-27,2024-07-27 01:48:40
CUST00607,Mary,Singh,  mary.singh607@example.com ,Germany,pending,2025-02-28,2025-02-28 08:45:47
CUST00608,Patricia,Davis,  patricia.davis608@example.com ,usa,pending,2024-08-19,2024-08-19 05:41:48
CUST00609,David,Okafor,  david.okafor609@example.com ,Brazil,VERIFIED,2024-03-08,2024-03-08 13:28:50
CUST00610,Linda,Miller,  linda.miller610@example.com ,india,verified,2024-09-29,2024-09-29 08:13:57
CUST00611,Emma,Jones,  emma.jones611@example.com ,Germany,VERIFIED,2024-06-09,2024-06-09 11:40:10
CUST00612,Noah,Okafor,  noah.okafor612@example.com ,France,REJECTED,2025-02-17,2025-02-17 10:25:59
CUST00613,Liam,Garcia,  liam.garcia613@example.com ,Canada,PENDING,2024-09-08,2024-09-08 09:20:26
CUST00614,Noah,Rodriguez,  noah.rodriguez614@example.com ,UK,verified,2025-02-03,2025-02-03 13:23:25
CUST00615,Fatima,Johnson,  fatima.johnson615@example.com ,uk,,2024-08-03,2024-08-03 09:41:07
CUST00616,Robert,Davis,  robert.davis616@example.com ,canada,verified,2024-04-23,2024-04-23 14:10:31
CUST00617,Kwame,Khan,  kwame.khan617@example.com ,uk,REJECTED,2025-01-15,2025-01-15 04:10:19
CUST00618,Ava,Rodriguez,  ava.rodriguez618@example.com ,India,pending,2024-11-17,2024-11-17 17:42:55
CUST00619,John,Williams,  john.williams619@example.com ,Australia,,2024-11-08,2024-11-08 21:40:57
CUST00620,David,Okafor,  david.okafor620@example.com ,Japan,PENDING,2024-12-19,2024-12-19 04:08:28
CUST00621,Noah,Smith,  noah.smith621@example.com ,Brazil,,2024-03-13,2024-03-13 08:17:10
CUST00622,Kwame,Okafor,  kwame.okafor622@example.com ,India,verified,2024-02-19,2024-02-19 04:34:10
CUST00623,Fatima,Miller,  fatima.miller623@example.com ,France,PENDING,2025-01-19,2025-01-19 06:09:18
CUST00624,Elizabeth,Chen,  elizabeth.chen624@example.com ,uk,REJECTED,2025-03-01,2025-03-01 02:36:28
CUST00625,Omar,Chen,  omar.chen625@example.com ,usa,VERIFIED,2024-02-07,2024-02-07 14:24:50
CUST00626,Ava,Singh,  ava.singh626@example.com ,UK,verified,2024-01-13,2024-01-13 15:30:23
CUST00627,Yuki,Singh,  yuki.singh627@example.com ,india,verified,2024-01-01,2024-01-01 12:36:00
CUST00628,Robert,Martinez,  robert.martinez628@example.com ,France,VERIFIED,2024-05-03,2024-05-03 11:33:16
CUST00629,Ava,Okafor,  ava.okafor629@example.com , United States ,PENDING,2024-07-13,2024-07-13 11:35:40
CUST00630,Kwame,Garcia,  kwame.garcia630@example.com ,India,,2024-02-10,2024-02-10 05:23:05
CUST00631,Elizabeth,Davis,  elizabeth.davis631@example.com , United States ,,2024-11-29,2024-11-29 09:26:40
CUST00632,Patricia,Smith,  patricia.smith632@example.com ,Japan,VERIFIED,2024-06-14,2024-06-14 18:27:32
CUST00633,Robert,Ivanov,  robert.ivanov633@example.com ,Australia,,2024-06-24,2024-06-24 16:30:11
CUST00634,Yuki,Smith,  yuki.smith634@example.com ,canada,VERIFIED,2024-01-07,2024-01-07 06:17:49
CUST00635,Fatima,Jones,  fatima.jones635@example.com , United States ,verified,2025-01-06,2025-01-06 00:58:40
CUST00636,Carlos,Williams,  carlos.williams636@example.com ,UK,PENDING,2024-03-20,2024-03-20 13:22:51
CUST00637,Wei,Martinez,  wei.martinez637@example.com ,India,verified,2024-04-16,2024-04-16 12:16:31
CUST00638,Ava,Jones,  ava.jones638@example.com ,Australia,REJECTED,2024-02-23,2024-02-23 03:17:05
CUST00639,James,Mensah,  james.mensah639@example.com ,Brazil,PENDING,2024-05-07,2024-05-07 11:21:15
CUST00640,Michael,Jones,  michael.jones640@example.com ,Brazil,verified,2024-11-15,2024-11-15 18:49:43
CUST00641,John,Brown,  john.brown641@example.com ,UK,REJECTED,2024-04-18,2024-04-18 18:02:02
CUST00642,Carlos,Okafor,  carlos.okafor642@example.com ,canada,verified,2024-11-29,2024-11-29 12:23:10
CUST00643,Linda,Rodriguez,  linda.rodriguez643@example.com , germany,REJECTED,2024-03-06,2024-03-06 10:30:35
CUST00644,Emma,Mensah,  emma.mensah644@example.com ,USA,,2024-08-09,2024-08-09 07:18:31
CUST00645,Elizabeth,Miller,  elizabeth.miller645@example.com ,Australia,verified,2025-02-06,2025-02-06 03:32:35
CUST00646,Carlos,Martinez,  carlos.martinez646@example.com , germany,pending,2024-02-12,2024-02-12 09:14:32
CUST00647,Carlos,Brown,  carlos.brown647@example.com ,Japan,,2024-07-06,2024-07-06 06:05:22
CUST00648,Emma,Williams,  emma.williams648@example.com ,USA,PENDING,2025-02-14,2025-02-14 07:58:26
CUST00649,Aisha,Jones,  aisha.jones649@example.com ,india,PENDING,2024-10-27,2024-10-27 11:11:15
CUST00650,Liam,Garcia,  liam.garcia650@example.com , United States ,VERIFIED,2024-12-31,2024-12-31 20:20:56
CUST00651,Noah,Williams,  noah.williams651@example.com ,France,verified,2024-01-11,2024-01-11 17:07:41
CUST00652,Mary,Johnson,  mary.johnson652@example.com ,Australia,PENDING,2024-11-05,2024-11-05 02:47:31
CUST00653,Ava,Lopez,  ava.lopez653@example.com ,india,,2024-11-18,2024-11-18 16:12:49
CUST00654,Carlos,Williams,  carlos.williams654@example.com ,uk,PENDING,2025-02-20,2025-02-20 18:17:35
CUST00655,John,Martinez,  john.martinez655@example.com ,Australia,verified,2024-03-02,2024-03-02 09:04:07
CUST00656,Robert,Hassan,  robert.hassan656@example.com ,India,REJECTED,2024-09-10,2024-09-10 19:04:01
CUST00657,Ava,Williams,  ava.williams657@example.com ,india,,2024-08-28,2024-08-28 21:58:42
CUST00658,Linda,Johnson,  linda.johnson658@example.com , United States ,pending,2024-07-08,2024-07-08 21:25:58
CUST00659,Patricia,Singh,  patricia.singh659@example.com ,Canada,,2024-02-12,2024-02-12 17:48:28
CUST00660,Kwame,Garcia,  kwame.garcia660@example.com ,USA,,2024-04-02,2024-04-02 18:34:44
CUST00661,Robert,Smith,  robert.smith661@example.com ,Japan,PENDING,2024-05-07,2024-05-07 06:03:41
CUST00662,Sofia,Lopez,  sofia.lopez662@example.com ,United Kingdom,PENDING,2024-07-20,2024-07-20 08:42:49
CUST00663,Robert,Rodriguez,  robert.rodriguez663@example.com ,USA,PENDING,2024-04-01,2024-04-01 16:44:12
CUST00664,Fatima,Rodriguez,  fatima.rodriguez664@example.com , United States ,PENDING,2025-02-10,2025-02-10 21:21:01
CUST00665,Noah,Williams,  noah.williams665@example.com ,Brazil,REJECTED,2025-01-20,2025-01-20 08:51:39
CUST00666,Wei,Johnson,  wei.johnson666@example.com ,United Kingdom,PENDING,2025-01-23,2025-01-23 01:24:19
CUST00667,Jennifer,Rodriguez,  jennifer.rodriguez667@example.com ,UK,verified,2024-03-20,2024-03-20 22:17:11
CUST00668,Sofia,Smith,  sofia.smith668@example.com ,USA,verified,2024-02-04,2024-02-04 04:55:33
CUST00669,Mary,Kim,  mary.kim669@example.com ,India,verified,2024-10-09,2024-10-09 17:00:49
CUST00670,Jennifer,Johnson,  jennifer.johnson670@example.com , germany,PENDING,2024-11-21,2024-11-21 17:36:37
CUST00671,Linda,Nguyen,  linda.nguyen671@example.com ,France,VERIFIED,2024-09-05,2024-09-05 12:01:23
CUST00672,Noah,Okafor,  noah.okafor672@example.com ,Australia,,2024-04-02,2024-04-02 17:47:40
CUST00673,Mary,Garcia,  mary.garcia673@example.com ,Australia,VERIFIED,2024-06-22,2024-06-22 08:28:15
CUST00674,Carlos,Williams,  carlos.williams674@example.com ,Canada,PENDING,2024-12-27,2024-12-27 05:59:01
CUST00675,Aisha,Williams,  aisha.williams675@example.com ,USA,PENDING,2024-12-20,2024-12-20 18:21:57
CUST00676,Michael,Martinez,  michael.martinez676@example.com , germany,pending,2024-08-24,2024-08-24 01:16:48
CUST00677,Wei,Ivanov,  wei.ivanov677@example.com ,Germany,,2025-01-18,2025-01-18 04:54:34
CUST00678,Liam,Davis,  liam.davis678@example.com ,USA,pending,2024-04-26,2024-04-26 22:45:38
CUST00679,James,Davis,  james.davis679@example.com ,Nigeria,,2025-02-24,2025-02-24 15:08:03
CUST00680,James,Chen,  james.chen680@example.com ,India,,2024-01-02,2024-01-02 03:15:15
CUST00681,Elizabeth,Brown,  elizabeth.brown681@example.com ,Australia,verified,2024-06-08,2024-06-08 09:06:01
CUST00682,Fatima,Kim,  fatima.kim682@example.com ,uk,,2024-02-16,2024-02-16 12:31:30
CUST00683,David,Williams,  david.williams683@example.com , germany,REJECTED,2024-02-04,2024-02-04 02:21:36
CUST00684,Fatima,Okafor,  fatima.okafor684@example.com , United States ,REJECTED,2024-12-22,2024-12-22 02:16:37
CUST00685,Patricia,Lopez,  patricia.lopez685@example.com ,India,VERIFIED,2024-04-13,2024-04-13 16:52:42
CUST00686,Noah,Ivanov,  noah.ivanov686@example.com ,india,,2024-02-18,2024-02-18 09:02:12
CUST00687,Robert,Davis,  robert.davis687@example.com ,France,PENDING,2024-08-14,2024-08-14 13:14:06
CUST00688,Carlos,Chen,  carlos.chen688@example.com ,Brazil,PENDING,2024-09-04,2024-09-04 01:01:32
CUST00689,Linda,Williams,  linda.williams689@example.com ,uk,REJECTED,2024-06-06,2024-06-06 10:50:14
CUST00690,Patricia,Jones,  patricia.jones690@example.com ,United Kingdom,pending,2024-03-23,2024-03-23 01:36:11
CUST00691,Yuki,Chen,  yuki.chen691@example.com ,UK,REJECTED,2024-11-11,2024-11-11 17:56:35
CUST00692,Wei,Miller,  wei.miller692@example.com ,Canada,pending,2024-12-17,2024-12-17 00:20:41
CUST00693,David,Brown,  david.brown693@example.com ,United Kingdom,,2024-03-11,2024-03-11 05:34:03
CUST00694,Elizabeth,Mensah,  elizabeth.mensah694@example.com ,Germany,PENDING,2024-02-01,2024-02-01 07:48:07
CUST00695,Robert,Williams,  robert.williams695@example.com ,Nigeria,pending,2024-07-11,2024-07-11 19:08:00
CUST00696,Sofia,Johnson,  sofia.johnson696@example.com ,France,verified,2024-08-20,2024-08-20 02:47:40
CUST00697,James,Khan,  james.khan697@example.com , germany,VERIFIED,2024-12-17,2024-12-17 05:38:26
CUST00698,Yuki,Brown,  yuki.brown698@example.com ,UK,VERIFIED,2024-04-18,2024-04-18 13:55:52
CUST00699,Mary,Davis,  mary.davis699@example.com ,Germany,pending,2024-04-11,2024-04-11 12:42:31
CUST00700,Wei,Williams,  wei.williams700@example.com , United States ,VERIFIED,2024-07-20,2024-07-20 00:45:59
CUST00701,John,Miller,  john.miller701@example.com ,uk,VERIFIED,2024-12-10,2024-12-10 10:09:32
CUST00702,Aisha,Brown,  aisha.brown702@example.com ,Brazil,VERIFIED,2024-02-03,2024-02-03 03:55:01
CUST00703,Jennifer,Ivanov,  jennifer.ivanov703@example.com ,India,pending,2024-12-02,2024-12-02 10:37:12
CUST00704,James,Khan,  james.khan704@example.com ,United Kingdom,PENDING,2024-11-27,2024-11-27 09:35:37
CUST00705,Michael,Garcia,  michael.garcia705@example.com ,France,pending,2024-08-01,2024-08-01 14:01:54
CUST00706,Robert,Johnson,  robert.johnson706@example.com ,Canada,pending,2024-07-09,2024-07-09 21:45:37
CUST00707,Fatima,Hassan,  fatima.hassan707@example.com ,usa,VERIFIED,2025-01-07,2025-01-07 01:47:01
CUST00708,David,Khan,  david.khan708@example.com ,india,verified,2024-04-16,2024-04-16 14:15:53
CUST00709,Ava,Lopez,  ava.lopez709@example.com ,USA,pending,2024-07-12,2024-07-12 12:27:02
CUST00710,Wei,Kim,  wei.kim710@example.com ,Japan,PENDING,2025-02-26,2025-02-26 22:32:51
CUST00711,Noah,Lopez,  noah.lopez711@example.com ,India,PENDING,2024-09-06,2024-09-06 19:08:27
CUST00712,Jennifer,Smith,  jennifer.smith712@example.com , germany,VERIFIED,2024-09-04,2024-09-04 16:18:31
CUST00713,David,Johnson,  david.johnson713@example.com ,Australia,PENDING,2025-01-01,2025-01-01 08:50:03
CUST00714,Noah,Davis,  noah.davis714@example.com ,UK,verified,2024-05-03,2024-05-03 23:37:19
CUST00715,Kwame,Davis,  kwame.davis715@example.com ,usa,verified,2024-07-26,2024-07-26 00:25:24
CUST00716,Noah,Khan,  noah.khan716@example.com ,United Kingdom,verified,2024-10-02,2024-10-02 14:02:15
CUST00717,Linda,Ivanov,  linda.ivanov717@example.com ,Nigeria,REJECTED,2024-09-04,2024-09-04 00:01:51
CUST00718,James,Okafor,  james.okafor718@example.com ,Germany,pending,2024-04-20,2024-04-20 08:58:43
CUST00719,Liam,Martinez,  liam.martinez719@example.com ,Japan,VERIFIED,2024-05-16,2024-05-16 08:36:55
CUST00720,John,Johnson,  john.johnson720@example.com , germany,VERIFIED,2024-06-29,2024-06-29 16:24:49
CUST00721,Sofia,Kim,  sofia.kim721@example.com ,canada,REJECTED,2024-01-01,2024-01-01 12:44:28
CUST00722,Michael,Jones,  michael.jones722@example.com ,United Kingdom,PENDING,2024-09-21,2024-09-21 16:12:32
CUST00723,Mary,Smith,  mary.smith723@example.com ,uk,VERIFIED,2024-04-24,2024-04-24 17:33:05
CUST00724,Sofia,Okafor,  sofia.okafor724@example.com ,Nigeria,,2024-02-26,2024-02-26 08:05:13
CUST00725,Kwame,Khan,  kwame.khan725@example.com ,canada,PENDING,2024-03-19,2024-03-19 11:22:34
CUST00726,Aisha,Jones,  aisha.jones726@example.com ,india,,2024-05-02,2024-05-02 08:05:06
CUST00727,Omar,Chen,  omar.chen727@example.com ,Nigeria,verified,2024-05-15,2024-05-15 07:22:23
CUST00728,Kwame,Ivanov,  kwame.ivanov728@example.com ,India,PENDING,2024-05-16,2024-05-16 04:47:28
CUST00729,Elizabeth,Jones,  elizabeth.jones729@example.com ,USA,,2024-05-18,2024-05-18 00:43:21
CUST00730,Noah,Khan,  noah.khan730@example.com ,United Kingdom,REJECTED,2024-01-26,2024-01-26 03:39:29
CUST00731,Aisha,Mensah,  aisha.mensah731@example.com ,UK,pending,2024-06-20,2024-06-20 13:47:09
CUST00732,Robert,Chen,  robert.chen732@example.com , germany,PENDING,2024-03-01,2024-03-01 10:25:15
CUST00733,Aisha,Garcia,  aisha.garcia733@example.com ,canada,pending,2024-03-09,2024-03-09 21:58:21
CUST00734,James,Rodriguez,  james.rodriguez734@example.com , germany,,2024-06-11,2024-06-11 20:47:54
CUST00735,John,Okafor,  john.okafor735@example.com ,UK,,2024-07-18,2024-07-18 08:27:02
CUST00736,James,Johnson,  james.johnson736@example.com ,Brazil,,2024-10-26,2024-10-26 18:23:20
CUST00737,Fatima,Garcia,  fatima.garcia737@example.com ,Japan,pending,2024-11-17,2024-11-17 13:52:35
CUST00738,Wei,Hassan,  wei.hassan738@example.com ,UK,pending,2024-10-18,2024-10-18 12:59:09
CUST00739,Noah,Davis,  noah.davis739@example.com ,Brazil,VERIFIED,2024-05-06,2024-05-06 08:08:13
CUST00740,Mary,Martinez,  mary.martinez740@example.com ,canada,PENDING,2024-01-16,2024-01-16 14:16:51
CUST00741,Patricia,Williams,  patricia.williams741@example.com ,United Kingdom,pending,2024-09-22,2024-09-22 11:46:00
CUST00742,Jennifer,Williams,  jennifer.williams742@example.com , United States ,PENDING,2025-02-28,2025-02-28 21:40:52
CUST00743,Emma,Mensah,  emma.mensah743@example.com ,USA,pending,2025-01-09,2025-01-09 22:51:57
CUST00744,Ava,Garcia,  ava.garcia744@example.com ,United Kingdom,VERIFIED,2024-12-03,2024-12-03 06:04:54
CUST00745,Patricia,Chen,  patricia.chen745@example.com ,Germany,pending,2024-06-08,2024-06-08 15:44:18
CUST00746,Liam,Hassan,  liam.hassan746@example.com ,Canada,PENDING,2024-07-25,2024-07-25 00:53:37
CUST00747,Linda,Brown,  linda.brown747@example.com ,India,REJECTED,2024-02-08,2024-02-08 13:16:18
CUST00748,Liam,Kim,  liam.kim748@example.com ,usa,PENDING,2024-04-29,2024-04-29 07:07:26
CUST00749,James,Nguyen,  james.nguyen749@example.com ,Canada,,2024-03-09,2024-03-09 01:30:39
CUST00750,Ava,Mensah,  ava.mensah750@example.com ,Germany,VERIFIED,2025-01-08,2025-01-08 01:58:13
CUST00751,James,Miller,  james.miller751@example.com ,Canada,VERIFIED,2024-05-12,2024-05-12 16:32:34
CUST00752,Omar,Brown,  omar.brown752@example.com ,India,pending,2024-08-27,2024-08-27 12:07:26
CUST00753,Omar,Rodriguez,  omar.rodriguez753@example.com ,India,verified,2024-03-11,2024-03-11 18:54:52
CUST00754,Wei,Khan,  wei.khan754@example.com ,United Kingdom,pending,2024-10-13,2024-10-13 22:08:46
CUST00755,Mary,Rodriguez,  mary.rodriguez755@example.com ,Brazil,PENDING,2024-12-07,2024-12-07 13:21:20
CUST00756,Linda,Rodriguez,  linda.rodriguez756@example.com ,uk,,2024-02-17,2024-02-17 21:02:28
CUST00757,Kwame,Brown,  kwame.brown757@example.com ,Nigeria,REJECTED,2024-03-07,2024-03-07 13:42:00
CUST00758,Fatima,Ivanov,  fatima.ivanov758@example.com ,usa,pending,2024-06-25,2024-06-25 17:08:42
CUST00759,Sofia,Nguyen,  sofia.nguyen759@example.com ,Japan,REJECTED,2025-02-19,2025-02-19 22:42:43
CUST00760,Linda,Kim,  linda.kim760@example.com , United States ,pending,2024-08-20,2024-08-20 03:00:25
CUST00761,Mary,Lopez,  mary.lopez761@example.com ,uk,VERIFIED,2025-02-05,2025-02-05 10:10:28
CUST00762,Yuki,Garcia,  yuki.garcia762@example.com ,Germany,verified,2024-05-09,2024-05-09 20:10:38
CUST00763,Robert,Johnson,  robert.johnson763@example.com , United States ,,2024-11-24,2024-11-24 20:16:48
CUST00764,Fatima,Miller,  fatima.miller764@example.com ,France,PENDING,2024-04-24,2024-04-24 20:39:01
CUST00765,John,Williams,  john.williams765@example.com ,India,REJECTED,2024-10-28,2024-10-28 10:41:33
CUST00766,Aisha,Rodriguez,  aisha.rodriguez766@example.com ,Brazil,VERIFIED,2025-02-07,2025-02-07 15:41:23
CUST00767,Emma,Ivanov,  emma.ivanov767@example.com ,india,VERIFIED,2025-02-09,2025-02-09 21:15:42
CUST00768,Fatima,Jones,  fatima.jones768@example.com ,UK,VERIFIED,2024-04-25,2024-04-25 02:38:36
CUST00769,Noah,Brown,  noah.brown769@example.com ,Nigeria,pending,2024-08-10,2024-08-10 05:09:26
CUST00770,David,Khan,  david.khan770@example.com ,Japan,VERIFIED,2025-01-12,2025-01-12 03:57:23
CUST00771,Jennifer,Rodriguez,  jennifer.rodriguez771@example.com ,uk,REJECTED,2024-11-08,2024-11-08 23:58:44
CUST00772,Emma,Khan,  emma.khan772@example.com ,India,PENDING,2024-01-31,2024-01-31 02:57:31
CUST00773,Linda,Johnson,  linda.johnson773@example.com ,France,PENDING,2025-01-04,2025-01-04 02:42:32
CUST00774,James,Chen,  james.chen774@example.com ,Canada,PENDING,2024-08-23,2024-08-23 09:21:13
CUST00775,Omar,Brown,  omar.brown775@example.com ,uk,PENDING,2024-06-26,2024-06-26 01:26:03
CUST00776,Yuki,Chen,  yuki.chen776@example.com ,india,REJECTED,2024-07-28,2024-07-28 06:21:08
CUST00777,Ava,Williams,  ava.williams777@example.com ,Brazil,verified,2024-05-25,2024-05-25 23:22:30
CUST00778,Fatima,Kim,  fatima.kim778@example.com ,Nigeria,VERIFIED,2025-02-05,2025-02-05 04:17:03
CUST00779,Sofia,Garcia,  sofia.garcia779@example.com ,Canada,,2024-02-20,2024-02-20 23:11:20
CUST00780,Sofia,Khan,  sofia.khan780@example.com ,Australia,REJECTED,2024-04-15,2024-04-15 08:41:45
CUST00781,James,Garcia,  james.garcia781@example.com ,Germany,VERIFIED,2024-05-29,2024-05-29 17:22:15
CUST00782,Linda,Johnson,  linda.johnson782@example.com ,usa,PENDING,2024-12-20,2024-12-20 12:49:11
CUST00783,Michael,Rodriguez,  michael.rodriguez783@example.com ,Brazil,REJECTED,2024-10-13,2024-10-13 02:34:39
CUST00784,Carlos,Brown,  carlos.brown784@example.com , germany,PENDING,2024-01-24,2024-01-24 17:44:21
CUST00785,Omar,Mensah,  omar.mensah785@example.com ,United Kingdom,pending,2024-12-12,2024-12-12 11:58:14
CUST00786,Noah,Hassan,  noah.hassan786@example.com ,Nigeria,verified,2024-09-28,2024-09-28 15:59:49
CUST00787,David,Williams,  david.williams787@example.com ,USA,pending,2024-08-09,2024-08-09 10:04:42
CUST00788,Mary,Garcia,  mary.garcia788@example.com , germany,,2024-06-15,2024-06-15 11:11:16
CUST00789,Linda,Miller,  linda.miller789@example.com ,india,REJECTED,2024-07-28,2024-07-28 00:04:53
CUST00790,James,Smith,  james.smith790@example.com ,uk,,2025-01-03,2025-01-03 05:48:44
CUST00791,Jennifer,Mensah,  jennifer.mensah791@example.com , germany,PENDING,2024-01-07,2024-01-07 13:46:31
CUST00792,Emma,Martinez,  emma.martinez792@example.com ,india,pending,2024-08-01,2024-08-01 21:25:42
CUST00793,Wei,Singh,  wei.singh793@example.com ,Germany,pending,2024-07-14,2024-07-14 17:35:47
CUST00794,Elizabeth,Lopez,  elizabeth.lopez794@example.com ,UK,VERIFIED,2024-11-04,2024-11-04 11:27:35
CUST00795,Sofia,Okafor,  sofia.okafor795@example.com ,Canada,,2024-08-07,2024-08-07 13:28:44
CUST00796,Patricia,Kim,  patricia.kim796@example.com ,canada,PENDING,2024-02-19,2024-02-19 14:00:32
CUST00797,Ava,Chen,  ava.chen797@example.com ,France,,2024-08-03,2024-08-03 01:30:33
CUST00798,Ava,Martinez,  ava.martinez798@example.com ,uk,REJECTED,2024-05-26,2024-05-26 07:17:11
CUST00799,Linda,Johnson,  linda.johnson799@example.com ,canada,,2024-11-09,2024-11-09 20:56:26
CUST00800,Robert,Smith,  robert.smith800@example.com ,Canada,PENDING,2025-01-21,2025-01-21 07:42:05
CUST00801,Fatima,Khan,  fatima.khan801@example.com ,usa,REJECTED,2024-10-28,2024-10-28 13:58:08
CUST00802,Noah,Miller,  noah.miller802@example.com , germany,,2024-09-23,2024-09-23 13:05:50
CUST00803,Liam,Kim,  liam.kim803@example.com ,Australia,PENDING,2024-10-05,2024-10-05 10:52:15
CUST00804,Jennifer,Hassan,  jennifer.hassan804@example.com ,Canada,VERIFIED,2024-05-20,2024-05-20 16:37:01
CUST00805,Omar,Jones,  omar.jones805@example.com ,United Kingdom,,2024-07-19,2024-07-19 21:37:11
CUST00806,Aisha,Williams,  aisha.williams806@example.com ,Nigeria,verified,2024-06-21,2024-06-21 15:06:20
CUST00807,Elizabeth,Nguyen,  elizabeth.nguyen807@example.com ,Nigeria,PENDING,2024-09-14,2024-09-14 08:11:56
CUST00808,Noah,Martinez,  noah.martinez808@example.com ,UK,pending,2024-12-26,2024-12-26 05:07:28
CUST00809,Mary,Ivanov,  mary.ivanov809@example.com ,Japan,verified,2024-02-25,2024-02-25 07:33:27
CUST00810,Sofia,Brown,  sofia.brown810@example.com ,Australia,PENDING,2024-10-23,2024-10-23 10:49:47
CUST00811,Fatima,Johnson,  fatima.johnson811@example.com ,uk,verified,2024-04-27,2024-04-27 02:42:50
CUST00812,Aisha,Nguyen,  aisha.nguyen812@example.com ,uk,PENDING,2024-12-21,2024-12-21 09:44:59
CUST00813,Jennifer,Williams,  jennifer.williams813@example.com ,canada,,2025-01-13,2025-01-13 17:09:56
CUST00814,Jennifer,Chen,  jennifer.chen814@example.com ,USA,pending,2024-02-15,2024-02-15 01:27:06
CUST00815,David,Miller,  david.miller815@example.com ,United Kingdom,pending,2024-05-10,2024-05-10 23:02:20
CUST00816,John,Jones,  john.jones816@example.com ,india,pending,2024-12-02,2024-12-02 20:58:00
CUST00817,Fatima,Kim,  fatima.kim817@example.com ,USA,VERIFIED,2024-10-24,2024-10-24 17:32:09
CUST00818,Liam,Miller,  liam.miller818@example.com ,USA,PENDING,2024-10-16,2024-10-16 19:06:51
CUST00819,Sofia,Miller,  sofia.miller819@example.com ,USA,,2024-01-14,2024-01-14 21:58:50
CUST00820,Linda,Davis,  linda.davis820@example.com ,Canada,verified,2024-09-24,2024-09-24 11:08:42
CUST00821,Patricia,Khan,  patricia.khan821@example.com ,Canada,verified,2025-01-25,2025-01-25 22:52:19
CUST00822,John,Johnson,  john.johnson822@example.com ,Canada,pending,2024-08-19,2024-08-19 14:53:34
CUST00823,Sofia,Mensah,  sofia.mensah823@example.com ,canada,pending,2025-02-11,2025-02-11 02:15:39
CUST00824,Kwame,Jones,  kwame.jones824@example.com ,Japan,PENDING,2024-09-23,2024-09-23 05:00:11
CUST00825,Michael,Garcia,  michael.garcia825@example.com ,USA,verified,2024-11-09,2024-11-09 07:45:55
CUST00826,Linda,Jones,  linda.jones826@example.com ,USA,REJECTED,2024-06-13,2024-06-13 00:52:16
CUST00827,Sofia,Garcia,  sofia.garcia827@example.com ,Nigeria,,2024-04-05,2024-04-05 15:54:20
CUST00828,Ava,Johnson,  ava.johnson828@example.com ,France,REJECTED,2024-10-18,2024-10-18 10:05:37
CUST00829,Emma,Johnson,  emma.johnson829@example.com ,UK,,2024-02-07,2024-02-07 06:02:46
CUST00830,James,Johnson,  james.johnson830@example.com ,india,pending,2024-03-30,2024-03-30 22:28:43
CUST00831,Carlos,Brown,  carlos.brown831@example.com ,France,pending,2025-03-01,2025-03-01 02:04:59
CUST00832,Robert,Miller,  robert.miller832@example.com ,Canada,pending,2024-01-08,2024-01-08 05:26:57
CUST00833,Kwame,Brown,  kwame.brown833@example.com ,France,REJECTED,2025-02-08,2025-02-08 03:16:01
CUST00834,Emma,Jones,  emma.jones834@example.com ,UK,REJECTED,2024-11-21,2024-11-21 07:28:40
CUST00835,Emma,Brown,  emma.brown835@example.com ,UK,VERIFIED,2024-08-07,2024-08-07 14:02:10
CUST00836,Omar,Miller,  omar.miller836@example.com ,France,REJECTED,2024-06-04,2024-06-04 03:35:54
CUST00837,Michael,Okafor,  michael.okafor837@example.com ,Canada,verified,2024-11-14,2024-11-14 06:24:35
CUST00838,Mary,Hassan,  mary.hassan838@example.com ,Germany,,2025-01-20,2025-01-20 12:43:20
CUST00839,Omar,Chen,  omar.chen839@example.com ,USA,VERIFIED,2024-07-01,2024-07-01 03:29:42
CUST00840,Kwame,Williams,  kwame.williams840@example.com ,Japan,verified,2024-03-26,2024-03-26 18:34:53
CUST00841,John,Lopez,  john.lopez841@example.com ,UK,PENDING,2024-02-28,2024-02-28 07:00:00
CUST00842,Ava,Davis,  ava.davis842@example.com ,Canada,PENDING,2024-12-20,2024-12-20 18:27:36
CUST00843,Yuki,Johnson,  yuki.johnson843@example.com ,United Kingdom,VERIFIED,2024-03-18,2024-03-18 12:34:22
CUST00844,Elizabeth,Okafor,  elizabeth.okafor844@example.com ,india,,2024-08-30,2024-08-30 21:16:58
CUST00845,Patricia,Brown,  patricia.brown845@example.com ,USA,verified,2024-02-05,2024-02-05 15:26:04
CUST00846,Kwame,Garcia,  kwame.garcia846@example.com ,Nigeria,pending,2024-09-12,2024-09-12 06:40:54
CUST00847,Emma,Rodriguez,  emma.rodriguez847@example.com ,Nigeria,PENDING,2024-03-13,2024-03-13 04:44:17
CUST00848,Jennifer,Brown,  jennifer.brown848@example.com ,India,pending,2024-11-07,2024-11-07 07:02:03
CUST00849,David,Khan,  david.khan849@example.com ,india,,2025-01-06,2025-01-06 11:07:59
CUST00850,Jennifer,Brown,  jennifer.brown850@example.com ,usa,verified,2024-04-12,2024-04-12 22:11:41
CUST00851,Patricia,Nguyen,  patricia.nguyen851@example.com ,Brazil,verified,2025-01-09,2025-01-09 21:42:40
CUST00852,Emma,Khan,  emma.khan852@example.com ,USA,,2024-10-05,2024-10-05 12:46:05
CUST00853,Robert,Kim,  robert.kim853@example.com ,UK,pending,2025-01-14,2025-01-14 03:16:05
CUST00854,Yuki,Johnson,  yuki.johnson854@example.com ,France,,2024-02-19,2024-02-19 04:40:10
CUST00855,Aisha,Smith,  aisha.smith855@example.com , germany,,2025-02-11,2025-02-11 15:18:53
CUST00856,Aisha,Lopez,  aisha.lopez856@example.com ,UK,pending,2025-02-10,2025-02-10 07:20:59
CUST00857,Kwame,Davis,  kwame.davis857@example.com ,Nigeria,,2025-01-09,2025-01-09 07:49:13
CUST00858,Kwame,Khan,  kwame.khan858@example.com ,usa,VERIFIED,2024-04-25,2024-04-25 11:07:11
CUST00859,Ava,Garcia,  ava.garcia859@example.com ,Japan,pending,2025-01-27,2025-01-27 16:27:45
CUST00860,Jennifer,Williams,  jennifer.williams860@example.com ,canada,verified,2025-01-16,2025-01-16 20:58:56
CUST00861,Aisha,Rodriguez,  aisha.rodriguez861@example.com ,Australia,verified,2024-02-09,2024-02-09 02:36:19
CUST00862,Liam,Khan,  liam.khan862@example.com , germany,VERIFIED,2024-11-09,2024-11-09 05:37:40
CUST00863,Yuki,Singh,  yuki.singh863@example.com , United States ,pending,2024-12-14,2024-12-14 01:09:47
CUST00864,Yuki,Chen,  yuki.chen864@example.com ,Japan,,2024-04-02,2024-04-02 04:51:21
CUST00865,Ava,Smith,  ava.smith865@example.com ,India,pending,2024-03-20,2024-03-20 17:24:36
CUST00866,Mary,Hassan,  mary.hassan866@example.com ,USA,VERIFIED,2025-03-02,2025-03-02 11:56:36
CUST00867,Emma,Mensah,  emma.mensah867@example.com ,Australia,REJECTED,2024-08-24,2024-08-24 14:07:02
CUST00868,Michael,Singh,  michael.singh868@example.com ,Nigeria,VERIFIED,2024-09-21,2024-09-21 17:58:58
CUST00869,Linda,Singh,  linda.singh869@example.com ,Japan,,2024-09-14,2024-09-14 20:25:05
CUST00870,Kwame,Okafor,  kwame.okafor870@example.com ,UK,VERIFIED,2024-12-17,2024-12-17 11:48:59
CUST00871,Kwame,Davis,  kwame.davis871@example.com ,canada,PENDING,2024-01-02,2024-01-02 16:57:14
CUST00872,Ava,Martinez,  ava.martinez872@example.com ,Australia,PENDING,2025-03-01,2025-03-01 09:41:32
CUST00873,Patricia,Johnson,  patricia.johnson873@example.com ,Japan,verified,2024-05-07,2024-05-07 12:04:40
CUST00874,Fatima,Brown,  fatima.brown874@example.com ,Germany,verified,2024-07-16,2024-07-16 12:17:46
CUST00875,Patricia,Khan,  patricia.khan875@example.com ,Brazil,verified,2024-06-16,2024-06-16 10:52:46
CUST00876,Aisha,Brown,  aisha.brown876@example.com ,usa,,2024-11-17,2024-11-17 22:17:14
CUST00877,Kwame,Ivanov,  kwame.ivanov877@example.com ,Brazil,pending,2024-04-05,2024-04-05 16:58:19
CUST00878,Kwame,Ivanov,  kwame.ivanov878@example.com ,uk,pending,2025-01-26,2025-01-26 14:55:26
CUST00879,James,Lopez,  james.lopez879@example.com ,india,REJECTED,2024-02-07,2024-02-07 17:26:25
CUST00880,Omar,Lopez,  omar.lopez880@example.com ,United Kingdom,,2024-05-17,2024-05-17 15:17:34
CUST00881,Robert,Brown,  robert.brown881@example.com ,canada,REJECTED,2024-10-27,2024-10-27 21:45:48
CUST00882,Carlos,Nguyen,  carlos.nguyen882@example.com ,France,pending,2024-07-11,2024-07-11 19:30:23
CUST00883,Aisha,Martinez,  aisha.martinez883@example.com ,uk,verified,2024-12-17,2024-12-17 17:39:20
CUST00884,Fatima,Mensah,  fatima.mensah884@example.com ,Canada,,2025-02-01,2025-02-01 21:51:50
CUST00885,Liam,Chen,  liam.chen885@example.com ,Germany,verified,2024-06-17,2024-06-17 19:33:32
CUST00886,Emma,Martinez,  emma.martinez886@example.com ,uk,,2024-09-25,2024-09-25 04:44:19
CUST00887,Ava,Garcia,  ava.garcia887@example.com ,canada,,2025-01-26,2025-01-26 09:15:16
CUST00888,Patricia,Okafor,  patricia.okafor888@example.com ,india,,2025-01-08,2025-01-08 02:44:39
CUST00889,Liam,Martinez,  liam.martinez889@example.com ,USA,REJECTED,2024-11-24,2024-11-24 01:51:09
CUST00890,Patricia,Smith,  patricia.smith890@example.com ,uk,VERIFIED,2024-10-22,2024-10-22 19:56:14
CUST00891,Kwame,Johnson,  kwame.johnson891@example.com ,France,verified,2024-06-04,2024-06-04 06:27:04
CUST00892,Elizabeth,Rodriguez,  elizabeth.rodriguez892@example.com ,usa,,2024-04-23,2024-04-23 17:37:22
CUST00893,Elizabeth,Miller,  elizabeth.miller893@example.com ,usa,PENDING,2025-02-24,2025-02-24 08:10:44
CUST00894,Yuki,Brown,  yuki.brown894@example.com ,India,verified,2024-06-23,2024-06-23 05:23:33
CUST00895,Sofia,Martinez,  sofia.martinez895@example.com ,India,pending,2024-02-06,2024-02-06 11:46:06
CUST00896,Fatima,Chen,  fatima.chen896@example.com ,USA,,2024-02-11,2024-02-11 18:56:44
CUST00897,David,Miller,  david.miller897@example.com , germany,,2024-12-10,2024-12-10 03:18:31
CUST00898,Ava,Okafor,  ava.okafor898@example.com ,Germany,,2025-02-28,2025-02-28 13:38:40
CUST00899,Michael,Martinez,  michael.martinez899@example.com ,United Kingdom,,2024-12-14,2024-12-14 14:30:59
CUST00900,John,Garcia,  john.garcia900@example.com ,Australia,VERIFIED,2024-05-14,2024-05-14 23:46:33
CUST00901,Carlos,Johnson,  carlos.johnson901@example.com ,France,REJECTED,2024-11-28,2024-11-28 19:57:52
CUST00902,David,Jones,  david.jones902@example.com ,France,VERIFIED,2024-05-04,2024-05-04 23:55:52
CUST00903,Aisha,Singh,  aisha.singh903@example.com ,usa,verified,2024-04-30,2024-04-30 05:47:14
CUST00904,Aisha,Mensah,  aisha.mensah904@example.com ,Canada,pending,2024-02-09,2024-02-09 12:00:50
CUST00905,Noah,Hassan,  noah.hassan905@example.com , United States ,,2024-10-05,2024-10-05 03:11:57
CUST00906,Aisha,Lopez,  aisha.lopez906@example.com ,United Kingdom,REJECTED,2024-06-19,2024-06-19 20:23:20
CUST00907,John,Lopez,  john.lopez907@example.com ,india,REJECTED,2024-05-03,2024-05-03 18:52:52
CUST00908,Liam,Khan,  liam.khan908@example.com ,Nigeria,verified,2024-03-12,2024-03-12 09:59:21
CUST00909,Michael,Chen,  michael.chen909@example.com ,Nigeria,PENDING,2024-09-14,2024-09-14 03:31:39
CUST00910,Michael,Mensah,  michael.mensah910@example.com ,Japan,REJECTED,2025-02-16,2025-02-16 01:12:58
CUST00911,Ava,Smith,  ava.smith911@example.com ,Nigeria,pending,2024-03-30,2024-03-30 02:34:19
CUST00912,Linda,Mensah,  linda.mensah912@example.com ,usa,,2024-07-08,2024-07-08 09:16:03
CUST00913,Aisha,Khan,  aisha.khan913@example.com ,India,PENDING,2024-03-29,2024-03-29 01:26:42
CUST00914,Liam,Martinez,  liam.martinez914@example.com ,Australia,PENDING,2024-01-20,2024-01-20 04:32:53
CUST00915,Sofia,Lopez,  sofia.lopez915@example.com ,Japan,VERIFIED,2024-12-12,2024-12-12 01:46:57
CUST00916,Elizabeth,Miller,  elizabeth.miller916@example.com ,Australia,VERIFIED,2024-09-05,2024-09-05 19:03:45
CUST00917,Patricia,Garcia,  patricia.garcia917@example.com ,USA,,2025-02-21,2025-02-21 20:34:39
CUST00918,John,Miller,  john.miller918@example.com ,india,VERIFIED,2024-06-14,2024-06-14 13:52:20
CUST00919,Michael,Hassan,  michael.hassan919@example.com , United States ,,2024-12-04,2024-12-04 01:25:11
CUST00920,Kwame,Jones,  kwame.jones920@example.com ,Brazil,,2024-01-19,2024-01-19 10:47:13
CUST00921,Aisha,Johnson,  aisha.johnson921@example.com , United States ,VERIFIED,2024-03-08,2024-03-08 23:30:28
CUST00922,Jennifer,Rodriguez,  jennifer.rodriguez922@example.com , germany,PENDING,2024-02-24,2024-02-24 17:08:08
CUST00923,Fatima,Khan,  fatima.khan923@example.com ,India,pending,2024-12-16,2024-12-16 09:35:30
CUST00924,Aisha,Smith,  aisha.smith924@example.com ,UK,REJECTED,2024-10-29,2024-10-29 12:50:27
CUST00925,James,Mensah,  james.mensah925@example.com ,usa,,2024-02-19,2024-02-19 02:50:02
CUST00926,John,Okafor,  john.okafor926@example.com ,UK,PENDING,2025-01-25,2025-01-25 13:33:36
CUST00927,Kwame,Martinez,  kwame.martinez927@example.com ,Canada,pending,2024-03-08,2024-03-08 04:34:27
CUST00928,Carlos,Khan,  carlos.khan928@example.com ,Japan,verified,2024-01-24,2024-01-24 22:30:38
CUST00929,Liam,Davis,  liam.davis929@example.com ,India,REJECTED,2024-04-15,2024-04-15 22:20:04
CUST00930,Elizabeth,Jones,  elizabeth.jones930@example.com ,Nigeria,VERIFIED,2024-08-19,2024-08-19 12:10:33
CUST00931,Liam,Hassan,  liam.hassan931@example.com ,UK,VERIFIED,2024-04-19,2024-04-19 19:23:59
CUST00932,James,Ivanov,  james.ivanov932@example.com , United States ,PENDING,2024-11-02,2024-11-02 02:12:55
CUST00933,Michael,Okafor,  michael.okafor933@example.com ,india,,2024-06-13,2024-06-13 11:03:45
CUST00934,Sofia,Jones,  sofia.jones934@example.com ,United Kingdom,verified,2024-05-05,2024-05-05 00:24:24
CUST00935,Emma,Rodriguez,  emma.rodriguez935@example.com ,UK,verified,2024-05-30,2024-05-30 22:30:11
CUST00936,Kwame,Ivanov,  kwame.ivanov936@example.com ,Brazil,,2024-02-12,2024-02-12 05:52:17
CUST00937,Liam,Williams,  liam.williams937@example.com , United States ,PENDING,2024-08-13,2024-08-13 18:09:30
CUST00938,Patricia,Miller,  patricia.miller938@example.com ,canada,PENDING,2025-01-13,2025-01-13 09:53:14
CUST00939,Robert,Davis,  robert.davis939@example.com ,Canada,REJECTED,2024-03-18,2024-03-18 16:58:30
CUST00940,John,Miller,  john.miller940@example.com ,Japan,pending,2024-09-03,2024-09-03 19:57:33
CUST00941,Aisha,Mensah,  aisha.mensah941@example.com ,uk,REJECTED,2024-08-25,2024-08-25 10:12:14
CUST00942,Noah,Okafor,  noah.okafor942@example.com ,india,verified,2024-09-02,2024-09-02 16:52:38
CUST00943,James,Chen,  james.chen943@example.com , germany,,2024-07-10,2024-07-10 05:02:13
CUST00944,Ava,Nguyen,  ava.nguyen944@example.com ,Nigeria,verified,2024-08-02,2024-08-02 21:41:09
CUST00945,Kwame,Chen,  kwame.chen945@example.com ,Brazil,pending,2025-01-07,2025-01-07 18:59:25
CUST00946,Wei,Martinez,  wei.martinez946@example.com ,UK,verified,2025-01-13,2025-01-13 05:48:16
CUST00947,Ava,Mensah,  ava.mensah947@example.com ,France,verified,2024-03-04,2024-03-04 16:06:01
CUST00948,Liam,Miller,  liam.miller948@example.com , United States ,,2024-07-23,2024-07-23 11:02:58
CUST00949,John,Smith,  john.smith949@example.com ,USA,REJECTED,2025-01-28,2025-01-28 22:29:20
CUST00950,Noah,Khan,  noah.khan950@example.com ,usa,REJECTED,2024-06-14,2024-06-14 06:08:47
CUST00951,David,Hassan,  david.hassan951@example.com ,Japan,,2025-02-23,2025-02-23 04:18:38
CUST00952,Robert,Okafor,  robert.okafor952@example.com , germany,REJECTED,2024-10-31,2024-10-31 20:41:58
CUST00953,Elizabeth,Jones,  elizabeth.jones953@example.com ,Australia,REJECTED,2024-12-26,2024-12-26 22:39:25
CUST00954,John,Khan,  john.khan954@example.com ,Australia,VERIFIED,2024-10-09,2024-10-09 14:56:44
CUST00955,Kwame,Davis,  kwame.davis955@example.com ,Australia,verified,2024-05-08,2024-05-08 19:32:52
CUST00956,Yuki,Garcia,  yuki.garcia956@example.com ,uk,,2024-05-19,2024-05-19 03:30:29
CUST00957,Omar,Okafor,  omar.okafor957@example.com , germany,pending,2024-02-01,2024-02-01 09:28:48
CUST00958,Linda,Williams,  linda.williams958@example.com ,Nigeria,verified,2024-07-24,2024-07-24 07:58:25
CUST00959,Mary,Miller,  mary.miller959@example.com ,Nigeria,pending,2025-02-06,2025-02-06 06:04:49
CUST00960,Omar,Singh,  omar.singh960@example.com ,usa,,2024-02-06,2024-02-06 01:39:25
CUST00961,Aisha,Brown,  aisha.brown961@example.com ,France,,2025-02-08,2025-02-08 23:05:43
CUST00962,David,Ivanov,  david.ivanov962@example.com ,United Kingdom,pending,2025-02-26,2025-02-26 19:25:14
CUST00963,Ava,Khan,  ava.khan963@example.com , United States ,REJECTED,2024-10-10,2024-10-10 17:37:31
CUST00964,David,Khan,  david.khan964@example.com ,Australia,pending,2024-06-22,2024-06-22 03:08:35
CUST00965,Wei,Okafor,  wei.okafor965@example.com ,Japan,REJECTED,2025-01-13,2025-01-13 03:45:26
CUST00966,James,Lopez,  james.lopez966@example.com ,Brazil,verified,2024-04-17,2024-04-17 22:33:25
CUST00967,Linda,Williams,  linda.williams967@example.com ,France,verified,2025-02-03,2025-02-03 15:44:40
CUST00968,Robert,Garcia,  robert.garcia968@example.com ,Nigeria,REJECTED,2024-05-02,2024-05-02 05:21:13
CUST00969,Patricia,Davis,  patricia.davis969@example.com ,canada,,2024-11-18,2024-11-18 00:57:33
CUST00970,Patricia,Kim,  patricia.kim970@example.com ,Japan,verified,2025-01-06,2025-01-06 21:45:06
CUST00971,Noah,Garcia,  noah.garcia971@example.com ,USA,verified,2024-11-15,2024-11-15 03:42:59
CUST00972,Mary,Jones,  mary.jones972@example.com ,uk,,2024-05-05,2024-05-05 03:39:53
CUST00973,Sofia,Johnson,  sofia.johnson973@example.com ,usa,verified,2024-04-24,2024-04-24 01:45:50
CUST00974,David,Garcia,  david.garcia974@example.com ,India,REJECTED,2025-02-05,2025-02-05 06:52:49
CUST00975,Noah,Smith,  noah.smith975@example.com , United States ,verified,2024-08-08,2024-08-08 03:58:37
CUST00976,Yuki,Mensah,  yuki.mensah976@example.com ,Japan,verified,2025-01-01,2025-01-01 03:47:01
CUST00977,Linda,Nguyen,  linda.nguyen977@example.com ,United Kingdom,REJECTED,2024-04-20,2024-04-20 20:20:49
CUST00978,Kwame,Lopez,  kwame.lopez978@example.com ,United Kingdom,,2024-07-24,2024-07-24 11:01:23
CUST00979,Kwame,Chen,  kwame.chen979@example.com , United States ,verified,2024-12-18,2024-12-18 05:17:46
CUST00980,Carlos,Khan,  carlos.khan980@example.com ,UK,VERIFIED,2024-04-12,2024-04-12 16:37:57
CUST00981,Michael,Lopez,  michael.lopez981@example.com ,india,verified,2025-01-26,2025-01-26 17:56:34
CUST00982,Emma,Brown,  emma.brown982@example.com ,Japan,REJECTED,2024-05-17,2024-05-17 19:23:21
CUST00983,Emma,Johnson,  emma.johnson983@example.com ,Australia,VERIFIED,2025-02-16,2025-02-16 18:34:20
CUST00984,John,Kim,  john.kim984@example.com ,USA,,2024-04-11,2024-04-11 05:30:20
CUST00985,Ava,Nguyen,  ava.nguyen985@example.com ,india,PENDING,2025-02-09,2025-02-09 11:36:35
CUST00986,Mary,Lopez,  mary.lopez986@example.com , germany,pending,2024-11-29,2024-11-29 04:19:27
CUST00987,Carlos,Okafor,  carlos.okafor987@example.com ,india,verified,2024-03-16,2024-03-16 21:34:30
CUST00988,David,Kim,  david.kim988@example.com , United States ,PENDING,2024-06-29,2024-06-29 14:21:15
CUST00989,Emma,Hassan,  emma.hassan989@example.com ,France,verified,2024-11-13,2024-11-13 09:43:36
CUST00990,James,Smith,  james.smith990@example.com ,UK,REJECTED,2025-02-09,2025-02-09 20:51:48
CUST00991,James,Khan,  james.khan991@example.com ,canada,pending,2024-06-08,2024-06-08 13:16:55
CUST00992,Wei,Brown,  wei.brown992@example.com ,india,,2024-04-30,2024-04-30 05:16:54
CUST00993,Noah,Rodriguez,  noah.rodriguez993@example.com ,india,REJECTED,2024-07-21,2024-07-21 23:02:20
CUST00994,Wei,Mensah,  wei.mensah994@example.com ,India,verified,2024-08-02,2024-08-02 00:49:14
CUST00995,Fatima,Hassan,  fatima.hassan995@example.com ,United Kingdom,PENDING,2025-01-09,2025-01-09 17:51:03
CUST00996,Liam,Hassan,  liam.hassan996@example.com ,France,PENDING,2025-01-10,2025-01-10 17:56:34
CUST00997,Noah,Okafor,  noah.okafor997@example.com ,uk,,2024-11-05,2024-11-05 05:40:35
CUST00998,Patricia,Davis,  patricia.davis998@example.com ,United Kingdom,VERIFIED,2024-12-12,2024-12-12 21:07:54
CUST00999,Michael,Lopez,  michael.lopez999@example.com ,canada,REJECTED,2024-11-07,2024-11-07 02:59:47
CUST01000,Emma,Johnson,  emma.johnson1000@example.com ,India,,2024-05-04,2024-05-04 20:22:25
CUST01001,James,Williams,  james.williams1001@example.com ,Japan,REJECTED,2024-04-22,2024-04-22 21:07:06
CUST01002,Fatima,Williams,  fatima.williams1002@example.com ,France,verified,2024-02-19,2024-02-19 18:32:46
CUST01003,Wei,Williams,  wei.williams1003@example.com ,India,pending,2024-01-30,2024-01-30 07:48:37
CUST01004,Emma,Lopez,  emma.lopez1004@example.com ,usa,verified,2024-08-10,2024-08-10 12:10:24
CUST01005,Ava,Kim,  ava.kim1005@example.com ,USA,verified,2024-12-06,2024-12-06 23:01:55
CUST01006,Kwame,Lopez,  kwame.lopez1006@example.com ,Germany,VERIFIED,2024-08-10,2024-08-10 03:32:52
CUST01007,Emma,Lopez,  emma.lopez1007@example.com , germany,REJECTED,2025-02-04,2025-02-04 15:27:46
CUST01008,Jennifer,Johnson,  jennifer.johnson1008@example.com , germany,,2024-10-06,2024-10-06 10:02:22
CUST01009,James,Garcia,  james.garcia1009@example.com ,France,pending,2024-03-08,2024-03-08 10:52:02
CUST01010,Wei,Khan,  wei.khan1010@example.com ,Germany,REJECTED,2024-11-10,2024-11-10 22:09:13
CUST01011,James,Williams,  james.williams1011@example.com ,Canada,,2024-03-11,2024-03-11 00:48:48
CUST01012,Liam,Ivanov,  liam.ivanov1012@example.com ,Nigeria,PENDING,2024-09-27,2024-09-27 08:57:56
CUST01013,Linda,Mensah,  linda.mensah1013@example.com ,Brazil,pending,2024-05-31,2024-05-31 02:12:44
CUST01014,Noah,Smith,  noah.smith1014@example.com ,United Kingdom,pending,2024-07-21,2024-07-21 19:23:48
CUST01015,Sofia,Brown,  sofia.brown1015@example.com ,Australia,PENDING,2024-02-26,2024-02-26 05:22:20
CUST01016,Aisha,Brown,  aisha.brown1016@example.com ,France,REJECTED,2025-02-02,2025-02-02 16:21:26
CUST01017,Noah,Rodriguez,  noah.rodriguez1017@example.com ,India,REJECTED,2024-12-09,2024-12-09 21:48:20
CUST01018,Omar,Davis,  omar.davis1018@example.com ,Brazil,,2024-09-20,2024-09-20 19:44:07
CUST01019,Yuki,Ivanov,  yuki.ivanov1019@example.com ,Japan,VERIFIED,2024-01-22,2024-01-22 05:51:14
CUST01020,David,Williams,  david.williams1020@example.com , germany,,2024-10-24,2024-10-24 05:32:46
CUST01021,Linda,Chen,  linda.chen1021@example.com ,Nigeria,REJECTED,2024-11-16,2024-11-16 08:10:38
CUST01022,Liam,Smith,  liam.smith1022@example.com , germany,PENDING,2024-07-23,2024-07-23 13:11:38
CUST01023,John,Khan,  john.khan1023@example.com , United States ,REJECTED,2024-09-22,2024-09-22 15:12:33
CUST01024,Jennifer,Kim,  jennifer.kim1024@example.com ,Nigeria,verified,2024-08-31,2024-08-31 19:00:45
CUST01025,Noah,Rodriguez,  noah.rodriguez1025@example.com ,Germany,pending,2024-05-21,2024-05-21 23:20:56
CUST01026,Michael,Davis,  michael.davis1026@example.com ,France,verified,2024-07-07,2024-07-07 00:15:37
CUST01027,Linda,Miller,  linda.miller1027@example.com ,Nigeria,verified,2024-07-12,2024-07-12 22:39:36
CUST01028,Patricia,Brown,  patricia.brown1028@example.com ,Japan,REJECTED,2024-03-01,2024-03-01 23:06:51
CUST01029,James,Hassan,  james.hassan1029@example.com ,Japan,PENDING,2024-02-02,2024-02-02 19:50:30
CUST01030,Emma,Chen,  emma.chen1030@example.com ,France,pending,2025-01-17,2025-01-17 09:53:23
CUST01031,Jennifer,Lopez,  jennifer.lopez1031@example.com ,India,verified,2024-08-05,2024-08-05 16:32:54
CUST01032,Noah,Jones,  noah.jones1032@example.com ,Australia,pending,2024-02-12,2024-02-12 01:23:42
CUST01033,Omar,Hassan,  omar.hassan1033@example.com ,Australia,PENDING,2024-01-26,2024-01-26 07:00:42
CUST01034,Carlos,Garcia,  carlos.garcia1034@example.com ,UK,,2024-12-21,2024-12-21 02:45:06
CUST01035,Sofia,Singh,  sofia.singh1035@example.com ,USA,VERIFIED,2024-09-02,2024-09-02 04:09:57
CUST01036,Kwame,Miller,  kwame.miller1036@example.com ,UK,PENDING,2024-10-21,2024-10-21 17:03:02
CUST01037,Wei,Mensah,  wei.mensah1037@example.com ,United Kingdom,REJECTED,2024-07-20,2024-07-20 17:10:23
CUST01038,David,Davis,  david.davis1038@example.com ,Japan,REJECTED,2024-07-28,2024-07-28 06:08:00
CUST01039,Aisha,Okafor,  aisha.okafor1039@example.com ,Japan,pending,2024-05-22,2024-05-22 20:23:57
CUST01040,Michael,Nguyen,  michael.nguyen1040@example.com ,Nigeria,pending,2024-10-16,2024-10-16 04:21:16
CUST01041,David,Singh,  david.singh1041@example.com ,uk,REJECTED,2024-05-19,2024-05-19 17:22:41
CUST01042,Kwame,Davis,  kwame.davis1042@example.com ,France,verified,2024-03-18,2024-03-18 13:42:24
CUST01043,Liam,Nguyen,  liam.nguyen1043@example.com ,Germany,verified,2024-10-22,2024-10-22 20:10:51
CUST01044,Robert,Kim,  robert.kim1044@example.com ,United Kingdom,pending,2024-01-08,2024-01-08 13:36:34
CUST01045,Omar,Jones,  omar.jones1045@example.com ,canada,pending,2025-02-05,2025-02-05 13:42:30
CUST01046,Elizabeth,Rodriguez,  elizabeth.rodriguez1046@example.com ,India,VERIFIED,2024-02-07,2024-02-07 01:21:57
CUST01047,Jennifer,Johnson,  jennifer.johnson1047@example.com ,France,pending,2024-06-16,2024-06-16 08:36:07
CUST01048,Ava,Brown,  ava.brown1048@example.com ,canada,PENDING,2024-12-15,2024-12-15 09:54:05
CUST01049,Wei,Okafor,  wei.okafor1049@example.com ,Nigeria,VERIFIED,2024-07-19,2024-07-19 04:09:09
CUST01050,Fatima,Brown,  fatima.brown1050@example.com ,Germany,REJECTED,2024-09-29,2024-09-29 16:48:03
CUST01051,Noah,Hassan,  noah.hassan1051@example.com ,Canada,PENDING,2024-05-15,2024-05-15 13:38:22
CUST01052,Aisha,Lopez,  aisha.lopez1052@example.com ,Brazil,VERIFIED,2025-01-13,2025-01-13 15:32:31
CUST01053,Carlos,Mensah,  carlos.mensah1053@example.com ,Brazil,,2024-08-10,2024-08-10 13:11:11
CUST01054,Robert,Garcia,  robert.garcia1054@example.com ,india,,2024-09-19,2024-09-19 01:22:26
CUST01055,Emma,Ivanov,  emma.ivanov1055@example.com , United States ,VERIFIED,2024-11-10,2024-11-10 09:30:37
CUST01056,Jennifer,Chen,  jennifer.chen1056@example.com ,canada,PENDING,2024-06-26,2024-06-26 06:17:26
CUST01057,Ava,Martinez,  ava.martinez1057@example.com ,India,PENDING,2024-07-26,2024-07-26 18:02:48
CUST01058,Yuki,Okafor,  yuki.okafor1058@example.com ,Brazil,pending,2025-02-08,2025-02-08 14:56:42
CUST01059,Jennifer,Garcia,  jennifer.garcia1059@example.com ,uk,,2024-01-18,2024-01-18 22:38:08
CUST01060,Linda,Rodriguez,  linda.rodriguez1060@example.com ,Germany,verified,2024-03-03,2024-03-03 04:30:53
CUST01061,Carlos,Brown,  carlos.brown1061@example.com , United States ,pending,2024-03-15,2024-03-15 05:15:01
CUST01062,Liam,Johnson,  liam.johnson1062@example.com ,India,REJECTED,2024-01-21,2024-01-21 11:28:39
CUST01063,John,Brown,  john.brown1063@example.com ,uk,VERIFIED,2024-07-22,2024-07-22 20:27:53
CUST01064,Ava,Khan,  ava.khan1064@example.com , germany,verified,2024-08-28,2024-08-28 07:05:13
CUST01065,Elizabeth,Singh,  elizabeth.singh1065@example.com ,uk,REJECTED,2024-04-08,2024-04-08 04:29:06
CUST01066,Jennifer,Smith,  jennifer.smith1066@example.com ,Nigeria,PENDING,2024-01-28,2024-01-28 07:20:10
CUST01067,Omar,Singh,  omar.singh1067@example.com ,France,REJECTED,2025-02-23,2025-02-23 21:13:08
CUST01068,Yuki,Jones,  yuki.jones1068@example.com ,United Kingdom,REJECTED,2025-02-22,2025-02-22 21:02:56
CUST01069,Emma,Singh,  emma.singh1069@example.com ,Australia,,2024-12-03,2024-12-03 20:33:57
CUST01070,Ava,Hassan,  ava.hassan1070@example.com ,Nigeria,pending,2024-08-28,2024-08-28 12:30:19
CUST01071,Liam,Davis,  liam.davis1071@example.com ,Brazil,PENDING,2024-03-10,2024-03-10 13:24:28
CUST01072,Wei,Nguyen,  wei.nguyen1072@example.com ,uk,PENDING,2024-07-20,2024-07-20 19:09:15
CUST01073,James,Smith,  james.smith1073@example.com ,uk,PENDING,2025-02-10,2025-02-10 11:19:18
CUST01074,Elizabeth,Kim,  elizabeth.kim1074@example.com ,USA,,2025-02-19,2025-02-19 14:57:58
CUST01075,Omar,Kim,  omar.kim1075@example.com ,USA,pending,2024-08-20,2024-08-20 17:08:41
CUST01076,Elizabeth,Mensah,  elizabeth.mensah1076@example.com ,USA,REJECTED,2024-06-28,2024-06-28 14:10:02
CUST01077,Wei,Miller,  wei.miller1077@example.com ,india,pending,2024-11-15,2024-11-15 19:18:46
CUST01078,Linda,Garcia,  linda.garcia1078@example.com ,India,verified,2024-10-29,2024-10-29 16:58:05
CUST01079,David,Williams,  david.williams1079@example.com , germany,REJECTED,2024-11-23,2024-11-23 23:06:45
CUST01080,Emma,Rodriguez,  emma.rodriguez1080@example.com ,France,pending,2024-08-09,2024-08-09 02:45:40
CUST01081,Michael,Williams,  michael.williams1081@example.com ,uk,PENDING,2024-05-21,2024-05-21 16:18:58
CUST01082,Patricia,Singh,  patricia.singh1082@example.com ,France,,2024-12-17,2024-12-17 16:11:34
CUST01083,Emma,Kim,  emma.kim1083@example.com ,canada,VERIFIED,2024-05-25,2024-05-25 20:38:56
CUST01084,Robert,Johnson,  robert.johnson1084@example.com ,USA,verified,2025-02-19,2025-02-19 12:34:39
CUST01085,Patricia,Martinez,  patricia.martinez1085@example.com ,uk,,2024-07-28,2024-07-28 02:09:39
CUST01086,Yuki,Smith,  yuki.smith1086@example.com , United States ,verified,2024-06-29,2024-06-29 19:54:08
CUST01087,James,Kim,  james.kim1087@example.com ,canada,pending,2024-06-17,2024-06-17 16:40:45
CUST01088,Elizabeth,Kim,  elizabeth.kim1088@example.com ,Brazil,,2024-10-15,2024-10-15 11:20:36
CUST01089,Mary,Chen,  mary.chen1089@example.com ,uk,VERIFIED,2024-03-03,2024-03-03 07:28:00
CUST01090,David,Khan,  david.khan1090@example.com ,Japan,verified,2024-02-25,2024-02-25 10:42:25
CUST01091,Michael,Rodriguez,  michael.rodriguez1091@example.com ,USA,VERIFIED,2024-10-23,2024-10-23 09:07:06
CUST01092,Linda,Khan,  linda.khan1092@example.com , germany,,2024-12-10,2024-12-10 01:23:25
CUST01093,Mary,Miller,  mary.miller1093@example.com ,UK,REJECTED,2024-12-23,2024-12-23 22:34:48
CUST01094,Kwame,Miller,  kwame.miller1094@example.com ,India,,2025-01-02,2025-01-02 06:06:25
CUST01095,Elizabeth,Chen,  elizabeth.chen1095@example.com ,usa,,2024-05-03,2024-05-03 04:43:53
CUST01096,Liam,Lopez,  liam.lopez1096@example.com ,France,pending,2024-04-04,2024-04-04 20:52:58
CUST01097,Ava,Martinez,  ava.martinez1097@example.com ,Nigeria,VERIFIED,2024-06-03,2024-06-03 08:28:37
CUST01098,Kwame,Miller,  kwame.miller1098@example.com , germany,,2024-03-28,2024-03-28 17:08:20
CUST01099,Fatima,Chen,  fatima.chen1099@example.com ,United Kingdom,PENDING,2024-01-12,2024-01-12 16:52:56
CUST01100,Noah,Brown,  noah.brown1100@example.com , germany,VERIFIED,2024-11-03,2024-11-03 10:24:05
CUST01101,Mary,Ivanov,  mary.ivanov1101@example.com ,uk,PENDING,2025-01-04,2025-01-04 03:41:15
CUST01102,John,Davis,  john.davis1102@example.com ,Japan,VERIFIED,2024-05-02,2024-05-02 11:42:44
CUST01103,Kwame,Mensah,  kwame.mensah1103@example.com ,usa,VERIFIED,2024-09-19,2024-09-19 20:38:42
CUST01104,Wei,Jones,  wei.jones1104@example.com ,UK,verified,2025-02-20,2025-02-20 14:21:02
CUST01105,Omar,Davis,  omar.davis1105@example.com ,Nigeria,pending,2024-09-03,2024-09-03 00:27:11
CUST01106,Michael,Smith,  michael.smith1106@example.com ,Nigeria,,2024-10-20,2024-10-20 10:07:24
CUST01107,Robert,Rodriguez,  robert.rodriguez1107@example.com ,Japan,,2024-01-31,2024-01-31 16:07:11
CUST01108,Yuki,Hassan,  yuki.hassan1108@example.com ,Japan,verified,2024-08-16,2024-08-16 21:52:41
CUST01109,Noah,Garcia,  noah.garcia1109@example.com ,Nigeria,PENDING,2025-02-26,2025-02-26 05:49:17
CUST01110,Yuki,Rodriguez,  yuki.rodriguez1110@example.com , United States ,REJECTED,2024-05-04,2024-05-04 13:01:04
CUST01111,Robert,Singh,  robert.singh1111@example.com ,France,REJECTED,2024-08-17,2024-08-17 15:44:16
CUST01112,Wei,Singh,  wei.singh1112@example.com ,Australia,pending,2024-01-01,2024-01-01 13:25:06
CUST01113,Jennifer,Smith,  jennifer.smith1113@example.com , germany,PENDING,2024-10-09,2024-10-09 18:51:12
CUST01114,John,Hassan,  john.hassan1114@example.com ,Germany,REJECTED,2024-10-27,2024-10-27 23:21:10
CUST01115,Kwame,Kim,  kwame.kim1115@example.com ,Canada,PENDING,2024-04-29,2024-04-29 17:13:10
CUST01116,Fatima,Chen,  fatima.chen1116@example.com ,UK,REJECTED,2024-03-26,2024-03-26 19:12:02
CUST01117,Kwame,Williams,  kwame.williams1117@example.com ,uk,verified,2024-02-04,2024-02-04 00:04:02
CUST01118,Mary,Miller,  mary.miller1118@example.com ,Japan,verified,2024-03-24,2024-03-24 03:39:10
CUST01119,Patricia,Johnson,  patricia.johnson1119@example.com ,Japan,REJECTED,2024-10-28,2024-10-28 20:00:25
CUST01120,Emma,Ivanov,  emma.ivanov1120@example.com ,usa,PENDING,2024-07-17,2024-07-17 19:02:24
CUST01121,Linda,Mensah,  linda.mensah1121@example.com ,USA,verified,2024-02-25,2024-02-25 01:11:11
CUST01122,Ava,Kim,  ava.kim1122@example.com ,Brazil,,2024-03-03,2024-03-03 02:30:10
CUST01123,Mary,Okafor,  mary.okafor1123@example.com ,Nigeria,,2024-11-19,2024-11-19 01:55:46
CUST01124,Mary,Mensah,  mary.mensah1124@example.com ,Australia,VERIFIED,2024-07-25,2024-07-25 11:09:45
CUST01125,John,Martinez,  john.martinez1125@example.com ,Germany,REJECTED,2024-03-01,2024-03-01 12:49:14
CUST01126,Patricia,Brown,  patricia.brown1126@example.com ,India,verified,2024-06-28,2024-06-28 10:29:15
CUST01127,Michael,Lopez,  michael.lopez1127@example.com ,United Kingdom,REJECTED,2024-07-12,2024-07-12 05:16:44
CUST01128,Liam,Nguyen,  liam.nguyen1128@example.com ,Nigeria,,2024-03-22,2024-03-22 22:55:36
CUST01129,Yuki,Nguyen,  yuki.nguyen1129@example.com ,United Kingdom,verified,2024-03-21,2024-03-21 20:36:33
CUST01130,Liam,Khan,  liam.khan1130@example.com ,canada,,2025-01-27,2025-01-27 00:09:19
CUST01131,Jennifer,Hassan,  jennifer.hassan1131@example.com ,Nigeria,PENDING,2024-12-10,2024-12-10 02:20:43
CUST01132,Liam,Chen,  liam.chen1132@example.com ,india,,2024-10-15,2024-10-15 17:21:14
CUST01133,Fatima,Chen,  fatima.chen1133@example.com ,Germany,pending,2024-07-05,2024-07-05 23:23:37
CUST01134,Liam,Rodriguez,  liam.rodriguez1134@example.com ,Brazil,pending,2024-10-06,2024-10-06 15:02:44
CUST01135,Carlos,Smith,  carlos.smith1135@example.com ,Canada,REJECTED,2024-01-27,2024-01-27 22:09:47
CUST01136,James,Lopez,  james.lopez1136@example.com ,Canada,VERIFIED,2024-04-14,2024-04-14 22:10:48
CUST01137,Elizabeth,Davis,  elizabeth.davis1137@example.com ,canada,VERIFIED,2024-06-15,2024-06-15 20:35:14
CUST01138,David,Hassan,  david.hassan1138@example.com ,uk,VERIFIED,2025-02-01,2025-02-01 02:47:28
CUST01139,Mary,Singh,  mary.singh1139@example.com ,uk,verified,2024-10-03,2024-10-03 05:54:13
CUST01140,David,Okafor,  david.okafor1140@example.com , germany,PENDING,2024-07-13,2024-07-13 01:40:13
CUST01141,Elizabeth,Williams,  elizabeth.williams1141@example.com ,Germany,,2024-11-06,2024-11-06 12:46:46
CUST01142,John,Chen,  john.chen1142@example.com ,United Kingdom,pending,2025-01-09,2025-01-09 19:04:13
CUST01143,Noah,Brown,  noah.brown1143@example.com ,usa,,2024-08-21,2024-08-21 07:44:10
CUST01144,Noah,Khan,  noah.khan1144@example.com ,usa,PENDING,2024-03-01,2024-03-01 22:55:28
CUST01145,Wei,Nguyen,  wei.nguyen1145@example.com ,UK,verified,2024-11-19,2024-11-19 12:31:38
CUST01146,Ava,Mensah,  ava.mensah1146@example.com ,India,VERIFIED,2024-01-09,2024-01-09 21:09:08
CUST01147,Elizabeth,Lopez,  elizabeth.lopez1147@example.com ,canada,REJECTED,2024-02-01,2024-02-01 23:41:34
CUST01148,Noah,Jones,  noah.jones1148@example.com ,Australia,,2024-09-10,2024-09-10 20:34:59
CUST01149,Linda,Jones,  linda.jones1149@example.com ,India,pending,2024-02-09,2024-02-09 05:45:27
CUST01150,Emma,Ivanov,  emma.ivanov1150@example.com , United States ,verified,2025-01-27,2025-01-27 00:50:13
CUST01151,Fatima,Martinez,  fatima.martinez1151@example.com ,uk,verified,2024-11-02,2024-11-02 06:42:08
CUST01152,Aisha,Williams,  aisha.williams1152@example.com ,usa,REJECTED,2025-01-04,2025-01-04 14:34:25
CUST01153,Carlos,Rodriguez,  carlos.rodriguez1153@example.com ,India,REJECTED,2024-03-07,2024-03-07 01:59:14
CUST01154,Fatima,Jones,  fatima.jones1154@example.com ,Japan,REJECTED,2024-04-14,2024-04-14 18:10:23
CUST01155,Michael,Kim,  michael.kim1155@example.com ,Germany,REJECTED,2024-11-03,2024-11-03 01:16:35
CUST01156,Emma,Lopez,  emma.lopez1156@example.com , germany,VERIFIED,2024-07-10,2024-07-10 06:21:18
CUST01157,David,Nguyen,  david.nguyen1157@example.com , United States ,VERIFIED,2024-09-08,2024-09-08 04:49:47
CUST01158,Kwame,Nguyen,  kwame.nguyen1158@example.com ,Nigeria,PENDING,2024-11-24,2024-11-24 23:22:08
CUST01159,Michael,Chen,  michael.chen1159@example.com ,USA,PENDING,2024-09-24,2024-09-24 14:24:35
CUST01160,Jennifer,Okafor,  jennifer.okafor1160@example.com ,uk,pending,2024-12-09,2024-12-09 11:23:37
CUST01161,Mary,Davis,  mary.davis1161@example.com ,Nigeria,verified,2024-06-04,2024-06-04 02:24:07
CUST01162,John,Brown,  john.brown1162@example.com , germany,REJECTED,2024-02-12,2024-02-12 08:39:44
CUST01163,Robert,Martinez,  robert.martinez1163@example.com ,canada,,2024-01-11,2024-01-11 16:00:25
CUST01164,Patricia,Martinez,  patricia.martinez1164@example.com ,Japan,VERIFIED,2024-12-15,2024-12-15 13:45:20
CUST01165,Aisha,Miller,  aisha.miller1165@example.com ,Germany,verified,2025-02-21,2025-02-21 21:08:55
CUST01166,Liam,Lopez,  liam.lopez1166@example.com ,Japan,REJECTED,2024-07-19,2024-07-19 21:44:04
CUST01167,Robert,Smith,  robert.smith1167@example.com ,Australia,VERIFIED,2024-10-19,2024-10-19 12:27:25
CUST01168,David,Garcia,  david.garcia1168@example.com ,Canada,verified,2024-02-16,2024-02-16 16:31:57
CUST01169,Emma,Rodriguez,  emma.rodriguez1169@example.com ,Brazil,,2024-02-11,2024-02-11 05:34:50
CUST01170,James,Williams,  james.williams1170@example.com ,France,,2024-10-28,2024-10-28 20:52:14
CUST01171,Kwame,Okafor,  kwame.okafor1171@example.com ,USA,PENDING,2024-03-24,2024-03-24 19:14:31
CUST01172,Ava,Khan,  ava.khan1172@example.com ,India,REJECTED,2024-06-28,2024-06-28 13:17:43
CUST01173,Patricia,Chen,  patricia.chen1173@example.com , United States ,verified,2025-01-11,2025-01-11 10:45:26
CUST01174,Michael,Lopez,  michael.lopez1174@example.com ,USA,VERIFIED,2024-12-21,2024-12-21 17:28:57
CUST01175,Linda,Lopez,  linda.lopez1175@example.com ,canada,pending,2024-08-24,2024-08-24 20:15:39
CUST01176,Carlos,Garcia,  carlos.garcia1176@example.com ,Nigeria,,2024-01-15,2024-01-15 06:28:59
CUST01177,Wei,Okafor,  wei.okafor1177@example.com , germany,REJECTED,2024-08-22,2024-08-22 19:46:08
CUST01178,David,Johnson,  david.johnson1178@example.com ,India,VERIFIED,2024-07-19,2024-07-19 03:29:29
CUST01179,Liam,Rodriguez,  liam.rodriguez1179@example.com ,uk,PENDING,2024-06-24,2024-06-24 05:09:58
CUST01180,Carlos,Jones,  carlos.jones1180@example.com ,India,REJECTED,2024-03-09,2024-03-09 04:37:03
CUST01181,Kwame,Mensah,  kwame.mensah1181@example.com ,india,verified,2024-06-25,2024-06-25 15:33:53
CUST01182,Noah,Jones,  noah.jones1182@example.com ,Canada,REJECTED,2024-11-27,2024-11-27 05:53:01
CUST01183,Aisha,Singh,  aisha.singh1183@example.com ,uk,verified,2025-02-25,2025-02-25 03:58:11
CUST01184,Ava,Jones,  ava.jones1184@example.com ,Germany,verified,2025-02-24,2025-02-24 11:34:00
CUST01185,Elizabeth,Lopez,  elizabeth.lopez1185@example.com ,india,verified,2024-04-15,2024-04-15 01:17:21
CUST01186,Ava,Ivanov,  ava.ivanov1186@example.com ,canada,VERIFIED,2024-05-02,2024-05-02 18:13:36
CUST01187,Liam,Hassan,  liam.hassan1187@example.com ,United Kingdom,PENDING,2024-04-01,2024-04-01 22:53:56
CUST01188,Robert,Smith,  robert.smith1188@example.com ,india,pending,2024-09-04,2024-09-04 12:45:52
CUST01189,Elizabeth,Singh,  elizabeth.singh1189@example.com ,uk,verified,2024-07-31,2024-07-31 15:55:49
CUST01190,Patricia,Jones,  patricia.jones1190@example.com ,USA,REJECTED,2024-05-23,2024-05-23 11:55:27
CUST01191,Emma,Rodriguez,  emma.rodriguez1191@example.com , germany,verified,2024-06-28,2024-06-28 08:29:58
CUST01192,Kwame,Smith,  kwame.smith1192@example.com , United States ,,2024-10-06,2024-10-06 01:07:00
CUST01193,Omar,Jones,  omar.jones1193@example.com ,Japan,,2025-01-25,2025-01-25 04:00:32
CUST01194,Ava,Okafor,  ava.okafor1194@example.com ,India,pending,2024-05-22,2024-05-22 21:34:12
CUST01195,Omar,Jones,  omar.jones1195@example.com ,Germany,verified,2024-05-07,2024-05-07 05:11:57
CUST01196,Mary,Nguyen,  mary.nguyen1196@example.com ,France,pending,2024-01-12,2024-01-12 15:53:09
CUST01197,Linda,Miller,  linda.miller1197@example.com , United States ,verified,2024-06-07,2024-06-07 21:18:50
CUST01198,Yuki,Mensah,  yuki.mensah1198@example.com ,canada,pending,2025-01-15,2025-01-15 13:11:51
CUST01199,Linda,Nguyen,  linda.nguyen1199@example.com ,usa,REJECTED,2024-11-10,2024-11-10 11:15:48
CUST01200,Carlos,Chen,  carlos.chen1200@example.com ,Australia,,2024-11-02,2024-11-02 03:30:06
CUST01201,Mary,Lopez,  mary.lopez1201@example.com ,Brazil,pending,2024-03-25,2024-03-25 21:48:12
CUST01202,Mary,Davis,  mary.davis1202@example.com ,India,,2025-02-06,2025-02-06 21:19:05
CUST01203,Mary,Hassan,  mary.hassan1203@example.com ,Australia,,2024-10-27,2024-10-27 21:37:09
CUST01204,Mary,Miller,  mary.miller1204@example.com ,Brazil,pending,2024-08-14,2024-08-14 03:58:36
CUST01205,Elizabeth,Martinez,  elizabeth.martinez1205@example.com ,United Kingdom,pending,2024-12-24,2024-12-24 08:08:04
CUST01206,Elizabeth,Mensah,  elizabeth.mensah1206@example.com ,Australia,verified,2024-02-12,2024-02-12 08:49:24
CUST01207,Yuki,Singh,  yuki.singh1207@example.com ,Australia,VERIFIED,2024-03-11,2024-03-11 05:56:19
CUST01208,Jennifer,Ivanov,  jennifer.ivanov1208@example.com ,uk,pending,2025-02-28,2025-02-28 09:46:00
CUST01209,Fatima,Chen,  fatima.chen1209@example.com ,USA,verified,2024-12-16,2024-12-16 05:07:17
CUST01210,Yuki,Ivanov,  yuki.ivanov1210@example.com ,Brazil,VERIFIED,2024-06-05,2024-06-05 20:17:07
CUST01211,David,Chen,  david.chen1211@example.com ,UK,VERIFIED,2024-05-07,2024-05-07 09:04:12
CUST01212,Patricia,Singh,  patricia.singh1212@example.com , United States ,REJECTED,2024-10-08,2024-10-08 21:45:18
CUST01213,Carlos,Lopez,  carlos.lopez1213@example.com ,India,REJECTED,2024-05-04,2024-05-04 04:44:45
CUST01214,Carlos,Johnson,  carlos.johnson1214@example.com ,canada,REJECTED,2024-05-12,2024-05-12 17:31:36
CUST01215,Kwame,Jones,  kwame.jones1215@example.com ,uk,verified,2024-05-05,2024-05-05 22:12:43
CUST01216,Mary,Nguyen,  mary.nguyen1216@example.com ,Canada,,2024-08-27,2024-08-27 06:41:44
CUST01217,Yuki,Martinez,  yuki.martinez1217@example.com ,UK,verified,2024-05-20,2024-05-20 08:25:05
CUST01218,Michael,Smith,  michael.smith1218@example.com ,USA,pending,2024-07-15,2024-07-15 14:19:50
CUST01219,Omar,Kim,  omar.kim1219@example.com ,USA,REJECTED,2025-02-26,2025-02-26 03:35:45
CUST01220,Omar,Davis,  omar.davis1220@example.com ,Japan,pending,2024-06-17,2024-06-17 10:49:17
CUST01221,Fatima,Singh,  fatima.singh1221@example.com ,USA,verified,2024-03-02,2024-03-02 16:12:53
CUST01222,Liam,Rodriguez,  liam.rodriguez1222@example.com ,usa,verified,2024-06-10,2024-06-10 06:38:43
CUST01223,Robert,Johnson,  robert.johnson1223@example.com ,usa,verified,2024-09-28,2024-09-28 02:12:04
CUST01224,Mary,Ivanov,  mary.ivanov1224@example.com ,canada,VERIFIED,2024-08-19,2024-08-19 19:21:13
CUST01225,Mary,Brown,  mary.brown1225@example.com ,United Kingdom,verified,2024-11-19,2024-11-19 20:38:25
CUST01226,Kwame,Martinez,  kwame.martinez1226@example.com ,Brazil,,2024-05-17,2024-05-17 19:20:05
CUST01227,Noah,Okafor,  noah.okafor1227@example.com , United States ,PENDING,2024-01-28,2024-01-28 20:06:24
CUST01228,Aisha,Okafor,  aisha.okafor1228@example.com , United States ,pending,2024-10-21,2024-10-21 07:56:29
CUST01229,Liam,Williams,  liam.williams1229@example.com ,Japan,verified,2024-08-15,2024-08-15 10:47:50
CUST01230,Patricia,Rodriguez,  patricia.rodriguez1230@example.com ,Australia,pending,2024-09-12,2024-09-12 16:53:30
CUST01231,Sofia,Miller,  sofia.miller1231@example.com ,usa,VERIFIED,2024-06-11,2024-06-11 08:59:33
CUST01232,Noah,Lopez,  noah.lopez1232@example.com ,Japan,,2024-03-09,2024-03-09 02:16:56
CUST01233,Emma,Martinez,  emma.martinez1233@example.com ,canada,PENDING,2024-11-27,2024-11-27 16:51:22
CUST01234,Sofia,Ivanov,  sofia.ivanov1234@example.com ,uk,REJECTED,2024-10-01,2024-10-01 20:18:15
CUST01235,Noah,Kim,  noah.kim1235@example.com ,Japan,pending,2025-02-07,2025-02-07 16:01:05
CUST01236,Jennifer,Mensah,  jennifer.mensah1236@example.com ,Canada,verified,2024-06-29,2024-06-29 18:14:44
CUST01237,James,Brown,  james.brown1237@example.com ,Brazil,,2024-01-19,2024-01-19 15:08:46
CUST01238,Patricia,Miller,  patricia.miller1238@example.com ,india,VERIFIED,2024-11-18,2024-11-18 01:18:08
CUST01239,Aisha,Okafor,  aisha.okafor1239@example.com ,USA,,2024-06-13,2024-06-13 22:15:57
CUST01240,Michael,Martinez,  michael.martinez1240@example.com , United States ,PENDING,2024-07-16,2024-07-16 14:41:10
CUST01241,Elizabeth,Lopez,  elizabeth.lopez1241@example.com ,USA,VERIFIED,2024-09-08,2024-09-08 14:22:40
CUST01242,Kwame,Chen,  kwame.chen1242@example.com ,India,,2024-09-22,2024-09-22 03:26:28
CUST01243,Noah,Mensah,  noah.mensah1243@example.com ,United Kingdom,verified,2024-01-23,2024-01-23 14:47:14
CUST01244,Aisha,Chen,  aisha.chen1244@example.com ,Japan,VERIFIED,2025-01-07,2025-01-07 03:13:31
CUST01245,Ava,Jones,  ava.jones1245@example.com ,uk,,2025-01-08,2025-01-08 23:43:37
CUST01246,Yuki,Hassan,  yuki.hassan1246@example.com ,Brazil,pending,2024-09-17,2024-09-17 06:53:48
CUST01247,Mary,Lopez,  mary.lopez1247@example.com ,canada,REJECTED,2024-08-20,2024-08-20 12:10:18
CUST01248,Liam,Smith,  liam.smith1248@example.com ,canada,PENDING,2024-06-10,2024-06-10 18:17:37
CUST01249,John,Jones,  john.jones1249@example.com ,USA,PENDING,2024-08-05,2024-08-05 20:09:13
CUST01250,Carlos,Hassan,  carlos.hassan1250@example.com ,India,verified,2024-05-08,2024-05-08 21:53:43
CUST01251,Emma,Brown,  emma.brown1251@example.com ,canada,,2024-08-27,2024-08-27 10:46:55
CUST01252,Mary,Rodriguez,  mary.rodriguez1252@example.com , United States ,pending,2024-11-17,2024-11-17 11:05:16
CUST01253,Linda,Okafor,  linda.okafor1253@example.com ,Canada,verified,2024-12-17,2024-12-17 00:08:40
CUST01254,Sofia,Martinez,  sofia.martinez1254@example.com ,UK,PENDING,2024-05-15,2024-05-15 22:28:26
CUST01255,Mary,Miller,  mary.miller1255@example.com ,Brazil,REJECTED,2024-03-12,2024-03-12 22:15:57
CUST01256,James,Kim,  james.kim1256@example.com ,uk,verified,2025-01-23,2025-01-23 09:41:16
CUST01257,Aisha,Kim,  aisha.kim1257@example.com ,Canada,PENDING,2025-02-10,2025-02-10 17:07:57
CUST01258,Robert,Brown,  robert.brown1258@example.com ,uk,verified,2025-02-04,2025-02-04 21:40:13
CUST01259,Mary,Singh,  mary.singh1259@example.com ,Australia,VERIFIED,2024-10-28,2024-10-28 01:10:04
CUST01260,James,Martinez,  james.martinez1260@example.com , United States ,PENDING,2024-02-04,2024-02-04 04:46:40
CUST01261,Yuki,Johnson,  yuki.johnson1261@example.com ,Australia,,2024-03-21,2024-03-21 01:58:33
CUST01262,Elizabeth,Smith,  elizabeth.smith1262@example.com ,Germany,PENDING,2024-08-30,2024-08-30 10:45:55
CUST01263,Michael,Miller,  michael.miller1263@example.com ,France,REJECTED,2024-08-10,2024-08-10 14:00:11
CUST01264,Aisha,Singh,  aisha.singh1264@example.com ,France,verified,2024-04-01,2024-04-01 09:10:14
CUST01265,Jennifer,Rodriguez,  jennifer.rodriguez1265@example.com ,USA,REJECTED,2024-03-29,2024-03-29 21:41:47
CUST01266,Liam,Lopez,  liam.lopez1266@example.com ,Germany,REJECTED,2024-03-20,2024-03-20 12:24:49
CUST01267,Wei,Hassan,  wei.hassan1267@example.com ,France,verified,2024-09-04,2024-09-04 08:59:20
CUST01268,Elizabeth,Ivanov,  elizabeth.ivanov1268@example.com ,United Kingdom,VERIFIED,2024-07-09,2024-07-09 03:52:12
CUST01269,Elizabeth,Mensah,  elizabeth.mensah1269@example.com ,Brazil,VERIFIED,2024-09-20,2024-09-20 02:33:02
CUST01270,Robert,Smith,  robert.smith1270@example.com ,usa,VERIFIED,2024-12-31,2024-12-31 15:08:49
CUST01271,Carlos,Johnson,  carlos.johnson1271@example.com ,india,pending,2024-03-07,2024-03-07 21:23:07
CUST01272,Jennifer,Mensah,  jennifer.mensah1272@example.com ,Nigeria,PENDING,2024-12-12,2024-12-12 06:59:25
CUST01273,Aisha,Miller,  aisha.miller1273@example.com , United States ,pending,2025-02-18,2025-02-18 08:52:47
CUST01274,Noah,Jones,  noah.jones1274@example.com ,Brazil,VERIFIED,2024-03-13,2024-03-13 04:04:58
CUST01275,Yuki,Martinez,  yuki.martinez1275@example.com ,Japan,verified,2024-12-27,2024-12-27 11:37:14
CUST01276,Linda,Jones,  linda.jones1276@example.com ,Nigeria,pending,2024-07-19,2024-07-19 10:27:07
CUST01277,Jennifer,Chen,  jennifer.chen1277@example.com ,Brazil,pending,2024-09-09,2024-09-09 05:59:07
CUST01278,James,Williams,  james.williams1278@example.com ,UK,PENDING,2025-01-04,2025-01-04 04:52:29
CUST01279,Omar,Singh,  omar.singh1279@example.com ,Canada,PENDING,2024-05-12,2024-05-12 15:58:17
CUST01280,Emma,Ivanov,  emma.ivanov1280@example.com ,Australia,VERIFIED,2024-04-08,2024-04-08 22:47:46
CUST01281,Carlos,Brown,  carlos.brown1281@example.com , United States ,PENDING,2024-09-10,2024-09-10 02:39:07
CUST01282,Liam,Singh,  liam.singh1282@example.com ,india,verified,2024-11-07,2024-11-07 07:45:38
CUST01283,Emma,Davis,  emma.davis1283@example.com ,United Kingdom,pending,2025-03-01,2025-03-01 14:30:36
CUST01284,Carlos,Williams,  carlos.williams1284@example.com ,Germany,,2024-09-21,2024-09-21 15:22:20
CUST01285,Noah,Nguyen,  noah.nguyen1285@example.com ,canada,REJECTED,2024-12-04,2024-12-04 03:34:52
CUST01286,Linda,Garcia,  linda.garcia1286@example.com ,Japan,VERIFIED,2024-03-01,2024-03-01 12:03:24
CUST01287,Noah,Mensah,  noah.mensah1287@example.com ,canada,REJECTED,2024-12-25,2024-12-25 13:14:19
CUST01288,Patricia,Singh,  patricia.singh1288@example.com ,Canada,pending,2024-05-16,2024-05-16 20:07:17
CUST01289,John,Mensah,  john.mensah1289@example.com ,India,PENDING,2024-03-25,2024-03-25 11:08:48
CUST01290,Omar,Johnson,  omar.johnson1290@example.com ,Germany,verified,2024-03-11,2024-03-11 07:39:27
CUST01291,Noah,Smith,  noah.smith1291@example.com ,uk,pending,2024-04-23,2024-04-23 23:09:31
CUST01292,Liam,Martinez,  liam.martinez1292@example.com ,Brazil,verified,2024-10-29,2024-10-29 21:48:13
CUST01293,Michael,Chen,  michael.chen1293@example.com ,Canada,pending,2024-08-20,2024-08-20 19:28:17
CUST01294,Wei,Williams,  wei.williams1294@example.com ,Australia,pending,2024-01-07,2024-01-07 07:21:13
CUST01295,Robert,Martinez,  robert.martinez1295@example.com ,Nigeria,REJECTED,2024-02-18,2024-02-18 11:25:01
CUST01296,Mary,Smith,  mary.smith1296@example.com ,UK,PENDING,2024-10-06,2024-10-06 00:48:19
CUST01297,James,Davis,  james.davis1297@example.com ,India,,2024-12-01,2024-12-01 07:45:36
CUST01298,Aisha,Khan,  aisha.khan1298@example.com ,India,pending,2024-11-11,2024-11-11 08:59:50
CUST01299,Liam,Miller,  liam.miller1299@example.com ,Japan,verified,2024-05-14,2024-05-14 16:35:55
CUST01300,Michael,Hassan,  michael.hassan1300@example.com ,Nigeria,pending,2024-10-25,2024-10-25 17:22:17
CUST01301,Robert,Martinez,  robert.martinez1301@example.com ,uk,VERIFIED,2024-04-07,2024-04-07 12:24:21
CUST01302,John,Smith,  john.smith1302@example.com ,Japan,,2024-04-21,2024-04-21 20:16:40
CUST01303,Fatima,Jones,  fatima.jones1303@example.com ,uk,,2024-03-06,2024-03-06 18:14:27
CUST01304,Fatima,Singh,  fatima.singh1304@example.com ,United Kingdom,pending,2024-11-26,2024-11-26 15:42:03
CUST01305,Sofia,Nguyen,  sofia.nguyen1305@example.com ,India,PENDING,2024-12-15,2024-12-15 13:27:40
CUST01306,Linda,Garcia,  linda.garcia1306@example.com ,USA,REJECTED,2024-11-25,2024-11-25 22:19:16
CUST01307,Omar,Davis,  omar.davis1307@example.com ,France,pending,2025-01-24,2025-01-24 16:54:10
CUST01308,Liam,Ivanov,  liam.ivanov1308@example.com ,usa,VERIFIED,2024-10-12,2024-10-12 00:49:01
CUST01309,Noah,Kim,  noah.kim1309@example.com ,UK,REJECTED,2024-10-13,2024-10-13 06:48:11
CUST01310,Omar,Williams,  omar.williams1310@example.com ,Australia,PENDING,2024-04-20,2024-04-20 08:42:09
CUST01311,Yuki,Lopez,  yuki.lopez1311@example.com ,Australia,REJECTED,2024-03-01,2024-03-01 18:23:55
CUST01312,John,Davis,  john.davis1312@example.com , United States ,,2025-01-01,2025-01-01 23:08:08
CUST01313,Ava,Hassan,  ava.hassan1313@example.com ,usa,PENDING,2024-08-30,2024-08-30 17:25:01
CUST01314,Liam,Smith,  liam.smith1314@example.com ,Brazil,REJECTED,2024-12-30,2024-12-30 04:20:53
CUST01315,Omar,Ivanov,  omar.ivanov1315@example.com ,india,PENDING,2024-09-14,2024-09-14 11:52:07
CUST01316,Elizabeth,Martinez,  elizabeth.martinez1316@example.com ,usa,,2024-05-10,2024-05-10 02:34:42
CUST01317,Emma,Martinez,  emma.martinez1317@example.com ,usa,,2024-07-21,2024-07-21 07:00:43
CUST01318,Omar,Ivanov,  omar.ivanov1318@example.com ,usa,,2024-05-11,2024-05-11 07:51:55
CUST01319,Elizabeth,Mensah,  elizabeth.mensah1319@example.com ,Canada,pending,2024-01-22,2024-01-22 04:52:23
CUST01320,John,Jones,  john.jones1320@example.com , United States ,PENDING,2025-01-27,2025-01-27 16:59:40
CUST01321,David,Jones,  david.jones1321@example.com ,France,PENDING,2024-08-06,2024-08-06 05:41:47
CUST01322,James,Brown,  james.brown1322@example.com ,uk,,2024-05-15,2024-05-15 15:02:16
CUST01323,Yuki,Okafor,  yuki.okafor1323@example.com ,France,,2024-05-16,2024-05-16 05:40:52
CUST01324,Linda,Kim,  linda.kim1324@example.com ,Australia,VERIFIED,2024-05-20,2024-05-20 10:31:39
CUST01325,Aisha,Williams,  aisha.williams1325@example.com ,uk,pending,2024-04-22,2024-04-22 16:18:19
CUST01326,Fatima,Khan,  fatima.khan1326@example.com ,Brazil,,2024-07-03,2024-07-03 19:39:42
CUST01327,Ava,Garcia,  ava.garcia1327@example.com ,Nigeria,VERIFIED,2024-06-12,2024-06-12 18:39:16
CUST01328,Ava,Rodriguez,  ava.rodriguez1328@example.com ,usa,verified,2024-03-31,2024-03-31 02:17:30
CUST01329,Yuki,Khan,  yuki.khan1329@example.com ,Canada,pending,2025-01-04,2025-01-04 21:36:24
CUST01330,Liam,Davis,  liam.davis1330@example.com ,India,pending,2024-10-21,2024-10-21 23:59:59
CUST01331,David,Jones,  david.jones1331@example.com ,india,VERIFIED,2025-02-16,2025-02-16 00:09:28
CUST01332,Elizabeth,Singh,  elizabeth.singh1332@example.com ,canada,REJECTED,2024-10-23,2024-10-23 17:04:20
CUST01333,Kwame,Johnson,  kwame.johnson1333@example.com ,Nigeria,pending,2024-03-16,2024-03-16 15:00:08
CUST01334,Emma,Rodriguez,  emma.rodriguez1334@example.com ,France,PENDING,2024-09-17,2024-09-17 04:14:42
CUST01335,Patricia,Rodriguez,  patricia.rodriguez1335@example.com ,Brazil,,2024-10-30,2024-10-30 19:38:04
CUST01336,Linda,Ivanov,  linda.ivanov1336@example.com ,Australia,PENDING,2024-05-31,2024-05-31 09:40:41
CUST01337,Kwame,Garcia,  kwame.garcia1337@example.com ,USA,,2024-08-31,2024-08-31 07:46:22
CUST01338,James,Williams,  james.williams1338@example.com ,india,VERIFIED,2024-01-10,2024-01-10 06:58:36
CUST01339,Sofia,Brown,  sofia.brown1339@example.com ,Nigeria,verified,2024-12-12,2024-12-12 08:57:54
CUST01340,Elizabeth,Rodriguez,  elizabeth.rodriguez1340@example.com ,usa,VERIFIED,2024-05-29,2024-05-29 23:15:48
CUST01341,Emma,Williams,  emma.williams1341@example.com ,Germany,REJECTED,2024-02-14,2024-02-14 04:21:20
CUST01342,Ava,Brown,  ava.brown1342@example.com , United States ,REJECTED,2024-04-03,2024-04-03 04:32:07
CUST01343,Robert,Khan,  robert.khan1343@example.com ,UK,,2024-05-23,2024-05-23 12:20:11
CUST01344,Jennifer,Rodriguez,  jennifer.rodriguez1344@example.com ,Brazil,,2024-08-16,2024-08-16 19:09:25
CUST01345,John,Singh,  john.singh1345@example.com ,india,,2024-08-02,2024-08-02 16:09:46
CUST01346,Kwame,Chen,  kwame.chen1346@example.com ,United Kingdom,VERIFIED,2024-07-18,2024-07-18 21:06:06
CUST01347,David,Johnson,  david.johnson1347@example.com ,India,PENDING,2024-10-24,2024-10-24 07:53:26
CUST01348,Mary,Rodriguez,  mary.rodriguez1348@example.com ,United Kingdom,pending,2024-07-24,2024-07-24 13:42:37
CUST01349,John,Kim,  john.kim1349@example.com ,India,verified,2024-06-04,2024-06-04 20:44:36
CUST01350,Ava,Kim,  ava.kim1350@example.com ,uk,REJECTED,2024-03-25,2024-03-25 05:17:25
CUST01351,Fatima,Miller,  fatima.miller1351@example.com ,Brazil,,2024-03-23,2024-03-23 12:38:17
CUST01352,David,Brown,  david.brown1352@example.com , United States ,VERIFIED,2024-01-28,2024-01-28 01:51:15
CUST01353,Noah,Rodriguez,  noah.rodriguez1353@example.com ,USA,pending,2024-12-12,2024-12-12 07:50:38
CUST01354,Robert,Smith,  robert.smith1354@example.com ,India,PENDING,2024-01-30,2024-01-30 09:18:26
CUST01355,Robert,Chen,  robert.chen1355@example.com ,USA,REJECTED,2024-10-30,2024-10-30 22:55:36
CUST01356,Omar,Kim,  omar.kim1356@example.com ,India,,2024-12-04,2024-12-04 16:42:14
CUST01357,John,Hassan,  john.hassan1357@example.com ,USA,pending,2024-06-24,2024-06-24 10:05:25
CUST01358,Omar,Brown,  omar.brown1358@example.com ,Nigeria,PENDING,2025-02-19,2025-02-19 18:47:28
CUST01359,Kwame,Martinez,  kwame.martinez1359@example.com ,usa,,2024-11-07,2024-11-07 04:00:04
CUST01360,Ava,Williams,  ava.williams1360@example.com ,canada,VERIFIED,2024-10-10,2024-10-10 18:43:03
CUST01361,Yuki,Martinez,  yuki.martinez1361@example.com ,United Kingdom,REJECTED,2024-06-06,2024-06-06 18:26:24
CUST01362,Mary,Khan,  mary.khan1362@example.com ,Canada,,2024-05-28,2024-05-28 08:33:25
CUST01363,Carlos,Brown,  carlos.brown1363@example.com ,Japan,VERIFIED,2024-10-06,2024-10-06 01:06:45
CUST01364,Ava,Singh,  ava.singh1364@example.com ,uk,VERIFIED,2024-05-27,2024-05-27 03:52:27
CUST01365,Michael,Smith,  michael.smith1365@example.com ,Japan,pending,2024-07-04,2024-07-04 05:41:06
CUST01366,John,Hassan,  john.hassan1366@example.com ,Japan,REJECTED,2024-08-27,2024-08-27 00:31:09
CUST01367,Yuki,Smith,  yuki.smith1367@example.com ,canada,VERIFIED,2024-01-29,2024-01-29 18:31:32
CUST01368,Aisha,Johnson,  aisha.johnson1368@example.com ,UK,verified,2024-11-10,2024-11-10 23:12:51
CUST01369,Ava,Lopez,  ava.lopez1369@example.com ,uk,,2024-12-22,2024-12-22 00:38:34
CUST01370,Noah,Davis,  noah.davis1370@example.com ,usa,,2024-02-25,2024-02-25 22:48:04
CUST01371,Robert,Kim,  robert.kim1371@example.com ,Japan,REJECTED,2024-01-15,2024-01-15 19:21:36
CUST01372,Mary,Davis,  mary.davis1372@example.com ,USA,verified,2024-04-11,2024-04-11 09:23:59
CUST01373,Ava,Johnson,  ava.johnson1373@example.com ,UK,pending,2024-08-26,2024-08-26 17:10:59
CUST01374,Emma,Garcia,  emma.garcia1374@example.com ,UK,VERIFIED,2024-02-19,2024-02-19 16:15:22
CUST01375,Omar,Mensah,  omar.mensah1375@example.com , United States ,verified,2024-06-20,2024-06-20 07:46:11
CUST01376,Fatima,Chen,  fatima.chen1376@example.com ,canada,VERIFIED,2024-11-08,2024-11-08 05:59:01
CUST01377,Kwame,Ivanov,  kwame.ivanov1377@example.com ,uk,PENDING,2025-02-28,2025-02-28 00:01:48
CUST01378,Michael,Johnson,  michael.johnson1378@example.com ,canada,VERIFIED,2024-05-14,2024-05-14 17:17:54
CUST01379,Patricia,Rodriguez,  patricia.rodriguez1379@example.com ,india,verified,2024-04-19,2024-04-19 16:50:41
CUST01380,Wei,Hassan,  wei.hassan1380@example.com ,Brazil,verified,2024-05-08,2024-05-08 03:56:13
CUST01381,Noah,Johnson,  noah.johnson1381@example.com ,UK,,2024-04-13,2024-04-13 14:12:48
CUST01382,Emma,Khan,  emma.khan1382@example.com ,USA,pending,2024-05-02,2024-05-02 12:44:29
CUST01383,John,Smith,  john.smith1383@example.com ,United Kingdom,VERIFIED,2024-01-06,2024-01-06 14:39:54
CUST01384,Ava,Ivanov,  ava.ivanov1384@example.com ,india,,2024-08-08,2024-08-08 09:08:21
CUST01385,Omar,Jones,  omar.jones1385@example.com ,uk,,2024-06-09,2024-06-09 03:06:18
CUST01386,David,Lopez,  david.lopez1386@example.com ,india,verified,2024-12-15,2024-12-15 20:25:16
CUST01387,Jennifer,Mensah,  jennifer.mensah1387@example.com ,United Kingdom,,2024-01-30,2024-01-30 05:18:36
CUST01388,Omar,Mensah,  omar.mensah1388@example.com ,Canada,PENDING,2024-03-09,2024-03-09 08:50:02
CUST01389,Fatima,Smith,  fatima.smith1389@example.com ,Germany,VERIFIED,2024-07-02,2024-07-02 00:37:46
CUST01390,Sofia,Brown,  sofia.brown1390@example.com ,Australia,verified,2024-10-08,2024-10-08 02:19:45
CUST01391,Yuki,Miller,  yuki.miller1391@example.com ,usa,verified,2024-08-02,2024-08-02 16:57:54
CUST01392,Patricia,Jones,  patricia.jones1392@example.com ,Japan,verified,2025-01-03,2025-01-03 11:41:46
CUST01393,Jennifer,Johnson,  jennifer.johnson1393@example.com ,Nigeria,PENDING,2024-02-11,2024-02-11 23:08:51
CUST01394,Michael,Nguyen,  michael.nguyen1394@example.com ,canada,REJECTED,2024-07-14,2024-07-14 06:05:45
CUST01395,Yuki,Johnson,  yuki.johnson1395@example.com ,usa,REJECTED,2024-03-22,2024-03-22 02:33:01
CUST01396,Jennifer,Garcia,  jennifer.garcia1396@example.com ,Japan,REJECTED,2024-01-23,2024-01-23 13:48:54
CUST01397,Patricia,Williams,  patricia.williams1397@example.com ,Brazil,REJECTED,2024-07-01,2024-07-01 18:18:24
CUST01398,Noah,Chen,  noah.chen1398@example.com ,Germany,,2024-11-21,2024-11-21 11:57:41
CUST01399,Kwame,Chen,  kwame.chen1399@example.com ,UK,PENDING,2024-06-27,2024-06-27 16:41:22
CUST01400,Linda,Brown,  linda.brown1400@example.com ,india,verified,2024-07-03,2024-07-03 04:12:23
CUST01401,Carlos,Davis,  carlos.davis1401@example.com ,Japan,REJECTED,2024-02-27,2024-02-27 02:41:35
CUST01402,Omar,Johnson,  omar.johnson1402@example.com ,uk,verified,2024-12-04,2024-12-04 13:06:49
CUST01403,Emma,Singh,  emma.singh1403@example.com ,India,PENDING,2024-05-18,2024-05-18 07:17:35
CUST01404,Robert,Singh,  robert.singh1404@example.com ,Nigeria,PENDING,2024-05-30,2024-05-30 19:18:36
CUST01405,Michael,Chen,  michael.chen1405@example.com ,usa,,2024-04-08,2024-04-08 19:23:57
CUST01406,Noah,Johnson,  noah.johnson1406@example.com ,uk,VERIFIED,2024-08-05,2024-08-05 22:50:26
CUST01407,Yuki,Singh,  yuki.singh1407@example.com ,United Kingdom,PENDING,2024-11-20,2024-11-20 20:15:26
CUST01408,Linda,Martinez,  linda.martinez1408@example.com ,United Kingdom,REJECTED,2024-05-01,2024-05-01 18:44:32
CUST01409,Liam,Davis,  liam.davis1409@example.com ,india,REJECTED,2024-03-08,2024-03-08 03:59:54
CUST01410,Omar,Miller,  omar.miller1410@example.com ,Brazil,PENDING,2025-01-02,2025-01-02 18:28:28
CUST01411,James,Nguyen,  james.nguyen1411@example.com , germany,PENDING,2024-07-10,2024-07-10 13:58:01
CUST01412,Fatima,Ivanov,  fatima.ivanov1412@example.com ,uk,REJECTED,2024-06-21,2024-06-21 17:57:34
CUST01413,James,Nguyen,  james.nguyen1413@example.com ,usa,pending,2024-02-04,2024-02-04 08:23:55
CUST01414,Sofia,Johnson,  sofia.johnson1414@example.com ,Australia,pending,2024-11-26,2024-11-26 15:34:45
CUST01415,Omar,Brown,  omar.brown1415@example.com ,Japan,verified,2024-12-17,2024-12-17 10:07:06
CUST01416,John,Hassan,  john.hassan1416@example.com ,india,verified,2024-01-10,2024-01-10 15:34:52
CUST01417,Robert,Okafor,  robert.okafor1417@example.com , germany,,2024-08-17,2024-08-17 17:55:59
CUST01418,John,Smith,  john.smith1418@example.com ,Canada,verified,2025-01-07,2025-01-07 15:48:08
CUST01419,Yuki,Ivanov,  yuki.ivanov1419@example.com ,Brazil,pending,2024-01-19,2024-01-19 23:06:00
CUST01420,Robert,Khan,  robert.khan1420@example.com ,Nigeria,,2024-05-23,2024-05-23 15:38:18
CUST01421,Yuki,Smith,  yuki.smith1421@example.com ,India,,2024-02-24,2024-02-24 21:55:02
CUST01422,Aisha,Lopez,  aisha.lopez1422@example.com ,Canada,pending,2024-01-26,2024-01-26 09:50:11
CUST01423,David,Mensah,  david.mensah1423@example.com ,Germany,,2025-02-25,2025-02-25 07:43:23
CUST01424,John,Mensah,  john.mensah1424@example.com ,usa,REJECTED,2024-09-17,2024-09-17 17:48:08
CUST01425,Kwame,Okafor,  kwame.okafor1425@example.com ,UK,pending,2024-02-10,2024-02-10 01:11:46
CUST01426,Wei,Singh,  wei.singh1426@example.com ,Nigeria,PENDING,2024-02-01,2024-02-01 17:57:10
CUST01427,Jennifer,Hassan,  jennifer.hassan1427@example.com ,Germany,verified,2024-02-22,2024-02-22 01:04:50
CUST01428,Aisha,Davis,  aisha.davis1428@example.com ,UK,,2025-02-23,2025-02-23 03:30:13
CUST01429,Omar,Ivanov,  omar.ivanov1429@example.com , germany,PENDING,2024-06-11,2024-06-11 22:50:35
CUST01430,Wei,Rodriguez,  wei.rodriguez1430@example.com ,india,PENDING,2025-01-26,2025-01-26 03:09:00
CUST01431,Mary,Williams,  mary.williams1431@example.com ,Nigeria,pending,2024-10-16,2024-10-16 13:45:09
CUST01432,Omar,Lopez,  omar.lopez1432@example.com ,UK,pending,2025-02-13,2025-02-13 02:04:30
CUST01433,Liam,Hassan,  liam.hassan1433@example.com ,Brazil,REJECTED,2024-08-15,2024-08-15 00:12:08
CUST01434,Wei,Williams,  wei.williams1434@example.com ,Brazil,VERIFIED,2024-05-26,2024-05-26 07:09:54
CUST01435,John,Khan,  john.khan1435@example.com ,Canada,VERIFIED,2024-05-18,2024-05-18 21:17:38
CUST01436,Patricia,Garcia,  patricia.garcia1436@example.com ,UK,,2024-08-02,2024-08-02 07:56:43
CUST01437,Robert,Kim,  robert.kim1437@example.com ,Germany,REJECTED,2024-04-26,2024-04-26 21:29:14
CUST01438,Ava,Smith,  ava.smith1438@example.com ,india,,2024-08-15,2024-08-15 17:04:28
CUST01439,Liam,Jones,  liam.jones1439@example.com ,Nigeria,pending,2025-01-03,2025-01-03 02:13:40
CUST01440,Yuki,Smith,  yuki.smith1440@example.com ,Germany,VERIFIED,2024-08-14,2024-08-14 10:16:01
CUST01441,James,Davis,  james.davis1441@example.com ,canada,pending,2025-02-07,2025-02-07 14:25:40
CUST01442,Noah,Chen,  noah.chen1442@example.com ,Japan,REJECTED,2024-09-10,2024-09-10 10:47:32
CUST01443,Kwame,Lopez,  kwame.lopez1443@example.com ,Brazil,pending,2025-03-02,2025-03-02 00:11:52
CUST01444,Elizabeth,Ivanov,  elizabeth.ivanov1444@example.com ,Canada,verified,2024-04-12,2024-04-12 11:48:19
CUST01445,David,Davis,  david.davis1445@example.com ,Nigeria,PENDING,2025-01-11,2025-01-11 02:56:45
CUST01446,Mary,Jones,  mary.jones1446@example.com ,Canada,pending,2024-10-01,2024-10-01 06:39:02
CUST01447,Jennifer,Mensah,  jennifer.mensah1447@example.com ,Canada,verified,2024-05-04,2024-05-04 21:20:26
CUST01448,Jennifer,Jones,  jennifer.jones1448@example.com , germany,VERIFIED,2024-05-05,2024-05-05 06:00:20
CUST01449,Mary,Chen,  mary.chen1449@example.com ,Brazil,PENDING,2024-04-08,2024-04-08 05:38:13
CUST01450,Wei,Garcia,  wei.garcia1450@example.com ,usa,,2024-06-08,2024-06-08 08:22:23
CUST01451,Aisha,Okafor,  aisha.okafor1451@example.com ,Nigeria,pending,2024-04-24,2024-04-24 21:52:48
CUST01452,Liam,Garcia,  liam.garcia1452@example.com ,Canada,VERIFIED,2025-02-18,2025-02-18 11:49:32
CUST01453,James,Khan,  james.khan1453@example.com ,uk,pending,2025-01-22,2025-01-22 21:48:21
CUST01454,Aisha,Jones,  aisha.jones1454@example.com ,Australia,PENDING,2024-01-04,2024-01-04 08:03:05
CUST01455,Ava,Martinez,  ava.martinez1455@example.com ,Canada,REJECTED,2025-01-03,2025-01-03 02:20:06
CUST01456,Kwame,Jones,  kwame.jones1456@example.com ,canada,,2024-12-09,2024-12-09 09:26:40
CUST01457,Patricia,Kim,  patricia.kim1457@example.com ,uk,,2024-02-01,2024-02-01 03:09:44
CUST01458,Liam,Brown,  liam.brown1458@example.com ,USA,pending,2024-08-27,2024-08-27 07:04:06
CUST01459,Emma,Davis,  emma.davis1459@example.com ,Nigeria,VERIFIED,2024-12-12,2024-12-12 09:32:00
CUST01460,Aisha,Johnson,  aisha.johnson1460@example.com ,Australia,verified,2024-05-31,2024-05-31 13:51:17
CUST01461,David,Miller,  david.miller1461@example.com , United States ,REJECTED,2024-01-18,2024-01-18 12:20:14
CUST01462,Yuki,Williams,  yuki.williams1462@example.com ,India,verified,2025-02-01,2025-02-01 12:24:39
CUST01463,Omar,Chen,  omar.chen1463@example.com ,usa,,2025-02-01,2025-02-01 08:05:31
CUST01464,Wei,Khan,  wei.khan1464@example.com ,india,PENDING,2024-04-24,2024-04-24 21:54:43
CUST01465,Carlos,Okafor,  carlos.okafor1465@example.com ,Canada,PENDING,2024-01-10,2024-01-10 11:15:10
CUST01466,Wei,Martinez,  wei.martinez1466@example.com , United States ,verified,2024-12-12,2024-12-12 02:08:21
CUST01467,Yuki,Nguyen,  yuki.nguyen1467@example.com ,Canada,verified,2024-12-09,2024-12-09 16:52:45
CUST01468,Fatima,Nguyen,  fatima.nguyen1468@example.com , United States ,verified,2024-04-18,2024-04-18 09:43:48
CUST01469,Michael,Martinez,  michael.martinez1469@example.com ,Australia,PENDING,2025-01-03,2025-01-03 15:25:47
CUST01470,John,Ivanov,  john.ivanov1470@example.com , United States ,VERIFIED,2024-10-18,2024-10-18 20:54:19
CUST01471,Fatima,Rodriguez,  fatima.rodriguez1471@example.com ,United Kingdom,REJECTED,2024-11-17,2024-11-17 23:06:04
CUST01472,Yuki,Ivanov,  yuki.ivanov1472@example.com ,Germany,verified,2024-04-16,2024-04-16 08:30:18
CUST01473,Carlos,Martinez,  carlos.martinez1473@example.com ,usa,PENDING,2025-01-16,2025-01-16 01:10:43
CUST01474,Noah,Martinez,  noah.martinez1474@example.com ,Brazil,verified,2025-01-18,2025-01-18 18:42:02
CUST01475,James,Smith,  james.smith1475@example.com ,France,PENDING,2024-04-29,2024-04-29 15:12:53
CUST01476,Ava,Kim,  ava.kim1476@example.com ,Canada,pending,2024-04-06,2024-04-06 10:49:32
CUST01477,Jennifer,Kim,  jennifer.kim1477@example.com ,USA,VERIFIED,2024-07-09,2024-07-09 02:28:32
CUST01478,David,Kim,  david.kim1478@example.com ,Nigeria,REJECTED,2024-02-21,2024-02-21 19:50:27
CUST01479,Omar,Ivanov,  omar.ivanov1479@example.com ,France,,2024-12-04,2024-12-04 16:54:22
CUST01480,Kwame,Kim,  kwame.kim1480@example.com ,Nigeria,REJECTED,2024-04-02,2024-04-02 21:12:05
CUST01481,Noah,Smith,  noah.smith1481@example.com ,United Kingdom,REJECTED,2024-07-20,2024-07-20 14:07:25
CUST01482,Mary,Jones,  mary.jones1482@example.com ,Brazil,,2024-09-05,2024-09-05 07:17:16
CUST01483,Robert,Okafor,  robert.okafor1483@example.com ,usa,PENDING,2024-05-06,2024-05-06 20:17:51
CUST01484,Wei,Nguyen,  wei.nguyen1484@example.com ,usa,PENDING,2024-10-03,2024-10-03 12:01:43
CUST01485,Elizabeth,Lopez,  elizabeth.lopez1485@example.com ,Australia,verified,2024-02-29,2024-02-29 16:09:11
CUST01486,Ava,Garcia,  ava.garcia1486@example.com ,United Kingdom,REJECTED,2024-03-14,2024-03-14 09:46:08
CUST01487,Aisha,Chen,  aisha.chen1487@example.com ,France,,2024-08-21,2024-08-21 20:23:40
CUST01488,Wei,Brown,  wei.brown1488@example.com ,Nigeria,verified,2025-02-19,2025-02-19 02:19:00
CUST01489,James,Jones,  james.jones1489@example.com ,Canada,PENDING,2025-02-06,2025-02-06 11:24:10
CUST01490,Omar,Nguyen,  omar.nguyen1490@example.com ,United Kingdom,VERIFIED,2024-09-21,2024-09-21 07:53:44
CUST01491,Michael,Jones,  michael.jones1491@example.com , germany,verified,2025-01-25,2025-01-25 23:44:14
CUST01492,Liam,Mensah,  liam.mensah1492@example.com ,UK,pending,2025-02-12,2025-02-12 06:52:43
CUST01493,Yuki,Williams,  yuki.williams1493@example.com ,uk,VERIFIED,2024-03-31,2024-03-31 12:56:28
CUST01494,Omar,Okafor,  omar.okafor1494@example.com ,Nigeria,verified,2024-08-30,2024-08-30 00:09:01
CUST01495,Yuki,Mensah,  yuki.mensah1495@example.com ,canada,verified,2025-02-10,2025-02-10 07:41:03
CUST01496,Elizabeth,Smith,  elizabeth.smith1496@example.com , germany,verified,2024-04-02,2024-04-02 02:48:22
CUST01497,Robert,Davis,  robert.davis1497@example.com ,uk,verified,2024-08-26,2024-08-26 18:52:45
CUST01498,Robert,Williams,  robert.williams1498@example.com ,UK,VERIFIED,2024-11-25,2024-11-25 22:56:25
CUST01499,James,Kim,  james.kim1499@example.com ,usa,verified,2024-11-30,2024-11-30 23:02:08
CUST01500,Patricia,Johnson,  patricia.johnson1500@example.com ,usa,pending,2025-02-02,2025-02-02 19:56:45
CUST01501,Patricia,Rodriguez,  patricia.rodriguez1501@example.com , United States ,PENDING,2024-02-03,2024-02-03 14:49:32
CUST01502,Kwame,Smith,  kwame.smith1502@example.com ,UK,REJECTED,2024-03-15,2024-03-15 22:57:26
CUST01503,Michael,Ivanov,  michael.ivanov1503@example.com ,United Kingdom,,2024-06-04,2024-06-04 08:43:32
CUST01504,Wei,Smith,  wei.smith1504@example.com ,uk,,2024-03-11,2024-03-11 12:14:56
CUST01505,David,Ivanov,  david.ivanov1505@example.com ,Nigeria,verified,2024-09-27,2024-09-27 04:08:35
CUST01506,Sofia,Mensah,  sofia.mensah1506@example.com ,Australia,REJECTED,2024-07-06,2024-07-06 19:53:54
CUST01507,John,Brown,  john.brown1507@example.com ,Australia,verified,2024-01-11,2024-01-11 20:41:11
CUST01508,Michael,Martinez,  michael.martinez1508@example.com ,USA,,2024-05-13,2024-05-13 10:05:21
CUST01509,Patricia,Miller,  patricia.miller1509@example.com ,Japan,PENDING,2025-01-26,2025-01-26 14:52:51
CUST01510,Noah,Garcia,  noah.garcia1510@example.com ,UK,verified,2024-12-07,2024-12-07 11:57:54
CUST01511,Wei,Khan,  wei.khan1511@example.com ,Germany,REJECTED,2024-11-25,2024-11-25 09:38:42
CUST01512,Linda,Nguyen,  linda.nguyen1512@example.com ,canada,VERIFIED,2024-03-28,2024-03-28 15:35:31
CUST01513,Yuki,Brown,  yuki.brown1513@example.com ,uk,pending,2025-02-07,2025-02-07 16:25:27
CUST01514,Wei,Martinez,  wei.martinez1514@example.com , United States ,PENDING,2024-02-01,2024-02-01 12:59:54
CUST01515,Omar,Brown,  omar.brown1515@example.com ,Canada,pending,2024-10-25,2024-10-25 20:50:23
CUST01516,Emma,Martinez,  emma.martinez1516@example.com , germany,REJECTED,2024-12-10,2024-12-10 19:56:14
CUST01517,Fatima,Martinez,  fatima.martinez1517@example.com ,Germany,VERIFIED,2024-11-28,2024-11-28 09:47:01
CUST01518,Omar,Okafor,  omar.okafor1518@example.com ,USA,,2024-05-19,2024-05-19 06:20:37
CUST01519,Omar,Brown,  omar.brown1519@example.com ,Brazil,REJECTED,2024-11-03,2024-11-03 20:52:04
CUST01520,Kwame,Williams,  kwame.williams1520@example.com ,uk,pending,2024-04-02,2024-04-02 14:22:54
CUST01521,Carlos,Ivanov,  carlos.ivanov1521@example.com ,United Kingdom,VERIFIED,2024-03-20,2024-03-20 00:14:18
CUST01522,Wei,Miller,  wei.miller1522@example.com ,Germany,REJECTED,2024-09-20,2024-09-20 00:33:05
CUST01523,Carlos,Brown,  carlos.brown1523@example.com ,india,,2024-06-29,2024-06-29 21:00:16
CUST01524,Omar,Rodriguez,  omar.rodriguez1524@example.com ,India,PENDING,2024-07-31,2024-07-31 00:34:53
CUST01525,Omar,Mensah,  omar.mensah1525@example.com ,Japan,REJECTED,2024-11-10,2024-11-10 03:22:30
CUST01526,David,Jones,  david.jones1526@example.com ,UK,VERIFIED,2024-12-19,2024-12-19 03:00:21
CUST01527,David,Kim,  david.kim1527@example.com , germany,,2025-01-21,2025-01-21 05:51:18
CUST01528,Robert,Smith,  robert.smith1528@example.com ,usa,VERIFIED,2024-03-18,2024-03-18 08:44:30
CUST01529,Omar,Smith,  omar.smith1529@example.com ,India,REJECTED,2024-05-19,2024-05-19 02:35:08
CUST01530,Kwame,Chen,  kwame.chen1530@example.com ,Canada,REJECTED,2024-04-28,2024-04-28 15:13:03
CUST01531,Emma,Brown,  emma.brown1531@example.com ,Australia,pending,2024-02-29,2024-02-29 10:23:06
CUST01532,Yuki,Miller,  yuki.miller1532@example.com ,Japan,pending,2024-08-16,2024-08-16 00:24:34
CUST01533,Sofia,Rodriguez,  sofia.rodriguez1533@example.com ,canada,REJECTED,2025-02-25,2025-02-25 07:46:45
CUST01534,Liam,Smith,  liam.smith1534@example.com ,india,VERIFIED,2024-01-25,2024-01-25 13:02:20
CUST01535,Carlos,Singh,  carlos.singh1535@example.com ,India,pending,2024-09-01,2024-09-01 07:48:30
CUST01536,Yuki,Johnson,  yuki.johnson1536@example.com ,United Kingdom,REJECTED,2024-01-26,2024-01-26 12:33:03
CUST01537,Kwame,Martinez,  kwame.martinez1537@example.com ,Japan,pending,2024-05-07,2024-05-07 11:52:13
CUST01538,Robert,Martinez,  robert.martinez1538@example.com ,Japan,VERIFIED,2024-10-29,2024-10-29 04:59:09
CUST01539,Noah,Kim,  noah.kim1539@example.com ,Japan,pending,2025-02-22,2025-02-22 23:00:10
CUST01540,Liam,Garcia,  liam.garcia1540@example.com ,usa,pending,2025-01-28,2025-01-28 13:17:38
CUST01541,David,Kim,  david.kim1541@example.com ,Nigeria,PENDING,2024-10-20,2024-10-20 10:39:34
CUST01542,Aisha,Johnson,  aisha.johnson1542@example.com ,usa,verified,2024-01-22,2024-01-22 20:41:52
CUST01543,Wei,Okafor,  wei.okafor1543@example.com ,canada,pending,2024-01-21,2024-01-21 21:26:57
CUST01544,Patricia,Nguyen,  patricia.nguyen1544@example.com ,Nigeria,pending,2024-09-25,2024-09-25 01:55:56
CUST01545,Wei,Johnson,  wei.johnson1545@example.com , germany,verified,2024-07-08,2024-07-08 16:45:23
CUST01546,Ava,Martinez,  ava.martinez1546@example.com , United States ,PENDING,2024-03-06,2024-03-06 23:25:43
CUST01547,Patricia,Chen,  patricia.chen1547@example.com ,USA,REJECTED,2024-05-11,2024-05-11 20:54:52
CUST01548,Aisha,Johnson,  aisha.johnson1548@example.com ,india,REJECTED,2024-12-23,2024-12-23 23:58:25
CUST01549,Sofia,Nguyen,  sofia.nguyen1549@example.com ,USA,,2024-07-26,2024-07-26 02:08:10
CUST01550,Omar,Ivanov,  omar.ivanov1550@example.com ,canada,pending,2024-01-18,2024-01-18 06:31:02
CUST01551,Noah,Khan,  noah.khan1551@example.com ,UK,pending,2024-09-07,2024-09-07 10:22:11
CUST01552,Patricia,Miller,  patricia.miller1552@example.com ,Japan,REJECTED,2024-09-17,2024-09-17 22:53:14
CUST01553,Kwame,Chen,  kwame.chen1553@example.com ,Canada,PENDING,2024-05-09,2024-05-09 10:09:23
CUST01554,Fatima,Miller,  fatima.miller1554@example.com , United States ,REJECTED,2025-01-20,2025-01-20 23:51:04
CUST01555,Michael,Martinez,  michael.martinez1555@example.com ,usa,PENDING,2024-07-24,2024-07-24 22:50:57
CUST01556,Noah,Khan,  noah.khan1556@example.com , United States ,,2024-06-24,2024-06-24 10:49:11
CUST01557,Noah,Brown,  noah.brown1557@example.com ,France,VERIFIED,2024-09-18,2024-09-18 15:06:59
CUST01558,Noah,Lopez,  noah.lopez1558@example.com ,india,verified,2025-01-04,2025-01-04 03:38:40
CUST01559,Wei,Williams,  wei.williams1559@example.com ,Australia,PENDING,2024-08-22,2024-08-22 10:50:10
CUST01560,Fatima,Hassan,  fatima.hassan1560@example.com ,Germany,pending,2024-08-31,2024-08-31 09:19:21
CUST01561,Carlos,Rodriguez,  carlos.rodriguez1561@example.com ,Brazil,,2025-02-04,2025-02-04 07:10:43
CUST01562,Liam,Garcia,  liam.garcia1562@example.com ,Australia,verified,2024-01-15,2024-01-15 10:47:27
CUST01563,Noah,Kim,  noah.kim1563@example.com ,Brazil,PENDING,2024-06-14,2024-06-14 09:43:40
CUST01564,Ava,Hassan,  ava.hassan1564@example.com ,usa,REJECTED,2024-12-02,2024-12-02 21:12:37
CUST01565,Michael,Okafor,  michael.okafor1565@example.com ,uk,verified,2024-12-25,2024-12-25 05:22:36
CUST01566,Robert,Martinez,  robert.martinez1566@example.com ,india,PENDING,2024-12-04,2024-12-04 04:14:06
CUST01567,John,Miller,  john.miller1567@example.com ,France,PENDING,2024-11-16,2024-11-16 08:24:31
CUST01568,Ava,Garcia,  ava.garcia1568@example.com , germany,pending,2024-07-18,2024-07-18 04:30:42
CUST01569,Linda,Brown,  linda.brown1569@example.com ,Germany,VERIFIED,2024-04-26,2024-04-26 11:29:56
CUST01570,Linda,Martinez,  linda.martinez1570@example.com ,Japan,REJECTED,2024-12-26,2024-12-26 12:33:50
CUST01571,Fatima,Nguyen,  fatima.nguyen1571@example.com ,Germany,verified,2024-01-29,2024-01-29 17:47:58
CUST01572,David,Jones,  david.jones1572@example.com ,France,PENDING,2024-01-23,2024-01-23 15:14:37
CUST01573,Kwame,Hassan,  kwame.hassan1573@example.com ,usa,,2024-05-16,2024-05-16 16:36:08
CUST01574,Omar,Smith,  omar.smith1574@example.com , United States ,PENDING,2024-02-12,2024-02-12 23:22:30
CUST01575,Emma,Martinez,  emma.martinez1575@example.com ,india,PENDING,2024-02-19,2024-02-19 09:14:55
CUST01576,Kwame,Williams,  kwame.williams1576@example.com ,uk,verified,2024-11-04,2024-11-04 06:39:35
CUST01577,Patricia,Ivanov,  patricia.ivanov1577@example.com ,UK,REJECTED,2025-01-23,2025-01-23 13:18:30
CUST01578,Kwame,Ivanov,  kwame.ivanov1578@example.com ,France,pending,2025-02-11,2025-02-11 23:33:31
CUST01579,John,Davis,  john.davis1579@example.com ,canada,PENDING,2024-04-04,2024-04-04 23:24:19
CUST01580,Noah,Khan,  noah.khan1580@example.com ,india,verified,2024-07-02,2024-07-02 06:12:16
CUST01581,Robert,Brown,  robert.brown1581@example.com ,Germany,PENDING,2024-05-16,2024-05-16 01:06:43
CUST01582,Yuki,Nguyen,  yuki.nguyen1582@example.com ,usa,pending,2024-07-16,2024-07-16 12:36:21
CUST01583,Liam,Okafor,  liam.okafor1583@example.com ,canada,REJECTED,2024-03-28,2024-03-28 17:45:07
CUST01584,Fatima,Kim,  fatima.kim1584@example.com ,France,verified,2024-07-10,2024-07-10 08:14:06
CUST01585,Wei,Kim,  wei.kim1585@example.com ,Canada,VERIFIED,2024-10-12,2024-10-12 15:09:25
CUST01586,Ava,Mensah,  ava.mensah1586@example.com ,usa,,2024-01-28,2024-01-28 00:53:41
CUST01587,Kwame,Davis,  kwame.davis1587@example.com ,India,PENDING,2024-07-15,2024-07-15 11:56:34
CUST01588,Ava,Okafor,  ava.okafor1588@example.com , germany,pending,2024-04-04,2024-04-04 19:14:49
CUST01589,Carlos,Smith,  carlos.smith1589@example.com ,France,PENDING,2024-11-01,2024-11-01 05:35:43
CUST01590,John,Davis,  john.davis1590@example.com ,Germany,verified,2024-08-19,2024-08-19 00:21:53
CUST01591,Yuki,Chen,  yuki.chen1591@example.com ,usa,PENDING,2024-11-11,2024-11-11 13:46:20
CUST01592,John,Kim,  john.kim1592@example.com ,india,PENDING,2024-12-31,2024-12-31 21:46:40
CUST01593,Fatima,Brown,  fatima.brown1593@example.com ,France,REJECTED,2024-05-04,2024-05-04 13:00:59
CUST01594,John,Okafor,  john.okafor1594@example.com ,canada,pending,2024-11-22,2024-11-22 21:35:43
CUST01595,James,Johnson,  james.johnson1595@example.com ,Brazil,,2024-05-22,2024-05-22 17:09:17
CUST01596,Robert,Smith,  robert.smith1596@example.com ,Germany,,2024-11-07,2024-11-07 04:52:41
CUST01597,Elizabeth,Chen,  elizabeth.chen1597@example.com ,UK,verified,2024-03-04,2024-03-04 20:54:59
CUST01598,Linda,Lopez,  linda.lopez1598@example.com ,india,PENDING,2024-04-11,2024-04-11 01:06:30
CUST01599,Yuki,Kim,  yuki.kim1599@example.com ,France,verified,2024-04-13,2024-04-13 16:48:11
CUST01600,Kwame,Ivanov,  kwame.ivanov1600@example.com ,Canada,verified,2024-09-11,2024-09-11 10:32:30
CUST01601,John,Nguyen,  john.nguyen1601@example.com ,United Kingdom,pending,2024-10-12,2024-10-12 12:33:09
CUST01602,Carlos,Ivanov,  carlos.ivanov1602@example.com ,USA,VERIFIED,2024-06-23,2024-06-23 08:44:36
CUST01603,Liam,Mensah,  liam.mensah1603@example.com , United States ,pending,2024-06-26,2024-06-26 15:24:43
CUST01604,Michael,Rodriguez,  michael.rodriguez1604@example.com ,usa,pending,2024-05-11,2024-05-11 01:50:20
CUST01605,Emma,Nguyen,  emma.nguyen1605@example.com ,uk,VERIFIED,2024-07-21,2024-07-21 01:41:33
CUST01606,Wei,Garcia,  wei.garcia1606@example.com ,USA,,2024-04-01,2024-04-01 03:34:20
CUST01607,Sofia,Nguyen,  sofia.nguyen1607@example.com ,Japan,VERIFIED,2024-12-18,2024-12-18 09:43:39
CUST01608,Linda,Miller,  linda.miller1608@example.com ,France,PENDING,2024-05-28,2024-05-28 00:00:02
CUST01609,Omar,Khan,  omar.khan1609@example.com ,india,verified,2024-04-11,2024-04-11 03:05:29
CUST01610,Emma,Miller,  emma.miller1610@example.com ,Germany,pending,2024-08-07,2024-08-07 18:53:30
CUST01611,Jennifer,Nguyen,  jennifer.nguyen1611@example.com ,USA,PENDING,2024-04-23,2024-04-23 08:34:19
CUST01612,David,Davis,  david.davis1612@example.com , germany,PENDING,2024-12-16,2024-12-16 06:48:53
CUST01613,Noah,Singh,  noah.singh1613@example.com ,USA,pending,2024-03-07,2024-03-07 14:17:05
CUST01614,Robert,Chen,  robert.chen1614@example.com ,Germany,,2024-11-04,2024-11-04 18:57:25
CUST01615,Carlos,Nguyen,  carlos.nguyen1615@example.com , United States ,VERIFIED,2024-07-18,2024-07-18 00:23:28
CUST01616,Liam,Johnson,  liam.johnson1616@example.com ,canada,verified,2024-02-10,2024-02-10 11:26:58
CUST01617,Omar,Okafor,  omar.okafor1617@example.com ,USA,PENDING,2024-02-05,2024-02-05 08:24:10
CUST01618,Sofia,Mensah,  sofia.mensah1618@example.com ,Canada,pending,2024-10-22,2024-10-22 21:11:34
CUST01619,Kwame,Okafor,  kwame.okafor1619@example.com ,usa,REJECTED,2024-04-12,2024-04-12 17:05:58
CUST01620,Jennifer,Rodriguez,  jennifer.rodriguez1620@example.com ,Australia,pending,2024-05-11,2024-05-11 22:32:27
CUST01621,Aisha,Singh,  aisha.singh1621@example.com , United States ,PENDING,2024-04-12,2024-04-12 11:09:30
CUST01622,Sofia,Nguyen,  sofia.nguyen1622@example.com ,France,VERIFIED,2024-04-20,2024-04-20 03:15:50
CUST01623,Aisha,Johnson,  aisha.johnson1623@example.com ,Japan,PENDING,2024-04-09,2024-04-09 07:41:50
CUST01624,Wei,Nguyen,  wei.nguyen1624@example.com ,France,REJECTED,2024-08-07,2024-08-07 18:06:49
CUST01625,David,Lopez,  david.lopez1625@example.com ,india,verified,2024-08-31,2024-08-31 02:56:06
CUST01626,Aisha,Kim,  aisha.kim1626@example.com ,Brazil,VERIFIED,2024-04-27,2024-04-27 11:46:45
CUST01627,Michael,Jones,  michael.jones1627@example.com , germany,verified,2024-02-12,2024-02-12 09:12:20
CUST01628,Mary,Kim,  mary.kim1628@example.com ,United Kingdom,,2024-07-21,2024-07-21 02:55:34
CUST01629,Yuki,Nguyen,  yuki.nguyen1629@example.com ,Japan,VERIFIED,2024-03-31,2024-03-31 02:50:41
CUST01630,Yuki,Okafor,  yuki.okafor1630@example.com ,Brazil,pending,2025-01-11,2025-01-11 20:46:28
CUST01631,Patricia,Jones,  patricia.jones1631@example.com ,Nigeria,VERIFIED,2024-04-06,2024-04-06 01:04:55
CUST01632,Michael,Martinez,  michael.martinez1632@example.com ,United Kingdom,,2024-05-20,2024-05-20 07:39:09
CUST01633,Sofia,Rodriguez,  sofia.rodriguez1633@example.com ,USA,REJECTED,2024-06-13,2024-06-13 23:21:04
CUST01634,Noah,Garcia,  noah.garcia1634@example.com , United States ,verified,2024-11-19,2024-11-19 10:36:45
CUST01635,Omar,Brown,  omar.brown1635@example.com ,USA,PENDING,2024-09-12,2024-09-12 06:37:30
CUST01636,Kwame,Brown,  kwame.brown1636@example.com ,Nigeria,REJECTED,2024-11-02,2024-11-02 03:51:27
CUST01637,Patricia,Chen,  patricia.chen1637@example.com ,USA,VERIFIED,2024-04-29,2024-04-29 10:34:57
CUST01638,Yuki,Kim,  yuki.kim1638@example.com ,France,REJECTED,2024-12-18,2024-12-18 16:12:29
CUST01639,Kwame,Smith,  kwame.smith1639@example.com ,usa,,2024-09-12,2024-09-12 20:57:46
CUST01640,Emma,Singh,  emma.singh1640@example.com ,uk,verified,2024-09-09,2024-09-09 08:51:47
CUST01641,Mary,Martinez,  mary.martinez1641@example.com ,usa,,2024-09-08,2024-09-08 00:20:28
CUST01642,John,Hassan,  john.hassan1642@example.com , United States ,pending,2024-10-23,2024-10-23 05:38:32
CUST01643,David,Garcia,  david.garcia1643@example.com ,India,VERIFIED,2024-07-05,2024-07-05 11:25:04
CUST01644,James,Miller,  james.miller1644@example.com ,India,pending,2024-05-06,2024-05-06 13:26:04
CUST01645,Elizabeth,Jones,  elizabeth.jones1645@example.com ,Canada,pending,2024-04-03,2024-04-03 16:11:02
CUST01646,Fatima,Martinez,  fatima.martinez1646@example.com ,Nigeria,,2024-04-11,2024-04-11 23:21:39
CUST01647,Patricia,Okafor,  patricia.okafor1647@example.com ,Germany,pending,2025-02-02,2025-02-02 04:32:55
CUST01648,Yuki,Khan,  yuki.khan1648@example.com ,France,REJECTED,2025-01-05,2025-01-05 01:28:46
CUST01649,Emma,Nguyen,  emma.nguyen1649@example.com ,india,PENDING,2024-03-11,2024-03-11 01:51:59
CUST01650,Emma,Garcia,  emma.garcia1650@example.com ,india,VERIFIED,2024-12-03,2024-12-03 04:19:15
CUST01651,Mary,Lopez,  mary.lopez1651@example.com ,Brazil,,2024-09-22,2024-09-22 10:35:08
CUST01652,Linda,Jones,  linda.jones1652@example.com ,Australia,,2025-01-19,2025-01-19 17:28:33
CUST01653,Ava,Lopez,  ava.lopez1653@example.com ,Canada,pending,2024-03-06,2024-03-06 05:18:58
CUST01654,Fatima,Williams,  fatima.williams1654@example.com ,Canada,verified,2025-01-05,2025-01-05 23:19:16
CUST01655,Robert,Martinez,  robert.martinez1655@example.com ,Australia,pending,2024-07-12,2024-07-12 03:14:14
CUST01656,Elizabeth,Ivanov,  elizabeth.ivanov1656@example.com , United States ,VERIFIED,2024-02-07,2024-02-07 01:43:10
CUST01657,Sofia,Brown,  sofia.brown1657@example.com ,india,pending,2025-01-31,2025-01-31 15:14:07
CUST01658,Patricia,Singh,  patricia.singh1658@example.com ,Nigeria,PENDING,2024-07-15,2024-07-15 19:21:06
CUST01659,Noah,Williams,  noah.williams1659@example.com ,USA,VERIFIED,2025-01-26,2025-01-26 00:53:13
CUST01660,Kwame,Singh,  kwame.singh1660@example.com ,United Kingdom,pending,2024-05-19,2024-05-19 11:05:43
CUST01661,Mary,Williams,  mary.williams1661@example.com ,Canada,PENDING,2024-11-19,2024-11-19 07:29:29
CUST01662,Noah,Singh,  noah.singh1662@example.com ,France,PENDING,2024-12-15,2024-12-15 11:38:12
CUST01663,Jennifer,Miller,  jennifer.miller1663@example.com , United States ,,2024-05-23,2024-05-23 18:16:44
CUST01664,Emma,Rodriguez,  emma.rodriguez1664@example.com ,india,REJECTED,2024-03-23,2024-03-23 14:08:49
CUST01665,James,Smith,  james.smith1665@example.com ,UK,VERIFIED,2024-11-02,2024-11-02 18:06:01
CUST01666,Jennifer,Kim,  jennifer.kim1666@example.com ,India,,2024-12-23,2024-12-23 10:03:37
CUST01667,Emma,Kim,  emma.kim1667@example.com ,Nigeria,,2024-08-23,2024-08-23 04:36:02
CUST01668,Kwame,Khan,  kwame.khan1668@example.com , United States ,verified,2024-08-23,2024-08-23 01:55:44
CUST01669,Robert,Smith,  robert.smith1669@example.com ,UK,VERIFIED,2024-05-28,2024-05-28 04:48:31
CUST01670,Michael,Smith,  michael.smith1670@example.com ,Japan,,2024-06-11,2024-06-11 12:19:12
CUST01671,Robert,Davis,  robert.davis1671@example.com ,Germany,VERIFIED,2024-12-04,2024-12-04 11:41:09
CUST01672,Elizabeth,Singh,  elizabeth.singh1672@example.com ,Japan,pending,2024-04-25,2024-04-25 02:00:28
CUST01673,James,Brown,  james.brown1673@example.com ,uk,,2024-05-09,2024-05-09 00:25:50
CUST01674,Yuki,Kim,  yuki.kim1674@example.com ,USA,pending,2025-01-01,2025-01-01 05:11:44
CUST01675,Noah,Davis,  noah.davis1675@example.com ,Canada,REJECTED,2024-06-05,2024-06-05 09:13:12
CUST01676,Carlos,Johnson,  carlos.johnson1676@example.com ,USA,VERIFIED,2024-09-16,2024-09-16 07:24:58
CUST01677,Ava,Nguyen,  ava.nguyen1677@example.com ,Japan,,2024-11-18,2024-11-18 20:56:48
CUST01678,Noah,Mensah,  noah.mensah1678@example.com ,usa,pending,2024-08-13,2024-08-13 20:25:48
CUST01679,Carlos,Kim,  carlos.kim1679@example.com ,Japan,verified,2025-02-02,2025-02-02 17:38:39
CUST01680,Mary,Lopez,  mary.lopez1680@example.com ,india,REJECTED,2024-01-15,2024-01-15 18:33:07
CUST01681,Aisha,Hassan,  aisha.hassan1681@example.com ,France,,2024-02-19,2024-02-19 07:55:22
CUST01682,Fatima,Kim,  fatima.kim1682@example.com ,Japan,REJECTED,2024-03-31,2024-03-31 19:56:00
CUST01683,Ava,Okafor,  ava.okafor1683@example.com ,india,VERIFIED,2024-12-14,2024-12-14 05:23:27
CUST01684,Jennifer,Martinez,  jennifer.martinez1684@example.com ,Japan,PENDING,2024-05-29,2024-05-29 06:53:30
CUST01685,Yuki,Davis,  yuki.davis1685@example.com , germany,REJECTED,2025-01-29,2025-01-29 07:01:11
CUST01686,Kwame,Chen,  kwame.chen1686@example.com ,uk,PENDING,2024-12-29,2024-12-29 20:51:47
CUST01687,Carlos,Nguyen,  carlos.nguyen1687@example.com ,Japan,verified,2024-10-06,2024-10-06 19:39:01
CUST01688,Emma,Miller,  emma.miller1688@example.com , United States ,,2024-08-07,2024-08-07 09:23:02
CUST01689,Omar,Jones,  omar.jones1689@example.com ,Germany,verified,2024-05-14,2024-05-14 14:22:49
CUST01690,Emma,Kim,  emma.kim1690@example.com ,india,pending,2024-03-19,2024-03-19 08:58:54
CUST01691,Elizabeth,Davis,  elizabeth.davis1691@example.com ,usa,VERIFIED,2024-06-11,2024-06-11 16:06:46
CUST01692,Wei,Rodriguez,  wei.rodriguez1692@example.com ,United Kingdom,verified,2024-10-04,2024-10-04 07:46:48
CUST01693,Sofia,Johnson,  sofia.johnson1693@example.com ,canada,pending,2024-02-19,2024-02-19 10:48:45
CUST01694,Patricia,Mensah,  patricia.mensah1694@example.com ,UK,REJECTED,2024-06-25,2024-06-25 01:48:45
CUST01695,Linda,Kim,  linda.kim1695@example.com ,canada,PENDING,2024-07-19,2024-07-19 06:09:10
CUST01696,Mary,Hassan,  mary.hassan1696@example.com ,uk,,2024-07-26,2024-07-26 18:23:52
CUST01697,Sofia,Mensah,  sofia.mensah1697@example.com ,usa,pending,2024-03-21,2024-03-21 21:20:52
CUST01698,Yuki,Brown,  yuki.brown1698@example.com ,UK,REJECTED,2024-03-23,2024-03-23 05:58:02
CUST01699,Mary,Lopez,  mary.lopez1699@example.com ,United Kingdom,,2024-03-22,2024-03-22 21:00:18
CUST01700,Patricia,Miller,  patricia.miller1700@example.com ,United Kingdom,,2024-10-07,2024-10-07 21:25:44
CUST01701,Elizabeth,Singh,  elizabeth.singh1701@example.com ,Japan,,2025-01-27,2025-01-27 22:35:47
CUST01702,Patricia,Jones,  patricia.jones1702@example.com ,canada,verified,2024-10-09,2024-10-09 12:32:50
CUST01703,Patricia,Miller,  patricia.miller1703@example.com ,india,VERIFIED,2024-12-07,2024-12-07 01:34:29
CUST01704,Linda,Kim,  linda.kim1704@example.com ,Canada,REJECTED,2024-09-22,2024-09-22 02:40:02
CUST01705,Jennifer,Williams,  jennifer.williams1705@example.com ,Nigeria,,2024-07-25,2024-07-25 14:53:26
CUST01706,Fatima,Okafor,  fatima.okafor1706@example.com ,uk,REJECTED,2024-07-09,2024-07-09 15:32:36
CUST01707,Fatima,Davis,  fatima.davis1707@example.com ,india,pending,2024-04-17,2024-04-17 04:24:02
CUST01708,Fatima,Singh,  fatima.singh1708@example.com ,Nigeria,VERIFIED,2025-02-04,2025-02-04 21:49:55
CUST01709,Yuki,Jones,  yuki.jones1709@example.com ,Australia,VERIFIED,2024-01-08,2024-01-08 17:27:26
CUST01710,John,Chen,  john.chen1710@example.com ,India,verified,2024-09-01,2024-09-01 12:22:57
CUST01711,Fatima,Johnson,  fatima.johnson1711@example.com ,usa,,2024-11-01,2024-11-01 11:00:52
CUST01712,Ava,Jones,  ava.jones1712@example.com ,Australia,PENDING,2024-02-14,2024-02-14 21:39:11
CUST01713,Fatima,Khan,  fatima.khan1713@example.com ,canada,PENDING,2024-08-24,2024-08-24 08:59:32
CUST01714,James,Rodriguez,  james.rodriguez1714@example.com ,uk,,2025-02-13,2025-02-13 22:45:03
CUST01715,Carlos,Singh,  carlos.singh1715@example.com ,Brazil,,2024-06-08,2024-06-08 07:58:00
CUST01716,Wei,Khan,  wei.khan1716@example.com ,Canada,VERIFIED,2024-06-02,2024-06-02 05:51:33
CUST01717,Mary,Hassan,  mary.hassan1717@example.com ,India,,2024-09-16,2024-09-16 19:24:00
CUST01718,Robert,Lopez,  robert.lopez1718@example.com ,Canada,verified,2025-02-24,2025-02-24 01:03:37
CUST01719,John,Lopez,  john.lopez1719@example.com ,Australia,PENDING,2024-08-30,2024-08-30 12:48:24
CUST01720,Ava,Garcia,  ava.garcia1720@example.com ,USA,REJECTED,2024-01-19,2024-01-19 04:36:46
CUST01721,Noah,Rodriguez,  noah.rodriguez1721@example.com ,Canada,,2024-07-06,2024-07-06 10:53:58
CUST01722,Fatima,Lopez,  fatima.lopez1722@example.com ,usa,PENDING,2024-03-26,2024-03-26 18:47:10
CUST01723,David,Lopez,  david.lopez1723@example.com ,UK,VERIFIED,2024-10-02,2024-10-02 07:51:43
CUST01724,Ava,Brown,  ava.brown1724@example.com ,Canada,REJECTED,2024-12-14,2024-12-14 13:03:42
CUST01725,James,Singh,  james.singh1725@example.com , germany,,2024-09-20,2024-09-20 07:03:02
CUST01726,Noah,Ivanov,  noah.ivanov1726@example.com , germany,PENDING,2025-02-18,2025-02-18 05:13:15
CUST01727,Elizabeth,Martinez,  elizabeth.martinez1727@example.com ,India,REJECTED,2024-04-18,2024-04-18 17:15:27
CUST01728,Linda,Brown,  linda.brown1728@example.com ,Australia,REJECTED,2024-09-11,2024-09-11 15:30:37
CUST01729,Michael,Okafor,  michael.okafor1729@example.com ,UK,verified,2024-12-18,2024-12-18 20:56:40
CUST01730,Fatima,Nguyen,  fatima.nguyen1730@example.com , United States ,VERIFIED,2024-03-04,2024-03-04 15:36:21
CUST01731,Fatima,Jones,  fatima.jones1731@example.com ,Germany,pending,2025-01-04,2025-01-04 22:00:02
CUST01732,John,Okafor,  john.okafor1732@example.com ,India,REJECTED,2025-02-12,2025-02-12 18:06:55
CUST01733,Liam,Lopez,  liam.lopez1733@example.com ,France,REJECTED,2024-11-02,2024-11-02 15:16:43
CUST01734,Omar,Nguyen,  omar.nguyen1734@example.com ,Japan,,2024-12-07,2024-12-07 19:41:05
CUST01735,Fatima,Garcia,  fatima.garcia1735@example.com ,Australia,verified,2024-04-22,2024-04-22 02:48:28
CUST01736,Omar,Singh,  omar.singh1736@example.com ,Australia,REJECTED,2024-04-10,2024-04-10 11:54:52
CUST01737,Patricia,Miller,  patricia.miller1737@example.com ,Japan,VERIFIED,2024-12-19,2024-12-19 17:52:29
CUST01738,Jennifer,Hassan,  jennifer.hassan1738@example.com ,UK,REJECTED,2024-10-13,2024-10-13 20:50:54
CUST01739,Fatima,Brown,  fatima.brown1739@example.com ,Nigeria,REJECTED,2024-04-03,2024-04-03 21:06:48
CUST01740,Elizabeth,Johnson,  elizabeth.johnson1740@example.com ,uk,VERIFIED,2025-02-10,2025-02-10 01:16:44
CUST01741,Wei,Martinez,  wei.martinez1741@example.com ,Canada,PENDING,2024-10-17,2024-10-17 20:26:09
CUST01742,Omar,Smith,  omar.smith1742@example.com ,uk,REJECTED,2024-04-20,2024-04-20 23:16:42
CUST01743,Fatima,Johnson,  fatima.johnson1743@example.com ,Canada,verified,2024-08-25,2024-08-25 00:40:06
CUST01744,Jennifer,Kim,  jennifer.kim1744@example.com ,UK,REJECTED,2024-01-02,2024-01-02 14:52:52
CUST01745,Wei,Williams,  wei.williams1745@example.com ,india,pending,2024-02-04,2024-02-04 16:56:30
CUST01746,Noah,Martinez,  noah.martinez1746@example.com ,canada,pending,2024-12-17,2024-12-17 08:52:13
CUST01747,Omar,Mensah,  omar.mensah1747@example.com ,uk,REJECTED,2024-04-13,2024-04-13 03:45:01
CUST01748,Ava,Singh,  ava.singh1748@example.com ,Brazil,verified,2024-12-15,2024-12-15 11:17:30
CUST01749,Aisha,Williams,  aisha.williams1749@example.com ,India,verified,2024-11-14,2024-11-14 04:01:31
CUST01750,Carlos,Chen,  carlos.chen1750@example.com ,usa,,2025-02-24,2025-02-24 04:52:03
CUST01751,Yuki,Rodriguez,  yuki.rodriguez1751@example.com ,United Kingdom,,2024-03-09,2024-03-09 18:19:00
CUST01752,James,Ivanov,  james.ivanov1752@example.com ,UK,,2024-08-27,2024-08-27 21:20:43
CUST01753,Liam,Williams,  liam.williams1753@example.com ,usa,REJECTED,2024-05-29,2024-05-29 11:05:39
CUST01754,Sofia,Miller,  sofia.miller1754@example.com ,Australia,VERIFIED,2025-01-04,2025-01-04 14:13:12
CUST01755,Patricia,Hassan,  patricia.hassan1755@example.com ,USA,PENDING,2024-05-19,2024-05-19 14:39:35
CUST01756,Michael,Davis,  michael.davis1756@example.com , United States ,REJECTED,2024-12-11,2024-12-11 01:02:15
CUST01757,Emma,Chen,  emma.chen1757@example.com ,usa,pending,2024-11-08,2024-11-08 02:03:18
CUST01758,James,Chen,  james.chen1758@example.com ,United Kingdom,pending,2024-12-05,2024-12-05 10:35:42
CUST01759,James,Lopez,  james.lopez1759@example.com ,India,PENDING,2024-09-03,2024-09-03 12:26:14
CUST01760,John,Brown,  john.brown1760@example.com ,United Kingdom,PENDING,2024-03-18,2024-03-18 03:42:47
CUST01761,Robert,Garcia,  robert.garcia1761@example.com , United States ,verified,2024-07-17,2024-07-17 11:52:53
CUST01762,Elizabeth,Nguyen,  elizabeth.nguyen1762@example.com ,usa,REJECTED,2024-05-11,2024-05-11 09:56:59
CUST01763,Aisha,Garcia,  aisha.garcia1763@example.com ,usa,PENDING,2024-01-22,2024-01-22 02:30:27
CUST01764,Carlos,Brown,  carlos.brown1764@example.com ,uk,pending,2024-09-05,2024-09-05 14:00:19
CUST01765,Aisha,Rodriguez,  aisha.rodriguez1765@example.com ,UK,VERIFIED,2024-10-18,2024-10-18 16:04:21
CUST01766,Michael,Davis,  michael.davis1766@example.com ,Japan,REJECTED,2024-07-02,2024-07-02 16:30:50
CUST01767,Sofia,Khan,  sofia.khan1767@example.com ,France,VERIFIED,2024-03-30,2024-03-30 09:16:20
CUST01768,Aisha,Singh,  aisha.singh1768@example.com , United States ,pending,2024-11-12,2024-11-12 04:27:19
CUST01769,James,Nguyen,  james.nguyen1769@example.com ,USA,PENDING,2024-06-30,2024-06-30 13:14:16
CUST01770,Liam,Ivanov,  liam.ivanov1770@example.com , germany,REJECTED,2024-03-19,2024-03-19 20:16:21
CUST01771,Ava,Jones,  ava.jones1771@example.com ,india,pending,2024-08-24,2024-08-24 14:23:41
CUST01772,John,Lopez,  john.lopez1772@example.com ,uk,PENDING,2024-06-07,2024-06-07 00:42:41
CUST01773,Liam,Garcia,  liam.garcia1773@example.com ,india,REJECTED,2024-07-09,2024-07-09 10:08:28
CUST01774,Yuki,Johnson,  yuki.johnson1774@example.com ,Brazil,REJECTED,2024-01-01,2024-01-01 18:39:39
CUST01775,Elizabeth,Garcia,  elizabeth.garcia1775@example.com ,usa,pending,2024-01-01,2024-01-01 10:07:15
CUST01776,David,Mensah,  david.mensah1776@example.com ,India,PENDING,2024-07-13,2024-07-13 20:54:32
CUST01777,Ava,Miller,  ava.miller1777@example.com ,Canada,VERIFIED,2025-01-31,2025-01-31 09:12:40
CUST01778,Jennifer,Hassan,  jennifer.hassan1778@example.com ,Canada,VERIFIED,2024-02-24,2024-02-24 07:41:13
CUST01779,Carlos,Brown,  carlos.brown1779@example.com ,France,pending,2024-04-18,2024-04-18 11:16:10
CUST01780,Michael,Mensah,  michael.mensah1780@example.com ,canada,,2025-01-27,2025-01-27 02:31:53
CUST01781,Aisha,Rodriguez,  aisha.rodriguez1781@example.com ,France,verified,2024-12-17,2024-12-17 15:16:36
CUST01782,Kwame,Chen,  kwame.chen1782@example.com ,Germany,pending,2024-09-22,2024-09-22 08:26:28
CUST01783,Emma,Chen,  emma.chen1783@example.com ,uk,,2024-01-13,2024-01-13 07:55:27
CUST01784,James,Mensah,  james.mensah1784@example.com ,USA,VERIFIED,2025-01-05,2025-01-05 03:08:36
CUST01785,Kwame,Garcia,  kwame.garcia1785@example.com ,Japan,pending,2024-11-16,2024-11-16 21:55:01
CUST01786,Liam,Williams,  liam.williams1786@example.com ,USA,,2024-03-01,2024-03-01 05:08:08
CUST01787,Yuki,Brown,  yuki.brown1787@example.com ,India,REJECTED,2024-10-01,2024-10-01 04:17:55
CUST01788,Wei,Khan,  wei.khan1788@example.com ,USA,VERIFIED,2024-05-17,2024-05-17 14:59:53
CUST01789,Yuki,Okafor,  yuki.okafor1789@example.com ,Brazil,VERIFIED,2024-05-29,2024-05-29 21:36:37
CUST01790,Linda,Smith,  linda.smith1790@example.com ,Nigeria,verified,2024-08-06,2024-08-06 08:43:35
CUST01791,John,Mensah,  john.mensah1791@example.com , germany,verified,2024-08-23,2024-08-23 11:39:26
CUST01792,Omar,Okafor,  omar.okafor1792@example.com ,France,pending,2024-01-29,2024-01-29 13:55:40
CUST01793,Emma,Miller,  emma.miller1793@example.com ,Germany,,2024-01-06,2024-01-06 13:00:48
CUST01794,Carlos,Brown,  carlos.brown1794@example.com ,Australia,pending,2024-08-03,2024-08-03 10:07:59
CUST01795,Jennifer,Hassan,  jennifer.hassan1795@example.com ,United Kingdom,VERIFIED,2024-05-30,2024-05-30 12:08:21
CUST01796,Noah,Jones,  noah.jones1796@example.com ,uk,PENDING,2024-02-20,2024-02-20 12:36:26
CUST01797,Noah,Davis,  noah.davis1797@example.com ,France,verified,2025-02-10,2025-02-10 06:55:01
CUST01798,Kwame,Smith,  kwame.smith1798@example.com ,France,,2025-02-17,2025-02-17 22:44:59
CUST01799,Liam,Singh,  liam.singh1799@example.com ,india,,2024-01-02,2024-01-02 12:26:35
CUST01800,Kwame,Johnson,  kwame.johnson1800@example.com ,india,pending,2024-09-07,2024-09-07 21:08:33
CUST01801,David,Brown,  david.brown1801@example.com ,Brazil,pending,2025-02-06,2025-02-06 13:43:26
CUST01802,Wei,Lopez,  wei.lopez1802@example.com , germany,VERIFIED,2024-02-03,2024-02-03 18:14:24
CUST01803,David,Nguyen,  david.nguyen1803@example.com ,Brazil,PENDING,2025-02-17,2025-02-17 12:50:49
CUST01804,James,Khan,  james.khan1804@example.com ,canada,VERIFIED,2024-05-31,2024-05-31 03:45:31
CUST01805,Noah,Smith,  noah.smith1805@example.com ,india,VERIFIED,2024-06-24,2024-06-24 06:00:38
CUST01806,Linda,Miller,  linda.miller1806@example.com ,canada,PENDING,2024-05-07,2024-05-07 18:09:31
CUST01807,John,Brown,  john.brown1807@example.com ,Japan,pending,2024-01-22,2024-01-22 15:35:08
CUST01808,James,Ivanov,  james.ivanov1808@example.com ,France,verified,2024-09-16,2024-09-16 15:51:03
CUST01809,Patricia,Kim,  patricia.kim1809@example.com ,canada,VERIFIED,2024-07-04,2024-07-04 03:20:15
CUST01810,Aisha,Lopez,  aisha.lopez1810@example.com , United States ,REJECTED,2024-07-02,2024-07-02 21:13:18
CUST01811,Emma,Singh,  emma.singh1811@example.com ,Brazil,REJECTED,2024-03-15,2024-03-15 07:25:55
CUST01812,Patricia,Williams,  patricia.williams1812@example.com ,usa,pending,2024-02-17,2024-02-17 03:17:11
CUST01813,Aisha,Williams,  aisha.williams1813@example.com ,usa,pending,2024-04-09,2024-04-09 01:26:22
CUST01814,Mary,Martinez,  mary.martinez1814@example.com , United States ,VERIFIED,2024-12-01,2024-12-01 10:03:44
CUST01815,Kwame,Johnson,  kwame.johnson1815@example.com ,Canada,pending,2024-02-10,2024-02-10 13:08:13
CUST01816,Carlos,Brown,  carlos.brown1816@example.com , germany,REJECTED,2024-11-15,2024-11-15 07:36:31
CUST01817,Kwame,Mensah,  kwame.mensah1817@example.com ,Brazil,pending,2024-01-09,2024-01-09 05:43:13
CUST01818,Yuki,Nguyen,  yuki.nguyen1818@example.com ,canada,,2024-03-19,2024-03-19 15:57:26
CUST01819,Kwame,Smith,  kwame.smith1819@example.com ,Australia,PENDING,2024-12-18,2024-12-18 16:36:15
CUST01820,Noah,Miller,  noah.miller1820@example.com ,UK,VERIFIED,2024-03-24,2024-03-24 21:23:19
CUST01821,Emma,Williams,  emma.williams1821@example.com ,uk,,2024-05-30,2024-05-30 09:14:11
CUST01822,Sofia,Rodriguez,  sofia.rodriguez1822@example.com ,india,pending,2024-10-03,2024-10-03 00:58:20
CUST01823,Emma,Singh,  emma.singh1823@example.com , germany,verified,2024-05-24,2024-05-24 09:51:48
CUST01824,Mary,Johnson,  mary.johnson1824@example.com ,Canada,REJECTED,2024-04-09,2024-04-09 04:08:30
CUST01825,Fatima,Lopez,  fatima.lopez1825@example.com ,Canada,REJECTED,2024-10-04,2024-10-04 20:49:29
CUST01826,Liam,Jones,  liam.jones1826@example.com ,Japan,PENDING,2024-04-24,2024-04-24 11:54:14
CUST01827,Emma,Chen,  emma.chen1827@example.com ,Nigeria,VERIFIED,2024-08-14,2024-08-14 01:49:30
CUST01828,Sofia,Ivanov,  sofia.ivanov1828@example.com ,usa,verified,2024-04-22,2024-04-22 07:32:47
CUST01829,Sofia,Hassan,  sofia.hassan1829@example.com ,india,PENDING,2024-02-12,2024-02-12 09:57:13
CUST01830,Michael,Miller,  michael.miller1830@example.com , United States ,PENDING,2024-06-05,2024-06-05 07:46:52
CUST01831,Michael,Kim,  michael.kim1831@example.com ,canada,REJECTED,2024-12-29,2024-12-29 01:00:43
CUST01832,Noah,Chen,  noah.chen1832@example.com ,india,PENDING,2024-08-20,2024-08-20 17:32:15
CUST01833,Jennifer,Brown,  jennifer.brown1833@example.com ,usa,pending,2024-12-18,2024-12-18 20:48:17
CUST01834,Linda,Smith,  linda.smith1834@example.com , germany,pending,2024-06-22,2024-06-22 05:29:20
CUST01835,Emma,Miller,  emma.miller1835@example.com ,Japan,,2024-07-04,2024-07-04 15:38:16
CUST01836,Aisha,Khan,  aisha.khan1836@example.com ,India,verified,2024-06-08,2024-06-08 11:22:27
CUST01837,James,Okafor,  james.okafor1837@example.com , United States ,PENDING,2024-01-08,2024-01-08 16:24:07
CUST01838,James,Hassan,  james.hassan1838@example.com ,uk,PENDING,2024-03-30,2024-03-30 11:17:02
CUST01839,Yuki,Miller,  yuki.miller1839@example.com ,usa,VERIFIED,2024-10-06,2024-10-06 13:11:40
CUST01840,Michael,Miller,  michael.miller1840@example.com ,United Kingdom,verified,2024-08-08,2024-08-08 16:01:27
CUST01841,David,Garcia,  david.garcia1841@example.com , germany,verified,2024-09-20,2024-09-20 22:39:25
CUST01842,Michael,Smith,  michael.smith1842@example.com ,France,VERIFIED,2024-05-16,2024-05-16 18:19:15
CUST01843,James,Jones,  james.jones1843@example.com ,UK,PENDING,2024-10-21,2024-10-21 07:37:55
CUST01844,Michael,Martinez,  michael.martinez1844@example.com , germany,PENDING,2024-12-20,2024-12-20 08:15:10
CUST01845,Wei,Garcia,  wei.garcia1845@example.com ,india,,2025-02-13,2025-02-13 06:37:34
CUST01846,John,Brown,  john.brown1846@example.com ,uk,verified,2024-04-22,2024-04-22 04:24:43
CUST01847,Michael,Hassan,  michael.hassan1847@example.com ,Nigeria,PENDING,2024-10-20,2024-10-20 18:04:32
CUST01848,Emma,Nguyen,  emma.nguyen1848@example.com ,usa,REJECTED,2024-07-08,2024-07-08 22:44:08
CUST01849,Noah,Miller,  noah.miller1849@example.com ,Canada,verified,2025-02-19,2025-02-19 21:51:12
CUST01850,Aisha,Davis,  aisha.davis1850@example.com ,France,verified,2024-02-11,2024-02-11 08:49:09
CUST01851,Sofia,Ivanov,  sofia.ivanov1851@example.com ,Germany,,2025-01-14,2025-01-14 19:26:46
CUST01852,John,Kim,  john.kim1852@example.com ,United Kingdom,REJECTED,2024-02-20,2024-02-20 09:19:16
CUST01853,Carlos,Lopez,  carlos.lopez1853@example.com ,Japan,REJECTED,2024-10-17,2024-10-17 16:49:32
CUST01854,Yuki,Garcia,  yuki.garcia1854@example.com ,Nigeria,REJECTED,2024-09-06,2024-09-06 23:13:04
CUST01855,Omar,Kim,  omar.kim1855@example.com ,France,REJECTED,2025-01-02,2025-01-02 23:29:31
CUST01856,Carlos,Ivanov,  carlos.ivanov1856@example.com ,Germany,verified,2024-01-29,2024-01-29 10:21:25
CUST01857,Michael,Singh,  michael.singh1857@example.com ,India,verified,2024-07-01,2024-07-01 01:14:43
CUST01858,Elizabeth,Nguyen,  elizabeth.nguyen1858@example.com ,United Kingdom,PENDING,2024-10-19,2024-10-19 21:20:09
CUST01859,David,Hassan,  david.hassan1859@example.com ,uk,VERIFIED,2024-03-06,2024-03-06 20:01:14
CUST01860,Elizabeth,Singh,  elizabeth.singh1860@example.com ,Nigeria,verified,2025-02-06,2025-02-06 23:31:09
CUST01861,Noah,Johnson,  noah.johnson1861@example.com ,Australia,REJECTED,2024-12-27,2024-12-27 08:56:47
CUST01862,Aisha,Nguyen,  aisha.nguyen1862@example.com ,Brazil,pending,2024-12-16,2024-12-16 10:04:04
CUST01863,Fatima,Okafor,  fatima.okafor1863@example.com ,canada,PENDING,2025-01-21,2025-01-21 10:52:29
CUST01864,Carlos,Smith,  carlos.smith1864@example.com ,Brazil,verified,2024-05-19,2024-05-19 11:20:52
CUST01865,David,Williams,  david.williams1865@example.com , United States ,PENDING,2024-10-05,2024-10-05 21:58:38
CUST01866,Sofia,Lopez,  sofia.lopez1866@example.com , United States ,PENDING,2025-02-28,2025-02-28 14:19:47
CUST01867,Linda,Brown,  linda.brown1867@example.com , United States ,PENDING,2024-04-02,2024-04-02 02:38:18
CUST01868,Mary,Hassan,  mary.hassan1868@example.com ,canada,verified,2024-06-04,2024-06-04 13:59:08
CUST01869,Kwame,Chen,  kwame.chen1869@example.com ,Canada,,2024-07-13,2024-07-13 04:46:42
CUST01870,Kwame,Rodriguez,  kwame.rodriguez1870@example.com ,uk,,2024-05-28,2024-05-28 01:49:57
CUST01871,Liam,Rodriguez,  liam.rodriguez1871@example.com ,Canada,PENDING,2024-01-07,2024-01-07 15:04:58
CUST01872,Wei,Khan,  wei.khan1872@example.com ,USA,pending,2024-11-11,2024-11-11 03:53:10
CUST01873,Ava,Lopez,  ava.lopez1873@example.com ,India,verified,2024-04-25,2024-04-25 22:48:07
CUST01874,Linda,Miller,  linda.miller1874@example.com , germany,REJECTED,2025-01-03,2025-01-03 12:10:12
CUST01875,Noah,Hassan,  noah.hassan1875@example.com ,Brazil,PENDING,2024-12-30,2024-12-30 01:54:56
CUST01876,John,Chen,  john.chen1876@example.com ,india,,2024-05-25,2024-05-25 21:42:48
CUST01877,Fatima,Miller,  fatima.miller1877@example.com ,Brazil,REJECTED,2024-12-06,2024-12-06 17:36:10
CUST01878,James,Okafor,  james.okafor1878@example.com ,uk,PENDING,2024-04-17,2024-04-17 22:13:11
CUST01879,James,Kim,  james.kim1879@example.com ,canada,verified,2024-10-02,2024-10-02 11:23:13
CUST01880,Fatima,Nguyen,  fatima.nguyen1880@example.com ,Canada,PENDING,2024-11-09,2024-11-09 07:20:16
CUST01881,Noah,Smith,  noah.smith1881@example.com ,uk,verified,2024-01-26,2024-01-26 00:25:08
CUST01882,Aisha,Ivanov,  aisha.ivanov1882@example.com ,India,verified,2024-10-30,2024-10-30 14:38:27
CUST01883,Carlos,Williams,  carlos.williams1883@example.com ,India,verified,2025-02-19,2025-02-19 03:37:35
CUST01884,Omar,Brown,  omar.brown1884@example.com ,Brazil,,2024-09-12,2024-09-12 10:02:50
CUST01885,Elizabeth,Williams,  elizabeth.williams1885@example.com ,UK,,2024-05-13,2024-05-13 03:34:07
CUST01886,Liam,Garcia,  liam.garcia1886@example.com ,Japan,VERIFIED,2024-01-25,2024-01-25 21:37:33
CUST01887,Jennifer,Miller,  jennifer.miller1887@example.com ,India,PENDING,2024-02-23,2024-02-23 23:24:24
CUST01888,Michael,Davis,  michael.davis1888@example.com ,Australia,VERIFIED,2024-08-14,2024-08-14 02:36:01
CUST01889,Yuki,Johnson,  yuki.johnson1889@example.com ,Australia,VERIFIED,2024-10-13,2024-10-13 08:10:34
CUST01890,Jennifer,Chen,  jennifer.chen1890@example.com ,India,verified,2024-11-15,2024-11-15 03:00:30
CUST01891,Patricia,Jones,  patricia.jones1891@example.com ,india,pending,2025-02-20,2025-02-20 16:12:32
CUST01892,John,Khan,  john.khan1892@example.com ,uk,verified,2024-06-09,2024-06-09 09:03:37
CUST01893,Elizabeth,Nguyen,  elizabeth.nguyen1893@example.com ,United Kingdom,REJECTED,2025-01-03,2025-01-03 18:32:28
CUST01894,Noah,Martinez,  noah.martinez1894@example.com ,Australia,,2024-06-06,2024-06-06 15:41:16
CUST01895,Kwame,Singh,  kwame.singh1895@example.com ,Germany,VERIFIED,2024-08-01,2024-08-01 22:35:31
CUST01896,Robert,Singh,  robert.singh1896@example.com ,India,REJECTED,2024-02-19,2024-02-19 16:29:16
CUST01897,Linda,Lopez,  linda.lopez1897@example.com ,Japan,pending,2024-09-12,2024-09-12 10:58:52
CUST01898,Yuki,Ivanov,  yuki.ivanov1898@example.com , United States ,PENDING,2024-01-31,2024-01-31 08:35:35
CUST01899,Ava,Singh,  ava.singh1899@example.com ,Canada,pending,2024-09-26,2024-09-26 08:28:55
CUST01900,Emma,Garcia,  emma.garcia1900@example.com , germany,verified,2024-11-18,2024-11-18 09:08:39
CUST01901,Emma,Nguyen,  emma.nguyen1901@example.com ,India,,2024-12-21,2024-12-21 14:32:07
CUST01902,Jennifer,Ivanov,  jennifer.ivanov1902@example.com ,India,,2024-03-15,2024-03-15 04:53:09
CUST01903,Mary,Davis,  mary.davis1903@example.com ,France,,2024-05-02,2024-05-02 16:04:12
CUST01904,Liam,Martinez,  liam.martinez1904@example.com ,Germany,pending,2024-02-21,2024-02-21 20:11:44
CUST01905,Fatima,Hassan,  fatima.hassan1905@example.com ,Nigeria,VERIFIED,2024-04-04,2024-04-04 03:54:09
CUST01906,Patricia,Lopez,  patricia.lopez1906@example.com ,india,pending,2024-09-10,2024-09-10 05:19:31
CUST01907,Jennifer,Rodriguez,  jennifer.rodriguez1907@example.com ,Australia,VERIFIED,2024-06-10,2024-06-10 01:41:45
CUST01908,Yuki,Smith,  yuki.smith1908@example.com ,Brazil,pending,2024-02-26,2024-02-26 20:27:46
CUST01909,Aisha,Khan,  aisha.khan1909@example.com ,India,VERIFIED,2024-05-30,2024-05-30 23:56:43
CUST01910,James,Rodriguez,  james.rodriguez1910@example.com ,uk,PENDING,2024-03-30,2024-03-30 01:50:26
CUST01911,Kwame,Singh,  kwame.singh1911@example.com ,Brazil,VERIFIED,2025-01-11,2025-01-11 12:34:01
CUST01912,John,Hassan,  john.hassan1912@example.com ,Brazil,verified,2024-07-07,2024-07-07 04:40:48
CUST01913,Omar,Rodriguez,  omar.rodriguez1913@example.com ,United Kingdom,VERIFIED,2024-05-05,2024-05-05 08:05:24
CUST01914,Emma,Brown,  emma.brown1914@example.com ,Canada,VERIFIED,2024-05-17,2024-05-17 15:55:47
CUST01915,Liam,Khan,  liam.khan1915@example.com , United States ,,2024-05-10,2024-05-10 20:11:54
CUST01916,James,Rodriguez,  james.rodriguez1916@example.com ,Brazil,PENDING,2024-04-29,2024-04-29 05:22:54
CUST01917,Jennifer,Miller,  jennifer.miller1917@example.com ,Germany,pending,2024-01-27,2024-01-27 18:05:54
CUST01918,Mary,Lopez,  mary.lopez1918@example.com ,India,,2024-03-20,2024-03-20 20:12:20
CUST01919,Elizabeth,Singh,  elizabeth.singh1919@example.com ,USA,VERIFIED,2024-02-10,2024-02-10 17:05:28
CUST01920,Carlos,Miller,  carlos.miller1920@example.com ,Nigeria,verified,2024-07-12,2024-07-12 22:44:28
CUST01921,Michael,Williams,  michael.williams1921@example.com ,india,VERIFIED,2024-01-13,2024-01-13 10:58:41
CUST01922,James,Chen,  james.chen1922@example.com , United States ,verified,2024-05-29,2024-05-29 05:58:10
CUST01923,Patricia,Garcia,  patricia.garcia1923@example.com ,usa,pending,2024-05-09,2024-05-09 17:59:11
CUST01924,Sofia,Brown,  sofia.brown1924@example.com ,canada,REJECTED,2024-09-11,2024-09-11 02:21:32
CUST01925,Ava,Miller,  ava.miller1925@example.com ,India,pending,2024-06-09,2024-06-09 20:59:01
CUST01926,Patricia,Davis,  patricia.davis1926@example.com ,UK,PENDING,2024-06-15,2024-06-15 01:08:52
CUST01927,Aisha,Garcia,  aisha.garcia1927@example.com ,India,,2024-01-12,2024-01-12 15:31:08
CUST01928,Aisha,Smith,  aisha.smith1928@example.com ,Germany,pending,2024-10-29,2024-10-29 06:57:54
CUST01929,Linda,Williams,  linda.williams1929@example.com ,Nigeria,VERIFIED,2024-08-04,2024-08-04 06:49:34
CUST01930,John,Miller,  john.miller1930@example.com ,Canada,REJECTED,2024-11-15,2024-11-15 07:24:01
CUST01931,Omar,Brown,  omar.brown1931@example.com ,United Kingdom,PENDING,2025-02-20,2025-02-20 11:08:53
CUST01932,Patricia,Mensah,  patricia.mensah1932@example.com ,India,,2024-09-08,2024-09-08 22:24:07
CUST01933,Robert,Chen,  robert.chen1933@example.com ,canada,,2024-05-16,2024-05-16 04:24:27
CUST01934,Omar,Williams,  omar.williams1934@example.com ,USA,REJECTED,2024-09-17,2024-09-17 06:48:50
CUST01935,Noah,Singh,  noah.singh1935@example.com ,Australia,,2024-10-23,2024-10-23 23:55:10
CUST01936,Linda,Lopez,  linda.lopez1936@example.com , germany,VERIFIED,2024-01-11,2024-01-11 07:46:29
CUST01937,Emma,Brown,  emma.brown1937@example.com , germany,,2024-08-27,2024-08-27 21:21:20
CUST01938,Fatima,Davis,  fatima.davis1938@example.com ,usa,verified,2024-03-02,2024-03-02 15:55:48
CUST01939,Wei,Kim,  wei.kim1939@example.com ,Germany,verified,2024-08-18,2024-08-18 09:17:57
CUST01940,Carlos,Miller,  carlos.miller1940@example.com , germany,,2024-01-30,2024-01-30 10:37:56
CUST01941,Emma,Singh,  emma.singh1941@example.com ,uk,PENDING,2024-09-12,2024-09-12 07:13:22
CUST01942,Aisha,Johnson,  aisha.johnson1942@example.com ,india,,2025-02-08,2025-02-08 13:46:25
CUST01943,Elizabeth,Smith,  elizabeth.smith1943@example.com ,canada,PENDING,2024-06-26,2024-06-26 21:03:22
CUST01944,Linda,Miller,  linda.miller1944@example.com ,usa,,2025-02-22,2025-02-22 21:29:59
CUST01945,Linda,Davis,  linda.davis1945@example.com ,Australia,PENDING,2024-10-23,2024-10-23 07:24:46
CUST01946,Jennifer,Singh,  jennifer.singh1946@example.com , United States ,pending,2024-01-05,2024-01-05 16:38:36
CUST01947,John,Miller,  john.miller1947@example.com ,uk,verified,2024-02-10,2024-02-10 11:20:32
CUST01948,Robert,Williams,  robert.williams1948@example.com ,Germany,verified,2024-05-14,2024-05-14 21:33:07
CUST01949,Sofia,Williams,  sofia.williams1949@example.com ,Brazil,PENDING,2024-11-27,2024-11-27 01:41:09
CUST01950,Jennifer,Miller,  jennifer.miller1950@example.com ,india,verified,2024-07-09,2024-07-09 05:43:55
CUST01951,Emma,Davis,  emma.davis1951@example.com ,Canada,REJECTED,2024-08-23,2024-08-23 10:12:24
CUST01952,Yuki,Miller,  yuki.miller1952@example.com ,Japan,VERIFIED,2024-07-30,2024-07-30 03:51:08
CUST01953,Wei,Khan,  wei.khan1953@example.com ,United Kingdom,pending,2024-10-20,2024-10-20 09:09:51
CUST01954,Yuki,Nguyen,  yuki.nguyen1954@example.com ,india,verified,2025-01-27,2025-01-27 11:20:09
CUST01955,Omar,Smith,  omar.smith1955@example.com ,india,VERIFIED,2024-10-23,2024-10-23 06:10:16
CUST01956,Elizabeth,Mensah,  elizabeth.mensah1956@example.com ,uk,REJECTED,2025-02-21,2025-02-21 06:05:26
CUST01957,Jennifer,Rodriguez,  jennifer.rodriguez1957@example.com ,Brazil,PENDING,2024-10-22,2024-10-22 12:06:23
CUST01958,Yuki,Martinez,  yuki.martinez1958@example.com ,Japan,VERIFIED,2024-10-18,2024-10-18 09:14:41
CUST01959,Aisha,Jones,  aisha.jones1959@example.com ,Germany,verified,2024-12-30,2024-12-30 11:36:43
CUST01960,Michael,Smith,  michael.smith1960@example.com ,Australia,,2024-01-10,2024-01-10 23:14:53
CUST01961,Wei,Kim,  wei.kim1961@example.com ,india,pending,2024-11-10,2024-11-10 05:27:23
CUST01962,Wei,Khan,  wei.khan1962@example.com ,Canada,,2025-01-15,2025-01-15 05:53:39
CUST01963,Noah,Williams,  noah.williams1963@example.com ,usa,VERIFIED,2024-11-13,2024-11-13 12:21:10
CUST01964,Carlos,Ivanov,  carlos.ivanov1964@example.com ,Germany,pending,2024-05-06,2024-05-06 02:39:15
CUST01965,David,Okafor,  david.okafor1965@example.com ,Japan,,2025-01-30,2025-01-30 19:47:18
CUST01966,Wei,Johnson,  wei.johnson1966@example.com ,india,,2024-10-26,2024-10-26 07:07:50
CUST01967,Linda,Davis,  linda.davis1967@example.com ,usa,PENDING,2025-01-06,2025-01-06 01:26:59
CUST01968,Ava,Smith,  ava.smith1968@example.com ,France,REJECTED,2024-04-24,2024-04-24 20:45:46
CUST01969,Yuki,Jones,  yuki.jones1969@example.com , germany,REJECTED,2024-07-16,2024-07-16 12:16:21
CUST01970,Noah,Garcia,  noah.garcia1970@example.com ,UK,VERIFIED,2024-01-10,2024-01-10 13:59:08
CUST01971,Ava,Khan,  ava.khan1971@example.com , United States ,REJECTED,2024-11-04,2024-11-04 21:02:55
CUST01972,Michael,Nguyen,  michael.nguyen1972@example.com ,india,PENDING,2024-05-08,2024-05-08 19:10:33
CUST01973,Elizabeth,Lopez,  elizabeth.lopez1973@example.com ,India,REJECTED,2025-02-18,2025-02-18 03:35:34
CUST01974,Elizabeth,Nguyen,  elizabeth.nguyen1974@example.com ,UK,,2024-03-10,2024-03-10 00:43:15
CUST01975,Noah,Okafor,  noah.okafor1975@example.com ,France,,2024-04-20,2024-04-20 20:22:19
CUST01976,Michael,Khan,  michael.khan1976@example.com ,USA,verified,2024-08-27,2024-08-27 07:24:24
CUST01977,Omar,Smith,  omar.smith1977@example.com , United States ,,2024-03-16,2024-03-16 05:48:00
CUST01978,Fatima,Lopez,  fatima.lopez1978@example.com ,Canada,,2024-11-19,2024-11-19 18:30:14
CUST01979,Fatima,Garcia,  fatima.garcia1979@example.com ,Nigeria,verified,2024-05-17,2024-05-17 00:21:30
CUST01980,Robert,Miller,  robert.miller1980@example.com ,United Kingdom,REJECTED,2025-01-12,2025-01-12 20:28:53
CUST01981,Patricia,Singh,  patricia.singh1981@example.com ,United Kingdom,verified,2024-06-14,2024-06-14 02:39:17
CUST01982,Mary,Garcia,  mary.garcia1982@example.com ,France,pending,2024-05-29,2024-05-29 00:59:33
CUST01983,Yuki,Mensah,  yuki.mensah1983@example.com ,United Kingdom,VERIFIED,2024-03-25,2024-03-25 19:33:02
CUST01984,Elizabeth,Williams,  elizabeth.williams1984@example.com ,UK,PENDING,2024-10-20,2024-10-20 09:22:13
CUST01985,John,Chen,  john.chen1985@example.com , germany,pending,2024-01-24,2024-01-24 01:01:35
CUST01986,Omar,Brown,  omar.brown1986@example.com ,usa,PENDING,2024-01-08,2024-01-08 09:12:55
CUST01987,James,Ivanov,  james.ivanov1987@example.com ,UK,verified,2024-02-02,2024-02-02 12:18:53
CUST01988,Sofia,Smith,  sofia.smith1988@example.com ,Australia,PENDING,2024-10-18,2024-10-18 18:55:05
CUST01989,Omar,Kim,  omar.kim1989@example.com ,india,PENDING,2024-09-18,2024-09-18 18:41:38
CUST01990,Wei,Chen,  wei.chen1990@example.com , germany,PENDING,2024-09-01,2024-09-01 20:11:51
CUST01991,Kwame,Khan,  kwame.khan1991@example.com ,usa,PENDING,2024-10-20,2024-10-20 22:33:09
CUST01992,Aisha,Brown,  aisha.brown1992@example.com ,Brazil,,2024-01-03,2024-01-03 09:30:08
CUST01993,Carlos,Jones,  carlos.jones1993@example.com ,UK,REJECTED,2024-01-20,2024-01-20 22:43:04
CUST01994,David,Davis,  david.davis1994@example.com ,Brazil,REJECTED,2024-10-13,2024-10-13 04:01:51
CUST01995,Kwame,Kim,  kwame.kim1995@example.com ,india,,2025-02-03,2025-02-03 22:41:33
CUST01996,Michael,Smith,  michael.smith1996@example.com ,USA,,2024-09-07,2024-09-07 05:56:13
CUST01997,Wei,Johnson,  wei.johnson1997@example.com ,Brazil,verified,2024-09-09,2024-09-09 20:13:46
CUST01998,Emma,Kim,  emma.kim1998@example.com , United States ,PENDING,2024-11-06,2024-11-06 19:37:11
CUST01999,Fatima,Kim,  fatima.kim1999@example.com ,India,PENDING,2024-03-19,2024-03-19 00:37:49
CUST02000,Emma,Miller,  emma.miller2000@example.com ,Australia,REJECTED,2024-04-21,2024-04-21 04:43:21
CUST01608,Linda,Miller,  linda.miller1608@example.com ,France,PENDING,2024-05-28,2024-05-28 00:00:02
CUST01755,Patricia,Hassan,  patricia.hassan1755@example.com ,USA,PENDING,2024-05-19,2024-05-19 14:39:35
CUST01468,Fatima,Nguyen,  fatima.nguyen1468@example.com , United States ,verified,2024-04-18,2024-04-18 09:43:48
CUST01034,Carlos,Garcia,  carlos.garcia1034@example.com ,UK,,2024-12-21,2024-12-21 02:45:06
CUST00066,John,Davis,  john.davis66@example.com ,Canada,verified,2024-10-14,2024-10-14 00:29:03
CUST00262,Ava,Hassan,  ava.hassan262@example.com ,india,pending,2024-06-16,2024-06-16 00:19:13
CUST01020,David,Williams,  david.williams1020@example.com , germany,,2024-10-24,2024-10-24 05:32:46
CUST01632,Michael,Martinez,  michael.martinez1632@example.com ,United Kingdom,,2024-05-20,2024-05-20 07:39:09
CUST00179,Mary,Garcia,  mary.garcia179@example.com ,Australia,,2024-12-31,2024-12-31 10:46:15
CUST00618,Ava,Rodriguez,  ava.rodriguez618@example.com ,India,pending,2024-11-17,2024-11-17 17:42:55
CUST01705,Jennifer,Williams,  jennifer.williams1705@example.com ,Nigeria,,2024-07-25,2024-07-25 14:53:26
CUST01379,Patricia,Rodriguez,  patricia.rodriguez1379@example.com ,india,verified,2024-04-19,2024-04-19 16:50:41
CUST01124,Mary,Mensah,  mary.mensah1124@example.com ,Australia,VERIFIED,2024-07-25,2024-07-25 11:09:45
CUST01792,Omar,Okafor,  omar.okafor1792@example.com ,France,pending,2024-01-29,2024-01-29 13:55:40
CUST00957,Omar,Okafor,  omar.okafor957@example.com , germany,pending,2024-02-01,2024-02-01 09:28:48
